"index","input","target"
"1","public ListSpeechSynthesisTasksResult listSpeechSynthesisTasks(ListSpeechSynthesisTasksRequest request) {request = beforeClientExecution(request);return executeListSpeechSynthesisTasks(request);}
public UpdateJourneyStateResult updateJourneyState(UpdateJourneyStateRequest request) {request = beforeClientExecution(request);return executeUpdateJourneyState(request);}
public void removePresentationFormat() {remove1stProperty(PropertyIDMap.PID_PRESFORMAT);}
public CellRangeAddressList(int firstRow, int lastRow, int firstCol, int lastCol) {this();addCellRangeAddress(firstRow, firstCol, lastRow, lastCol);}","public void delete(int key) {int i = binarySearch(mKeys, 0, mSize, key);if (i >= 0) {if (mValues[i] != DELETED) {mValues[i] = DELETED;mGarbage = true;}}}"
"6","public CreateBranchCommand setStartPoint(RevCommit startPoint) {checkCallable();this.startCommit = startPoint;this.startPoint = null;return this;}
public int centerX() {return x + w / 2;}
public ListPresetsResult listPresets() {return listPresets(new ListPresetsRequest());}
public DeleteFolderContentsResult deleteFolderContents(DeleteFolderContentsRequest request) {request = beforeClientExecution(request);return executeDeleteFolderContents(request);}","public GetConsoleOutputResult getConsoleOutput(GetConsoleOutputRequest request) {request = beforeClientExecution(request);return executeGetConsoleOutput(request);}"
"11","public PutMailboxPermissionsResult putMailboxPermissions(PutMailboxPermissionsRequest request) {request = beforeClientExecution(request);return executePutMailboxPermissions(request);}
public Cluster disableSnapshotCopy(DisableSnapshotCopyRequest request) {request = beforeClientExecution(request);return executeDisableSnapshotCopy(request);}
public static String stripExtension(String filename) {int idx = filename.indexOf('.');if (idx != -1) {filename = filename.substring(0, idx);}return filename;}
public ByteBuffer putInt(int value) {throw new ReadOnlyBufferException();}","public int lastIndexOf(final int o){int rval = _limit - 1;for (; rval >= 0; rval--){if (o == _array[ rval ]){break;}}return rval;}"
"16","public void setCountsByTime(int[] counts, long msecStep) {countsByTime = counts;countsByTimeStepMSec = msecStep;}
public FeatHdrRecord(RecordInputStream in) {futureHeader = new FtrHeader(in);isf_sharedFeatureType = in.readShort();reserved = in.readByte();cbHdrData = in.readInt();rgbHdrData = in.readRemainder();}
public CopyOnWriteArrayList() {elements = EmptyArray.OBJECT;}
public WriteRequest(DeleteRequest deleteRequest) {setDeleteRequest(deleteRequest);}","public void readFully(byte[] buf){_in.readFully(buf);}"
"21","public static Cell getCell(Row row, int columnIndex) {Cell cell = row.getCell(columnIndex);if (cell == null) {cell = row.createCell(columnIndex);}return cell;}
public void setPackConfig(PackConfig pc) {this.packConfig = pc;}
public String getSignerName() {return ""HMAC-SHA1"";}
public IntervalSet or(IntSet a) {IntervalSet o = new IntervalSet();o.addAll(this);o.addAll(a);return o;}","public String toString() {return getClass().getName() + "" ["" +_value +""]"";}"
"26","public DescribeVpcEndpointServicePermissionsResult describeVpcEndpointServicePermissions(DescribeVpcEndpointServicePermissionsRequest request) {request = beforeClientExecution(request);return executeDescribeVpcEndpointServicePermissions(request);}
public static byte[] copyOfRange(byte[] original, int start, int end) {if (start > end) {throw new IllegalArgumentException();}int originalLength = original.length;if (start < 0 || start > originalLength) {throw new ArrayIndexOutOfBoundsException();}int resultLength = end - start;int copyLength = Math.min(resultLength, originalLength - start);byte[] result = new byte[resultLength];System.arraycopy(original, start, result, 0, copyLength);return result;}
public ListTopicsRequest(String nextToken) {setNextToken(nextToken);}
public void finish(FieldInfos fis, int numDocs) throws IOException {if (!pendingDocs.isEmpty()) {flush();numDirtyChunks++; }if (numDocs != this.numDocs) {throw new RuntimeException(""Wrote "" + this.numDocs + "" docs, finish called with numDocs="" + numDocs);}indexWriter.finish(numDocs, vectorsStream.getFilePointer());vectorsStream.writeVLong(numChunks);vectorsStream.writeVLong(numDirtyChunks);CodecUtil.writeFooter(vectorsStream);}","public boolean isIndexTerm(BytesRef term, TermStats stats) {if (count >= interval) {count = 1;return true;} else {count++;return false;}}"
"31","public AssociateDhcpOptionsResult associateDhcpOptions(AssociateDhcpOptionsRequest request) {request = beforeClientExecution(request);return executeAssociateDhcpOptions(request);}
public ValueEval evaluate(int srcRowIndex, int srcColumnIndex, ValueEval arg0, ValueEval arg1,ValueEval arg2) {return evaluate(srcRowIndex, srcColumnIndex, arg0, arg1, arg2, DEFAULT_ARG3);}
public void disconnect() {if (sock.isConnected())sock.disconnect();}
public PredictionContext add(PredictionContext ctx) {if ( ctx==PredictionContext.EMPTY ) return PredictionContext.EMPTY;PredictionContext existing = cache.get(ctx);if ( existing!=null ) {return existing;}cache.put(ctx, ctx);return ctx;}","public UploadLayerPartResult uploadLayerPart(UploadLayerPartRequest request) {request = beforeClientExecution(request);return executeUploadLayerPart(request);}"
"36","public String getScriptText() {return getScriptText(null, null);}
public DescribeClusterSubnetGroupsResult describeClusterSubnetGroups() {return describeClusterSubnetGroups(new DescribeClusterSubnetGroupsRequest());}
public char setIndex(int position) {if (position < getBeginIndex() || position > getEndIndex())throw new IllegalArgumentException(""Illegal Position: "" + position);index = start + position;return current();}
public GetPhoneNumberOrderResult getPhoneNumberOrder(GetPhoneNumberOrderRequest request) {request = beforeClientExecution(request);return executeGetPhoneNumberOrder(request);}","public EpsilonTransition(ATNState target, int outermostPrecedenceReturn) {super(target);this.outermostPrecedenceReturn = outermostPrecedenceReturn;}"
"41","public DiffCommand setContextLines(int contextLines) {this.contextLines = contextLines;return this;}
public RejectVpcPeeringConnectionResult rejectVpcPeeringConnection(RejectVpcPeeringConnectionRequest request) {request = beforeClientExecution(request);return executeRejectVpcPeeringConnection(request);}
public static boolean equals(int[] array1, int[] array2) {if (array1 == array2) {return true;}if (array1 == null || array2 == null || array1.length != array2.length) {return false;}for (int i = 0; i < array1.length; i++) {if (array1[i] != array2[i]) {return false;}}return true;}
public static void main(String[] args) throws IOException {if (args.length<1) {System.err.println(""Usage: java QualityQueriesFinder <index-dir>"");System.exit(1);}QualityQueriesFinder qqf = new QualityQueriesFinder(FSDirectory.open(Paths.get(args[0])));String q[] = qqf.bestQueries(""body"",20);for (int i=0; i<q.length; i++) {System.out.println(newline+formatQueryAsTrecTopic(i,q[i],null,null));}}","public CharsRef(char[] chars, int offset, int length) {this.chars = chars;this.offset = offset;this.length = length;assert isValid();}"
"46","public UpdateIPSetResult updateIPSet(UpdateIPSetRequest request) {request = beforeClientExecution(request);return executeUpdateIPSet(request);}
public void print(Object obj) {print(String.valueOf(obj));}
public String toString() {return ""IndexFileDeleter.CommitPoint("" + segmentsFileName + "")"";}
public synchronized boolean waitForGeneration(long targetGen, int maxMS) throws InterruptedException {if (targetGen > searchingGen) {reopenLock.lock();waitingGen = Math.max(waitingGen, targetGen);try {reopenCond.signal();} finally {reopenLock.unlock();}long startMS = System.nanoTime()/1000000;while (targetGen > searchingGen) {if (maxMS < 0) {wait();} else {long msLeft = (startMS + maxMS) - System.nanoTime()/1000000;if (msLeft <= 0) {return false;} else {wait(msLeft);}}}}return true;}","public StringBuffer append(boolean b) {return append(b ? ""true"" : ""false"");}"
"51","public ByteBuffer put(int index, byte b) {throw new ReadOnlyBufferException();}
public int getLineCount() {return lineCount;}
public boolean equals( Object o ) {return o instanceof DutchStemmer;}
public CreateNotificationSubscriptionResult createNotificationSubscription(CreateNotificationSubscriptionRequest request) {request = beforeClientExecution(request);return executeCreateNotificationSubscription(request);}","public boolean isOutdated() {return snapshot.isModified(getFile());}"
"56","public DescribeVirtualInterfacesResult describeVirtualInterfaces() {return describeVirtualInterfaces(new DescribeVirtualInterfacesRequest());}
public void onChanged() {buildMap();for (DataSetObserver o : mObservers) {o.onChanged();}}
public DeleteEventTrackerResult deleteEventTracker(DeleteEventTrackerRequest request) {request = beforeClientExecution(request);return executeDeleteEventTracker(request);}
public boolean matches(ValueEval x) {if (x instanceof BlankEval) {switch(getCode()) {case CmpOp.NONE:case CmpOp.EQ:return _value.length() == 0;case CmpOp.NE:return _value.length() != 0;}return false;}if(!(x instanceof StringEval)) {return false;}String testedValue = ((StringEval) x).getStringValue();if (testedValue.length() < 1 && _value.length() < 1) {switch(getCode()) {case CmpOp.NONE: return true;case CmpOp.EQ:   return false;case CmpOp.NE:   return true;}return false;}if (_pattern != null) {return evaluate(_pattern.matcher(testedValue).matches());}return evaluate(testedValue.compareToIgnoreCase(_value));}","public ListWebsiteAuthorizationProvidersResult listWebsiteAuthorizationProviders(ListWebsiteAuthorizationProvidersRequest request) {request = beforeClientExecution(request);return executeListWebsiteAuthorizationProviders(request);}"
"61","public void write(char[] buf, int offset, int count) {doWrite(buf, offset, count);}
public String formatAsString() {if(isWholeColumnReference()) {returnCellReference.convertNumToColString(_firstCell.getCol())+ "":"" +CellReference.convertNumToColString(_lastCell.getCol());}StringBuilder sb = new StringBuilder(32);sb.append(_firstCell.formatAsString());if(!_isSingleCell) {sb.append(CELL_DELIMITER);if(_lastCell.getSheetName() == null) {sb.append(_lastCell.formatAsString());} else {_lastCell.appendCellReference(sb);}}return sb.toString();}
public Graphics create(){return new EscherGraphics(escherGroup, workbook,foreground, font, verticalPointsPerPixel );}
public DoubleDocValues(ValueSource vs) {this.vs = vs;}","public static CharArraySet getDefaultStopSet(){return DefaultSetHolder.DEFAULT_STOP_SET;}"
"66","public DeleteLoadBalancerPolicyResult deleteLoadBalancerPolicy(DeleteLoadBalancerPolicyRequest request) {request = beforeClientExecution(request);return executeDeleteLoadBalancerPolicy(request);}
public ReplicationGroup decreaseReplicaCount(DecreaseReplicaCountRequest request) {request = beforeClientExecution(request);return executeDecreaseReplicaCount(request);}
public Result update(RevWalk walk) throws IOException {requireCanDoUpdate();try {return result = updateImpl(walk, new Store() {@OverrideResult execute(Result status) throws IOException {if (status == Result.NO_CHANGE)return status;return doUpdate(status);}});} catch (IOException x) {result = Result.IO_FAILURE;throw x;}}
public Set<String> getChanged() {return Collections.unmodifiableSet(diff.getChanged());}","public static String toHex(long value) {StringBuilder sb = new StringBuilder(16);writeHex(sb, value, 16, """");return sb.toString();}"
"71","public int createPlaceholder() {return _offset++;}
@Override public boolean equals(Object o) {if (o instanceof Map.Entry) {Map.Entry other = (Map.Entry) o;return (key == null ? other.getKey() == null : key.equals(other.getKey()))&& (value == null ? other.getValue() == null : value.equals(other.getValue()));}return false;}
public ValueEval evaluate(int srcRowIndex, int srcColumnIndex, ValueEval arg0,ValueEval arg1) {double result;try {double d0 = NumericFunction.singleOperandEvaluate(arg0, srcRowIndex, srcColumnIndex);double d1 = NumericFunction.singleOperandEvaluate(arg1, srcRowIndex, srcColumnIndex);double logE = Math.log(d0);if (Double.compare(d1, Math.E) == 0) {result = logE;} else {result = logE / Math.log(d1);}NumericFunction.checkValue(result);} catch (EvaluationException e) {return e.getErrorEval();}return new NumberEval(result);}
public DeleteFilterResult deleteFilter(DeleteFilterRequest request) {request = beforeClientExecution(request);return executeDeleteFilter(request);}","public CreateInstanceSnapshotResult createInstanceSnapshot(CreateInstanceSnapshotRequest request) {request = beforeClientExecution(request);return executeCreateInstanceSnapshot(request);}"
"76","public List<Token> getTokens(int start, int stop) {return getTokens(start, stop, null);}
public static TermGroupFacetCollector createTermGroupFacetCollector(String groupField,String facetField,boolean facetFieldMultivalued,BytesRef facetPrefix,int initialSize) {if (facetFieldMultivalued) {return new MV(groupField, facetField, facetPrefix, initialSize);} else {return new SV(groupField, facetField, facetPrefix, initialSize);}}
public RenameAlbumRequest() {super(""CloudPhoto"", ""2017-07-11"", ""RenameAlbum"", ""cloudphoto"");setProtocol(ProtocolType.HTTPS);}
@Override public boolean contains(Object object) {synchronized (mutex) {return c.contains(object);}}","public CharBuffer put(char[] src, int srcOffset, int charCount) {if (charCount > remaining()) {throw new BufferOverflowException();}System.arraycopy(src, srcOffset, backingArray, offset + position, charCount);position += charCount;return this;}"
"81","public LegendRecord(RecordInputStream in) {field_1_xAxisUpperLeft = in.readInt();field_2_yAxisUpperLeft = in.readInt();field_3_xSize          = in.readInt();field_4_ySize          = in.readInt();field_5_type           = in.readByte();field_6_spacing        = in.readByte();field_7_options        = in.readShort();}
public static byte[] encodedTypeString(int typeCode) {switch (typeCode) {case OBJ_COMMIT:return ENCODED_TYPE_COMMIT;case OBJ_TREE:return ENCODED_TYPE_TREE;case OBJ_BLOB:return ENCODED_TYPE_BLOB;case OBJ_TAG:return ENCODED_TYPE_TAG;default:throw new IllegalArgumentException(MessageFormat.format(JGitText.get().badObjectType, Integer.valueOf(typeCode)));}}
public ObjectId getCalulatedPatchId() {return ObjectId.fromRaw(digest.digest());}
public DefaultRowHeightRecord() {field_1_option_flags = 0x0000;field_2_row_height = DEFAULT_ROW_HEIGHT;}","public final ByteBuffer encode(CharBuffer buffer) {try {return newEncoder().onMalformedInput(CodingErrorAction.REPLACE).onUnmappableCharacter(CodingErrorAction.REPLACE).encode(buffer);} catch (CharacterCodingException ex) {throw new Error(ex.getMessage(), ex);}}"
"86","public final FloatBuffer get(float[] dst, int dstOffset, int floatCount) {if (floatCount > remaining()) {throw new BufferUnderflowException();}System.arraycopy(backingArray, offset + position, dst, dstOffset, floatCount);position += floatCount;return this;}
public boolean hasNext() {return nextEntry != null;}
public DeleteNatGatewayResult deleteNatGateway(DeleteNatGatewayRequest request) {request = beforeClientExecution(request);return executeDeleteNatGateway(request);}
public String resolveNameXText(int refIndex, int definedNameIndex) {return linkTable.resolveNameXText(refIndex, definedNameIndex, this);}","public void setMultiFields(CharSequence[] fields) {if (fields == null) {fields = new CharSequence[0];}getQueryConfigHandler().set(ConfigurationKeys.MULTI_FIELDS, fields);}"
"91","public boolean isCancelled() {lock.lock();try {return pm.isCancelled();} finally {lock.unlock();}}
public RemoveTargetsResult removeTargets(RemoveTargetsRequest request) {request = beforeClientExecution(request);return executeRemoveTargets(request);}
public FuzzyQuery(Term term, int maxEdits, int prefixLength, int maxExpansions, boolean transpositions) {super(term.field());if (maxEdits < 0 || maxEdits > LevenshteinAutomata.MAXIMUM_SUPPORTED_DISTANCE) {throw new IllegalArgumentException(""maxEdits must be between 0 and "" + LevenshteinAutomata.MAXIMUM_SUPPORTED_DISTANCE);}if (prefixLength < 0) {throw new IllegalArgumentException(""prefixLength cannot be negative."");}if (maxExpansions <= 0) {throw new IllegalArgumentException(""maxExpansions must be positive."");}this.term = term;this.maxEdits = maxEdits;this.prefixLength = prefixLength;this.transpositions = transpositions;this.maxExpansions = maxExpansions;int[] codePoints = FuzzyTermsEnum.stringToUTF32(term.text());this.termLength = codePoints.length;this.automata = FuzzyTermsEnum.buildAutomata(term.text(), codePoints, prefixLength, transpositions, maxEdits);setRewriteMethod(new MultiTermQuery.TopTermsBlendedFreqScoringRewrite(maxExpansions));this.ramBytesUsed = calculateRamBytesUsed(term, this.automata);}
public CheckoutCommand checkout() {return new CheckoutCommand(repo);}","public ValueEval evaluate(String sheetName, int rowIndex, int columnIndex) {EvaluationCell cell = _sewb.getEvaluationCell(sheetName, rowIndex, columnIndex);switch (cell.getCellType()) {case BOOLEAN:return BoolEval.valueOf(cell.getBooleanCellValue());case ERROR:return ErrorEval.valueOf(cell.getErrorCellValue());case FORMULA:return _evaluator.evaluate(cell);case NUMERIC:return new NumberEval(cell.getNumericCellValue());case STRING:return new StringEval(cell.getStringCellValue());case BLANK:return null;default:throw new IllegalStateException(""Bad cell type ("" + cell.getCellType() + "")"");}}"
"96","public PutFileSystemPolicyResult putFileSystemPolicy(PutFileSystemPolicyRequest request) {request = beforeClientExecution(request);return executePutFileSystemPolicy(request);}
public long fileLength(String name) throws IOException {ensureOpen();FileEntry e = entries.get(IndexFileNames.stripSegmentName(name));if (e == null)throw new FileNotFoundException(name);return e.length;}
public DescribeCacheClustersResult describeCacheClusters() {return describeCacheClusters(new DescribeCacheClustersRequest());}
public void setObjectId(RevObject obj) {setObjectId(obj, obj.getType());}","public boolean rowHasCells(int row) {if (row >= records.length) {return false;}CellValueRecordInterface[] rowCells=records[row];if(rowCells==null) return false;for(int col=0;col<rowCells.length;col++) {if(rowCells[col]!=null) return true;}return false;}"
"101","public TokenStream create(TokenStream input) {return new SpanishLightStemFilter(input);}
public StoredField(String name, double value) {super(name, TYPE);fieldsData = value;}
public DescribePublicIpv4PoolsResult describePublicIpv4Pools(DescribePublicIpv4PoolsRequest request) {request = beforeClientExecution(request);return executeDescribePublicIpv4Pools(request);}
public IndexRevision(IndexWriter writer) throws IOException {IndexDeletionPolicy delPolicy = writer.getConfig().getIndexDeletionPolicy();if (!(delPolicy instanceof SnapshotDeletionPolicy)) {throw new IllegalArgumentException(""IndexWriter must be created with SnapshotDeletionPolicy"");}this.writer = writer;this.sdp = (SnapshotDeletionPolicy) delPolicy;this.commit = sdp.snapshot();this.version = revisionVersion(commit);this.sourceFiles = revisionFiles(commit);}","public void setTabIdArray(short[] array) {_tabids = array.clone();}"
"106","public UpdateObjectAttributesResult updateObjectAttributes(UpdateObjectAttributesRequest request) {request = beforeClientExecution(request);return executeUpdateObjectAttributes(request);}
public GetGameSessionLogUrlResult getGameSessionLogUrl(GetGameSessionLogUrlRequest request) {request = beforeClientExecution(request);return executeGetGameSessionLogUrl(request);}
public RefCount(T object) {this.object = object;}
public ByteBuffer put(int index, byte b) {checkIndex(index);backingArray[offset + index] = b;return this;}","public IntervalSet LOOK(ATNState s, ATNState stopState, RuleContext ctx) {IntervalSet r = new IntervalSet();boolean seeThruPreds = true; PredictionContext lookContext = ctx != null ? PredictionContext.fromRuleContext(s.atn, ctx) : null;_LOOK(s, stopState, lookContext,r, new HashSet<ATNConfig>(), new BitSet(), seeThruPreds, true);return r;}"
"111","public int getValidationType() {return _validationType;}
public DeleteTagCommand tagDelete() {return new DeleteTagCommand(repo);}
public SortRescorer(Sort sort) {this.sort = sort;}
public void verifyBelongsToWorkbook(HSSFWorkbook wb) {if(wb.getWorkbook() != _workbook) {throw new IllegalArgumentException(""This Style does not belong to the supplied Workbook. Are you trying to assign a style from one workbook to the cell of a differnt workbook?"");}}","public StringBuffer insert(int index, Object obj) {return insert(index, obj == null ? ""null"" : obj.toString());}"
"116","public boolean containsKey(CharSequence cs) {if(cs == null)throw new NullPointerException();return false;}
public int compareTo(HSSFRichTextString r) {return _string.compareTo(r._string);}
public RequestSpotInstancesRequest(String spotPrice) {setSpotPrice(spotPrice);}
public ObjectId getNewObjectId() {return newObjectId;}","public void setDeltaBaseAsOffset(boolean deltaBaseAsOffset) {this.deltaBaseAsOffset = deltaBaseAsOffset;}"
"121","public LengthFilterFactory(Map<String, String> args) {super(args);min = requireInt(args, MIN_KEY);max = requireInt(args, MAX_KEY);if (!args.isEmpty()) {throw new IllegalArgumentException(""Unknown parameters: "" + args);}}
public TruncateTokenFilter(TokenStream input, int length) {super(input);if (length < 1)throw new IllegalArgumentException(""length parameter must be a positive number: "" + length);this.length = length;}
public ListDomainsResult listDomains() {return listDomains(new ListDomainsRequest());}
public ArabicStemFilter create(TokenStream input) {return new ArabicStemFilter(input);}","public PushCommand setRefSpecs(RefSpec... specs) {checkCallable();this.refSpecs.clear();Collections.addAll(refSpecs, specs);return this;}"
"126","public BlameGenerator setDiffAlgorithm(DiffAlgorithm algorithm) {diffAlgorithm = algorithm;return this;}
public GroupingSearch setIncludeMaxScore(boolean includeMaxScore) {this.includeMaxScore = includeMaxScore;return this;}
public Field[] createIndexableFields(Shape shape) {double distErr = SpatialArgs.calcDistanceFromErrPct(shape, distErrPct, ctx);return createIndexableFields(shape, distErr);}
public PutMethodResponseResult putMethodResponse(PutMethodResponseRequest request) {request = beforeClientExecution(request);return executePutMethodResponse(request);}","public LegacyCredentials(Credential legacyCrendential) {this.legacyCredential = legacyCrendential;}"
"131","public DescribeFeatureTransformationResult describeFeatureTransformation(DescribeFeatureTransformationRequest request) {request = beforeClientExecution(request);return executeDescribeFeatureTransformation(request);}
public DeleteRouteResult deleteRoute(DeleteRouteRequest request) {request = beforeClientExecution(request);return executeDeleteRoute(request);}
public AssociatePhoneNumbersWithVoiceConnectorResult associatePhoneNumbersWithVoiceConnector(AssociatePhoneNumbersWithVoiceConnectorRequest request) {request = beforeClientExecution(request);return executeAssociatePhoneNumbersWithVoiceConnector(request);}
public long ramBytesUsed() {long size = BASE_RAM_BYTES_USED + RamUsageEstimator.shallowSizeOf(blocks);if (blocks.length > 0) {size += (blocks.length - 1) * bytesUsedPerBlock;size += RamUsageEstimator.sizeOf(blocks[blocks.length - 1]);}return size;}","public short readShort(){return _in.readShort();}"
"136","public UpdatePipelineNotificationsResult updatePipelineNotifications(UpdatePipelineNotificationsRequest request) {request = beforeClientExecution(request);return executeUpdatePipelineNotifications(request);}
public StringWriter append(char c) {write(c);return this;}
public Iterator<V> iterator() {return new ValueIterator();}
public UnitsRecord(RecordInputStream in) {field_1_units = in.readShort();}","public boolean isEmpty() {return first;}"
"141","public String toString() {return ""ANY_DIFF""; }
public UpdateDomainNameResult updateDomainName(UpdateDomainNameRequest request) {request = beforeClientExecution(request);return executeUpdateDomainName(request);}
public DeleteSnapshotRequest(String snapshotId) {setSnapshotId(snapshotId);}
public void readFully(byte[] buf) {readFully(buf, 0, buf.length);}","public SliceReader(IntBlockPool pool) {this.pool = pool;}"
"146","public void setDeltaSearchMemoryLimit(long memoryLimit) {deltaSearchMemoryLimit = memoryLimit;}
public String toString(){StringBuilder buffer = new StringBuilder();buffer.append(""[BOOKBOOL]\n"");buffer.append(""    .savelinkvalues  = "").append(Integer.toHexString(getSaveLinkValues())).append(""\n"");buffer.append(""[/BOOKBOOL]\n"");return buffer.toString();}
public DescribeTransitGatewayAttachmentsResult describeTransitGatewayAttachments(DescribeTransitGatewayAttachmentsRequest request) {request = beforeClientExecution(request);return executeDescribeTransitGatewayAttachments(request);}
public CreateVpcResult createVpc(CreateVpcRequest request) {request = beforeClientExecution(request);return executeCreateVpc(request);}","public DescribeElasticGpusResult describeElasticGpus(DescribeElasticGpusRequest request) {request = beforeClientExecution(request);return executeDescribeElasticGpus(request);}"
"151","public IntBuffer put(int c) {if (position == limit) {throw new BufferOverflowException();}byteBuffer.putInt(position++ * SizeOf.INT, c);return this;}
public UpdateEndpointsBatchResult updateEndpointsBatch(UpdateEndpointsBatchRequest request) {request = beforeClientExecution(request);return executeUpdateEndpointsBatch(request);}
public void fromRaw(byte[] bs, int p) {w1 = NB.decodeInt32(bs, p);w2 = NB.decodeInt32(bs, p + 4);w3 = NB.decodeInt32(bs, p + 8);w4 = NB.decodeInt32(bs, p + 12);w5 = NB.decodeInt32(bs, p + 16);}
public static OpenSshConfig get(FS fs) {File home = fs.userHome();if (home == null)home = new File(""."").getAbsoluteFile(); final File config = new File(new File(home, SshConstants.SSH_DIR),SshConstants.CONFIG);return new OpenSshConfig(home, config);}","public VCenterRecord(RecordInputStream in) {field_1_vcenter = in.readShort();}"
"156","public synchronized InputStream obtainFile(String sessionID, String source, String fileName) throws IOException {ensureOpen();ReplicationSession session = sessions.get(sessionID);if (session != null && session.isExpired(expirationThresholdMilllis)) {releaseSession(sessionID);session = null;}if (session == null) {throw new SessionExpiredException(""session ("" + sessionID + "") expired while obtaining file: source="" + source+ "" file="" + fileName);}sessions.get(sessionID).markAccessed();return session.revision.revision.open(source, fileName);}
public DownloadDefaultKeyPairResult downloadDefaultKeyPair(DownloadDefaultKeyPairRequest request) {request = beforeClientExecution(request);return executeDownloadDefaultKeyPair(request);}
public DescribeLocalGatewayRouteTableVirtualInterfaceGroupAssociationsResult describeLocalGatewayRouteTableVirtualInterfaceGroupAssociations(DescribeLocalGatewayRouteTableVirtualInterfaceGroupAssociationsRequest request) {request = beforeClientExecution(request);return executeDescribeLocalGatewayRouteTableVirtualInterfaceGroupAssociations(request);}
public ResetEbsDefaultKmsKeyIdResult resetEbsDefaultKmsKeyId(ResetEbsDefaultKmsKeyIdRequest request) {request = beforeClientExecution(request);return executeResetEbsDefaultKmsKeyId(request);}","public int getPropertiesPerBlock() {return bigBlockSize / POIFSConstants.PROPERTY_SIZE;}"
"161","public ValueEval evaluate(int srcRowIndex, int srcColumnIndex, ValueEval numberVE) {return this.evaluate(srcRowIndex, srcColumnIndex, numberVE, null);}
public GetFindingsStatisticsResult getFindingsStatistics(GetFindingsStatisticsRequest request) {request = beforeClientExecution(request);return executeGetFindingsStatistics(request);}
public DBCluster modifyDBCluster(ModifyDBClusterRequest request) {request = beforeClientExecution(request);return executeModifyDBCluster(request);}
public LimitTokenCountFilterFactory(Map<String, String> args) {super(args);maxTokenCount = requireInt(args, MAX_TOKEN_COUNT_KEY);consumeAllTokens = getBoolean(args, CONSUME_ALL_TOKENS_KEY, false);if (!args.isEmpty()) {throw new IllegalArgumentException(""Unknown parameters: "" + args);}}","public MatchNoDocsQuery build(QueryNode queryNode) throws QueryNodeException {if (!(queryNode instanceof MatchNoDocsQueryNode)) {throw new QueryNodeException(new MessageImpl(QueryParserMessages.LUCENE_QUERY_CONVERSION_ERROR, queryNode.toQueryString(new EscapeQuerySyntaxImpl()), queryNode.getClass().getName()));}return new MatchNoDocsQuery();}"
"166","public GetUserPolicyRequest(String userName, String policyName) {setUserName(userName);setPolicyName(policyName);}
public Cluster rotateEncryptionKey(RotateEncryptionKeyRequest request) {request = beforeClientExecution(request);return executeRotateEncryptionKey(request);}
public int getLinesAdded() {return nAdded;}
public List<Token> getHiddenTokensToLeft(int tokenIndex, int channel) {lazyInit();if ( tokenIndex<0 || tokenIndex>=tokens.size() ) {throw new IndexOutOfBoundsException(tokenIndex+"" not in 0..""+(tokens.size()-1));}if (tokenIndex == 0) {return null;}int prevOnChannel =previousTokenOnChannel(tokenIndex - 1, Lexer.DEFAULT_TOKEN_CHANNEL);if ( prevOnChannel == tokenIndex - 1 ) return null;int from = prevOnChannel+1;int to = tokenIndex-1;return filterForChannel(from, to, channel);}","public ValidDBInstanceModificationsMessage describeValidDBInstanceModifications(DescribeValidDBInstanceModificationsRequest request) {request = beforeClientExecution(request);return executeDescribeValidDBInstanceModifications(request);}"
"171","public final void add(RevFlag flag) {flags |= flag.mask;}
public void clear() {Iterator<E> it = iterator();while (it.hasNext()) {it.next();it.remove();}}
public RegisterImageResult registerImage(RegisterImageRequest request) {request = beforeClientExecution(request);return executeRegisterImage(request);}
public boolean equals(Object other) {return sameClassAs(other) &&term.equals(((TermQuery) other).term);}","public URI(String scheme, String authority, String path, String query,String fragment) throws URISyntaxException {if (scheme != null && path != null && !path.isEmpty() && path.charAt(0) != '/') {throw new URISyntaxException(path, ""Relative path"");}StringBuilder uri = new StringBuilder();if (scheme != null) {uri.append(scheme);uri.append(':');}if (authority != null) {uri.append("""");AUTHORITY_ENCODER.appendEncoded(uri, authority);}if (path != null) {PATH_ENCODER.appendEncoded(uri, path);}if (query != null) {uri.append('?');ALL_LEGAL_ENCODER.appendEncoded(uri, query);}if (fragment != null) {uri.append('#');ALL_LEGAL_ENCODER.appendEncoded(uri, fragment);}parseURI(uri.toString(), false);}"
"176","public BlameGenerator(Repository repository, String path) {this.repository = repository;this.resultPath = PathFilter.create(path);idBuf = new MutableObjectId();setFollowFileRenames(true);initRevPool(false);remaining = -1;}
public synchronized void writeTo(OutputStream out) throws IOException {out.write(buf, 0, count);}
public DeletableItem(String name, java.util.List<Attribute> attributes) {setName(name);setAttributes(attributes);}
public DescribeGroupResult describeGroup(DescribeGroupRequest request) {request = beforeClientExecution(request);return executeDescribeGroup(request);}","public EnableVpcClassicLinkResult enableVpcClassicLink(EnableVpcClassicLinkRequest request) {request = beforeClientExecution(request);return executeEnableVpcClassicLink(request);}"
"181","public DescribeStacksResult describeStacks() {return describeStacks(new DescribeStacksRequest());}
public CharBuffer duplicate() {return copy(this);}
public static double mod(double n, double d) {if (d == 0) {return Double.NaN;}else if (sign(n) == sign(d)) {return n % d;}else {return ((n % d) + d) % d;}}
public static String getLocalizedMessage(String key, Locale locale) {Object message = getResourceBundleObject(key, locale);if (message == null) {return ""Message with key:"" + key + "" and locale: "" + locale+ "" not found."";}return message.toString();}","public CharSequence toQueryString(EscapeQuerySyntax escapeSyntaxParser) {if (getChild() == null)return """";return getChild().toQueryString(escapeSyntaxParser) + ""^""+ getValueString();}"
"186","public CharSequence toQueryString(EscapeQuerySyntax escapeSyntaxParser) {if (getChild() == null)return """";return ""( "" + getChild().toQueryString(escapeSyntaxParser) + "" )"";}
public GetInvalidationResult getInvalidation(GetInvalidationRequest request) {request = beforeClientExecution(request);return executeGetInvalidation(request);}
public String formatAsString() {return formatAsString(null, false);}
public final int prefixCompare(byte[] bs, int p) {int cmp;cmp = NB.compareUInt32(w1, mask(1, NB.decodeInt32(bs, p)));if (cmp != 0)return cmp;cmp = NB.compareUInt32(w2, mask(2, NB.decodeInt32(bs, p + 4)));if (cmp != 0)return cmp;cmp = NB.compareUInt32(w3, mask(3, NB.decodeInt32(bs, p + 8)));if (cmp != 0)return cmp;cmp = NB.compareUInt32(w4, mask(4, NB.decodeInt32(bs, p + 12)));if (cmp != 0)return cmp;return NB.compareUInt32(w5, mask(5, NB.decodeInt32(bs, p + 16)));}","public AddApplicationInputProcessingConfigurationResult addApplicationInputProcessingConfiguration(AddApplicationInputProcessingConfigurationRequest request) {request = beforeClientExecution(request);return executeAddApplicationInputProcessingConfiguration(request);}"
"191","public static TermRangeQuery newStringRange(String field, String lowerTerm, String upperTerm, boolean includeLower, boolean includeUpper) {BytesRef lower = lowerTerm == null ? null : new BytesRef(lowerTerm);BytesRef upper = upperTerm == null ? null : new BytesRef(upperTerm);return new TermRangeQuery(field, lower, upper, includeLower, includeUpper);}
static public double fv(double r, int nper, double pmt, double pv, int type) {return -(pv * Math.pow(1 + r, nper) + pmt * (1+r*type) * (Math.pow(1 + r, nper) - 1) / r);}
public int checkExternSheet(int firstSheetIndex, int lastSheetIndex) {int thisWbIndex = -1; for (int i = 0; i < _externalBookBlocks.length; i++) {SupBookRecord ebr = _externalBookBlocks[i].getExternalBookRecord();if (ebr.isInternalReferences()) {thisWbIndex = i;break;}}if (thisWbIndex < 0) {throw new RuntimeException(""Could not find 'internal references' EXTERNALBOOK"");}int i = _externSheetRecord.getRefIxForSheet(thisWbIndex, firstSheetIndex, lastSheetIndex);if (i >= 0) {return i;}return _externSheetRecord.addRef(thisWbIndex, firstSheetIndex, lastSheetIndex);}
public DescribeSentimentDetectionJobResult describeSentimentDetectionJob(DescribeSentimentDetectionJobRequest request) {request = beforeClientExecution(request);return executeDescribeSentimentDetectionJob(request);}","public String toString(){StringBuilder buffer = new StringBuilder();buffer.append(""[UNITS]\n"");buffer.append(""    .units                = "").append(""0x"").append(HexDump.toHex(  getUnits ())).append("" ("").append( getUnits() ).append("" )"");buffer.append(System.getProperty(""line.separator""));buffer.append(""[/UNITS]\n"");return buffer.toString();}"
"196","public NavigableMap<K, V> tailMap(K from, boolean inclusive) {Bound fromBound = inclusive ? INCLUSIVE : EXCLUSIVE;return subMap(from, fromBound, null, NO_BOUND);}
public static int compareTo(Ref o1, Ref o2) {return o1.getName().compareTo(o2.getName());}
public PutEventsConfigurationResult putEventsConfiguration(PutEventsConfigurationRequest request) {request = beforeClientExecution(request);return executePutEventsConfiguration(request);}
public DetachFromIndexResult detachFromIndex(DetachFromIndexRequest request) {request = beforeClientExecution(request);return executeDetachFromIndex(request);}","public RebaseCommand rebase() {return new RebaseCommand(repo);}"
"201","public SearchGroup<T> next() {assert iter.hasNext();final SearchGroup<T> group = iter.next();if (group.sortValues == null) {throw new IllegalArgumentException(""group.sortValues is null; you must pass fillFields=true to the first pass collector"");}return group;}
public UpdateMLModelResult updateMLModel(UpdateMLModelRequest request) {request = beforeClientExecution(request);return executeUpdateMLModel(request);}
public CreateIPSetResult createIPSet(CreateIPSetRequest request) {request = beforeClientExecution(request);return executeCreateIPSet(request);}
public FieldDateResolutionFCListener(QueryConfigHandler config) {this.config = config;}","@Override public boolean containsValue(Object value) {HashMapEntry[] tab = table;int len = tab.length;if (value == null) {for (int i = 0; i < len; i++) {for (HashMapEntry e = tab[i]; e != null; e = e.next) {if (e.value == null) {return true;}}}return entryForNullKey != null && entryForNullKey.value == null;}for (int i = 0; i < len; i++) {for (HashMapEntry e = tab[i]; e != null; e = e.next) {if (value.equals(e.value)) {return true;}}}return entryForNullKey != null && value.equals(entryForNullKey.value);}"
"206","public DescribeWorkspaceBundlesResult describeWorkspaceBundles(DescribeWorkspaceBundlesRequest request) {request = beforeClientExecution(request);return executeDescribeWorkspaceBundles(request);}
public PostingsEnum reset(int[] postings) {this.postings = postings;upto = -1;return this;}
public void serialize(LittleEndianOutput out) {out.writeShort(sid); out.writeShort(_reserved0);out.writeInt(_engineId);}
public static CharBuffer allocate(int capacity) {if (capacity < 0) {throw new IllegalArgumentException();}return new ReadWriteCharArrayBuffer(capacity);}","public String toFormulaString(String[] operands) {StringBuilder buffer = new StringBuilder();buffer.append(operands[ 0 ]);buffer.append("">="");buffer.append(operands[ 1 ]);return buffer.toString();}"
"211","public DeletePipelineResult deletePipeline(DeletePipelineRequest request) {request = beforeClientExecution(request);return executeDeletePipeline(request);}
public InterfaceHdrRecord(int codePage) {_codepage = codePage;}
public DescribeScalingParametersResult describeScalingParameters(DescribeScalingParametersRequest request) {request = beforeClientExecution(request);return executeDescribeScalingParameters(request);}
public Entry<K, V> higherEntry(K key) {return immutableCopy(findBounded(key, HIGHER));}","public CreateSpotDatafeedSubscriptionRequest(String bucket) {setBucket(bucket);}"
"216","public String getLocalizedMessage() {return getLocalizedMessage(Locale.getDefault());}
public UDFFinder getUDFFinder(){return _uBook.getUDFFinder();}
public ExternalName getExternalName(String nameName, String sheetName, int externalWorkbookNumber) {throw new IllegalStateException(""XSSF-style external names are not supported for HSSF"");}
public OldFormulaRecord(RecordInputStream ris) {super(ris, ris.getSid() == biff2_sid);if (isBiff2()) {field_4_value = ris.readDouble();} else {long valueLongBits  = ris.readLong();specialCachedValue = FormulaSpecialCachedValue.create(valueLongBits);if (specialCachedValue == null) {field_4_value = Double.longBitsToDouble(valueLongBits);}}if (isBiff2()) {field_5_options = (short)ris.readUByte();} else {field_5_options = ris.readShort();}int expression_len = ris.readShort();int nBytesAvailable = ris.available();field_6_parsed_expr = Formula.read(expression_len, ris, nBytesAvailable);}","public int stem(char s[], int len) {assert s.length >= len + 1 : ""this stemmer requires an oversized array of at least 1"";len = plural.apply(s, len);len = unification.apply(s, len);len = adverb.apply(s, len);int oldlen;do {oldlen = len;len = augmentative.apply(s, len);} while (len != oldlen);oldlen = len;len = noun.apply(s, len);if (len == oldlen) { len = verb.apply(s, len);}len = vowel.apply(s, len);for (int i = 0; i < len; i++)switch(s[i]) {case 'á': s[i] = 'a'; break;case 'é':case 'ê': s[i] = 'e'; break;case 'í': s[i] = 'i'; break;case 'ó': s[i] = 'o'; break;case 'ú': s[i] = 'u'; break;}return len;}"
"221","public boolean sameProperties(FontRecord other) {returnfield_1_font_height         == other.field_1_font_height &&field_2_attributes          == other.field_2_attributes &&field_3_color_palette_index == other.field_3_color_palette_index &&field_4_bold_weight         == other.field_4_bold_weight &&field_5_super_sub_script    == other.field_5_super_sub_script &&field_6_underline           == other.field_6_underline &&field_7_family              == other.field_7_family &&field_8_charset             == other.field_8_charset &&field_9_zero                == other.field_9_zero &&Objects.equals(this.field_11_font_name, other.field_11_font_name);}
public String toFormulaString() {return FormulaError.REF.getString();}
public StartTextDetectionResult startTextDetection(StartTextDetectionRequest request) {request = beforeClientExecution(request);return executeStartTextDetection(request);}
public DeleteMessageBatchRequestEntry(String id, String receiptHandle) {setId(id);setReceiptHandle(receiptHandle);}","public PatternCaptureGroupTokenFilter create(TokenStream input) {return new PatternCaptureGroupTokenFilter(input, preserveOriginal, pattern);}"
"226","public SigningCertificate(String userName, String certificateId, String certificateBody, StatusType status) {setUserName(userName);setCertificateId(certificateId);setCertificateBody(certificateBody);setStatus(status.toString());}
public DistributionConfig(String callerReference, Boolean enabled) {setCallerReference(callerReference);setEnabled(enabled);}
public FastCharStream(Reader r) {input = r;}
public int end(int group) {ensureMatch();return matchOffsets[(group * 2) + 1];}","public final Map.Entry<K, V> next() { return nextEntry(); }"
"231","public BlameCommand setTextComparator(RawTextComparator textComparator) {this.textComparator = textComparator;return this;}
public final T pop() {if (size > 0) {T result = heap[1];       heap[1] = heap[size];     heap[size] = null;        size--;downHeap(1);              return result;} else {return null;}}
public String toString() {return getClass().getSimpleName() + ""(fields="" + fields.size() + "",delegate="" + postingsReader + "")"";}
public static String shortenRefName(String noteRefName) {if (noteRefName.startsWith(Constants.R_NOTES))return noteRefName.substring(Constants.R_NOTES.length());return noteRefName;}","public DescribeDomainsResult describeDomains() {return describeDomains(new DescribeDomainsRequest());}"
"236","public int available() {return ccis.available();}
public GetContentModerationResult getContentModeration(GetContentModerationRequest request) {request = beforeClientExecution(request);return executeGetContentModeration(request);}
public PrintStream(OutputStream out) {super(out);if (out == null) {throw new NullPointerException();}}
public long ramBytesUsed() {long ramBytesUsed = postingsReader.ramBytesUsed();for (TermsReader r : fields.values()) {ramBytesUsed += r.ramBytesUsed();}return ramBytesUsed;}","public GetIntegrationResult getIntegration(GetIntegrationRequest request) {request = beforeClientExecution(request);return executeGetIntegration(request);}"
"241","public void setVisibility(int v) {if (getVisibility() != v) {super.setVisibility(v);if (mIndeterminate) {if (v == GONE || v == INVISIBLE) {stopAnimation();} else {startAnimation();}}}}
public boolean matches(char s[], int len) {if (!super.matches(s, len))return false;for (int i = 0; i < exceptions.length; i++)if (endsWith(s, len, exceptions[i]))return false;return true;}
public DescribeFleetCapacityResult describeFleetCapacity(DescribeFleetCapacityRequest request) {request = beforeClientExecution(request);return executeDescribeFleetCapacity(request);}
public UploadPackInternalServerErrorException(Throwable why) {initCause(why);}","public GetNetworkResult getNetwork(GetNetworkRequest request) {request = beforeClientExecution(request);return executeGetNetwork(request);}"
"246","public AllocatePrivateVirtualInterfaceResult allocatePrivateVirtualInterface(AllocatePrivateVirtualInterfaceRequest request) {request = beforeClientExecution(request);return executeAllocatePrivateVirtualInterface(request);}
public GetDeploymentResult getDeployment(GetDeploymentRequest request) {request = beforeClientExecution(request);return executeGetDeployment(request);}
public UpdateRepoAuthorizationRequest() {super(""cr"", ""2016-06-07"", ""UpdateRepoAuthorization"", ""cr"");setUriPattern(""/repos/[RepoNamespace]/[RepoName]/authorizations/[AuthorizeId]"");setMethod(MethodType.POST);}
public void foldToASCII(char[] input, int length){final int maxSizeNeeded = 4 * length;if (output.length < maxSizeNeeded) {output = new char[ArrayUtil.oversize(maxSizeNeeded, Character.BYTES)];}outputPos = foldToASCII(input, 0, output, 0, length);if (preserveOriginal && needToPreserve(input, length)) {state = captureState();}}","public boolean hasEntry(String name) {if (excludes.contains(name)) {return false;}return directory.hasEntry(name);}"
"251","public void setLockMessage(String msg) {lockMessage = msg;}
public ReflogCommand reflog() {return new ReflogCommand(repo);}
public void serialize(LittleEndianOutput out) {out.writeShort(getFirstRow());out.writeShort(getLastRow());out.writeShort(getFirstColumn());out.writeShort(getLastColumn());}
public static int response(java.net.HttpURLConnection c)throws IOException {try {return c.getResponseCode();} catch (ConnectException ce) {final URL url = c.getURL();final String host = (url == null) ? ""<null>"" : url.getHost(); if (""Connection timed out: connect"".equals(ce.getMessage())) throw new ConnectException(MessageFormat.format(JGitText.get().connectionTimeOut, host));throw new ConnectException(ce.getMessage() + "" "" + host); }}","public static void fill(long[] array, long value) {for (int i = 0; i < array.length; i++) {array[i] = value;}}"
"256","public void serialize(LittleEndianOutput out) {out.writeInt(getPositionOfBof());out.writeShort(field_2_option_flags);String name = field_5_sheetname;out.writeByte(name.length());out.writeByte(field_4_isMultibyteUnicode);if (isMultibyte()) {StringUtil.putUnicodeLE(name, out);} else {StringUtil.putCompressedUnicode(name, out);}}
public static String getNonBlankTextOrFail(Element e) throws ParserException {String v = getText(e);if (null != v)v = v.trim();if (null == v || 0 == v.length()) {throw new ParserException(e.getTagName() + "" has no text"");}return v;}
public void buildFieldConfig(FieldConfig fieldConfig) {Map<String, Float> fieldBoostMap = this.config.get(ConfigurationKeys.FIELD_BOOST_MAP);if (fieldBoostMap != null) {Float boost = fieldBoostMap.get(fieldConfig.getField());if (boost != null) {fieldConfig.set(ConfigurationKeys.BOOST, boost);}}}
public PutLifecyclePolicyResult putLifecyclePolicy(PutLifecyclePolicyRequest request) {request = beforeClientExecution(request);return executePutLifecyclePolicy(request);}","public SortedSet<E> subSet(E start, E end) {return subSet(start, true, end, false);}"
"261","public void setParams(String params) {super.setParams(params);if (params != null) {int multiplier;if (params.endsWith(""s"")) {multiplier = 1;params = params.substring(0, params.length()-1);} else if (params.endsWith(""m"")) {multiplier = 60;params = params.substring(0, params.length()-1);} else if (params.endsWith(""h"")) {multiplier = 3600;params = params.substring(0, params.length()-1);} else {multiplier = 1;}waitTimeSec = Double.parseDouble(params) * multiplier;} else {throw new IllegalArgumentException(""you must specify the wait time, eg: 10.0s, 4.5m, 2h"");}}
public PutAttributesRequest(String domainName, String itemName, java.util.List<ReplaceableAttribute> attributes, UpdateCondition expected) {setDomainName(domainName);setItemName(itemName);setAttributes(attributes);setExpected(expected);}
public DescribeStreamConsumerResult describeStreamConsumer(DescribeStreamConsumerRequest request) {request = beforeClientExecution(request);return executeDescribeStreamConsumer(request);}
public void freeze() {this.frozen = true;}","public FuzzyLikeThisQueryBuilder(Analyzer analyzer) {this.analyzer = analyzer;}"
"266","public DBClusterSnapshot copyDBClusterSnapshot(CopyDBClusterSnapshotRequest request) {request = beforeClientExecution(request);return executeCopyDBClusterSnapshot(request);}
public OutputStreamDataOutput(OutputStream os) {this.os = os;}
public String findPattern(String pat) {int k = super.find(pat);if (k >= 0) {return unpackValues(k);}return """";}
public static int murmurhash3_x86_32(BytesRef bytes, int seed) {return murmurhash3_x86_32(bytes.bytes, bytes.offset, bytes.length, seed);}","public boolean isOverridable() {return overridable;}"
"271","public UpdateMemberResult updateMember(UpdateMemberRequest request) {request = beforeClientExecution(request);return executeUpdateMember(request);}
public CopyFpgaImageResult copyFpgaImage(CopyFpgaImageRequest request) {request = beforeClientExecution(request);return executeCopyFpgaImage(request);}
public void inform(ResourceLoader loader) {try { OpenNLPOpsFactory.getPOSTaggerModel(posTaggerModelFile, loader);} catch (IOException e) {throw new IllegalArgumentException(e);}}
public CellRangeAddress(int firstRow, int lastRow, int firstCol, int lastCol) {super(firstRow, lastRow, firstCol, lastCol);if (lastRow < firstRow || lastCol < firstCol) {throw new IllegalArgumentException(""Invalid cell range, having lastRow < firstRow || lastCol < firstCol, "" +""had rows "" + lastRow + "" >= "" + firstRow + "" or cells "" + lastCol + "" >= "" + firstCol);}}","public boolean equals(ATNConfig a, ATNConfig b) {if ( a==b ) return true;if ( a==null || b==null ) return false;return a.state.stateNumber==b.state.stateNumber&& a.context.equals(b.context);}"
"276","public PushCommand setPushTags() {refSpecs.add(Transport.REFSPEC_TAGS);return this;}
public CreateEvaluationResult createEvaluation(CreateEvaluationRequest request) {request = beforeClientExecution(request);return executeCreateEvaluation(request);}
public DescribeOrderableDBInstanceOptionsResult describeOrderableDBInstanceOptions(DescribeOrderableDBInstanceOptionsRequest request) {request = beforeClientExecution(request);return executeDescribeOrderableDBInstanceOptions(request);}
public long getPosition() {return (long) currentBlockIndex * blockSize + currentBlockUpto;}","public TokenStream create(TokenStream input) {return new FrenchLightStemFilter(input);}"
"281","public AssignPrivateIpAddressesResult assignPrivateIpAddresses(AssignPrivateIpAddressesRequest request) {request = beforeClientExecution(request);return executeAssignPrivateIpAddresses(request);}
public boolean setExecute(File f, boolean canExec) {return false;}
public ValueEval evaluate(int srcRowIndex, int srcColumnIndex, ValueEval lookup_value, ValueEval table_array,ValueEval col_index, ValueEval range_lookup) {try {ValueEval lookupValue = OperandResolver.getSingleValue(lookup_value, srcRowIndex, srcColumnIndex);TwoDEval tableArray = LookupUtils.resolveTableArrayArg(table_array);boolean isRangeLookup;try {isRangeLookup = LookupUtils.resolveRangeLookupArg(range_lookup, srcRowIndex, srcColumnIndex);} catch(RuntimeException e) {isRangeLookup = true;}int rowIndex = LookupUtils.lookupIndexOfValue(lookupValue, LookupUtils.createColumnVector(tableArray, 0), isRangeLookup);int colIndex = LookupUtils.resolveRowOrColIndexArg(col_index, srcRowIndex, srcColumnIndex);ValueVector resultCol = createResultColumnVector(tableArray, colIndex);return resultCol.getItem(rowIndex);} catch (EvaluationException e) {return e.getErrorEval();}}
public CreateGameSessionResult createGameSession(CreateGameSessionRequest request) {request = beforeClientExecution(request);return executeCreateGameSession(request);}","public RowRecord getRow(int rowIndex) {int maxrow = SpreadsheetVersion.EXCEL97.getLastRowIndex();if (rowIndex < 0 || rowIndex > maxrow) {throw new IllegalArgumentException(""The row number must be between 0 and "" + maxrow + "", but had: "" + rowIndex);}return _rowRecords.get(Integer.valueOf(rowIndex));}"
"286","public DescribeClientPropertiesResult describeClientProperties(DescribeClientPropertiesRequest request) {request = beforeClientExecution(request);return executeDescribeClientProperties(request);}
public Builder(CompositeReader reader) {this.reader = reader;}
public synchronized void mark(int readlimit) {in.mark(readlimit);}
public void print(int inum) {print(String.valueOf(inum));}","public static final ObjectId fromRaw(int[] is) {return fromRaw(is, 0);}"
"291","public String toString() {return slice.toString()+"":""+ postingsEnum;}
public void serialize(LittleEndianOutput out) {out.writeShort(getMode());}
@Override public int size() {return Impl.this.size();}
public static int hashCode(Object... objects) {return Arrays.hashCode(objects);}","public ByteBuffer putFloat(int index, float value) {throw new ReadOnlyBufferException();}"
"296","public ListJournalS3ExportsForLedgerResult listJournalS3ExportsForLedger(ListJournalS3ExportsForLedgerRequest request) {request = beforeClientExecution(request);return executeListJournalS3ExportsForLedger(request);}
public DeleteMessageBatchResult deleteMessageBatch(DeleteMessageBatchRequest request) {request = beforeClientExecution(request);return executeDeleteMessageBatch(request);}
public final void write(LittleEndianOutput out) {out.writeByte(getSid() + getPtgClass());writeCoordinates(out);}
public FSTCompletionBuilder(int buckets, BytesRefSorter sorter, int shareMaxTailLength) {if (buckets < 1 || buckets > 255) {throw new IllegalArgumentException(""Buckets must be >= 1 and <= 255: ""+ buckets);}if (sorter == null) throw new IllegalArgumentException(""BytesRefSorter must not be null."");this.sorter = sorter;this.buckets = buckets;this.shareMaxTailLength = shareMaxTailLength;}","public void incRef() {refCount.incrementAndGet();}"
"301","public boolean supports(CredentialItem... items) {for (CredentialItem i : items) {if (i instanceof CredentialItem.Username)continue;else if (i instanceof CredentialItem.Password)continue;else return false;}return true;}
public DeleteVpnConnectionRequest(String vpnConnectionId) {setVpnConnectionId(vpnConnectionId);}
public final ValueEval evaluate(ValueEval[] args, int srcRowIndex, int srcColumnIndex) {if (args.length != 4) {return ErrorEval.VALUE_INVALID;}return evaluate(srcRowIndex, srcColumnIndex, args[0], args[1], args[2], args[3]);}
public void print(double d) {print(String.valueOf(d));}","public UpdateUserProfileResult updateUserProfile(UpdateUserProfileRequest request) {request = beforeClientExecution(request);return executeUpdateUserProfile(request);}"
"306","public RevFilter clone() {final RevFilter[] s = new RevFilter[subfilters.length];for (int i = 0; i < s.length; i++)s[i] = subfilters[i].clone();return new List(s);}
public GetFederationTokenRequest(String name) {setName(name);}
public static Cell translateUnicodeValues(Cell cell) {String s = cell.getRichStringCellValue().getString();boolean foundUnicode = false;String lowerCaseStr = s.toLowerCase(Locale.ROOT);for (UnicodeMapping entry : unicodeMappings) {String key = entry.entityName;if (lowerCaseStr.contains(key)) {s = s.replaceAll(key, entry.resolvedValue);foundUnicode = true;}}if (foundUnicode) {cell.setCellValue(cell.getRow().getSheet().getWorkbook().getCreationHelper().createRichTextString(s));}return cell;}
public CreateChangeSetResult createChangeSet(CreateChangeSetRequest request) {request = beforeClientExecution(request);return executeCreateChangeSet(request);}","public SubmoduleStatusCommand(Repository repo) {super(repo);paths = new ArrayList<>();}"
"311","public int getResultStart() {return outRegion.resultStart;}
public static BigInteger round(BigInteger bi, int nBits) {if (nBits < 1) {return bi;}return bi.add(HALF_BITS[nBits]);}
public static Date round(Date date, Resolution resolution) {return new Date(round(date.getTime(), resolution));}
public static int compareArrayByPrefix(char[] shortArray, int shortIndex,char[] longArray, int longIndex) {if (shortArray == null)return 0;else if (longArray == null)return (shortIndex < shortArray.length) ? 1 : 0;int si = shortIndex, li = longIndex;while (si < shortArray.length && li < longArray.length&& shortArray[si] == longArray[li]) {si++;li++;}if (si == shortArray.length) {return 0;} else {if (li == longArray.length)return 1;else return (shortArray[si] > longArray[li]) ? 1 : -1;}}","public AttachInternetGatewayResult attachInternetGateway(AttachInternetGatewayRequest request) {request = beforeClientExecution(request);return executeAttachInternetGateway(request);}"
"316","public synchronized boolean containsValue(Object value) {if (value == null) {throw new NullPointerException();}HashtableEntry[] tab = table;int len = tab.length;for (int i = 0; i < len; i++) {for (HashtableEntry e = tab[i]; e != null; e = e.next) {if (value.equals(e.value)) {return true;}}}return false;}
public String toFormulaString(String[] operands) {StringBuilder buffer = new StringBuilder();buffer.append( operands[0] );buffer.append(""<="");buffer.append( operands[1] );return buffer.toString();}
public void write(String str) {write(str.toCharArray());}
public Sort(SortField... fields) {setSort(fields);}","public DescribeEventCategoriesResult describeEventCategories(DescribeEventCategoriesRequest request) {request = beforeClientExecution(request);return executeDescribeEventCategories(request);}"
"321","public UpdateDeviceResult updateDevice(UpdateDeviceRequest request) {request = beforeClientExecution(request);return executeUpdateDevice(request);}
public CreateWorkerBlockResult createWorkerBlock(CreateWorkerBlockRequest request) {request = beforeClientExecution(request);return executeCreateWorkerBlock(request);}
public synchronized void reset() throws IOException {throw new IOException();}
public final void setReader(Reader input) {if (input == null) {throw new NullPointerException(""input must not be null"");} else if (this.input != ILLEGAL_STATE_READER) {throw new IllegalStateException(""TokenStream contract violation: close() call missing"");}this.inputPending = input;setReaderTestPoint();}","public GetUsagePlanKeysResult getUsagePlanKeys(GetUsagePlanKeysRequest request) {request = beforeClientExecution(request);return executeGetUsagePlanKeys(request);}"
"326","public String toString(){StringBuilder sb = new StringBuilder();sb.append( ""subInfos=("" );for( SubInfo si : subInfos )sb.append( si.toString() );sb.append( "")/"" ).append( totalBoost ).append( '(' ).append( startOffset ).append( ',' ).append( endOffset ).append( ')' );return sb.toString();}
public TokenStream create(TokenStream input) {return new LimitTokenPositionFilter(input, maxTokenPosition, consumeAllTokens);}
public DescribeFleetUtilizationResult describeFleetUtilization(DescribeFleetUtilizationRequest request) {request = beforeClientExecution(request);return executeDescribeFleetUtilization(request);}
public void inform(ResourceLoader loader) throws IOException {InputStream stream = null;try {if (dictFile != null) dictionary = getWordSet(loader, dictFile, false);stream = loader.openResource(hypFile);final InputSource is = new InputSource(stream);is.setEncoding(encoding); is.setSystemId(hypFile);hyphenator = HyphenationCompoundWordTokenFilter.getHyphenationTree(is);} finally {IOUtils.closeWhileHandlingException(stream);}}","public DeclineInvitationsResult declineInvitations(DeclineInvitationsRequest request) {request = beforeClientExecution(request);return executeDeclineInvitations(request);}"
"331","public DescribeAutoScalingGroupsResult describeAutoScalingGroups() {return describeAutoScalingGroups(new DescribeAutoScalingGroupsRequest());}
public String toString() {return String.format(""pushMode(%d)"", mode);}
public CreateBranchCommand setStartPoint(String startPoint) {checkCallable();this.startPoint = startPoint;this.startCommit = null;return this;}
public DBInstance stopDBInstance(StopDBInstanceRequest request) {request = beforeClientExecution(request);return executeStopDBInstance(request);}","public SuggestWordQueue(int size, Comparator<SuggestWord> comparator){super(size);this.comparator = comparator;}"
"336","public LBCookieStickinessPolicy(String policyName, Long cookieExpirationPeriod) {setPolicyName(policyName);setCookieExpirationPeriod(cookieExpirationPeriod);}
public SheetRangeEvaluator(int firstSheetIndex, int lastSheetIndex, SheetRefEvaluator[] sheetEvaluators) {if (firstSheetIndex < 0) {throw new IllegalArgumentException(""Invalid firstSheetIndex: "" + firstSheetIndex + ""."");}if (lastSheetIndex < firstSheetIndex) {throw new IllegalArgumentException(""Invalid lastSheetIndex: "" + lastSheetIndex + "" for firstSheetIndex: "" + firstSheetIndex + ""."");}_firstSheetIndex = firstSheetIndex;_lastSheetIndex = lastSheetIndex;_sheetEvaluators = sheetEvaluators.clone();}
public RevokeTokenRequest() {super(""OnsMqtt"", ""2019-12-11"", ""RevokeToken"", ""onsmqtt"");setMethod(MethodType.POST);}
public ValueEval evaluate(int srcRowIndex, int srcColumnIndex, ValueEval arg0, ValueEval arg1) {try {ValueEval ve = OperandResolver.getSingleValue(arg0, srcRowIndex, srcColumnIndex);double result = OperandResolver.coerceValueToDouble(ve);if (Double.isNaN(result) || Double.isInfinite(result)) {throw new EvaluationException(ErrorEval.NUM_ERROR);}if (arg1 instanceof RefListEval) {return eval(result, ((RefListEval)arg1), true);}final AreaEval aeRange = convertRangeArg(arg1);return eval(result, aeRange, true);} catch (EvaluationException e) {return e.getErrorEval();}}","public String toFormulaString() {return """";}"
"341","public byte readByte() throws IOException {if (bufferPos == bufferSize) {refill();}assert bufferPos == buffer.position() : ""bufferPos="" + bufferPos + "" vs buffer.position()="" + buffer.position();bufferPos++;return buffer.get();}
public ListTargetsByRuleResult listTargetsByRule(ListTargetsByRuleRequest request) {request = beforeClientExecution(request);return executeListTargetsByRule(request);}
public DisassociateQualificationFromWorkerResult disassociateQualificationFromWorker(DisassociateQualificationFromWorkerRequest request) {request = beforeClientExecution(request);return executeDisassociateQualificationFromWorker(request);}
public boolean equals(Object obj) {if (this == obj) return true;if (obj == null) return false;if (getClass() != obj.getClass()) return false;CompiledAutomaton other = (CompiledAutomaton) obj;if (type != other.type) return false;if (type == AUTOMATON_TYPE.SINGLE) {if (!term.equals(other.term)) return false;} else if (type == AUTOMATON_TYPE.NORMAL) {if (!runAutomaton.equals(other.runAutomaton)) return false;}return true;}","public static CharFilterFactory forName(String name, Map<String,String> args) {return loader.newInstance(name, args);}"
"346","public String toString() {String[] units = { ""bytes"", ""KiB"", ""MiB"", ""GiB"" };long sz = getIndexSize();int u = 0;while (1024 <= sz && u < units.length - 1) {int rem = (int) (sz % 1024);sz /= 1024;if (rem != 0)sz++;u++;}return ""DeltaIndex["" + sz + "" "" + units[u] + ""]"";}
public SimilarityConfig build() {return new SimilarityConfig(this);}
public void mark(int readLimit) throws IOException {throw new IOException();}
public void collect(int doc) throws IOException {final long time = clock.get();if (time - timeout > 0L) {if (greedy) {in.collect(doc);}throw new TimeExceededException( timeout-t0, time-t0, docBase + doc );}in.collect(doc);}","public LocalFile(File directory, int inCoreLimit) {super(inCoreLimit);this.directory = directory;}"
"351","@Override public E remove(int index) {Object[] a = array;int s = size;if (index >= s) {throwIndexOutOfBoundsException(index, s);}@SuppressWarnings(""unchecked"") E result = (E) a[index];System.arraycopy(a, index + 1, a, index, --s - index);a[s] = null;  size = s;modCount++;return result;}
public RequestUploadCredentialsResult requestUploadCredentials(RequestUploadCredentialsRequest request) {request = beforeClientExecution(request);return executeRequestUploadCredentials(request);}
public void copyTo(OutputStream out) throws MissingObjectException,IOException {if (isLarge()) {try (ObjectStream in = openStream()) {final long sz = in.getSize();byte[] tmp = new byte[8192];long copied = 0;while (copied < sz) {int n = in.read(tmp);if (n < 0)throw new EOFException();out.write(tmp, 0, n);copied += n;}if (0 <= in.read())throw new EOFException();}} else {out.write(getCachedBytes());}}
@Override public V remove(Object key) {if (key == null) {return removeNullKey();}int hash = secondaryHash(key.hashCode());HashMapEntry<K, V>[] tab = table;int index = hash & (tab.length - 1);for (HashMapEntry<K, V> e = tab[index], prev = null;e != null; prev = e, e = e.next) {if (e.hash == hash && key.equals(e.key)) {if (prev == null) {tab[index] = e.next;} else {prev.next = e.next;}modCount++;size--;postRemove(e);return e.value;}}return null;}","public RevFilter negate() {return a;}"
"356","public DescribeVpcsResult describeVpcs(DescribeVpcsRequest request) {request = beforeClientExecution(request);return executeDescribeVpcs(request);}
public UpdateGameSessionQueueResult updateGameSessionQueue(UpdateGameSessionQueueRequest request) {request = beforeClientExecution(request);return executeUpdateGameSessionQueue(request);}
public String getTitle() {return title;}
public final void setNewHeads(List<Head> newHeads) {if (this.newHeads != null)throw new IllegalStateException(JGitText.get().propertyIsAlreadyNonNull);this.newHeads = newHeads;}","public ObjectId getExpectedOldObjectId() {return expectedOldObjectId;}"
"361","public GetRecordsResult getRecords(GetRecordsRequest request) {request = beforeClientExecution(request);return executeGetRecords(request);}
public Deleted3DPxg(int externalWorkbookNumber, String sheetName) {this.externalWorkbookNumber = externalWorkbookNumber;this.sheetName = sheetName;}
public void execute(Lexer lexer) {lexer.skip();}
public DescribeScheduledInstancesResult describeScheduledInstances(DescribeScheduledInstancesRequest request) {request = beforeClientExecution(request);return executeDescribeScheduledInstances(request);}","public MultiFields(Fields[] subs, ReaderSlice[] subSlices) {this.subs = subs;this.subSlices = subSlices;}"
"366","public int peekNextSid() {if(!hasNext()) {return -1;}return _list.get(_nextIndex).getSid();}
public ConfigureAgentResult configureAgent(ConfigureAgentRequest request) {request = beforeClientExecution(request);return executeConfigureAgent(request);}
public GetStreamingDistributionResult getStreamingDistribution(GetStreamingDistributionRequest request) {request = beforeClientExecution(request);return executeGetStreamingDistribution(request);}
public ListTrialComponentsResult listTrialComponents(ListTrialComponentsRequest request) {request = beforeClientExecution(request);return executeListTrialComponents(request);}","public ByteBuffer putShort(int index, short value) {throw new ReadOnlyBufferException();}"
"371","public int compareNormalised(NormalisedDecimal other) {int cmp = _relativeDecimalExponent - other._relativeDecimalExponent;if (cmp != 0) {return cmp;}if (_wholePart > other._wholePart) {return 1;}if (_wholePart < other._wholePart) {return -1;}return _fractionalPart - other._fractionalPart;}
public TokenStream create(TokenStream input) {return new JapaneseKatakanaStemFilter(input, minimumLength);}
public EnableAvailabilityZonesForLoadBalancerResult enableAvailabilityZonesForLoadBalancer(EnableAvailabilityZonesForLoadBalancerRequest request) {request = beforeClientExecution(request);return executeEnableAvailabilityZonesForLoadBalancer(request);}
public UpdateEnvironmentResult updateEnvironment(UpdateEnvironmentRequest request) {request = beforeClientExecution(request);return executeUpdateEnvironment(request);}","public ListTagsForDomainResult listTagsForDomain(ListTagsForDomainRequest request) {request = beforeClientExecution(request);return executeListTagsForDomain(request);}"
"376","public static double log(double base, double x) {return Math.log(x) / Math.log(base);}
public final void writeBoolean(boolean val) throws IOException {out.write(val ? 1 : 0);written++;}
public boolean equals(Object other) {if (!(other instanceof ByteBuffer)) {return false;}ByteBuffer otherBuffer = (ByteBuffer) other;if (remaining() != otherBuffer.remaining()) {return false;}int myPosition = position;int otherPosition = otherBuffer.position;boolean equalSoFar = true;while (equalSoFar && (myPosition < limit)) {equalSoFar = get(myPosition++) == otherBuffer.get(otherPosition++);}return equalSoFar;}
public DescribeVirtualGatewaysResult describeVirtualGateways() {return describeVirtualGateways(new DescribeVirtualGatewaysRequest());}","public FieldConfig getFieldConfig(String fieldName) {FieldConfig fieldConfig = new FieldConfig(StringUtils.toString(fieldName));for (FieldConfigListener listener : this.listeners) {listener.buildFieldConfig(fieldConfig);}return fieldConfig;}"
"381","public void setProperty(Row row, int column) {Cell cell = CellUtil.getCell(row, column);CellUtil.setCellStyleProperty(cell, _propertyName, _propertyValue);}
public RebootInstancesResult rebootInstances(RebootInstancesRequest request) {request = beforeClientExecution(request);return executeRebootInstances(request);}
public Predicate(int ruleIndex, int predIndex, boolean isCtxDependent) {this.ruleIndex = ruleIndex;this.predIndex = predIndex;this.isCtxDependent = isCtxDependent;}
public void fillPolygon(int[] xPoints, int[] yPoints,int nPoints){int right  = findBiggest(xPoints);int bottom = findBiggest(yPoints);int left   = findSmallest(xPoints);int top    = findSmallest(yPoints);HSSFPolygon shape = escherGroup.createPolygon(new HSSFChildAnchor(left,top,right,bottom) );shape.setPolygonDrawArea(right - left, bottom - top);shape.setPoints(addToAll(xPoints, -left), addToAll(yPoints, -top));shape.setLineStyleColor(foreground.getRed(), foreground.getGreen(), foreground.getBlue());shape.setFillColor(foreground.getRed(), foreground.getGreen(), foreground.getBlue());}","public ListEventsRequest() {super(""Status"", ""2020-01-17"", ""ListEvents"", ""StatusAPI"");setMethod(MethodType.POST);}"
"386","public ListIAMPolicyAssignmentsResult listIAMPolicyAssignments(ListIAMPolicyAssignmentsRequest request) {request = beforeClientExecution(request);return executeListIAMPolicyAssignments(request);}
public CountingOutputStream(OutputStream out) {this.out = out;}
public void seekExact(BytesRef target, TermState otherState) {if (!target.equals(term)) {state.copyFrom(otherState);term = BytesRef.deepCopyOf(target);seekPending = true;}}
public void seek(long pos) throws IOException {if (pos != getFilePointer()) {final long alignedPos = pos & ALIGN_NOT_MASK;filePos = alignedPos-bufferSize;final int delta = (int) (pos - alignedPos);if (delta != 0) {refill();buffer.position(delta);bufferPos = delta;} else {bufferPos = bufferSize;}}}","public void clear() {removeAllElements();}"
"391","public QueryCustomerByPhoneRequest() {super(""xspace"", ""2017-07-20"", ""QueryCustomerByPhone"");setUriPattern(""/customerbyphone"");setMethod(MethodType.POST);}
public ValueEval evaluate(int srcRowIndex, int srcColumnIndex, ValueEval arg0) {return this.evaluate(srcRowIndex, srcColumnIndex, arg0, null);}
public ListDashboardVersionsResult listDashboardVersions(ListDashboardVersionsRequest request) {request = beforeClientExecution(request);return executeListDashboardVersions(request);}
public IntBuffer put(int c) {if (position == limit) {throw new BufferOverflowException();}backingArray[offset + position++] = c;return this;}","public DeleteHostedZoneResult deleteHostedZone(DeleteHostedZoneRequest request) {request = beforeClientExecution(request);return executeDeleteHostedZone(request);}"
"396","public CreateReceiptRuleResult createReceiptRule(CreateReceiptRuleRequest request) {request = beforeClientExecution(request);return executeCreateReceiptRule(request);}
public Result rename() throws IOException {try {result = doRename();return result;} catch (IOException err) {result = Result.IO_FAILURE;throw err;}}
public DescribeDBInstancesResult describeDBInstances() {return describeDBInstances(new DescribeDBInstancesRequest());}
public String toString() {if (label != null) {return label + "":"" + tag;}return tag;}","public CharSequence toQueryString(EscapeQuerySyntax escaper) {return ""[DELETEDCHILD]"";}"
"401","public CreateAccountResult createAccount(CreateAccountRequest request) {request = beforeClientExecution(request);return executeCreateAccount(request);}
public Map.Entry<K,V> next() {HashEntry<K,V> e = super.nextEntry();return new WriteThroughEntry(e.key, e.value);}
public BaseRef(RefEval re) {_refEval = re;_areaEval = null;_firstRowIndex = re.getRow();_firstColumnIndex = re.getColumn();_height = 1;_width = 1;}
public void decode(long[] blocks, int blocksOffset, long[] values, int valuesOffset, int iterations) {for (int i = 0; i < iterations; ++i) {final long block = blocks[blocksOffset++];for (int shift = 62; shift >= 0; shift -= 2) {values[valuesOffset++] = (block >>> shift) & 3;}}}","public void unrollRecursionContexts(ParserRuleContext _parentctx) {_precedenceStack.pop();_ctx.stop = _input.LT(-1);ParserRuleContext retctx = _ctx; if ( _parseListeners != null ) {while ( _ctx != _parentctx ) {triggerExitRuleEvent();_ctx = (ParserRuleContext)_ctx.parent;}}else {_ctx = _parentctx;}retctx.parent = _parentctx;if (_buildParseTrees && _parentctx != null) {_parentctx.addChild(retctx);}}"
"406","public CancelBundleTaskRequest(String bundleId) {setBundleId(bundleId);}
public void add(CharsRef input, CharsRef output, boolean includeOrig) {add(input, countWords(input), output, countWords(output), includeOrig);}
public SetIdentityDkimEnabledResult setIdentityDkimEnabled(SetIdentityDkimEnabledRequest request) {request = beforeClientExecution(request);return executeSetIdentityDkimEnabled(request);}
public GetResolverEndpointResult getResolverEndpoint(GetResolverEndpointRequest request) {request = beforeClientExecution(request);return executeGetResolverEndpoint(request);}","public void setText(String value) {string = value;start = offset = 0;end = value.length();}"
"411","public String toString() {return toString(0);}
public void adjustIndex(int offset) {_firstSheetIndex += offset;_lastSheetIndex += offset;}
public GalicianStemFilterFactory(Map<String,String> args) {super(args);if (!args.isEmpty()) {throw new IllegalArgumentException(""Unknown parameters: "" + args);}}
public ListRepositoryAssociationsResult listRepositoryAssociations(ListRepositoryAssociationsRequest request) {request = beforeClientExecution(request);return executeListRepositoryAssociations(request);}","public void setParams(String params) {super.setParams(params);maxNumSegments = (int)Double.parseDouble(params);}"
"416","public char getChar() {return (char) getShort();}
public void next(int delta) {if (delta == 1) {prevPtr = currPtr;currPtr = nextPtr;if (!eof())parseEntry();return;}final int end = raw.length;int ptr = nextPtr;while (--delta > 0 && ptr != end) {prevPtr = ptr;while (raw[ptr] != 0)ptr++;ptr += OBJECT_ID_LENGTH + 1;}if (delta != 0)throw new ArrayIndexOutOfBoundsException(delta);currPtr = ptr;if (!eof())parseEntry();}
public Type getType() {return type;}
public CharBuffer duplicate() {return copy(this, mark);}","public NGramFilterFactory(Map<String, String> args) {super(args);minGramSize = requireInt(args, ""minGramSize"");maxGramSize = requireInt(args, ""maxGramSize"");preserveOriginal = getBoolean(args, ""preserveOriginal"", NGramTokenFilter.DEFAULT_PRESERVE_ORIGINAL);if (!args.isEmpty()) {throw new IllegalArgumentException(""Unknown parameters: "" + args);}}"
"421","public AddRoleToDBClusterResult addRoleToDBCluster(AddRoleToDBClusterRequest request) {request = beforeClientExecution(request);return executeAddRoleToDBCluster(request);}
public BlameGenerator setTextComparator(RawTextComparator comparator) {textComparator = comparator;return this;}
public  PatternCaptureGroupFilterFactory(Map<String,String> args) {super(args);pattern = getPattern(args, ""pattern"");preserveOriginal = args.containsKey(""preserve_original"") ? Boolean.parseBoolean(args.get(""preserve_original"")) : true;}
public CreateObjectResult createObject(CreateObjectRequest request) {request = beforeClientExecution(request);return executeCreateObject(request);}","@Override public String getActions() { return null; }"
"426","public void onChanged() {if (mAdapter != null) {post(new Runnable());}}
public CreateResourceGroupResult createResourceGroup(CreateResourceGroupRequest request) {request = beforeClientExecution(request);return executeCreateResourceGroup(request);}
public static RevFilter has(RevFlag a) {final RevFlagSet s = new RevFlagSet();s.add(a);return new HasAll(s);}
@Override public int size() {return totalSize;}","public void write(LittleEndianOutput out) {out.writeByte(sid + getPtgClass());out.writeShort(field_1_index_extern_sheet);out.writeInt(unused1);}"
"431","public String toString() {return this.getClass().getSimpleName() + ""@"" + directory + "" lockFactory="" + lockFactory;}
public final ValueEval evaluate(ValueEval[] args, int srcRowIndex, int srcColumnIndex) {switch (args.length) {case 3:return evaluate(srcRowIndex, srcColumnIndex, args[0], args[1], args[2]);case 4:return evaluate(srcRowIndex, srcColumnIndex, args[0], args[1], args[2], args[3]);}return ErrorEval.VALUE_INVALID;}
public CancelDataRepositoryTaskResult cancelDataRepositoryTask(CancelDataRepositoryTaskRequest request) {request = beforeClientExecution(request);return executeCancelDataRepositoryTask(request);}
public DateFormatTokenizer(String format) {this.format = format;}","public static int getBiasedExponent(long rawBits) {return Math.toIntExact((rawBits & EXPONENT_MASK) >> EXPONENT_SHIFT);}"
"436","public String toString() {return ""IB "" + distribution.toString() + ""-"" + lambda.toString()+ normalization.toString();}
public String getName() {return name;}
public boolean inContext(String context) {return false;}
public String toString() {String desc;File directory = getDirectory();if (directory != null)desc = directory.getPath();elsedesc = getClass().getSimpleName() + ""-"" + System.identityHashCode(this);return ""Repository["" + desc + ""]""; }","public int serialize(int offset, byte [] data) {LittleEndian.putInt(data, offset+0, field_13_border_styles1);LittleEndian.putInt(data, offset+4, field_14_border_styles2);return 8;}"
"441","public void decode(byte[] blocks, int blocksOffset, long[] values, int valuesOffset, int iterations) {for (int j = 0; j < iterations; ++j) {final byte block = blocks[blocksOffset++];values[valuesOffset++] = (block >>> 7) & 1;values[valuesOffset++] = (block >>> 6) & 1;values[valuesOffset++] = (block >>> 5) & 1;values[valuesOffset++] = (block >>> 4) & 1;values[valuesOffset++] = (block >>> 3) & 1;values[valuesOffset++] = (block >>> 2) & 1;values[valuesOffset++] = (block >>> 1) & 1;values[valuesOffset++] = block & 1;}}
public PipedWriter(PipedReader destination) throws IOException {super(destination);connect(destination);}
public String dequote(byte[] in, int ip, int ie) {boolean inquote = false;final byte[] r = new byte[ie - ip];int rPtr = 0;while (ip < ie) {final byte b = in[ip++];switch (b) {case '\'':inquote = !inquote;continue;case '\\':if (inquote || ip == ie)r[rPtr++] = b; elser[rPtr++] = in[ip++];continue;default:r[rPtr++] = b;continue;}}return RawParseUtils.decode(UTF_8, r, 0, rPtr);}
public Status getStatus() {return myStatus;}","public DeltaRecord(RecordInputStream in) {field_1_max_change = in.readDouble();}"
"446","public void serialize(LittleEndianOutput out) {out.writeShort(getCount());}
public ListPartsRequest(String vaultName, String uploadId) {setVaultName(vaultName);setUploadId(uploadId);}
public void set(int index, long value) {final int o = index >>> 2;final int b = index & 3;final int shift = b << 4;blocks[o] = (blocks[o] & ~(65535L << shift)) | (value << shift);}
public void setRunInBackground(int deltaPri) {runInBackground = true;this.deltaPri = deltaPri;}","public TeeInputStream(InputStream src, OutputStream dst) {this.src = src;this.dst = dst;}"
"451","public void addChild(final Property property)throws IOException{String name = property.getName();if (_children_names.contains(name)){throw new IOException(""Duplicate name \"""" + name + ""\"""");}_children_names.add(name);_children.add(property);}
public ValueEval evaluate(int srcRowIndex, int srcColumnIndex, ValueEval arg0) {int result;if (arg0 instanceof TwoDEval) {result = ((TwoDEval) arg0).getWidth();} else if (arg0 instanceof RefEval) {result = 1;} else { return ErrorEval.VALUE_INVALID;}return new NumberEval(result);}
public ListModelsResult listModels(ListModelsRequest request) {request = beforeClientExecution(request);return executeListModels(request);}
public ExtensionQuery(QueryParser topLevelParser, String field, String rawQueryString) {this.field = field;this.rawQueryString = rawQueryString;this.topLevelParser = topLevelParser;}","public String toString() {return resourceDescription;}"
"456","public GetDeploymentInstanceResult getDeploymentInstance(GetDeploymentInstanceRequest request) {request = beforeClientExecution(request);return executeGetDeploymentInstance(request);}
public MappingCharFilterFactory(Map<String,String> args) {super(args);mapping = get(args, ""mapping"");if (!args.isEmpty()) {throw new IllegalArgumentException(""Unknown parameters: "" + args);}}
public boolean promptPassphrase(String msg) {CredentialItem.StringType v = newPrompt(msg);if (provider.get(uri, v)) {passphrase = v.getValue();return true;}passphrase = null;return false;}
public DescribeReservedDBInstancesResult describeReservedDBInstances() {return describeReservedDBInstances(new DescribeReservedDBInstancesRequest());}","public UnsubscribeFromDatasetResult unsubscribeFromDataset(UnsubscribeFromDatasetRequest request) {request = beforeClientExecution(request);return executeUnsubscribeFromDataset(request);}"
"461","public int available() throws IOException {if (buf == null) {throw new IOException();}return buf.length - pos + in.available();}
@Override public V remove(Object key) {return isInBounds(key) ? TreeMap.this.remove(key) : null;}
public void insertSST() {LOG.log(DEBUG, ""creating new SST via insertSST!"");sst = new SSTRecord();records.add(records.size() - 1, createExtendedSST());records.add(records.size() - 2, sst);}
public AddApplicationCloudWatchLoggingOptionResult addApplicationCloudWatchLoggingOption(AddApplicationCloudWatchLoggingOptionRequest request) {request = beforeClientExecution(request);return executeAddApplicationCloudWatchLoggingOption(request);}","public ListCampaignsResult listCampaigns(ListCampaignsRequest request) {request = beforeClientExecution(request);return executeListCampaigns(request);}"
"466","public void execute(Lexer lexer) {lexer.more();}
public SetFaceCoverRequest() {super(""CloudPhoto"", ""2017-07-11"", ""SetFaceCover"", ""cloudphoto"");setProtocol(ProtocolType.HTTPS);}
public GetInstanceAccessResult getInstanceAccess(GetInstanceAccessRequest request) {request = beforeClientExecution(request);return executeGetInstanceAccess(request);}
public void clear() {value = null;}","public GetFederationTokenResult getFederationToken(GetFederationTokenRequest request) {request = beforeClientExecution(request);return executeGetFederationToken(request);}"
"471","public int first() {currentSentence = 0;text.setIndex(text.getBeginIndex());return current();}
public QueryPhraseMap getFieldTermMap( String fieldName, String term ){QueryPhraseMap rootMap = getRootMap( fieldName );return rootMap == null ? null : rootMap.subMap.get( term );}
@Override public boolean contains(Object object) {if (object instanceof Multiset.Entry) {Multiset.Entry<?> entry = (Multiset.Entry<?>) object;Object element = entry.getElement();int entryCount = entry.getCount();return entryCount > 0 && count(element) == entryCount;}return false;}
public DeleteLexiconResult deleteLexicon(DeleteLexiconRequest request) {request = beforeClientExecution(request);return executeDeleteLexicon(request);}","public DomainMetadataResult domainMetadata(DomainMetadataRequest request) {request = beforeClientExecution(request);return executeDomainMetadata(request);}"
"476","public RevFlag getReinterestingFlag() {return REINTERESTING;}
public static void advise(FileDescriptor fd, long offset, long len, int advise) throws IOException {final int code = posix_fadvise(fd, offset, len, advise);if (code != 0) {throw new RuntimeException(""posix_fadvise failed code="" + code);}}
public DeleteSchemaResult deleteSchema(DeleteSchemaRequest request) {request = beforeClientExecution(request);return executeDeleteSchema(request);}
public CreateBatchInferenceJobResult createBatchInferenceJob(CreateBatchInferenceJobRequest request) {request = beforeClientExecution(request);return executeCreateBatchInferenceJob(request);}","public BitField(final int mask){_mask = mask;int count       = 0;int bit_pattern = mask;if (bit_pattern != 0){while ((bit_pattern & 1) == 0){count++;bit_pattern >>= 1;}}_shift_count = count;}"
"481","public boolean failed() {return !failingPaths.isEmpty();}
public String toString() {StringBuilder b = new StringBuilder();for(int i=0;i<len;i++) {if (i > 0) {b.append(' ');}b.append(Integer.toBinaryString(bytes[i].value));}return b.toString();}
public final void remove() {if (modCount != expectedModCount)throw new ConcurrentModificationException();if (lastReturned == null)throw new IllegalStateException();LinkedHashMap.this.remove(lastReturned.key);lastReturned = null;expectedModCount = modCount;}
public boolean shouldBeRecursive() {return path.shouldBeRecursive() || ANY_DIFF.shouldBeRecursive();}","public DeleteQueueRequest(String queueUrl) {setQueueUrl(queueUrl);}"
"486","public ExternalName getExternalName(int externSheetIndex, int externNameIndex) {String nameName = linkTable.resolveNameXText(externSheetIndex, externNameIndex, this);if(nameName == null) {return null;}int ix = linkTable.resolveNameXIx(externSheetIndex, externNameIndex);return new ExternalName(nameName, externNameIndex, ix);}
public RegisterUserResult registerUser(RegisterUserRequest request) {request = beforeClientExecution(request);return executeRegisterUser(request);}
public void decode(byte[] blocks, int blocksOffset, int[] values, int valuesOffset, int iterations) {for (int j = 0; j < iterations; ++j) {values[valuesOffset++] = blocks[blocksOffset++] & 0xFF;}}
public ValueEval evaluate(int srcRowIndex, int srcColumnIndex, ValueEval arg0) {return fixed(arg0, new NumberEval(2), BoolEval.FALSE, srcRowIndex, srcColumnIndex);}","public final byte[] array() {return protectedArray();}"
"491","public int readUByte() {byte[] buf = new byte[1];try {checkEOF(read(buf), 1);} catch (IOException e) {throw new RuntimeException(e);}return LittleEndian.getUByte(buf);}
public static AttrPtg createSkip(int dist) {return new AttrPtg(optiSkip.set(0), dist, null, -1);}
public DescribeUserHierarchyGroupResult describeUserHierarchyGroup(DescribeUserHierarchyGroupRequest request) {request = beforeClientExecution(request);return executeDescribeUserHierarchyGroup(request);}
public User(String path, String userName, String userId, String arn, java.util.Date createDate) {setPath(path);setUserName(userName);setUserId(userId);setArn(arn);setCreateDate(createDate);}","public OpenNLPLemmatizerFilter create(TokenStream in) {try {NLPLemmatizerOp lemmatizerOp = OpenNLPOpsFactory.getLemmatizer(dictionaryFile, lemmatizerModelFile);return new OpenNLPLemmatizerFilter(in, lemmatizerOp);} catch (IOException e) {throw new RuntimeException(e);}}"
"496","public void decode(byte[] blocks, int blocksOffset, long[] values, int valuesOffset, int iterations) {for (int i = 0; i < iterations; ++i) {final long byte0 = blocks[blocksOffset++] & 0xFF;final long byte1 = blocks[blocksOffset++] & 0xFF;values[valuesOffset++] = (byte0 << 4) | (byte1 >>> 4);final long byte2 = blocks[blocksOffset++] & 0xFF;values[valuesOffset++] = ((byte1 & 15) << 8) | byte2;}}
public RebootInstanceRequest() {super(""HPC"", ""2016-06-03"", ""RebootInstance"", ""hpc"");setMethod(MethodType.POST);}
public ListContainerInstancesResult listContainerInstances(ListContainerInstancesRequest request) {request = beforeClientExecution(request);return executeListContainerInstances(request);}
public ListClustersResult listClusters(ListClustersRequest request) {request = beforeClientExecution(request);return executeListClusters(request);}","public static boolean equals(boolean[] array1, boolean[] array2) {if (array1 == array2) {return true;}if (array1 == null || array2 == null || array1.length != array2.length) {return false;}for (int i = 0; i < array1.length; i++) {if (array1[i] != array2[i]) {return false;}}return true;}"
"501","public void decode(byte[] blocks, int blocksOffset, int[] values, int valuesOffset, int iterations) {for (int i = 0; i < iterations; ++i) {final int byte0 = blocks[blocksOffset++] & 0xFF;values[valuesOffset++] = byte0 >>> 5;values[valuesOffset++] = (byte0 >>> 2) & 7;final int byte1 = blocks[blocksOffset++] & 0xFF;values[valuesOffset++] = ((byte0 & 3) << 1) | (byte1 >>> 7);values[valuesOffset++] = (byte1 >>> 4) & 7;values[valuesOffset++] = (byte1 >>> 1) & 7;final int byte2 = blocks[blocksOffset++] & 0xFF;values[valuesOffset++] = ((byte1 & 1) << 2) | (byte2 >>> 6);values[valuesOffset++] = (byte2 >>> 3) & 7;values[valuesOffset++] = byte2 & 7;}}
public GetRelationalDatabaseSnapshotResult getRelationalDatabaseSnapshot(GetRelationalDatabaseSnapshotRequest request) {request = beforeClientExecution(request);return executeGetRelationalDatabaseSnapshot(request);}
public int fillFields(byte[] data, int offset, EscherRecordFactory recordFactory) {int bytesRemaining = readHeader( data, offset );int pos = offset + 8;field_1_blipTypeWin32 = data[pos];field_2_blipTypeMacOS = data[pos + 1];System.arraycopy( data, pos + 2, field_3_uid, 0, 16 );field_4_tag = LittleEndian.getShort( data, pos + 18 );field_5_size = LittleEndian.getInt( data, pos + 20 );field_6_ref = LittleEndian.getInt( data, pos + 24 );field_7_offset = LittleEndian.getInt( data, pos + 28 );field_8_usage = data[pos + 32];field_9_name = data[pos + 33];field_10_unused2 = data[pos + 34];field_11_unused3 = data[pos + 35];bytesRemaining -= 36;int bytesRead = 0;if (bytesRemaining > 0) {field_12_blipRecord = (EscherBlipRecord) recordFactory.createRecord( data, pos + 36 );bytesRead = field_12_blipRecord.fillFields( data, pos + 36, recordFactory );}pos += 36 + bytesRead;bytesRemaining -= bytesRead;_remainingData = IOUtils.safelyAllocate(bytesRemaining, MAX_RECORD_LENGTH);System.arraycopy( data, pos, _remainingData, 0, bytesRemaining );return bytesRemaining + 8 + 36 + (field_12_blipRecord == null ? 0 : field_12_blipRecord.getRecordSize()) ;}
@Override public int size() {return size;}","public PhoneNumberValidateResult phoneNumberValidate(PhoneNumberValidateRequest request) {request = beforeClientExecution(request);return executePhoneNumberValidate(request);}"
"506","public CreateTransformJobResult createTransformJob(CreateTransformJobRequest request) {request = beforeClientExecution(request);return executeCreateTransformJob(request);}
public synchronized int search(Object o) {final Object[] dumpArray = elementData;final int size = elementCount;if (o != null) {for (int i = size - 1; i >= 0; i--) {if (o.equals(dumpArray[i])) {return size - i;}}} else {for (int i = size - 1; i >= 0; i--) {if (dumpArray[i] == null) {return size - i;}}}return -1;}
public DescribeCacheParametersRequest(String cacheParameterGroupName) {setCacheParameterGroupName(cacheParameterGroupName);}
public void clear() {synchronized (mutex) {delegate().clear();}}","public boolean hasRevSort(RevSort sort) {return sorting.contains(sort);}"
"511","public StashListCommand stashList() {return new StashListCommand(repo);}
public PutGroupPolicyRequest(String groupName, String policyName, String policyDocument) {setGroupName(groupName);setPolicyName(policyName);setPolicyDocument(policyDocument);}
public String toString() {return super.get() + ""="" + value;}
public void writeByte(int v) {checkPosition(1);_buf[_writeIndex++] = (byte)v;}","public CountryRecord(RecordInputStream in) {field_1_default_country = in.readShort();field_2_current_country = in.readShort();}"
"516","public UpdateContainerAgentResult updateContainerAgent(UpdateContainerAgentRequest request) {request = beforeClientExecution(request);return executeUpdateContainerAgent(request);}
public DescribeNodeConfigurationOptionsResult describeNodeConfigurationOptions(DescribeNodeConfigurationOptionsRequest request) {request = beforeClientExecution(request);return executeDescribeNodeConfigurationOptions(request);}
public AddImageRequest() {super(""ImageSearch"", ""2019-03-25"", ""AddImage"", ""imagesearch"");setUriPattern(""/v2/image/add"");setMethod(MethodType.POST);}
public BorderFormatting() {field_13_border_styles1    = 0;field_14_border_styles2    = 0;}","public String toFormulaString(String[] operands) {StringBuilder buffer = new StringBuilder();buffer.append(operands[0]);buffer.append("" "");buffer.append(operands[1]);return buffer.toString();}"
"521","public ListTagsForStreamResult listTagsForStream(ListTagsForStreamRequest request) {request = beforeClientExecution(request);return executeListTagsForStream(request);}
public HSSFName createName(){NameRecord nameRecord = workbook.createName();HSSFName newName = new HSSFName(this, nameRecord);names.add(newName);return newName;}
public CreateLogPatternResult createLogPattern(CreateLogPatternRequest request) {request = beforeClientExecution(request);return executeCreateLogPattern(request);}
public GetTransitGatewayRouteTablePropagationsResult getTransitGatewayRouteTablePropagations(GetTransitGatewayRouteTablePropagationsRequest request) {request = beforeClientExecution(request);return executeGetTransitGatewayRouteTablePropagations(request);}","public void setup() throws Exception {super.setup();String inputDirProp = getRunData().getConfig().get(ADDINDEXES_INPUT_DIR, null);if (inputDirProp == null) {throw new IllegalArgumentException(""config parameter "" + ADDINDEXES_INPUT_DIR + "" not specified in configuration"");}inputDir = FSDirectory.open(Paths.get(inputDirProp));}"
"526","public StashDropCommand setAll(boolean all) {this.all = all;return this;}
public ListTrainingJobsForHyperParameterTuningJobResult listTrainingJobsForHyperParameterTuningJob(ListTrainingJobsForHyperParameterTuningJobRequest request) {request = beforeClientExecution(request);return executeListTrainingJobsForHyperParameterTuningJob(request);}
public String toString() {return String.format(""Match %s; found %d labels"",succeeded() ? ""succeeded"" : ""failed"",getLabels().size());}
public ValueEval evaluate(int srcRowIndex, int srcColumnIndex, ValueEval arg0) {double result;try {double d = singleOperandEvaluate(arg0, srcRowIndex, srcColumnIndex);result = evaluate(d);checkValue(result);} catch (EvaluationException e) {return e.getErrorEval();}return new NumberEval(result);}","public CacheSecurityGroup authorizeCacheSecurityGroupIngress(AuthorizeCacheSecurityGroupIngressRequest request) {request = beforeClientExecution(request);return executeAuthorizeCacheSecurityGroupIngress(request);}"
"531","public String getInflectionType() {return dictionary.getInflectionType(wordId);}
@Override public boolean remove(Object o) {return contains(o) &&(removeValuesForKey(((Multiset.Entry<?>) o).getElement()) > 0);}
public RevCommit next() {RevCommit r = next;next = nextForIterator();return r;}
public BatchAssociateUserStackResult batchAssociateUserStack(BatchAssociateUserStackRequest request) {request = beforeClientExecution(request);return executeBatchAssociateUserStack(request);}","public ScenarioProtectRecord clone() {return copy();}"
"536","public final Class getBundleClass() {return bundleClass;}
public void nextBuffer() {if (1+bufferUpto == buffers.length) {int[][] newBuffers = new int[(int) (buffers.length*1.5)][];System.arraycopy(buffers, 0, newBuffers, 0, buffers.length);buffers = newBuffers;}buffer = buffers[1+bufferUpto] = allocator.getIntBlock();bufferUpto++;intUpto = 0;intOffset += INT_BLOCK_SIZE;}
public DeleteVpnGatewayRequest(String vpnGatewayId) {setVpnGatewayId(vpnGatewayId);}
public static Encoder getEncoder(Format format, int version, int bitsPerValue) {checkVersion(version);return BulkOperation.of(format, bitsPerValue);}","public ClassificationResult(T assignedClass, double score) {this.assignedClass = assignedClass;this.score = score;}"
"541","public CreateRelationalDatabaseSnapshotResult createRelationalDatabaseSnapshot(CreateRelationalDatabaseSnapshotRequest request) {request = beforeClientExecution(request);return executeCreateRelationalDatabaseSnapshot(request);}
public NameRecord addName(NameRecord name) {getOrCreateLinkTable().addName(name);return name;}
public void serialize(LittleEndianOutput out) {out.writeShort(getFirstRow());out.writeShort(getLastRow());out.writeByte(getFirstColumn());out.writeByte(getLastColumn());}
public String getKey() {return key;}","public GetBlockPublicAccessConfigurationResult getBlockPublicAccessConfiguration(GetBlockPublicAccessConfigurationRequest request) {request = beforeClientExecution(request);return executeGetBlockPublicAccessConfiguration(request);}"
"546","public static long getResultSize(byte[] delta) {int p = 0;int c;do {c = delta[p++] & 0xff;} while ((c & 0x80) != 0);long resLen = 0;int shift = 0;do {c = delta[p++] & 0xff;resLen |= ((long) (c & 0x7f)) << shift;shift += 7;} while ((c & 0x80) != 0);return resLen;}
public long ramBytesUsed() {return RamUsageEstimator.alignObjectSize(RamUsageEstimator.NUM_BYTES_OBJECT_HEADER + Integer.BYTES);}
public NoteRecord() {field_6_author = """";field_3_flags = 0;field_7_padding = DEFAULT_PADDING; }
public CellReference[] getAllReferencedCells() {if(_isSingleCell) {return  new CellReference[] { _firstCell, };}int minRow = Math.min(_firstCell.getRow(), _lastCell.getRow());int maxRow = Math.max(_firstCell.getRow(), _lastCell.getRow());int minCol = Math.min(_firstCell.getCol(), _lastCell.getCol());int maxCol = Math.max(_firstCell.getCol(), _lastCell.getCol());String sheetName = _firstCell.getSheetName();List<CellReference> refs = new ArrayList<>();for(int row=minRow; row<=maxRow; row++) {for(int col=minCol; col<=maxCol; col++) {CellReference ref = new CellReference(sheetName, row, col, _firstCell.isRowAbsolute(), _firstCell.isColAbsolute());refs.add(ref);}}return refs.toArray(new CellReference[0]);}","public String[] listAll() {ensureOpen();String[] res = entries.keySet().toArray(new String[entries.size()]);for (int i = 0; i < res.length; i++) {res[i] = segmentName + res[i];}return res;}"
"551","public UpdateDataRetentionResult updateDataRetention(UpdateDataRetentionRequest request) {request = beforeClientExecution(request);return executeUpdateDataRetention(request);}
public CreateDistributionRequest(DistributionConfig distributionConfig) {setDistributionConfig(distributionConfig);}
public DescribeBatchPredictionsResult describeBatchPredictions(DescribeBatchPredictionsRequest request) {request = beforeClientExecution(request);return executeDescribeBatchPredictions(request);}
public float getScore(int index) {return scores[index];}","public BatchUpdatePhoneNumberResult batchUpdatePhoneNumber(BatchUpdatePhoneNumberRequest request) {request = beforeClientExecution(request);return executeBatchUpdatePhoneNumber(request);}"
"556","public LMSimilarity(CollectionModel collectionModel) {this.collectionModel = collectionModel;}
public GetGlobalSettingsResult getGlobalSettings(GetGlobalSettingsRequest request) {request = beforeClientExecution(request);return executeGetGlobalSettings(request);}
public CreateHITTypeResult createHITType(CreateHITTypeRequest request) {request = beforeClientExecution(request);return executeCreateHITType(request);}
public MLTConfig build() {return new MLTConfig(this);}","public CharsRef(String string) {this.chars = string.toCharArray();this.offset = 0;this.length = chars.length;}"
"561","public ListFargateProfilesResult listFargateProfiles(ListFargateProfilesRequest request) {request = beforeClientExecution(request);return executeListFargateProfiles(request);}
public Entry<K, V> floorEntry(K key) {return immutableCopy(findBounded(key, FLOOR));}
public boolean equals( Object o ) {return o instanceof NorwegianStemmer;}
public DeleteVaultNotificationsResult deleteVaultNotifications(DeleteVaultNotificationsRequest request) {request = beforeClientExecution(request);return executeDeleteVaultNotifications(request);}","public static boolean endsWith(char s[], int len, String suffix) {final int suffixLen = suffix.length();if (suffixLen > len)return false;for (int i = suffixLen - 1; i >= 0; i--)if (s[len -(suffixLen - i)] != suffix.charAt(i))return false;return true;}"
"566","public synchronized void setRequireDimCount(String dimName, boolean v) {DimConfig ft = fieldTypes.get(dimName);if (ft == null) {ft = new DimConfig();fieldTypes.put(dimName, ft);}ft.requireDimCount = v;}
public HSSFName getName(String name) {int nameIndex = getNameIndex(name);if (nameIndex < 0) {return null;}return names.get(nameIndex);}
public ScriptBootstrapActionConfig(String path, java.util.List<String> args) {setPath(path);setArgs(args);}
public RegisterApplicationRevisionResult registerApplicationRevision(RegisterApplicationRevisionRequest request) {request = beforeClientExecution(request);return executeRegisterApplicationRevision(request);}","public SendTestEventNotificationResult sendTestEventNotification(SendTestEventNotificationRequest request) {request = beforeClientExecution(request);return executeSendTestEventNotification(request);}"
"571","public void setRefLogIdent(PersonIdent pi) {refLogIdent = pi;}
public GetDomainDeliverabilityCampaignResult getDomainDeliverabilityCampaign(GetDomainDeliverabilityCampaignRequest request) {request = beforeClientExecution(request);return executeGetDomainDeliverabilityCampaign(request);}
public String toFormulaString() {StringBuilder b = new StringBuilder();b.append(""{"");for (int y = 0; y < _nRows; y++) {if (y > 0) {b.append("";"");}for (int x = 0; x < _nColumns; x++) {if (x > 0) {b.append("","");}Object o = _arrayValues[getValueIndex(x, y)];b.append(getConstantText(o));}}b.append(""}"");return b.toString();}
public ShingleFilterFactory(Map<String, String> args) {super(args);maxShingleSize = getInt(args, ""maxShingleSize"", ShingleFilter.DEFAULT_MAX_SHINGLE_SIZE);if (maxShingleSize < 2) {throw new IllegalArgumentException(""Invalid maxShingleSize ("" + maxShingleSize + "") - must be at least 2"");}minShingleSize = getInt(args, ""minShingleSize"", ShingleFilter.DEFAULT_MIN_SHINGLE_SIZE);if (minShingleSize < 2) {throw new IllegalArgumentException(""Invalid minShingleSize ("" + minShingleSize + "") - must be at least 2"");}if (minShingleSize > maxShingleSize) {throw new IllegalArgumentException(""Invalid minShingleSize ("" + minShingleSize + "") - must be no greater than maxShingleSize ("" + maxShingleSize + "")"");}outputUnigrams = getBoolean(args, ""outputUnigrams"", true);outputUnigramsIfNoShingles = getBoolean(args, ""outputUnigramsIfNoShingles"", false);tokenSeparator = get(args, ""tokenSeparator"", ShingleFilter.DEFAULT_TOKEN_SEPARATOR);fillerToken = get(args, ""fillerToken"", ShingleFilter.DEFAULT_FILLER_TOKEN);if (!args.isEmpty()) {throw new IllegalArgumentException(""Unknown parameters: "" + args);}}","public UpdateRelationalDatabaseParametersResult updateRelationalDatabaseParameters(UpdateRelationalDatabaseParametersRequest request) {request = beforeClientExecution(request);return executeUpdateRelationalDatabaseParameters(request);}"
"576","public static Collection<ParseTree> findAllRuleNodes(ParseTree t, int ruleIndex) {return findAllNodes(t, ruleIndex, false);}
public int getObjectCount() {return entryCount;}
public ActionTransition(ATNState target, int ruleIndex, int actionIndex, boolean isCtxDependent) {super(target);this.ruleIndex = ruleIndex;this.actionIndex = actionIndex;this.isCtxDependent = isCtxDependent;}
public long get(int index) {final int blockOffset = index / valuesPerBlock;final long skip = ((long) blockOffset) << 3;try {in.seek(startPointer + skip);long block = in.readLong();final int offsetInBlock = index % valuesPerBlock;return (block >>> (offsetInBlock * bitsPerValue)) & mask;} catch (IOException e) {throw new IllegalStateException(""failed"", e);}}","public String getSignerType() {return ""BEARERTOKEN"";}"
"581","public PipedOutputStream(PipedInputStream target) throws IOException {connect(target);}
public DeleteLedgerResult deleteLedger(DeleteLedgerRequest request) {request = beforeClientExecution(request);return executeDeleteLedger(request);}
public GetCognitoEventsResult getCognitoEvents(GetCognitoEventsRequest request) {request = beforeClientExecution(request);return executeGetCognitoEvents(request);}
public NameXPtg getNameXPtg(String name, SheetIdentifier sheet) {int sheetRefIndex = getSheetExtIx(sheet);return _iBook.getNameXPtg(name, sheetRefIndex, _uBook.getUDFFinder());}","public ListResolverEndpointsResult listResolverEndpoints(ListResolverEndpointsRequest request) {request = beforeClientExecution(request);return executeListResolverEndpoints(request);}"
"586","public String readLine() {try {return reader.readLine();} catch (IOException e) {throw new IOError(e);}}
public int hash2(char carray[]) {int hash = 5381;for (int i = 0; i < carray.length; i++) {char d = carray[i];hash = ((hash << 5) + hash) + d & 0x00FF;hash = ((hash << 5) + hash) + d >> 8;}return hash;}
public static long toBookSheetColumn(int bookIndex, int sheetIndex, int columnIndex) {return ((bookIndex   & 0xFFFFL) << 48)  +((sheetIndex  & 0xFFFFL) << 32) +((columnIndex & 0xFFFFL) << 0);}
public CreateConfigurationProfileResult createConfigurationProfile(CreateConfigurationProfileRequest request) {request = beforeClientExecution(request);return executeCreateConfigurationProfile(request);}","public ReplicationGroup startMigration(StartMigrationRequest request) {request = beforeClientExecution(request);return executeStartMigration(request);}"
"591","public OffsetLimitTokenFilter(TokenStream input, int offsetLimit) {super(input);this.offsetLimit = offsetLimit;}
public final void write(byte[] b, int off, int len)throws IOException {while (0 < len) {final int n = Math.min(len, BYTES_TO_WRITE_BEFORE_CANCEL_CHECK);count += n;if (checkCancelAt <= count) {if (writeMonitor.isCancelled()) {throw new IOException(JGitText.get().packingCancelledDuringObjectsWriting);}checkCancelAt = count + BYTES_TO_WRITE_BEFORE_CANCEL_CHECK;}out.write(b, off, n);md.update(b, off, n);off += n;len -= n;}}
public Cell merge(Cell m, Cell e) {Cell n = new Cell();if (m.skip != e.skip) {return null;}if (m.cmd >= 0) {if (e.cmd >= 0) {if (m.cmd == e.cmd) {n.cmd = m.cmd;} else {return null;}} else {n.cmd = m.cmd;}} else {n.cmd = e.cmd;}if (m.ref >= 0) {if (e.ref >= 0) {if (m.ref == e.ref) {if (m.skip == e.skip) {n.ref = m.ref;} else {return null;}} else {return null;}} else {n.ref = m.ref;}} else {n.ref = e.ref;}n.cnt = m.cnt + e.cnt;n.skip = m.skip;return n;}
public GetCampaignActivitiesResult getCampaignActivities(GetCampaignActivitiesRequest request) {request = beforeClientExecution(request);return executeGetCampaignActivities(request);}","public long estimateBytesUsed() {return bytesUsed;}"
"596","public FunctionNameEval(String functionName) {_functionName = functionName;}
public final float averageBytesPerChar() {return averageBytesPerChar;}
public CreateCacheSecurityGroupRequest(String cacheSecurityGroupName, String description) {setCacheSecurityGroupName(cacheSecurityGroupName);setDescription(description);}
public void removeAt(int index) {System.arraycopy(mKeys, index + 1, mKeys, index, mSize - (index + 1));System.arraycopy(mValues, index + 1, mValues, index, mSize - (index + 1));mSize--;}","public DescribeIndexFieldsResult describeIndexFields(DescribeIndexFieldsRequest request) {request = beforeClientExecution(request);return executeDescribeIndexFields(request);}"
"601","public void remove(int key) {delete(key);}
public ShortBuffer duplicate() {ByteBuffer bb = byteBuffer.duplicate().order(byteBuffer.order());ShortToByteBufferAdapter buf = new ShortToByteBufferAdapter(bb);buf.limit = limit;buf.position = position;buf.mark = mark;return buf;}
public void addDbcell(int cell){if (field_5_dbcells == null){field_5_dbcells = new IntList();}field_5_dbcells.add(cell);}
public DeleteSubnetResult deleteSubnet(DeleteSubnetRequest request) {request = beforeClientExecution(request);return executeDeleteSubnet(request);}","public List<HSSFPictureData> getAllPictures(){List<HSSFPictureData> pictures = new ArrayList<>();for (org.apache.poi.hssf.record.Record r : workbook.getRecords()) {if (r instanceof AbstractEscherHolderRecord) {((AbstractEscherHolderRecord) r).decode();List<EscherRecord> escherRecords = ((AbstractEscherHolderRecord) r).getEscherRecords();searchForPictures(escherRecords, pictures);}}return Collections.unmodifiableList(pictures);}"
"606","public DescribeWorkspacesConnectionStatusResult describeWorkspacesConnectionStatus(DescribeWorkspacesConnectionStatusRequest request) {request = beforeClientExecution(request);return executeDescribeWorkspacesConnectionStatus(request);}
public String toString() {return ""MultiDocsAndPositionsEnum("" + Arrays.toString(getSubs()) + "")"";}
public InvokeServiceAsyncRequest() {super(""industry-brain"", ""2018-07-12"", ""InvokeServiceAsync"");setMethod(MethodType.POST);}
public AuthorizeSecurityGroupIngressRequest(String groupName, java.util.List<IpPermission> ipPermissions) {setGroupName(groupName);setIpPermissions(ipPermissions);}","public static byte[] readData(InputStream stream, String section ) throws IOException {try {StringBuilder sectionText = new StringBuilder();boolean inSection = false;int c = stream.read();while ( c != -1 ) {switch ( c ) {case '[':inSection = true;break;case '\n':case '\r':inSection = false;sectionText = new StringBuilder();break;case ']':inSection = false;if ( sectionText.toString().equals( section ) ) return readData( stream, '[' );sectionText = new StringBuilder();break;default:if ( inSection ) sectionText.append( (char) c );}c = stream.read();}} finally {stream.close();}throw new IOException( ""Section '"" + section + ""' not found"" );}"
"611","public ValueEval evaluate(int srcRowIndex, int srcColumnIndex, ValueEval numberVE) {int number;try {number = OperandResolver.coerceValueToInt(numberVE);} catch (EvaluationException e) {return ErrorEval.VALUE_INVALID;}if (number < 0) {return ErrorEval.NUM_ERROR;}return new NumberEval(factorial(number).longValue());}
public final LexerActionExecutor getLexerActionExecutor() {return lexerActionExecutor;}
public EnableUserResult enableUser(EnableUserRequest request) {request = beforeClientExecution(request);return executeEnableUser(request);}
public void fillSlice(BytesRef b, long start, int length) {assert length >= 0: ""length="" + length;assert length <= blockSize+1: ""length="" + length;b.length = length;if (length == 0) {return;}final int index = (int) (start >> blockBits);final int offset = (int) (start & blockMask);if (blockSize - offset >= length) {b.bytes = blocks[index];b.offset = offset;} else {b.bytes = new byte[length];b.offset = 0;System.arraycopy(blocks[index], offset, b.bytes, 0, blockSize-offset);System.arraycopy(blocks[1+index], 0, b.bytes, blockSize-offset, length-(blockSize-offset));}}","public DescribeJournalS3ExportResult describeJournalS3Export(DescribeJournalS3ExportRequest request) {request = beforeClientExecution(request);return executeDescribeJournalS3Export(request);}"
"616","public void setCoordinates(int x1, int y1, int x2, int y2) {_spgrRecord.setRectY1(y1);_spgrRecord.setRectY2(y2);_spgrRecord.setRectX1(x1);_spgrRecord.setRectX2(x2);}
public DescribeTagsResult describeTags(DescribeTagsRequest request) {request = beforeClientExecution(request);return executeDescribeTags(request);}
public int doLogic() {return 1;}
public DeleteCustomerGatewayResult deleteCustomerGateway(DeleteCustomerGatewayRequest request) {request = beforeClientExecution(request);return executeDeleteCustomerGateway(request);}","public static Map newContext(IndexSearcher searcher) {Map context = new IdentityHashMap();context.put(""searcher"", searcher);return context;}"
"621","public NameRecord getSpecificBuiltinRecord(byte builtInCode, int sheetNumber) {Iterator<NameRecord> iterator = _definedNames.iterator();while (iterator.hasNext()) {NameRecord record = iterator.next();if (record.getBuiltInName() == builtInCode && record.getSheetNumber() == sheetNumber) {return record;}}return null;}
public final double readDouble() throws IOException {return Double.longBitsToDouble(readLong());}
public void write(byte[] buffer, int offset, int count) throws IOException {super.write(buffer, offset, count);}
public TokenStream create(TokenStream input) {return new PersianNormalizationFilter(input);}","public SpanishLightStemFilterFactory(Map<String,String> args) {super(args);if (!args.isEmpty()) {throw new IllegalArgumentException(""Unknown parameters: "" + args);}}"
"626","public SmallDocSet(int size) {intSet = new SentinelIntSet(size, -1);}
public RawCharSequence(byte[] buf, int start, int end) {buffer = buf;startPtr = start;endPtr = end;}
public GetCustomVerificationEmailTemplateResult getCustomVerificationEmailTemplate(GetCustomVerificationEmailTemplateRequest request) {request = beforeClientExecution(request);return executeGetCustomVerificationEmailTemplate(request);}
public SendMessageBatchRequest(String queueUrl, java.util.List<SendMessageBatchRequestEntry> entries) {setQueueUrl(queueUrl);setEntries(entries);}","public void writeInt(int v) {writeContinueIfRequired(4);_ulrOutput.writeInt(v);}"
"631","public DescribeDataSourcesResult describeDataSources(DescribeDataSourcesRequest request) {request = beforeClientExecution(request);return executeDescribeDataSources(request);}
public ListRoomsResult listRooms(ListRoomsRequest request) {request = beforeClientExecution(request);return executeListRooms(request);}
public char getConversion() {return c;}
public boolean equals(Object _other) {FieldAndTerm other = (FieldAndTerm) _other;return other.field.equals(field) && term.bytesEquals(other.term);}","public CreateConfigurationSetEventDestinationResult createConfigurationSetEventDestination(CreateConfigurationSetEventDestinationRequest request) {request = beforeClientExecution(request);return executeCreateConfigurationSetEventDestination(request);}"
"636","public Ole10Native(String label, String filename, String command, byte[] data) {setLabel(label);setFileName(filename);setCommand(command);setDataBuffer(data);mode = EncodingMode.parsed;}
public String toString() {StringBuilder sb = new StringBuilder();if (fetchResult != null)sb.append(fetchResult.toString());elsesb.append(""No fetch result"");sb.append(""\n"");if (mergeResult != null)sb.append(mergeResult.toString());else if (rebaseResult != null)sb.append(rebaseResult.toString());elsesb.append(""No update result"");return sb.toString();}
public static Cell createCell(Row row, int column, String value) {return createCell(row, column, value, null);}
public TokenStream create(TokenStream input) {return new HindiNormalizationFilter(input);}","public DescribeAddressesResult describeAddresses() {return describeAddresses(new DescribeAddressesRequest());}"
"641","public SimpleQQParser(String qqName, String indexField) {this(new String[] { qqName }, indexField);}
public void dispatch(RefsChangedListener listener) {listener.onRefsChanged(this);}
public SnowballFilter(TokenStream in, String name) {super(in);try {Class<? extends SnowballStemmer> stemClass =Class.forName(""org.tartarus.snowball.ext."" + name + ""Stemmer"").asSubclass(SnowballStemmer.class);stemmer = stemClass.getConstructor().newInstance();} catch (Exception e) {}}
public UpgradeAppliedSchemaResult upgradeAppliedSchema(UpgradeAppliedSchemaRequest request) {request = beforeClientExecution(request);return executeUpgradeAppliedSchema(request);}","public String getParent() {int length = path.length(), firstInPath = 0;if (separatorChar == '\\' && length > 2 && path.charAt(1) == ':') {firstInPath = 2;}int index = path.lastIndexOf(separatorChar);if (index == -1 && firstInPath > 0) {index = 2;}if (index == -1 || path.charAt(length - 1) == separatorChar) {return null;}if (path.indexOf(separatorChar) == index&& path.charAt(firstInPath) == separatorChar) {return path.substring(0, index + 1);}return path.substring(0, index);}"
"646","public BufferedChecksumIndexInput(IndexInput main) {super(""BufferedChecksumIndexInput("" + main + "")"");this.main = main;this.digest = new BufferedChecksum(new CRC32());}
public final void remove(RevFlagSet set) {flags &= ~set.mask;}
public boolean equals(Object obj) {if (this == obj)return true;if (obj == null)return false;if (getClass() != obj.getClass())return false;return true;}
public GetFaceSearchResult getFaceSearch(GetFaceSearchRequest request) {request = beforeClientExecution(request);return executeGetFaceSearch(request);}","public DescribeUserStackAssociationsResult describeUserStackAssociations(DescribeUserStackAssociationsRequest request) {request = beforeClientExecution(request);return executeDescribeUserStackAssociations(request);}"
"651","public void close() throws IOException {in.close();in = new ClosedInputStream();}
public CreateBranchCommand branchCreate() {return new CreateBranchCommand(repo);}
public void serialize(LittleEndianOutput out) {out.writeShort(rt);out.writeShort(grbitFrt);out.writeShort(wOffset);out.writeShort(at);out.writeShort(grbit);if(unused != null)out.writeShort(unused);}
public StringBuilder insert(int offset, Object obj) {insert0(offset, obj == null ? ""null"" : obj.toString());return this;}","public int next() {int res = child;if (child != TaxonomyReader.INVALID_ORDINAL) {child = siblings[child];}return res;}"
"656","public DeleteStackResult deleteStack(DeleteStackRequest request) {request = beforeClientExecution(request);return executeDeleteStack(request);}
public NorwegianMinimalStemFilterFactory(Map<String,String> args) {super(args);String variant = get(args, ""variant"");if (variant == null || ""nb"".equals(variant)) {flags = BOKMAAL;} else if (""nn"".equals(variant)) {flags = NYNORSK;} else if (""no"".equals(variant)) {flags = BOKMAAL | NYNORSK;} else {throw new IllegalArgumentException(""invalid variant: "" + variant);}if (!args.isEmpty()) {throw new IllegalArgumentException(""Unknown parameters: "" + args);}}
public String toString() {return ""Z("" + z + "")"";}
public static org.apache.poi.hssf.record.Record create(RecordInputStream in) {switch (in.remaining()) {case 0:return instance;case 2:return new InterfaceHdrRecord(in);}throw new RecordFormatException(""Invalid record data size: "" + in.remaining());}","public int getCellsPnt() {int size = 0;for (Row row : rows)size += row.getCellsPnt();return size;}"
"661","public boolean equals(Object obj) {if (obj == this) {return true;}else if (!(obj instanceof LexerActionExecutor)) {return false;}LexerActionExecutor other = (LexerActionExecutor)obj;return hashCode == other.hashCode&& Arrays.equals(lexerActions, other.lexerActions);}
public static final Analyzer createAnalyzer(String className) throws Exception{final Class<? extends Analyzer> clazz = Class.forName(className).asSubclass(Analyzer.class);try {Constructor<? extends Analyzer> cnstr = clazz.getConstructor(Version.class);return cnstr.newInstance(Version.LATEST);} catch (NoSuchMethodException nsme) {return clazz.getConstructor().newInstance();}}
public GetSegmentVersionsResult getSegmentVersions(GetSegmentVersionsRequest request) {request = beforeClientExecution(request);return executeGetSegmentVersions(request);}
public int getDeltaBaseCacheLimit() {return deltaBaseCacheLimit;}","public GroupMerger(Sort groupSort) {groupComp = new GroupComparator<>(groupSort);queue = new TreeSet<>(groupComp);groupsSeen = new HashMap<>();}"
"666","public long get(int index) {final int o = index >>> 4;final int b = index & 15;final int shift = b << 2;return (blocks[o] >>> shift) & 15L;}
public FileIdCluster( int drawingGroupId, int numShapeIdsUsed ) {this.field_1_drawingGroupId = drawingGroupId;this.field_2_numShapeIdsUsed = numShapeIdsUsed;}
public CharArrayIterator clone() {CharArrayIterator clone = new CharArrayIterator();clone.setText(array, start, length);clone.index = index;return clone;}
public DescribeReservedNodesResult describeReservedNodes(DescribeReservedNodesRequest request) {request = beforeClientExecution(request);return executeDescribeReservedNodes(request);}","public ObjectWalk(Repository repo, int depth) {super(repo);this.depth = depth;this.deepenNots = Collections.emptyList();this.UNSHALLOW = newFlag(""UNSHALLOW""); this.REINTERESTING = newFlag(""REINTERESTING""); this.DEEPEN_NOT = newFlag(""DEEPEN_NOT""); }"
"671","public boolean isRefLogDisabled() {return refLogMessage == null;}
public SetLoadBalancerListenerSSLCertificateResult setLoadBalancerListenerSSLCertificate(SetLoadBalancerListenerSSLCertificateRequest request) {request = beforeClientExecution(request);return executeSetLoadBalancerListenerSSLCertificate(request);}
public DescribeRulesPackagesResult describeRulesPackages(DescribeRulesPackagesRequest request) {request = beforeClientExecution(request);return executeDescribeRulesPackages(request);}
public byte readByte() throws IOException {return primitiveTypes.readByte();}","public String getConversion() {return s;}"
"676","public StandardSyntaxParserTokenManager(CharStream stream, int lexState){this(stream);SwitchTo(lexState);}
public TokenStream create(TokenStream input) {return new TurkishLowerCaseFilter(input);}
public String toString() {return ""B"";}
public ValueEval evaluate(int srcRowIndex, int srcColumnIndex, ValueEval arg0) {return evaluate(srcRowIndex, srcColumnIndex, arg0, DEFAULT_ARG1);}","public void doubleField(FieldInfo fieldInfo, double value) {doc.add(new StoredField(fieldInfo.name, value));}"
"681","public GetDistributionConfigRequest(String id) {setId(id);}
public DescribeCacheSecurityGroupsResult describeCacheSecurityGroups() {return describeCacheSecurityGroups(new DescribeCacheSecurityGroupsRequest());}
public ValueEval evaluate(int srcRowIndex, int srcColumnIndex, ValueEval arg0) {double d;try {ValueEval ve = OperandResolver.getSingleValue(arg0, srcRowIndex, srcColumnIndex);d = OperandResolver.coerceValueToDouble(ve);} catch (EvaluationException e) {return e.getErrorEval();}if (d == 0.0) { return NumberEval.ZERO;}return new NumberEval(d / 100);}
public boolean containsCell(int rowIndex, int columnIndex) {if (columnIndex < _firstColumnIndex) {return false;}if (columnIndex > _lastColumnIndex) {return false;}if (rowIndex < _firstRowIndex) {return false;}if (rowIndex > _lastRowIndex) {return false;}return true;}","public GetSegmentVersionResult getSegmentVersion(GetSegmentVersionRequest request) {request = beforeClientExecution(request);return executeGetSegmentVersion(request);}"
"686","public final FloatBuffer put(float[] src, int srcOffset, int byteCount) {throw new ReadOnlyBufferException();}
public final IntBuffer put(int[] src) {return put(src, 0, src.length);}
public SearchFaceRequest() {super(""LinkFace"", ""2018-07-20"", ""SearchFace"");setProtocol(ProtocolType.HTTPS);setMethod(MethodType.POST);}
public TagStreamResult tagStream(TagStreamRequest request) {request = beforeClientExecution(request);return executeTagStream(request);}","public String getAccessKeyId() {return this.accessKeyId;}"
"691","public ET previous() {if (expectedModCount == list.modCount) {if (link != list.voidLink) {lastLink = link;link = link.previous;pos--;return lastLink.data;}throw new NoSuchElementException();}throw new ConcurrentModificationException();}
public CreateLBCookieStickinessPolicyResult createLBCookieStickinessPolicy(CreateLBCookieStickinessPolicyRequest request) {request = beforeClientExecution(request);return executeCreateLBCookieStickinessPolicy(request);}
public CreateDataSourceFromRDSResult createDataSourceFromRDS(CreateDataSourceFromRDSRequest request) {request = beforeClientExecution(request);return executeCreateDataSourceFromRDS(request);}
public CreateReceiptFilterResult createReceiptFilter(CreateReceiptFilterRequest request) {request = beforeClientExecution(request);return executeCreateReceiptFilter(request);}","public final byte get(int index) {checkIndex(index);return backingArray[offset + index];}"
"696","public CherryPickCommand include(AnyObjectId commit) {return include(commit.getName(), commit);}
public ATNDeserializationOptions() {this.verifyATN = true;this.generateRuleBypassTransitions = false;}
public ListIdentityPoliciesResult listIdentityPolicies(ListIdentityPoliciesRequest request) {request = beforeClientExecution(request);return executeListIdentityPolicies(request);}
public static boolean isValidCode(int errorCode) {for (FormulaError error : values()) {if (error.getCode() == errorCode) return true;if (error.getLongCode() == errorCode) return true;}return false;}","public RKRecord(RecordInputStream in) {super(in);field_4_rk_number = in.readInt();}"
"701","public void copyTo(ByteBuffer b) {b.put(toHexByteArray());}
public String toString(){StringBuilder buffer = new StringBuilder();buffer.append(""[DAT]\n"");buffer.append(""    .options              = "").append(""0x"").append(HexDump.toHex(  getOptions ())).append("" ("").append( getOptions() ).append("" )"");buffer.append(System.getProperty(""line.separator""));buffer.append(""         .horizontalBorder         = "").append(isHorizontalBorder()).append('\n');buffer.append(""         .verticalBorder           = "").append(isVerticalBorder()).append('\n');buffer.append(""         .border                   = "").append(isBorder()).append('\n');buffer.append(""         .showSeriesKey            = "").append(isShowSeriesKey()).append('\n');buffer.append(""[/DAT]\n"");return buffer.toString();}
public UpdateDashboardResult updateDashboard(UpdateDashboardRequest request) {request = beforeClientExecution(request);return executeUpdateDashboard(request);}
public RegisterTagRequest() {super(""CloudPhoto"", ""2017-07-11"", ""RegisterTag"", ""cloudphoto"");setProtocol(ProtocolType.HTTPS);}","public DiffCommand setPathFilter(TreeFilter pathFilter) {this.pathFilter = pathFilter;return this;}"
"706","public boolean markSupported() {return true;}
public String toString() {StringBuilder sb = new StringBuilder(getClass().getSimpleName() + "": "");sb.append(""maxThreadCount="").append(maxThreadCount).append("", "");sb.append(""maxMergeCount="").append(maxMergeCount).append("", "");sb.append(""ioThrottle="").append(doAutoIOThrottle);return sb.toString();}
public synchronized void println(String str) {print(str);newline();}
public UpdateApiResult updateApi(UpdateApiRequest request) {request = beforeClientExecution(request);return executeUpdateApi(request);}","public FlushStageAuthorizersCacheResult flushStageAuthorizersCache(FlushStageAuthorizersCacheRequest request) {request = beforeClientExecution(request);return executeFlushStageAuthorizersCache(request);}"
"711","public BasicQueryFactory(int maxBasicQueries) {this.maxBasicQueries = maxBasicQueries;this.queriesMade = 0;}
public TrackingRefUpdate getTrackingRefUpdate(String localName) {return updates.get(localName);}
public String toString() {StringBuilder buffer = new StringBuilder();buffer.append(""[CATLAB]\n"");buffer.append(""    .rt      ="").append(HexDump.shortToHex(rt)).append('\n');buffer.append(""    .grbitFrt="").append(HexDump.shortToHex(grbitFrt)).append('\n');buffer.append(""    .wOffset ="").append(HexDump.shortToHex(wOffset)).append('\n');buffer.append(""    .at      ="").append(HexDump.shortToHex(at)).append('\n');buffer.append(""    .grbit   ="").append(HexDump.shortToHex(grbit)).append('\n');if(unused != null)buffer.append(""    .unused  ="").append(HexDump.shortToHex(unused)).append('\n');buffer.append(""[/CATLAB]\n"");return buffer.toString();}
public EnableDirectoryResult enableDirectory(EnableDirectoryRequest request) {request = beforeClientExecution(request);return executeEnableDirectory(request);}","public IntBuffer put(int[] src, int srcOffset, int intCount) {if (intCount > remaining()) {throw new BufferOverflowException();}System.arraycopy(src, srcOffset, backingArray, offset + position, intCount);position += intCount;return this;}"
"716","public String toString() {StringBuilder buffer = new StringBuilder();buffer.append(""[PROT4REVPASSWORD]\n"");buffer.append(""    .password = "").append(HexDump.shortToHex(field_1_password)).append(""\n"");buffer.append(""[/PROT4REVPASSWORD]\n"");return buffer.toString();}
public DescribeProjectVersionsResult describeProjectVersions(DescribeProjectVersionsRequest request) {request = beforeClientExecution(request);return executeDescribeProjectVersions(request);}
public UpdateHostedZoneCommentResult updateHostedZoneComment(UpdateHostedZoneCommentRequest request) {request = beforeClientExecution(request);return executeUpdateHostedZoneComment(request);}
public Rescorer getRescorer(Bindings bindings) {return new ExpressionRescorer(this, bindings);}","public SortedSet<E> headSet(E end) {return headSet(end, false);}"
"721","final public QueryNode DisjQuery(CharSequence field) throws ParseException {QueryNode first, c;Vector<QueryNode> clauses = null;first = ConjQuery(field);label_2:while (true) {switch ((jj_ntk==-1)?jj_ntk():jj_ntk) {case OR:;break;default:jj_la1[3] = jj_gen;break label_2;}jj_consume_token(OR);c = ConjQuery(field);if (clauses == null) {clauses = new Vector<QueryNode>();clauses.addElement(first);}clauses.addElement(c);}if (clauses != null) {{if (true) return new OrQueryNode(clauses);}} else {{if (true) return first;}}throw new Error(""Missing return statement in function"");}
public DataValidationConstraint createExplicitListConstraint(String[] listOfValues) {return DVConstraint.createExplicitListConstraint(listOfValues);}
public ValueEval evaluate(int srcRowIndex, int srcColumnIndex, ValueEval arg0,ValueEval arg1) {String s0;String s1;try {s0 = evaluateStringArg(arg0, srcRowIndex, srcColumnIndex);s1 = evaluateStringArg(arg1, srcRowIndex, srcColumnIndex);} catch (EvaluationException e) {return e.getErrorEval();}return BoolEval.valueOf(s0.equals(s1));}
public boolean offer(E o) {return addLastImpl(o);}","public ListInvalidationsRequest(String distributionId) {setDistributionId(distributionId);}"
"726","public TagPhotoRequest() {super(""CloudPhoto"", ""2017-07-11"", ""TagPhoto"", ""cloudphoto"");setProtocol(ProtocolType.HTTPS);}
public CreateFleetResult createFleet(CreateFleetRequest request) {request = beforeClientExecution(request);return executeCreateFleet(request);}
public GetTransitGatewayAttachmentPropagationsResult getTransitGatewayAttachmentPropagations(GetTransitGatewayAttachmentPropagationsRequest request) {request = beforeClientExecution(request);return executeGetTransitGatewayAttachmentPropagations(request);}
public ListWorkteamsResult listWorkteams(ListWorkteamsRequest request) {request = beforeClientExecution(request);return executeListWorkteams(request);}","public DetachVpnGatewayResult detachVpnGateway(DetachVpnGatewayRequest request) {request = beforeClientExecution(request);return executeDetachVpnGateway(request);}"
"731","public ListGeoLocationsResult listGeoLocations() {return listGeoLocations(new ListGeoLocationsRequest());}
public String toString() {return getClass().getName() + "" ["" +getStringValue() +""]"";}
public static double decodeNumber(int number) {long raw_number = number;raw_number = raw_number >> 2;double rvalue = 0;if ((number & 0x02) == 0x02){rvalue = raw_number;}else{rvalue = Double.longBitsToDouble(raw_number << 34);}if ((number & 0x01) == 0x01){rvalue /= 100;}return rvalue;}
public long get(long index) {assert index >= 0 && index < valueCount;final int block = (int) (index >>> blockShift);final int idx = (int) (index & blockMask);return (minValues == null ? 0 : minValues[block]) + subReaders[block].get(idx);}","public UpdatePublishingDestinationResult updatePublishingDestination(UpdatePublishingDestinationRequest request) {request = beforeClientExecution(request);return executeUpdatePublishingDestination(request);}"
"736","public void notifyDeleteCell(EvaluationCell cell) {int sheetIndex = getSheetIndex(cell.getSheet());_cache.notifyDeleteCell(_workbookIx, sheetIndex, cell);}
public Request<GetPolicyRequest> marshall(GetPolicyRequest getPolicyRequest) {if (getPolicyRequest == null) {throw new SdkClientException(""Invalid argument passed to marshall(...)"");}Request<GetPolicyRequest> request = new DefaultRequest<GetPolicyRequest>(getPolicyRequest, ""AmazonIdentityManagement"");request.addParameter(""Action"", ""GetPolicy"");request.addParameter(""Version"", ""2010-05-08"");request.setHttpMethod(HttpMethodName.POST);if (getPolicyRequest.getPolicyArn() != null) {request.addParameter(""PolicyArn"", StringUtils.fromString(getPolicyRequest.getPolicyArn()));}return request;}
public ValueEval evaluate(int srcRowIndex, int srcColumnIndex, ValueEval real_num, ValueEval i_num) {return this.evaluate(srcRowIndex, srcColumnIndex, real_num, i_num, new StringEval(DEFAULT_SUFFIX));}
public int fillFields(byte[] data, int offset, EscherRecordFactory recordFactory) { readHeader( data, offset );int pos            = offset + 8;int size           = 0;field_1_numShapes   =  LittleEndian.getInt( data, pos + size );     size += 4;field_2_lastMSOSPID =  LittleEndian.getInt( data, pos + size );     size += 4;return getRecordSize();}","public final CharsetEncoder reset() {status = INIT;implReset();return this;}"
"741","public void emit(Token token) {this._token = token;}
public AbstractTreeIterator createSubtreeIterator(ObjectReader reader)throws IncorrectObjectTypeException, IOException {if (currentSubtree == null)throw new IncorrectObjectTypeException(getEntryObjectId(),Constants.TYPE_TREE);return new DirCacheBuildIterator(this, currentSubtree);}
public GreekLowerCaseFilterFactory(Map<String,String> args) {super(args);if (!args.isEmpty()) {throw new IllegalArgumentException(""Unknown parameters: "" + args);}}
public URI relativize(URI relative) {if (relative.opaque || opaque) {return relative;}if (scheme == null ? relative.scheme != null : !scheme.equals(relative.scheme)) {return relative;}if (authority == null ? relative.authority != null : !authority.equals(relative.authority)) {return relative;}String thisPath = normalize(path, false);String relativePath = normalize(relative.path, false);if (!thisPath.equals(relativePath)) {thisPath = thisPath.substring(0, thisPath.lastIndexOf('/') + 1);if (!relativePath.startsWith(thisPath)) {return relative;}}URI result = new URI();result.fragment = relative.fragment;result.query = relative.query;result.path = relativePath.substring(thisPath.length());result.setSchemeSpecificPart();return result;}","public Reader freeze(boolean trim) {if (frozen) {throw new IllegalStateException(""already frozen"");}if (didSkipBytes) {throw new IllegalStateException(""cannot freeze when copy(BytesRef, BytesRef) was used"");}if (trim && upto < blockSize) {final byte[] newBlock = new byte[upto];System.arraycopy(currentBlock, 0, newBlock, 0, upto);currentBlock = newBlock;}if (currentBlock == null) {currentBlock = EMPTY_BYTES;}addBlock(currentBlock);frozen = true;currentBlock = null;return new PagedBytes.Reader(this);}"
"746","public ValueEval evaluate(ValueEval[] args, OperationEvaluationContext ec) {if (args.length == 2) {return evaluate(ec.getRowIndex(), ec.getColumnIndex(), args[0], args[1]);}if (args.length == 3) {return evaluate(ec.getRowIndex(), ec.getColumnIndex(), args[0], args[1], args[2]);}return ErrorEval.VALUE_INVALID;}
public Cluster createCluster(CreateClusterRequest request) {request = beforeClientExecution(request);return executeCreateCluster(request);}
public PersistentSnapshotDeletionPolicy(IndexDeletionPolicy primary,Directory dir, OpenMode mode) throws IOException {super(primary);this.dir = dir;if (mode == OpenMode.CREATE) {clearPriorSnapshots();}loadPriorSnapshots();if (mode == OpenMode.APPEND && nextWriteGen == 0) {throw new IllegalStateException(""no snapshots stored in this directory"");}}
public String getText(RuleContext ctx) {return getText(ctx.getSourceInterval());}","public final float get() {if (position == limit) {throw new BufferUnderflowException();}return backingArray[offset + position++];}"
"751","public DeleteDataSetResult deleteDataSet(DeleteDataSetRequest request) {request = beforeClientExecution(request);return executeDeleteDataSet(request);}
public boolean contains(Object o) {return containsKey(o);}
public boolean matches(char s[], int len) {return super.matches(s, len) && !exceptions.contains(s, 0, len);}
public int getDeltaSearchWindowSize() {return deltaSearchWindowSize;}","public GetDomainNameResult getDomainName(GetDomainNameRequest request) {request = beforeClientExecution(request);return executeGetDomainName(request);}"
"756","public DeleteAccessLogSettingsResult deleteAccessLogSettings(DeleteAccessLogSettingsRequest request) {request = beforeClientExecution(request);return executeDeleteAccessLogSettings(request);}
public QueryValueSource(Query q, float defVal) {this.q = q;this.defVal = defVal;}
@Override public Object[] toArray() {return snapshot().toArray();}
public String toLexerString() {if ( s0==null ) return """";DFASerializer serializer = new LexerDFASerializer(this);return serializer.toString();}","public void clear() {fill(0, size(), 0);}"
"761","public GetStreamingDistributionConfigResult getStreamingDistributionConfig(GetStreamingDistributionConfigRequest request) {request = beforeClientExecution(request);return executeGetStreamingDistributionConfig(request);}
public UpdateDomainContactResult updateDomainContact(UpdateDomainContactRequest request) {request = beforeClientExecution(request);return executeUpdateDomainContact(request);}
public ListIterator<E> listIterator(int location) {return new LinkIterator<E>(this, location);}
public String toString() {StringBuilder buffer = new StringBuilder();buffer.append(""[STARTBLOCK]\n"");buffer.append(""    .rt              ="").append(HexDump.shortToHex(rt)).append('\n');buffer.append(""    .grbitFrt        ="").append(HexDump.shortToHex(grbitFrt)).append('\n');buffer.append(""    .iObjectKind     ="").append(HexDump.shortToHex(iObjectKind)).append('\n');buffer.append(""    .iObjectContext  ="").append(HexDump.shortToHex(iObjectContext)).append('\n');buffer.append(""    .iObjectInstance1="").append(HexDump.shortToHex(iObjectInstance1)).append('\n');buffer.append(""    .iObjectInstance2="").append(HexDump.shortToHex(iObjectInstance2)).append('\n');buffer.append(""[/STARTBLOCK]\n"");return buffer.toString();}","public long get(int index) {final int o = index / 7;final int b = index % 7;final int shift = b * 9;return (blocks[o] >>> shift) & 511L;}"
"766","public String toString(String field) {StringBuilder buffer = new StringBuilder();boolean needParens = (getLowFreqMinimumNumberShouldMatch() > 0);if (needParens) {buffer.append(""("");}for (int i = 0; i < terms.size(); i++) {Term t = terms.get(i);buffer.append(newTermQuery(t, null).toString());if (i != terms.size() - 1) buffer.append("", "");}if (needParens) {buffer.append("")"");}if (getLowFreqMinimumNumberShouldMatch() > 0 || getHighFreqMinimumNumberShouldMatch() > 0) {buffer.append('~');buffer.append(""("");buffer.append(getLowFreqMinimumNumberShouldMatch());buffer.append(getHighFreqMinimumNumberShouldMatch());buffer.append("")"");}return buffer.toString();}
public String[] getStopWords(String fieldName) {Set<String> stopWords = stopWordsPerField.get(fieldName);return stopWords != null ? stopWords.toArray(new String[stopWords.size()]) : new String[0];}
public void print(float f) {print(String.valueOf(f));}
public MopenCreateGroupRequest() {super(""MoPen"", ""2018-02-11"", ""MopenCreateGroup"", ""mopen"");setProtocol(ProtocolType.HTTPS);setMethod(MethodType.POST);}","public SmallObject(int type, byte[] data) {this.type = type;this.data = data;}"
"771","public final boolean matches(char c) {return Character.isUpperCase(c);}
public StartNotebookInstanceResult startNotebookInstance(StartNotebookInstanceRequest request) {request = beforeClientExecution(request);return executeStartNotebookInstance(request);}
public static void putUnicodeLE(String input, byte[] output, int offset) {byte[] bytes = input.getBytes(UTF16LE);System.arraycopy(bytes, 0, output, offset, bytes.length);}
public void deleteDocument(int docID) {final int i = readerIndex(docID);getSequentialSubReaders().get(i).deleteDocument(docID - readerBase(i));}","public boolean isRelevant(String docName, QualityQuery query) {QRelJudgement qrj = judgements.get(query.getQueryID());return qrj!=null && qrj.isRelevant(docName);}"
"776","public final int getBeginB() {return beginB;}
public ModifySpotFleetRequestResult modifySpotFleetRequest(ModifySpotFleetRequestRequest request) {request = beforeClientExecution(request);return executeModifySpotFleetRequest(request);}
public UncalcedRecord() {_reserved = 0;}
public static PageOrder valueOf(int value){return _table[value];}","public static CellValue valueOf(boolean booleanValue) {return booleanValue ? TRUE : FALSE;}"
"781","public void write(String str) {buf.append(str);}
public void addListener(HSSFListener lsnr, short sid) {List<HSSFListener> list = _records.computeIfAbsent(Short.valueOf(sid), k -> new ArrayList<>(1));list.add(lsnr);}
public GetMeetingResult getMeeting(GetMeetingRequest request) {request = beforeClientExecution(request);return executeGetMeeting(request);}
public void stopTimer() {stop = true;}","public AttachLoadBalancerTargetGroupsResult attachLoadBalancerTargetGroups(AttachLoadBalancerTargetGroupsRequest request) {request = beforeClientExecution(request);return executeAttachLoadBalancerTargetGroups(request);}"
"786","public GetQueryLoggingConfigResult getQueryLoggingConfig(GetQueryLoggingConfigRequest request) {request = beforeClientExecution(request);return executeGetQueryLoggingConfig(request);}
public ListIterator<E> listIterator() {Object[] snapshot = elements;return new CowIterator<E>(snapshot, 0, snapshot.length);}
public CreateSnapshotResult createSnapshot(CreateSnapshotRequest request) {request = beforeClientExecution(request);return executeCreateSnapshot(request);}
public boolean hasObject(AnyObjectId objectId) {try {return getObjectDatabase().has(objectId);} catch (IOException e) {throw new UncheckedIOException(e);}}","public final void sort(int from, int to) {checkRange(from, to);mergeSort(from, to);}"
"791","public <T extends EscherRecord> T getChildById( short recordId ) {for ( EscherRecord childRecord : this ) {if ( childRecord.getRecordId() == recordId ) {@SuppressWarnings( ""unchecked"" )final T result = (T) childRecord;return result;}}return null;}
public void serialize(LittleEndianOutput out) {out.writeShort(field_1_xBasis);out.writeShort(field_2_yBasis);out.writeShort(field_3_heightBasis);out.writeShort(field_4_scale);out.writeShort(field_5_indexToFontTable);}
public static String toHex(int value) {StringBuilder sb = new StringBuilder(8);writeHex(sb, value & 0xFFFFFFFFL, 8, """");return sb.toString();}
public static Collection<Ref> sort(Collection<Ref> refs) {final List<Ref> r = new ArrayList<>(refs);Collections.sort(r, INSTANCE);return r;}","public DescribeVpcsResult describeVpcs() {return describeVpcs(new DescribeVpcsRequest());}"
"796","public ListProposalsResult listProposals(ListProposalsRequest request) {request = beforeClientExecution(request);return executeListProposals(request);}
public void close() throws IOException {flush();output.close();}
public final T get() {return object;}
public BundleInstanceRequest(String instanceId, Storage storage) {setInstanceId(instanceId);setStorage(storage);}","public void back(int delta) {if (delta == 1 && 0 <= prevPtr) {currPtr = prevPtr;prevPtr = -1;if (!eof())parseEntry();return;} else if (delta <= 0)throw new ArrayIndexOutOfBoundsException(delta);final int[] trace = new int[delta + 1];Arrays.fill(trace, -1);int ptr = 0;while (ptr != currPtr) {System.arraycopy(trace, 1, trace, 0, delta);trace[delta] = ptr;while (raw[ptr] != 0)ptr++;ptr += OBJECT_ID_LENGTH + 1;}if (trace[1] == -1)throw new ArrayIndexOutOfBoundsException(delta);prevPtr = trace[0];currPtr = trace[1];parseEntry();}"
"801","public String toString() {return ""pred_""+ruleIndex+"":""+predIndex;}
public PatternSyntaxException(String description, String pattern, int index) {this.desc = description;this.pattern = pattern;this.index = index;}
public AlphaAnimation(float from, float to) {mStartAlpha = from;mEndAlpha = to;mCurrentAlpha = from;}
public int doLogic() throws Exception {TaxonomyWriter taxonomyWriter = getRunData().getTaxonomyWriter();if (taxonomyWriter != null) {taxonomyWriter.commit();} else {throw new IllegalStateException(""TaxonomyWriter is not currently open"");}return 1;}","public DeltaIndex(byte[] sourceBuffer) {src = sourceBuffer;DeltaIndexScanner scan = new DeltaIndexScanner(src, src.length);table = scan.table;tableMask = scan.tableMask;entries = new long[1 + countEntries(scan)];copyEntries(scan);}"
"806","public int previousIndex() {return pos;}
public QueryMaker getQueryMaker() {return getRunData().getQueryMaker(this);}
public JapaneseTokenizerFactory(Map<String,String> args) {super(args);mode = Mode.valueOf(get(args, MODE, JapaneseTokenizer.DEFAULT_MODE.toString()).toUpperCase(Locale.ROOT));userDictionaryPath = args.remove(USER_DICT_PATH);userDictionaryEncoding = args.remove(USER_DICT_ENCODING);discardPunctuation = getBoolean(args, DISCARD_PUNCTUATION, true);discardCompoundToken = getBoolean(args, DISCARD_COMPOUND_TOKEN, true);nbestCost = getInt(args, NBEST_COST, 0);nbestExamples = args.remove(NBEST_EXAMPLES);if (!args.isEmpty()) {throw new IllegalArgumentException(""Unknown parameters: "" + args);}}
public Long longValue(String key) {String value = responseMap.get(key);if (null == value || 0 == value.length()) {return null;}return Long.valueOf(responseMap.get(key));}","public GetLibraryRequest() {super(""CloudPhoto"", ""2017-07-11"", ""GetLibrary"", ""cloudphoto"");setProtocol(ProtocolType.HTTPS);}"
"811","public short getFontOfFormattingRun(int index) {FormatRun r = _string.getFormatRun(index);return r.getFontIndex();}
public int fillFields(byte[] data, int offset, EscherRecordFactory recordFactory) {int bytesRemaining = readHeader( data, offset );int pos            = offset + 8;int size           = 0;field_1_shapeIdMax     =  LittleEndian.getInt( data, pos + size );size+=4;size+=4;field_3_numShapesSaved =  LittleEndian.getInt( data, pos + size );size+=4;field_4_drawingsSaved  =  LittleEndian.getInt( data, pos + size );size+=4;field_5_fileIdClusters.clear();int numIdClusters = (bytesRemaining-size) / 8;for (int i = 0; i < numIdClusters; i++) {int drawingGroupId = LittleEndian.getInt( data, pos + size );int numShapeIdsUsed = LittleEndian.getInt( data, pos + size + 4 );FileIdCluster fic = new FileIdCluster(drawingGroupId, numShapeIdsUsed);field_5_fileIdClusters.add(fic);maxDgId = Math.max(maxDgId, drawingGroupId);size += 8;}bytesRemaining -= size;if (bytesRemaining != 0) {throw new RecordFormatException(""Expecting no remaining data but got "" + bytesRemaining + "" byte(s)."");}return 8 + size;}
public void encode(int[] values, int valuesOffset, byte[] blocks,int blocksOffset, int iterations) {for (int i = 0; i < iterations; ++i) {final long block = encode(values, valuesOffset);valuesOffset += valueCount;blocksOffset = writeLong(block, blocks, blocksOffset);}}
public GetTerminologyResult getTerminology(GetTerminologyRequest request) {request = beforeClientExecution(request);return executeGetTerminology(request);}","public void serialize(LittleEndianOutput out) {out.writeShort(_character);out.writeShort(_fontIndex);}"
"816","public void serialize(LittleEndianOutput out) {out.writeShort(field_1_options);}
public SearchFacesResult searchFaces(SearchFacesRequest request) {request = beforeClientExecution(request);return executeSearchFaces(request);}
public int getPositionIncrementGap(String fieldName) {return getWrappedAnalyzer(fieldName).getPositionIncrementGap(fieldName);}
public DescribeSchemaResult describeSchema(DescribeSchemaRequest request) {request = beforeClientExecution(request);return executeDescribeSchema(request);}","@Override public int size() {return BoundedMap.this.size();}"
"821","public MutableEntry cloneEntry() {final MutableEntry r = new MutableEntry();ensureId();r.idBuffer.fromObjectId(idBuffer);r.offset = offset;return r;}
public OperateEquipmentRequest() {super(""industry-brain"", ""2018-07-12"", ""OperateEquipment"");setProtocol(ProtocolType.HTTPS);setMethod(MethodType.POST);}
public boolean add(E e) {synchronized (mutex) {return delegate().add(e);}}
public boolean equals( Object o ){if ( this == o ) {return true;}if ( !( o instanceof EscherSimpleProperty ) ) {return false;}final EscherSimpleProperty escherSimpleProperty = (EscherSimpleProperty) o;if ( propertyValue != escherSimpleProperty.propertyValue ) {return false;}if ( getId() != escherSimpleProperty.getId() ) {return false;}return true;}","public final FloatBuffer asFloatBuffer() {return FloatToByteBufferAdapter.asFloatBuffer(this);}"
"826","public void removeThumbnail() {remove1stProperty(PropertyIDMap.PID_THUMBNAIL);}
public static int compareIgnoreCase(String a, String b) {for (int i = 0; i < a.length() && i < b.length(); i++) {int d = toLowerCase(a.charAt(i)) - toLowerCase(b.charAt(i));if (d != 0)return d;}return a.length() - b.length();}
public ViewDefinitionRecord(RecordInputStream in) {rwFirst = in.readUShort();rwLast = in.readUShort();colFirst = in.readUShort();colLast = in.readUShort();rwFirstHead = in.readUShort();rwFirstData = in.readUShort();colFirstData = in.readUShort();iCache = in.readUShort();reserved = in.readUShort();sxaxis4Data = in.readUShort();ipos4Data = in.readUShort();cDim = in.readUShort();cDimRw = in.readUShort();cDimCol = in.readUShort();cDimPg = in.readUShort();cDimData = in.readUShort();cRw = in.readUShort();cCol = in.readUShort();grbit = in.readUShort();itblAutoFmt = in.readUShort();int cchName = in.readUShort();int cchData = in.readUShort();name = StringUtil.readUnicodeString(in, cchName);dataField = StringUtil.readUnicodeString(in, cchData);}
public FormatRecord(RecordInputStream in) {field_1_index_code = in.readShort();int field_3_unicode_len = in.readUShort();field_3_hasMultibyte = (in.readByte() & 0x01) != 0;if (field_3_hasMultibyte) {field_4_formatstring = readStringCommon(in, field_3_unicode_len, false);} else {field_4_formatstring = readStringCommon(in, field_3_unicode_len, true);}}","public DescribeBrokerResult describeBroker(DescribeBrokerRequest request) {request = beforeClientExecution(request);return executeDescribeBroker(request);}"
"831","public void reset() {if ( getInputStream()!=null ) getInputStream().seek(0);_errHandler.reset(this);_ctx = null;_syntaxErrors = 0;matchedEOF = false;setTrace(false);_precedenceStack.clear();_precedenceStack.push(0);ATNSimulator interpreter = getInterpreter();if (interpreter != null) {interpreter.reset();}}
public boolean remove(Object o) {final RevFlag flag = (RevFlag) o;if ((mask & flag.mask) == 0)return false;mask &= ~flag.mask;for (int i = 0; i < active.size(); i++)if (active.get(i).mask == flag.mask)active.remove(i);return true;}
public String format(Passage passages[], String content) {StringBuilder sb = new StringBuilder();int pos = 0;for (Passage passage : passages) {if (passage.getStartOffset() > pos && pos > 0) {sb.append(ellipsis);}pos = passage.getStartOffset();for (int i = 0; i < passage.getNumMatches(); i++) {int start = passage.getMatchStarts()[i];assert start >= pos && start < passage.getEndOffset();append(sb, content, pos, start);int end = passage.getMatchEnds()[i];assert end > start;while (i + 1 < passage.getNumMatches() && passage.getMatchStarts()[i+1] < end) {end = passage.getMatchEnds()[++i];}end = Math.min(end, passage.getEndOffset()); sb.append(preTag);append(sb, content, start, end);sb.append(postTag);pos = end;}append(sb, content, pos, Math.max(pos, passage.getEndOffset()));pos = passage.getEndOffset();}return sb.toString();}
public DrillSidewaysResult(Facets facets, TopDocs hits) {this.facets = facets;this.hits = hits;}","public ListTrafficPolicyInstancesByPolicyResult listTrafficPolicyInstancesByPolicy(ListTrafficPolicyInstancesByPolicyRequest request) {request = beforeClientExecution(request);return executeListTrafficPolicyInstancesByPolicy(request);}"
"836","public ComplexPhraseQuery(String field, String phrasedQueryStringContents,int slopFactor, boolean inOrder) {this.field = Objects.requireNonNull(field);this.phrasedQueryStringContents = Objects.requireNonNull(phrasedQueryStringContents);this.slopFactor = slopFactor;this.inOrder = inOrder;}
public String toString(String field) {StringBuilder buffer = new StringBuilder();if (!term.field().equals(field)) {buffer.append(term.field());buffer.append("":"");}buffer.append(getClass().getSimpleName());buffer.append("" {"");buffer.append('\n');buffer.append(automaton.toString());buffer.append(""}"");return buffer.toString();}
public final String toFormulaString() {return getName();}
public AreaRecord clone() {return copy();}","public long ramBytesUsed() {return TERMS_BASE_RAM_BYTES_USED + (fst!=null ? fst.ramBytesUsed() : 0)+ RamUsageEstimator.sizeOf(scratch.bytes()) + RamUsageEstimator.sizeOf(scratchUTF16.chars());}"
"841","public DeleteConfigurationTemplateRequest(String applicationName, String templateName) {setApplicationName(applicationName);setTemplateName(templateName);}
public List<Token> getTokens(int start, int stop, int ttype) {HashSet<Integer> s = new HashSet<Integer>(ttype);s.add(ttype);return getTokens(start,stop, s);}
public DescribeIamInstanceProfileAssociationsResult describeIamInstanceProfileAssociations(DescribeIamInstanceProfileAssociationsRequest request) {request = beforeClientExecution(request);return executeDescribeIamInstanceProfileAssociations(request);}
public ValueEval evaluate(int srcRowIndex, int srcColumnIndex, ValueEval textArg) {ValueEval veText1;try {veText1 = OperandResolver.getSingleValue(textArg, srcRowIndex, srcColumnIndex);} catch (EvaluationException e) {return e.getErrorEval();}String text = OperandResolver.coerceValueToString(veText1);if (text.length() == 0) {return ErrorEval.VALUE_INVALID;}int code = text.charAt(0);return new StringEval(String.valueOf(code));}","public AttachVpnGatewayResult attachVpnGateway(AttachVpnGatewayRequest request) {request = beforeClientExecution(request);return executeAttachVpnGateway(request);}"
"846","public int compareTo(FloatBuffer otherBuffer) {int compareRemaining = (remaining() < otherBuffer.remaining()) ? remaining(): otherBuffer.remaining();int thisPos = position;int otherPos = otherBuffer.position;float thisFloat, otherFloat;while (compareRemaining > 0) {thisFloat = get(thisPos);otherFloat = otherBuffer.get(otherPos);if ((thisFloat != otherFloat)&& ((thisFloat == thisFloat) || (otherFloat == otherFloat))) {return thisFloat < otherFloat ? -1 : 1;}thisPos++;otherPos++;compareRemaining--;}return remaining() - otherBuffer.remaining();}
public Matcher useTransparentBounds(boolean value) {transparentBounds = value;useTransparentBoundsImpl(address, value);return this;}
public void remove() {if (lastEntryReturned == null)throw new IllegalStateException();if (modCount != expectedModCount)throw new ConcurrentModificationException();Hashtable.this.remove(lastEntryReturned.key);lastEntryReturned = null;expectedModCount = modCount;}
public String toFormulaString() {StringBuilder sb = new StringBuilder(64);if (externalWorkbookNumber >= 0) {sb.append('[');sb.append(externalWorkbookNumber);sb.append(']');}if (sheetName != null) {SheetNameFormatter.appendFormat(sb, sheetName);}sb.append('!');sb.append(FormulaError.REF.getString());return sb.toString();}","public String toString() {return slice.toString()+"":""+ postingsEnum;}"
"851","public CreateVpnConnectionRouteResult createVpnConnectionRoute(CreateVpnConnectionRouteRequest request) {request = beforeClientExecution(request);return executeCreateVpnConnectionRoute(request);}
public boolean hasNext() {return next != null;}
public DeleteDBSecurityGroupRequest(String dBSecurityGroupName) {setDBSecurityGroupName(dBSecurityGroupName);}
public int compare(Property o1, Property o2){String VBA_PROJECT = ""_VBA_PROJECT"";String name1  = o1.getName();String name2  = o2.getName();int  result = name1.length() - name2.length();if (result == 0){if (name1.compareTo(VBA_PROJECT) == 0)result = 1;else if (name2.compareTo(VBA_PROJECT) == 0)result = -1;else{if (name1.startsWith(""__"") && name2.startsWith(""__"")){result = name1.compareToIgnoreCase(name2);}else if (name1.startsWith(""__"")){result = 1;}else if (name2.startsWith(""__"")){result = -1;}elseresult = name1.compareToIgnoreCase(name2);}}return result;}","public DoubleBuffer get(double[] dst, int dstOffset, int doubleCount) {Arrays.checkOffsetAndCount(dst.length, dstOffset, doubleCount);if (doubleCount > remaining()) {throw new BufferUnderflowException();}for (int i = dstOffset; i < dstOffset + doubleCount; ++i) {dst[i] = get();}return this;}"
"856","public CharsRef add(CharsRef prefix, CharsRef output) {assert prefix != null;assert output != null;if (prefix == NO_OUTPUT) {return output;} else if (output == NO_OUTPUT) {return prefix;} else {assert prefix.length > 0;assert output.length > 0;CharsRef result = new CharsRef(prefix.length + output.length);System.arraycopy(prefix.chars, prefix.offset, result.chars, 0, prefix.length);System.arraycopy(output.chars, output.offset, result.chars, prefix.length, output.length);result.length = prefix.length + output.length;return result;}}
public UpdateProfileResult updateProfile(UpdateProfileRequest request) {request = beforeClientExecution(request);return executeUpdateProfile(request);}
public LikeThisQueryBuilder(Analyzer analyzer, String[] defaultFieldNames) {this.analyzer = analyzer;this.defaultFieldNames = defaultFieldNames;}
public StringBuffer insert(int index, long l) {return insert(index, Long.toString(l));}","public Field(String name, BytesRef bytes, IndexableFieldType type) {if (name == null) {throw new IllegalArgumentException(""name must not be null"");}if (bytes == null) {throw new IllegalArgumentException(""bytes must not be null"");}if (type == null) {throw new IllegalArgumentException(""type must not be null"");}this.name = name;this.fieldsData = bytes;this.type = type;}"
"861","public void clear() {mSize = 0;}
public SrndQuery parse2(String query) throws ParseException {ReInit(new FastCharStream(new StringReader(query)));try {return TopSrndQuery();} catch (TokenMgrError tme) {throw new ParseException(tme.getMessage());}}
@Override public int size() {return (int) Math.min(this.size, Integer.MAX_VALUE);}
public DescribeConfigurationResult describeConfiguration(DescribeConfigurationRequest request) {request = beforeClientExecution(request);return executeDescribeConfiguration(request);}","public String getCharErrorDisplay(int c) {String s = getErrorDisplay(c);return ""'""+s+""'"";}"
"866","public DescribeHumanTaskUiResult describeHumanTaskUi(DescribeHumanTaskUiRequest request) {request = beforeClientExecution(request);return executeDescribeHumanTaskUi(request);}
public void run() {try {int n = task.runAndMaybeStats(letChildReport);if (anyExhaustibleTasks) {updateExhausted(task);}count += n;} catch (NoMoreDataException e) {exhausted = true;} catch (Exception e) {throw new RuntimeException(e);}}
public DescribeImagePermissionsResult describeImagePermissions(DescribeImagePermissionsRequest request) {request = beforeClientExecution(request);return executeDescribeImagePermissions(request);}
public SrndQuery clone() {try {return (SrndQuery)super.clone();} catch (CloneNotSupportedException cns) {throw new Error(cns);}}","public void recycleByteBlocks(byte[][] blocks, int start, int end) {final int numBlocks = Math.min(maxBufferedBlocks - freeBlocks, end - start);final int size = freeBlocks + numBlocks;if (size >= freeByteBlocks.length) {final byte[][] newBlocks = new byte[ArrayUtil.oversize(size,RamUsageEstimator.NUM_BYTES_OBJECT_REF)][];System.arraycopy(freeByteBlocks, 0, newBlocks, 0, freeBlocks);freeByteBlocks = newBlocks;}final int stop = start + numBlocks;for (int i = start; i < stop; i++) {freeByteBlocks[freeBlocks++] = blocks[i];blocks[i] = null;}for (int i = stop; i < end; i++) {blocks[i] = null;}bytesUsed.addAndGet(-(end - stop) * blockSize);assert bytesUsed.get() >= 0;}"
"871","public GeohashPrefixTree(SpatialContext ctx, int maxLevels) {super(ctx, maxLevels);Rectangle bounds = ctx.getWorldBounds();if (bounds.getMinX() != -180)throw new IllegalArgumentException(""Geohash only supports lat-lon world bounds. Got ""+bounds);int MAXP = getMaxLevelsPossible();if (maxLevels <= 0 || maxLevels > MAXP)throw new IllegalArgumentException(""maxLevels must be [1-""+MAXP+""] but got ""+ maxLevels);}
public void removeName(int namenum) {_definedNames.remove(namenum);}
public CancelSpotFleetRequestsResult cancelSpotFleetRequests(CancelSpotFleetRequestsRequest request) {request = beforeClientExecution(request);return executeCancelSpotFleetRequests(request);}
public GetIndustryInfoLineageListRequest() {super(""industry-brain"", ""2018-07-12"", ""GetIndustryInfoLineageList"");setProtocol(ProtocolType.HTTPS);}","public static double[] grow(double[] array, int minSize) {assert minSize >= 0: ""size must be positive (got "" + minSize + ""): likely integer overflow?"";if (array.length < minSize) {return growExact(array, oversize(minSize, Double.BYTES));} else return array;}"
"876","public void setResult(RefUpdate.Result status) {result = status;super.setResult(status);}
public void decode(byte[] blocks, int blocksOffset, int[] values, int valuesOffset, int iterations) {for (int i = 0; i < iterations; ++i) {final int byte0 = blocks[blocksOffset++] & 0xFF;final int byte1 = blocks[blocksOffset++] & 0xFF;values[valuesOffset++] = (byte0 << 2) | (byte1 >>> 6);final int byte2 = blocks[blocksOffset++] & 0xFF;values[valuesOffset++] = ((byte1 & 63) << 4) | (byte2 >>> 4);final int byte3 = blocks[blocksOffset++] & 0xFF;values[valuesOffset++] = ((byte2 & 15) << 6) | (byte3 >>> 2);final int byte4 = blocks[blocksOffset++] & 0xFF;values[valuesOffset++] = ((byte3 & 3) << 8) | byte4;}}
public ValueEval evaluate(int srcRowIndex, int srcColumnIndex, ValueEval arg0, ValueEval arg1, ValueEval arg2) {try {ValueEval ve = OperandResolver.getSingleValue(arg0, srcRowIndex, srcColumnIndex);final double result = OperandResolver.coerceValueToDouble(ve);if (Double.isNaN(result) || Double.isInfinite(result)) {throw new EvaluationException(ErrorEval.NUM_ERROR);}ve = OperandResolver.getSingleValue(arg2, srcRowIndex, srcColumnIndex);int order_value = OperandResolver.coerceValueToInt(ve);final boolean order;if (order_value==0) {order = true;} else if(order_value==1) {order = false;} else {throw new EvaluationException(ErrorEval.NUM_ERROR);}if (arg1 instanceof RefListEval) {return eval(result, ((RefListEval)arg1), order);}final AreaEval aeRange = convertRangeArg(arg1);return eval(result, aeRange, order);} catch (EvaluationException e) {return e.getErrorEval();}}
public DeleteEventBusResult deleteEventBus(DeleteEventBusRequest request) {request = beforeClientExecution(request);return executeDeleteEventBus(request);}","public static ByteBuffer wrap(byte[] array, int start, int byteCount) {Arrays.checkOffsetAndCount(array.length, start, byteCount);ByteBuffer buf = new ReadWriteHeapByteBuffer(array);buf.position = start;buf.limit = start + byteCount;return buf;}"
"881","public String apiVersion() {return this.apiVersion;}
public SearchResult search(SearchRequest request) {request = beforeClientExecution(request);return executeSearch(request);}
public PushCommand setRemote(String remote) {checkCallable();this.remote = remote;return this;}
public AcceptReservedInstancesExchangeQuoteResult acceptReservedInstancesExchangeQuote(AcceptReservedInstancesExchangeQuoteRequest request) {request = beforeClientExecution(request);return executeAcceptReservedInstancesExchangeQuote(request);}","public GetAuthorizationTokenResult getAuthorizationToken(GetAuthorizationTokenRequest request) {request = beforeClientExecution(request);return executeGetAuthorizationToken(request);}"
"886","public static InitCommand init() {return new InitCommand();}
public static RevFilter create(Collection<RevFilter> list) {if (list.size() < 2)throw new IllegalArgumentException(JGitText.get().atLeastTwoFiltersNeeded);final RevFilter[] subfilters = new RevFilter[list.size()];list.toArray(subfilters);if (subfilters.length == 2)return create(subfilters[0], subfilters[1]);return new List(subfilters);}
public static PredictionContext mergeRoot(SingletonPredictionContext a,SingletonPredictionContext b,boolean rootIsWildcard){if ( rootIsWildcard ) {if ( a == EMPTY ) return EMPTY;  if ( b == EMPTY ) return EMPTY;  }else {if ( a == EMPTY && b == EMPTY ) return EMPTY; if ( a == EMPTY ) { int[] payloads = {b.returnState, EMPTY_RETURN_STATE};PredictionContext[] parents = {b.parent, null};PredictionContext joined =new ArrayPredictionContext(parents, payloads);return joined;}if ( b == EMPTY ) { int[] payloads = {a.returnState, EMPTY_RETURN_STATE};PredictionContext[] parents = {a.parent, null};PredictionContext joined =new ArrayPredictionContext(parents, payloads);return joined;}}return null;}
public ListTerminologiesResult listTerminologies(ListTerminologiesRequest request) {request = beforeClientExecution(request);return executeListTerminologies(request);}","public ModifyInstanceGroupsRequest(java.util.List<InstanceGroupModifyConfig> instanceGroups) {setInstanceGroups(instanceGroups);}"
"891","public String toString() {return ""AnyObjectId["" + name() + ""]"";}
public long ramBytesUsed() {long ramBytesUsed = postingsReader.ramBytesUsed();for (TermsReader r : fields.values()) {ramBytesUsed += r.ramBytesUsed();}return ramBytesUsed;}
public static final ObjectId fromRaw(int[] is, int p) {return new ObjectId(is[p], is[p + 1], is[p + 2], is[p + 3], is[p + 4]);}
public RemoveTagsFromStreamResult removeTagsFromStream(RemoveTagsFromStreamRequest request) {request = beforeClientExecution(request);return executeRemoveTagsFromStream(request);}","public void writeChar(int value) throws IOException {checkWritePrimitiveTypes();primitiveTypes.writeChar(value);}"
"896","public void setParams(String params) {super.setParams(params);if (params != null) {commitUserData = params;}}
public OptionGroup modifyOptionGroup(ModifyOptionGroupRequest request) {request = beforeClientExecution(request);return executeModifyOptionGroup(request);}
public CreateCommentResult createComment(CreateCommentRequest request) {request = beforeClientExecution(request);return executeCreateComment(request);}
public void setParams(String params) {super.setParams(params);userData = params;}","public SearchAvailablePhoneNumbersResult searchAvailablePhoneNumbers(SearchAvailablePhoneNumbersRequest request) {request = beforeClientExecution(request);return executeSearchAvailablePhoneNumbers(request);}"
"901","public SpanPositionCheckQuery(SpanQuery match) {this.match = Objects.requireNonNull(match);}
public boolean removeChildRecord(EscherRecord toBeRemoved) {return _childRecords.remove(toBeRemoved);}
public BytesRef clone() {return new BytesRef(bytes, offset, length);}
public ByteBuffer putLong(long value) {throw new ReadOnlyBufferException();}","@Override public boolean add(E object) {synchronized (CopyOnWriteArrayList.this) {add(slice.to - slice.from, object);return true;}}"
"906","public RevTree lookupTree(AnyObjectId id) {RevTree c = (RevTree) objects.get(id);if (c == null) {c = new RevTree(id);objects.add(c);}return c;}
public boolean equals(Object other) {return sameClassAs(other) &&func.equals(((FunctionQuery) other).func);}
public boolean changeExternalReference(String oldUrl, String newUrl) {for (ExternalBookBlock ex : _externalBookBlocks) {SupBookRecord externalRecord = ex.getExternalBookRecord();if (externalRecord.isExternalReferences()&& externalRecord.getURL().equals(oldUrl)) {externalRecord.setURL(newUrl);return true;}}return false;}
public void removeLastPrinted() {remove1stProperty(PropertyIDMap.PID_LASTPRINTED);}","public MergeCommand merge() {return new MergeCommand(repo);}"
"911","public String toString() {final Type t = getType();return t + ""("" + beginA + ""-"" + endA + "","" + beginB + ""-"" + endB + "")"";}
public void serialize(LittleEndianOutput out) {int nItems = _list.size();out.writeShort(nItems);for (int k = 0; k < nItems; k++) {CellRangeAddress region = _list.get(k);region.serialize(out);}}
public void remove() {throw new UnsupportedOperationException(""Remove not supported"");}
public TagCommand setSigned(boolean signed) {this.signed = signed;return this;}","public DescribeReservedInstancesListingsResult describeReservedInstancesListings(DescribeReservedInstancesListingsRequest request) {request = beforeClientExecution(request);return executeDescribeReservedInstancesListings(request);}"
"916","public String getName() {return getRef().getName();}
public boolean isAllSet(final int holder){return (holder & _mask) == _mask;}
public static int getEncodedSize(String value) {int result = 2 + 1;result += value.length() * (StringUtil.hasMultibyte(value) ? 2 : 1);return result;}
public List<CharsRef> stem(char word[], int length) {if (dictionary.needsInputCleaning) {scratchSegment.setLength(0);scratchSegment.append(word, 0, length);CharSequence cleaned = dictionary.cleanInput(scratchSegment, segment);scratchBuffer = ArrayUtil.grow(scratchBuffer, cleaned.length());length = segment.length();segment.getChars(0, length, scratchBuffer, 0);word = scratchBuffer;}int caseType = caseOf(word, length);if (caseType == UPPER_CASE) {caseFoldTitle(word, length);caseFoldLower(titleBuffer, length);List<CharsRef> list = doStem(word, length, false);list.addAll(doStem(titleBuffer, length, true));list.addAll(doStem(lowerBuffer, length, true));return list;} else if (caseType == TITLE_CASE) {caseFoldLower(word, length);List<CharsRef> list = doStem(word, length, false);list.addAll(doStem(lowerBuffer, length, true));return list;} else {return doStem(word, length, false);}}","public HSSFConditionalFormattingRule createConditionalFormattingRule(String formula) {CFRuleRecord rr = CFRuleRecord.create(_sheet, formula);return new HSSFConditionalFormattingRule(_sheet, rr);}"
"921","public Record create(RecordInputStream in) {Object[] args = { in, };try {return (org.apache.poi.hssf.record.Record) _m.invoke(null, args);} catch (IllegalArgumentException | IllegalAccessException e) {throw new RuntimeException(e);} catch (InvocationTargetException e) {throw new org.apache.poi.util.RecordFormatException(""Unable to construct record instance"" , e.getTargetException());}}
public int set(int index, long[] arr, int off, int len) {assert len > 0 : ""len must be > 0 (got "" + len + "")"";assert index >= 0 && index < size();len = Math.min(len, size() - index);assert off + len <= arr.length;for (int i = index, o = off, end = index + len; i < end; ++i, ++o) {set(i, arr[o]);}return len;}
public synchronized long ramBytesUsed() {long bytes = 0;for(CachedOrds ords : ordsCache.values()) {bytes += ords.ramBytesUsed();}return bytes;}
public void writeDouble(double v) {writeLong(Double.doubleToLongBits(v));}","public String toString() {return ""DocumentsWriterFlushControl [activeBytes="" + activeBytes+ "", flushBytes="" + flushBytes + ""]"";}"
"926","public ListSecurityConfigurationsResult listSecurityConfigurations(ListSecurityConfigurationsRequest request) {request = beforeClientExecution(request);return executeListSecurityConfigurations(request);}
public ListQualificationRequestsResult listQualificationRequests(ListQualificationRequestsRequest request) {request = beforeClientExecution(request);return executeListQualificationRequests(request);}
public void println(char[] chars) {println(new String(chars, 0, chars.length));}
public ReleaseAddressResult releaseAddress(ReleaseAddressRequest request) {request = beforeClientExecution(request);return executeReleaseAddress(request);}","public static boolean[] copyOfRange(boolean[] original, int start, int end) {if (start > end) {throw new IllegalArgumentException();}int originalLength = original.length;if (start < 0 || start > originalLength) {throw new ArrayIndexOutOfBoundsException();}int resultLength = end - start;int copyLength = Math.min(resultLength, originalLength - start);boolean[] result = new boolean[resultLength];System.arraycopy(original, start, result, 0, copyLength);return result;}"
"931","public void fillOval(int x, int y, int width, int height){HSSFSimpleShape shape = escherGroup.createShape(new HSSFChildAnchor( x, y, x + width, y + height ) );shape.setShapeType(HSSFSimpleShape.OBJECT_TYPE_OVAL);shape.setLineStyle(HSSFShape.LINESTYLE_NONE);shape.setFillColor(foreground.getRed(), foreground.getGreen(), foreground.getBlue());shape.setLineStyleColor(foreground.getRed(), foreground.getGreen(), foreground.getBlue());shape.setNoFill(false);}
public ValueEval evaluate(int srcRowIndex, int srcColumnIndex, ValueEval arg0, ValueEval arg1,ValueEval arg2) {try {String needle = TextFunction.evaluateStringArg(arg0, srcRowIndex, srcColumnIndex);String haystack = TextFunction.evaluateStringArg(arg1, srcRowIndex, srcColumnIndex);int startpos = TextFunction.evaluateIntArg(arg2, srcRowIndex, srcColumnIndex) - 1;if (startpos < 0) {return ErrorEval.VALUE_INVALID;}return eval(haystack, needle, startpos);} catch (EvaluationException e) {return e.getErrorEval();}}
public CreateInvalidationRequest(String distributionId, InvalidationBatch invalidationBatch) {setDistributionId(distributionId);setInvalidationBatch(invalidationBatch);}
public CreateUsageReportSubscriptionResult createUsageReportSubscription(CreateUsageReportSubscriptionRequest request) {request = beforeClientExecution(request);return executeCreateUsageReportSubscription(request);}","public static String fromString(String value) {return value;}"
"936","public GetDetectorsResult getDetectors(GetDetectorsRequest request) {request = beforeClientExecution(request);return executeGetDetectors(request);}
public static String fromDouble(Double d) {return Double.toString(d);}
public void writeProtectWorkbook( String password, String username ) {FileSharingRecord frec = getFileSharing();WriteAccessRecord waccess = getWriteAccess(); getWriteProtect();frec.setReadOnly((short)1);frec.setPassword((short)CryptoFunctions.createXorVerifier1(password));frec.setUsername(username);waccess.setUsername(username);}
public Process exec(String command, int timeout)throws TransportException {String ssh = SystemReader.getInstance().getenv(""GIT_SSH""); boolean putty = ssh.toLowerCase(Locale.ROOT).contains(""plink""); List<String> args = new ArrayList<>();args.add(ssh);if (putty&& !ssh.toLowerCase(Locale.ROOT).contains(""tortoiseplink"")) args.add(""-batch""); if (0 < getURI().getPort()) {args.add(putty ? ""-P"" : ""-p""); args.add(String.valueOf(getURI().getPort()));}if (getURI().getUser() != null)args.add(getURI().getUser() + ""@"" + getURI().getHost()); elseargs.add(getURI().getHost());args.add(command);ProcessBuilder pb = createProcess(args);try {return pb.start();} catch (IOException err) {throw new TransportException(err.getMessage(), err);}}","public void serialize(LittleEndianOutput out) {out.write(recordData);}"
"941","public UpdateFleetCapacityResult updateFleetCapacity(UpdateFleetCapacityRequest request) {request = beforeClientExecution(request);return executeUpdateFleetCapacity(request);}
public CreateDirectConnectGatewayAssociationResult createDirectConnectGatewayAssociation(CreateDirectConnectGatewayAssociationRequest request) {request = beforeClientExecution(request);return executeCreateDirectConnectGatewayAssociation(request);}
public TokenStream create(TokenStream input) {if (words == null) {return input;} else {final TokenStream filter = new KeepWordFilter(input, words);return filter;}}
public final int getEndA() {return endA;}","public String getStrictHostKeyChecking() {return strictHostKeyChecking;}"
"946","public Lift(boolean changeSkip) {this.changeSkip = changeSkip;}
public void serialize(LittleEndianOutput out) {out.writeShort(field_1_precision);}
public GetAuthorizerResult getAuthorizer(GetAuthorizerRequest request) {request = beforeClientExecution(request);return executeGetAuthorizer(request);}
public StringCharacterIterator(String value, int start, int end, int location) {string = value;if (start < 0 || end > string.length() || start > end|| location < start || location > end) {throw new IllegalArgumentException();}this.start = start;this.end = end;offset = location;}","public String toString() {StringBuilder buf = new StringBuilder();buf.append(""ObjectToPack["");buf.append(Constants.typeString(getType()));buf.append("" "");buf.append(name());if (wantWrite())buf.append("" wantWrite"");if (isReuseAsIs())buf.append("" reuseAsIs"");if (isDoNotDelta())buf.append("" doNotDelta"");if (isEdge())buf.append("" edge"");if (getDeltaDepth() > 0)buf.append("" depth="").append(getDeltaDepth());if (isDeltaRepresentation()) {if (getDeltaBase() != null)buf.append("" base=inpack:"").append(getDeltaBase().name());elsebuf.append("" base=edge:"").append(getDeltaBaseId().name());}if (isWritten())buf.append("" offset="").append(getOffset());buf.append(""]"");return buf.toString();}"
"951","public String toString() {return ""1"";}
public final void readFully(byte[] dst, int offset, int byteCount) throws IOException {Streams.readFully(in, dst, offset, byteCount);}
public GetMailboxDetailsResult getMailboxDetails(GetMailboxDetailsRequest request) {request = beforeClientExecution(request);return executeGetMailboxDetails(request);}
public CharBuffer append(CharSequence csq) {if (csq != null) {return put(csq.toString());}return put(""null"");}","public RegisterFaceRequest() {super(""LinkFace"", ""2018-07-20"", ""RegisterFace"");setProtocol(ProtocolType.HTTPS);setMethod(MethodType.POST);}"
"956","public static void checkValue(double result) throws EvaluationException {if (Double.isNaN(result) || Double.isInfinite(result)) {throw new EvaluationException(ErrorEval.NUM_ERROR);}}
public PutInvitationConfigurationResult putInvitationConfiguration(PutInvitationConfigurationRequest request) {request = beforeClientExecution(request);return executePutInvitationConfiguration(request);}
public QueryNode process(QueryNode queryTree) throws QueryNodeException {Operator op = getQueryConfigHandler().get(ConfigurationKeys.DEFAULT_OPERATOR);if (op == null) {throw new IllegalArgumentException(""StandardQueryConfigHandler.ConfigurationKeys.DEFAULT_OPERATOR should be set on the QueryConfigHandler"");}this.usingAnd = StandardQueryConfigHandler.Operator.AND == op;return super.process(queryTree);}
public void add(BytesRef utf8, int bucket) throws IOException {if (bucket < 0 || bucket >= buckets) {throw new IllegalArgumentException(""Bucket outside of the allowed range [0, "" + buckets + ""): "" + bucket);}scratch.grow(utf8.length + 10);scratch.clear();scratch.append((byte) bucket);scratch.append(utf8);sorter.add(scratch.get());}","public DescribeWorkspaceBundlesResult describeWorkspaceBundles() {return describeWorkspaceBundles(new DescribeWorkspaceBundlesRequest());}"
"961","public static String decode(String s) {return decode(s, false, Charsets.UTF_8);}
public void setExpire(Date expire) {this.expire = expire;expireAgeMillis = -1;}
public int DecRef() {assert count > 0: Thread.currentThread().getName() + "": RefCount is 0 pre-decrement for file \"""" + fileName + ""\"""";return --count;}
public List<WeightedFragInfo> getWeightedFragInfoList( List<WeightedFragInfo> src ) {return src;}","public CreateInstancesFromSnapshotResult createInstancesFromSnapshot(CreateInstancesFromSnapshotRequest request) {request = beforeClientExecution(request);return executeCreateInstancesFromSnapshot(request);}"
"966","public Comparator<? super E> comparator() {return backingMap.comparator();}
public boolean isValueSecure() {return valueSecure;}
public static short[] grow(short[] array, int minSize) {assert minSize >= 0: ""size must be positive (got "" + minSize + ""): likely integer overflow?"";if (array.length < minSize) {return growExact(array, oversize(minSize, Short.BYTES));} else return array;}
public ObjectId idFor(int type, byte[] data) {return idFor(type, data, 0, data.length);}","public CreateDomainNameResult createDomainName(CreateDomainNameRequest request) {request = beforeClientExecution(request);return executeCreateDomainName(request);}"
"971","public DeleteAddressBookResult deleteAddressBook(DeleteAddressBookRequest request) {request = beforeClientExecution(request);return executeDeleteAddressBook(request);}
public void addToolPack(UDFFinder toopack){AggregatingUDFFinder udfs = (AggregatingUDFFinder)_udfFinder;udfs.add(toopack);}
public SearchUsersResult searchUsers(SearchUsersRequest request) {request = beforeClientExecution(request);return executeSearchUsers(request);}
public String getAccessKeySecret() {return privateKeySecret;}","public void setValueAt(int index, E value) {if (mGarbage) {gc();}mValues[index] = value;}"
"976","public RefErrorPtg() {field_1_reserved = 0;}
public boolean getFlagByBit(int bitmask) {return ((flags & bitmask) != 0);}
public UpdateAccountSendingEnabledResult updateAccountSendingEnabled(UpdateAccountSendingEnabledRequest request) {request = beforeClientExecution(request);return executeUpdateAccountSendingEnabled(request);}
public AppCookieStickinessPolicy(String policyName, String cookieName) {setPolicyName(policyName);setCookieName(cookieName);}","public GetAccountBalanceResult getAccountBalance(GetAccountBalanceRequest request) {request = beforeClientExecution(request);return executeGetAccountBalance(request);}"
"981","public DescribeConversionTasksResult describeConversionTasks(DescribeConversionTasksRequest request) {request = beforeClientExecution(request);return executeDescribeConversionTasks(request);}
public DescribeImagesResult describeImages() {return describeImages(new DescribeImagesRequest());}
public void close() {_closed = true;}
public ListSignalingChannelsResult listSignalingChannels(ListSignalingChannelsRequest request) {request = beforeClientExecution(request);return executeListSignalingChannels(request);}","public MergeFacesRequest() {super(""CloudPhoto"", ""2017-07-11"", ""MergeFaces"", ""cloudphoto"");setProtocol(ProtocolType.HTTPS);}"
"986","public DetectTextResult detectText(DetectTextRequest request) {request = beforeClientExecution(request);return executeDetectText(request);}
public DoubleBuffer get(double[] dst) {return get(dst, 0, dst.length);}
public long getCreationTime() {return decodeTS(P_CTIME);}
public TreeFilter clone() {return new Binary(a.clone(), b.clone());}","public ByteBuffer putChar(char value) {int newPosition = position + SizeOf.CHAR;if (newPosition > limit) {throw new BufferOverflowException();}Memory.pokeShort(backingArray, offset + position, (short) value, order);position = newPosition;return this;}"
"991","public String toString() {return String.format(""Rect [(%d,%d)-(%d,%d): %dx%d]"", x, y, x + w, y + h, w, h);}
public static LongBuffer wrap(long[] array) {return wrap(array, 0, array.length);}
public CharsRef clone() {return new CharsRef(chars, offset, length);}
public SpanNearClauseFactory(IndexReader reader, String fieldName, BasicQueryFactory qf) {this.reader = reader;this.fieldName = fieldName;this.weightBySpanQuery = new HashMap<>();this.qf = qf;}","public BeginRecord clone() {return copy();}"
"996","public int start() {return start(0);}
public DescribeGameSessionQueuesResult describeGameSessionQueues(DescribeGameSessionQueuesRequest request) {request = beforeClientExecution(request);return executeDescribeGameSessionQueues(request);}
public SubmitAttachmentStateChangesResult submitAttachmentStateChanges(SubmitAttachmentStateChangesRequest request) {request = beforeClientExecution(request);return executeSubmitAttachmentStateChanges(request);}
public UnicodeString getString(int id ){return field_3_strings.get( id );}","public BigInteger getSignificand() {return _significand;}"
"1001","public void join( AbstractEscherHolderRecord record ){rawDataContainer.concatenate(record.getRawData());}
public static byte[] grow(byte[] array, int minSize) {assert minSize >= 0: ""size must be positive (got "" + minSize + ""): likely integer overflow?"";if (array.length < minSize) {return growExact(array, oversize(minSize, Byte.BYTES));} else return array;}
public boolean equals(Object obj) {if (this == obj)return true;if (obj == null)return false;if (getClass() != obj.getClass())return false;FlushInfo other = (FlushInfo) obj;if (estimatedSegmentSize != other.estimatedSegmentSize)return false;if (numDocs != other.numDocs)return false;return true;}
public void copyRawTo(int[] b, int o) {b[o] = w1;b[o + 1] = w2;b[o + 2] = w3;b[o + 3] = w4;b[o + 4] = w5;}","public ReadPipelineResult readPipeline(ReadPipelineRequest request) {request = beforeClientExecution(request);return executeReadPipeline(request);}"
"1006","public BoostQueryNode(QueryNode query, float value) {if (query == null) {throw new QueryNodeError(new MessageImpl(QueryParserMessages.NODE_ACTION_NOT_SUPPORTED, ""query"", ""null""));}this.value = value;setLeaf(false);allocate();add(query);}
public void setFallbackAlgorithm(DiffAlgorithm alg) {fallback = alg;}
public void add(Transition t) {find(t.min).starts.add(t);find(1+t.max).ends.add(t);}
public String toString() {StringBuilder buffer = new StringBuilder();buffer.append("" [FEATURE FORMULA ERRORS]\n"");buffer.append(""  checkCalculationErrors    = "");buffer.append(""  checkEmptyCellRef         = "");buffer.append(""  checkNumbersAsText        = "");buffer.append(""  checkInconsistentRanges   = "");buffer.append(""  checkInconsistentFormulas = "");buffer.append(""  checkDateTimeFormats      = "");buffer.append(""  checkUnprotectedFormulas  = "");buffer.append(""  performDataValidation     = "");buffer.append("" [/FEATURE FORMULA ERRORS]\n"");return buffer.toString();}","public void execute(Lexer lexer) {lexer.setType(type);}"
"1011","public UpgradePublishedSchemaResult upgradePublishedSchema(UpgradePublishedSchemaRequest request) {request = beforeClientExecution(request);return executeUpgradePublishedSchema(request);}
public int readRecordSID() {readPlain(buffer, 0, LittleEndianConsts.SHORT_SIZE);int sid = LittleEndian.getUShort(buffer, 0);shouldSkipEncryptionOnCurrentRecord = isNeverEncryptedRecord(sid);return sid;}
public CreateImageBuilderStreamingURLResult createImageBuilderStreamingURL(CreateImageBuilderStreamingURLRequest request) {request = beforeClientExecution(request);return executeCreateImageBuilderStreamingURL(request);}
public SheetIdentifier(String bookName, NameIdentifier sheetIdentifier) {_bookName = bookName;_sheetIdentifier = sheetIdentifier;}","public boolean equals( Object o ) {return o instanceof PortugueseStemmer;}"
"1016","public PasswordRecord clone() {return copy();}
public DescribeTableRequest(String tableName) {setTableName(tableName);}
public ModifyCacheParameterGroupResult modifyCacheParameterGroup(ModifyCacheParameterGroupRequest request) {request = beforeClientExecution(request);return executeModifyCacheParameterGroup(request);}
public E set(int location, E object) {ListIterator<E> it = listIterator(location);if (!it.hasNext()) {throw new IndexOutOfBoundsException();}E result = it.next();it.set(object);return result;}","public String toFormulaString() {return NumberToTextConverter.toText(field_1_value);}"
"1021","public ListBootstrapActionsResult listBootstrapActions(ListBootstrapActionsRequest request) {request = beforeClientExecution(request);return executeListBootstrapActions(request);}
public void serialize(LittleEndianOutput out) {out.writeShort(_wStyle);out.writeShort(_cLine);out.writeShort(_dxMin);StringUtil.writeUnicodeString(out, _str);if(_unused != null) {out.writeByte(_unused);}}
public SynonymFilter(TokenStream input, SynonymMap synonyms, boolean ignoreCase) {super(input);this.synonyms = synonyms;this.ignoreCase = ignoreCase;this.fst = synonyms.fst;if (fst == null) {throw new IllegalArgumentException(""fst must be non-null"");}this.fstReader = fst.getBytesReader();rollBufferSize = 1+synonyms.maxHorizontalContext;futureInputs = new PendingInput[rollBufferSize];futureOutputs = new PendingOutputs[rollBufferSize];for(int pos=0;pos<rollBufferSize;pos++) {futureInputs[pos] = new PendingInput();futureOutputs[pos] = new PendingOutputs();}scratchArc = new FST.Arc<>();}
public CreateApiResult createApi(CreateApiRequest request) {request = beforeClientExecution(request);return executeCreateApi(request);}","public IndexOutput createOutput(String name, IOContext context) throws IOException {ensureOpen();if (context.context != Context.MERGE || context.mergeInfo.estimatedMergeBytes < minBytesDirect) {return delegate.createOutput(name, context);} else {return new NativeUnixIndexOutput(getDirectory().resolve(name), name, mergeBufferSize);}}"
"1026","public void drawArc(int x, int y, int width, int height,int startAngle, int arcAngle){if (logger.check( POILogger.WARN ))logger.log(POILogger.WARN,""drawArc not supported"");}
public UpdateUserSettingsResult updateUserSettings(UpdateUserSettingsRequest request) {request = beforeClientExecution(request);return executeUpdateUserSettings(request);}
public DeleteDiskSnapshotResult deleteDiskSnapshot(DeleteDiskSnapshotRequest request) {request = beforeClientExecution(request);return executeDeleteDiskSnapshot(request);}
public ColumnInfoRecord() {setColumnWidth(2275);_options = 2;_xfIndex = 0x0f;field_6_reserved = 2; }","public final long getLong(int index) {checkIndex(index, SizeOf.LONG);return Memory.peekLong(backingArray, offset + index, order);}"
"1031","public DeleteKnownHostKeysResult deleteKnownHostKeys(DeleteKnownHostKeysRequest request) {request = beforeClientExecution(request);return executeDeleteKnownHostKeys(request);}
public DeleteSigningCertificateRequest(String certificateId) {setCertificateId(certificateId);}
public StopProcessingJobResult stopProcessingJob(StopProcessingJobRequest request) {request = beforeClientExecution(request);return executeStopProcessingJob(request);}
public TermsEnum getTermsEnum(Terms terms) throws IOException {switch(type) {case NONE:return TermsEnum.EMPTY;case ALL:return terms.iterator();case SINGLE:return new SingleTermsEnum(terms.iterator(), term);case NORMAL:return terms.intersect(this, null);default:throw new RuntimeException(""unhandled case"");}}","public void grow() {costs = ArrayUtil.grow(costs, 1+count);lastRightID = ArrayUtil.grow(lastRightID, 1+count);backPos = ArrayUtil.grow(backPos, 1+count);backWordPos = ArrayUtil.grow(backWordPos, 1+count);backIndex = ArrayUtil.grow(backIndex, 1+count);backID = ArrayUtil.grow(backID, 1+count);final Type[] newBackType = new Type[backID.length];System.arraycopy(backType, 0, newBackType, 0, backType.length);backType = newBackType;}"
"1036","public int get(final int index){if (index >= _limit){throw new IndexOutOfBoundsException(index + "" not accessible in a list of length "" + _limit);}return _array[ index ];}
public LongBuffer slice() {return new ReadWriteLongArrayBuffer(remaining(), backingArray, offset + position);}
public ListProblemsResult listProblems(ListProblemsRequest request) {request = beforeClientExecution(request);return executeListProblems(request);}
public static double pmt(double r, double n, double p, double f, boolean t) {double retval = 0;if (r == 0) {retval = -1*(f+p)/n;}else {double r1 = r + 1;retval = ( f + p * Math.pow(r1, n) ) * r/((t ? r1 : 1) * (1 - Math.pow(r1, n)));}return retval;}","public PrintGridlinesRecord clone() {return copy();}"
"1041","public HSSFCellStyle getColumnStyle(int column) {short styleIndex = _sheet.getXFIndexForColAt((short) column);if (styleIndex == 0xf) {return null;}ExtendedFormatRecord xf = _book.getExFormatAt(styleIndex);return new HSSFCellStyle(styleIndex, xf, _book);}
public Query makeLuceneQueryField(String fieldName, BasicQueryFactory qf){Query q = makeLuceneQueryFieldNoBoost(fieldName, qf);if (isWeighted()) {q = new BoostQuery(q, getWeight()); }return q;}
public double getPrecisionAt(int n) {if (n<1 || n>MAX_POINTS) {throw new IllegalArgumentException(""n=""+n+"" - but it must be in [1,""+MAX_POINTS+""] range!"");}if (n>numPoints) {return (numPoints * pAt[(int)numPoints])/n;}return pAt[n];}
public DescribeEngineDefaultParametersRequest(String dBParameterGroupFamily) {setDBParameterGroupFamily(dBParameterGroupFamily);}","public DeleteClientCertificateResult deleteClientCertificate(DeleteClientCertificateRequest request) {request = beforeClientExecution(request);return executeDeleteClientCertificate(request);}"
"1046","public int compareTo(CharBuffer otherBuffer) {int compareRemaining = (remaining() < otherBuffer.remaining()) ? remaining(): otherBuffer.remaining();int thisPos = position;int otherPos = otherBuffer.position;char thisByte, otherByte;while (compareRemaining > 0) {thisByte = get(thisPos);otherByte = otherBuffer.get(otherPos);if (thisByte != otherByte) {return thisByte < otherByte ? -1 : 1;}thisPos++;otherPos++;compareRemaining--;}return remaining() - otherBuffer.remaining();}
public byte readByte(){return _in.readByte();}
public SendBounceResult sendBounce(SendBounceRequest request) {request = beforeClientExecution(request);return executeSendBounce(request);}
public ValueEval evaluate(int srcRowIndex, int srcColumnIndex, ValueEval arg0,ValueEval arg1) {double dn;try {ValueEval ve1 = OperandResolver.getSingleValue(arg1, srcRowIndex, srcColumnIndex);dn = OperandResolver.coerceValueToDouble(ve1);} catch (EvaluationException e1) {return ErrorEval.VALUE_INVALID;}if (dn < 0 || dn > 1) { return ErrorEval.NUM_ERROR;}double result;try {double[] ds = ValueCollector.collectValues(arg0);int N = ds.length;if (N == 0 || N > 8191) {return ErrorEval.NUM_ERROR;}double n = (N - 1) * dn + 1;if (n == 1d) {result = StatsLib.kthSmallest(ds, 1);} else if (Double.compare(n, N) == 0) {result = StatsLib.kthLargest(ds, 1);} else {int k = (int) n;double d = n - k;result = StatsLib.kthSmallest(ds, k) + d* (StatsLib.kthSmallest(ds, k + 1) - StatsLib.kthSmallest(ds, k));}NumericFunction.checkValue(result);} catch (EvaluationException e) {return e.getErrorEval();}return new NumberEval(result);}","public int getIndexOfFormattingRun(int index) {FormatRun r = _string.getFormatRun(index);return r.getCharacterPos();}"
"1051","public void getEntryObjectId(MutableObjectId out) {out.fromRaw(idBuffer(), idOffset());}
public static byte[] grow(byte[] array, int minSize) {assert minSize >= 0: ""size must be positive (got "" + minSize + ""): likely integer overflow?"";if (array.length < minSize) {return growExact(array, oversize(minSize, Byte.BYTES));} else return array;}
public boolean get(String name, boolean dflt) {boolean vals[] = (boolean[]) valByRound.get(name);if (vals != null) {return vals[roundNumber % vals.length];}String sval = props.getProperty(name, """" + dflt);if (sval.indexOf("":"") < 0) {return Boolean.valueOf(sval).booleanValue();}int k = sval.indexOf("":"");String colName = sval.substring(0, k);sval = sval.substring(k + 1);colForValByRound.put(name, colName);vals = propToBooleanArray(sval);valByRound.put(name, vals);return vals[roundNumber % vals.length];}
public GroupingSearch setCaching(int maxDocsToCache, boolean cacheScores) {this.maxDocsToCache = maxDocsToCache;this.maxCacheRAMMB = null;this.cacheScores = cacheScores;return this;}","public boolean isValidTermOrPhrase( final List<TermInfo> phraseCandidate ){if( !terminal ) return false;if( phraseCandidate.size() == 1 ) return true;int pos = phraseCandidate.get( 0 ).getPosition();for( int i = 1; i < phraseCandidate.size(); i++ ){int nextPos = phraseCandidate.get( i ).getPosition();if( Math.abs( nextPos - pos - 1 ) > slop ) return false;pos = nextPos;}return true;}"
"1056","public Run startWorkflowExecution(StartWorkflowExecutionRequest request) {request = beforeClientExecution(request);return executeStartWorkflowExecution(request);}
public char[] nextKey() {goNext();return keys[lastPos];}
public ContainsResult contains(BytesRef value) {int hash = hashFunction.hash(value);if (hash < 0) {hash = hash * -1;}return mayContainValue(hash);}
public GetMethodResponseResult getMethodResponse(GetMethodResponseRequest request) {request = beforeClientExecution(request);return executeGetMethodResponse(request);}","public void setValue(boolean value) {_value = value ? 1 : 0;_isError = false;}"
"1061","public synchronized E elementAt(int location) {if (location < elementCount) {return (E) elementData[location];}throw arrayIndexOutOfBoundsException(location, elementCount);}
public void set(int index, long value) {final int o = index >>> 3;final int b = index & 7;final int shift = b << 3;blocks[o] = (blocks[o] & ~(255L << shift)) | (value << shift);}
public IterationRecord clone() {return copy();}
public boolean requiresCommitBody() {return a.requiresCommitBody();}","public UpdateTrafficPolicyCommentResult updateTrafficPolicyComment(UpdateTrafficPolicyCommentRequest request) {request = beforeClientExecution(request);return executeUpdateTrafficPolicyComment(request);}"
"1066","public UpdatePrimaryEmailAddressResult updatePrimaryEmailAddress(UpdatePrimaryEmailAddressRequest request) {request = beforeClientExecution(request);return executeUpdatePrimaryEmailAddress(request);}
public static Pattern compile(String pattern) {return new Pattern(pattern, 0);}
public static int update(int hash, int value) {final int c1 = 0xCC9E2D51;final int c2 = 0x1B873593;final int r1 = 15;final int r2 = 13;final int m = 5;final int n = 0xE6546B64;int k = value;k = k * c1;k = (k << r1) | (k >>> (32 - r1));k = k * c2;hash = hash ^ k;hash = (hash << r2) | (hash >>> (32 - r2));hash = hash * m + n;return hash;}
public void serialize(LittleEndianOutput out) {out.writeShort(getHorizontalHold());out.writeShort(getVerticalHold());out.writeShort(getWidth());out.writeShort(getHeight());out.writeShort(getOptions());out.writeShort(getActiveSheetIndex());out.writeShort(getFirstVisibleTab());out.writeShort(getNumSelectedTabs());out.writeShort(getTabWidthRatio());}","public boolean lessThan(ShardRef first, ShardRef second) {assert first != second;final FieldDoc firstFD = (FieldDoc) shardHits[first.shardIndex][first.hitIndex];final FieldDoc secondFD = (FieldDoc) shardHits[second.shardIndex][second.hitIndex];for(int compIDX=0;compIDX<comparators.length;compIDX++) {final FieldComparator comp = comparators[compIDX];final int cmp = reverseMul[compIDX] * comp.compareValues(firstFD.fields[compIDX], secondFD.fields[compIDX]);if (cmp != 0) {return cmp < 0;}}return tieBreakLessThan(first, firstFD, second, secondFD, tieBreaker);}"
"1071","public static int UTF8toUTF16(BytesRef bytesRef, char[] chars) {return UTF8toUTF16(bytesRef.bytes, bytesRef.offset, bytesRef.length, chars);}
public Trie optimize(Trie orig) {List<CharSequence> cmds = orig.cmds;List<Row> rows = new ArrayList<>();List<Row> orows = orig.rows;int remap[] = new int[orows.size()];Arrays.fill(remap, 1);for (int j = orows.size() - 1; j >= 0; j--) {if (eat(orows.get(j), remap)) {remap[j] = 0;}}Arrays.fill(remap, -1);rows = removeGaps(orig.root, orows, new ArrayList<Row>(), remap);return new Trie(orig.forward, remap[orig.root], cmds, rows);}
public DataValidationConstraint createCustomConstraint(String formula) {return DVConstraint.createCustomFormulaConstraint(formula);}
public ByteBuffer putInt(int index, int value) {throw new ReadOnlyBufferException();}","public DescribeLoadBalancerPolicyTypesResult describeLoadBalancerPolicyTypes() {return describeLoadBalancerPolicyTypes(new DescribeLoadBalancerPolicyTypesRequest());}"
"1076","public NIOFSIndexInput clone() {NIOFSIndexInput clone = (NIOFSIndexInput)super.clone();clone.isClone = true;return clone;}
public long getTotalSLLATNLookaheadOps() {DecisionInfo[] decisions = atnSimulator.getDecisionInfo();long k = 0;for (int i = 0; i < decisions.length; i++) {k += decisions[i].SLL_ATNTransitions;}return k;}
public UpdateEndpointResult updateEndpoint(UpdateEndpointRequest request) {request = beforeClientExecution(request);return executeUpdateEndpoint(request);}
public GetEmailChannelResult getEmailChannel(GetEmailChannelRequest request) {request = beforeClientExecution(request);return executeGetEmailChannel(request);}","public ListPhoneNumberOrdersResult listPhoneNumberOrders(ListPhoneNumberOrdersRequest request) {request = beforeClientExecution(request);return executeListPhoneNumberOrders(request);}"
"1081","public UpdateBuildResult updateBuild(UpdateBuildRequest request) {request = beforeClientExecution(request);return executeUpdateBuild(request);}
public int serialize( int offset, byte[] data, EscherSerializationListener listener ){listener.beforeRecordSerialize( offset, getRecordId(), this );LittleEndian.putShort( data, offset, getOptions() );LittleEndian.putShort( data, offset + 2, getRecordId() );int remainingBytes = 16;LittleEndian.putInt( data, offset + 4, remainingBytes );LittleEndian.putInt( data, offset + 8, field_1_rectX1 );LittleEndian.putInt( data, offset + 12, field_2_rectY1 );LittleEndian.putInt( data, offset + 16, field_3_rectX2 );LittleEndian.putInt( data, offset + 20, field_4_rectY2 );listener.afterRecordSerialize( offset + getRecordSize(), getRecordId(), offset + getRecordSize(), this );return 8 + 16;}
public CleanCommand setDryRun(boolean dryRun) {this.dryRun = dryRun;return this;}
public DescribeClusterVersionsResult describeClusterVersions(DescribeClusterVersionsRequest request) {request = beforeClientExecution(request);return executeDescribeClusterVersions(request);}","public DescribeWorkspacesResult describeWorkspaces(DescribeWorkspacesRequest request) {request = beforeClientExecution(request);return executeDescribeWorkspaces(request);}"
"1086","public void copyRawTo(int[] b, int o) {b[o] = w1;b[o + 1] = w2;b[o + 2] = w3;b[o + 3] = w4;b[o + 4] = w5;}
public SetStackPolicyResult setStackPolicy(SetStackPolicyRequest request) {request = beforeClientExecution(request);return executeSetStackPolicy(request);}
public String toString() {StringBuilder s = new StringBuilder();append(s, oldRef, ""CREATE""); s.append(' ');append(s, newRef, ""DELETE""); s.append(' ').append(getRefName());s.append(' ').append(getResult());if (getMessage() != null) {s.append(' ').append(getMessage());}return s.toString();}
public short getXFAt(int coffset) {return field_3_rks[coffset].xf;}","public ByteBuffer put(byte[] src, int srcOffset, int byteCount) {Arrays.checkOffsetAndCount(src.length, srcOffset, byteCount);if (byteCount > remaining()) {throw new BufferOverflowException();}for (int i = srcOffset; i < srcOffset + byteCount; ++i) {put(src[i]);}return this;}"
"1091","public ReceiveMessageResult receiveMessage(String queueUrl) {return receiveMessage(new ReceiveMessageRequest().withQueueUrl(queueUrl));}
public NativeUnixIndexInput(NativeUnixIndexInput other) throws IOException {super(other.toString());this.fis = null;channel = other.channel;this.bufferSize = other.bufferSize;buffer = ByteBuffer.allocateDirect(bufferSize);filePos = -bufferSize;bufferPos = bufferSize;isOpen = true;isClone = true;seek(other.getFilePointer());}
public Merger newMerger(Repository db, boolean inCore) {return new OneSide(db, treeIndex);}
public void flush() {synchronized (lock) {if (out != null) {try {out.flush();} catch (IOException e) {setError();}} else {setError();}}}","public DisassociateIamInstanceProfileResult disassociateIamInstanceProfile(DisassociateIamInstanceProfileRequest request) {request = beforeClientExecution(request);return executeDisassociateIamInstanceProfile(request);}"
"1096","public void beginTask(String title, int totalWork) {if (!isMainThread())throw new IllegalStateException();pm.beginTask(title, totalWork);}
public void run() {try {count = task.runAndMaybeStats(letChildReport);} catch (Exception e) {throw new RuntimeException(e);}}
public TokenFilter create(TokenStream input) {return new EdgeNGramTokenFilter(input, minGramSize, maxGramSize, preserveOriginal);}
public String toString() {return ""RemoteRefUpdate[remoteName=""+ remoteName+ "", ""+ status+ "", ""+ (expectedOldObjectId != null ? expectedOldObjectId.name(): ""(null)"") + ""...""+ (newObjectId != null ? newObjectId.name() : ""(null)"")+ (fastForward ? "", fastForward"" : """")+ "", srcRef="" + srcRef+ (forceUpdate ? "", forceUpdate"" : """") + "", message=""+ (message != null ? ""\"""" + message + ""\"""" : ""null"") + ""]"";}","public ListJournalS3ExportsResult listJournalS3Exports(ListJournalS3ExportsRequest request) {request = beforeClientExecution(request);return executeListJournalS3Exports(request);}"
"1101","public boolean lookingAt() {matchFound = lookingAtImpl(address, input, matchOffsets);if (matchFound) {findPos = matchOffsets[1];}return matchFound;}
public DescribeIdentityUsageResult describeIdentityUsage(DescribeIdentityUsageRequest request) {request = beforeClientExecution(request);return executeDescribeIdentityUsage(request);}
public void carry(RevFlag flag) {final int carry = flags & flag.mask;if (carry != 0)carryFlags(this, carry);}
public Count(){_predicate = defaultPredicate;}","public ShowNoteCommand notesShow() {return new ShowNoteCommand(repo);}"
"1106","public ResolveRoomResult resolveRoom(ResolveRoomRequest request) {request = beforeClientExecution(request);return executeResolveRoom(request);}
public ValueEval getArea3DEval(Area3DPxg aptg) {SheetRangeEvaluator sre = createExternSheetRefEvaluator(aptg.getSheetName(), aptg.getLastSheetName(), aptg.getExternalWorkbookNumber());return new LazyAreaEval(aptg.getFirstRow(), aptg.getFirstColumn(),aptg.getLastRow(), aptg.getLastColumn(), sre);}
public DoubleMetaphoneFilterFactory(Map<String,String> args) {super(args);inject = getBoolean(args, INJECT, true);maxCodeLength = getInt(args, MAX_CODE_LENGTH, DEFAULT_MAX_CODE_LENGTH);if (!args.isEmpty()) {throw new IllegalArgumentException(""Unknown parameters: "" + args);}}
public String toString() {StringBuilder buffer = new StringBuilder();buffer.append(""[PALETTE]\n"");buffer.append(""  numcolors     = "").append(_colors.size()).append('\n');for (int i = 0; i < _colors.size(); i++) {PColor c = _colors.get(i);buffer.append(""* colornum      = "").append(i).append('\n');buffer.append(c);buffer.append("""");}}","public DocOffsetSorter(int maxDoc) {super(maxDoc / 64);this.tmpDocs = new int[maxDoc / 64];this.tmpOffsets = new long[maxDoc / 64];}"
"1111","public EnableInsightRulesResult enableInsightRules(EnableInsightRulesRequest request) {request = beforeClientExecution(request);return executeEnableInsightRules(request);}
public boolean equals(Object obj) {if ( this==obj ) return true;if ( !(obj instanceof AND) ) return false;AND other = (AND)obj;return Arrays.equals(this.opnds, other.opnds);}
public static int getEncodedSize(Ptg[] ptgs) {int result = 0;for (Ptg ptg : ptgs) {result += ptg.getSize();}return result;}
public IterationRecord(boolean iterateOn) {_flags = iterationOn.setBoolean(0, iterateOn);}","public UnlinkIdentityResult unlinkIdentity(UnlinkIdentityRequest request) {request = beforeClientExecution(request);return executeUnlinkIdentity(request);}"
"1116","public CreateThreatIntelSetResult createThreatIntelSet(CreateThreatIntelSetRequest request) {request = beforeClientExecution(request);return executeCreateThreatIntelSet(request);}
public TokenizedPhraseQueryNode() {setLeaf(false);allocate();}
public DataItemRecord(RecordInputStream in) {isxvdData = in.readUShort();iiftab = in.readUShort();df = in.readUShort();isxvd = in.readUShort();isxvi = in.readUShort();ifmt = in.readUShort();name = in.readString();}
public DeleteDBParameterGroupResult deleteDBParameterGroup(DeleteDBParameterGroupRequest request) {request = beforeClientExecution(request);return executeDeleteDBParameterGroup(request);}","public GetReservedNodeExchangeOfferingsResult getReservedNodeExchangeOfferings(GetReservedNodeExchangeOfferingsRequest request) {request = beforeClientExecution(request);return executeGetReservedNodeExchangeOfferings(request);}"
"1121","public static long nextHighestPowerOfTwo(long v) {v--;v |= v >> 1;v |= v >> 2;v |= v >> 4;v |= v >> 8;v |= v >> 16;v |= v >> 32;v++;return v;}
public RunInstancesResult runInstances(RunInstancesRequest request) {request = beforeClientExecution(request);return executeRunInstances(request);}
public ChangeMessageVisibilityBatchResult changeMessageVisibilityBatch(String queueUrl, java.util.List<ChangeMessageVisibilityBatchRequestEntry> entries) {return changeMessageVisibilityBatch(new ChangeMessageVisibilityBatchRequest().withQueueUrl(queueUrl).withEntries(entries));}
public DeleteRealtimeEndpointResult deleteRealtimeEndpoint(DeleteRealtimeEndpointRequest request) {request = beforeClientExecution(request);return executeDeleteRealtimeEndpoint(request);}","public CreateDiskSnapshotResult createDiskSnapshot(CreateDiskSnapshotRequest request) {request = beforeClientExecution(request);return executeCreateDiskSnapshot(request);}"
"1126","public void mark(int readLimit) throws IOException {if (readLimit < 0) {throw new IllegalArgumentException();}synchronized (lock) {checkNotClosed();markpos = pos;}}
public TokenStream create(TokenStream input) {return new ICUNormalizer2Filter(input, normalizer);}
public ModifyImageAttributeResult modifyImageAttribute(ModifyImageAttributeRequest request) {request = beforeClientExecution(request);return executeModifyImageAttribute(request);}
public DescribeClusterSubnetGroupsResult describeClusterSubnetGroups(DescribeClusterSubnetGroupsRequest request) {request = beforeClientExecution(request);return executeDescribeClusterSubnetGroups(request);}","public StopQueryExecutionResult stopQueryExecution(StopQueryExecutionRequest request) {request = beforeClientExecution(request);return executeStopQueryExecution(request);}"
"1131","public UpdateUserInfoRequest() {super(""cr"", ""2016-06-07"", ""UpdateUserInfo"", ""cr"");setUriPattern(""/users"");setMethod(MethodType.POST);}
public DiscoverInputSchemaResult discoverInputSchema(DiscoverInputSchemaRequest request) {request = beforeClientExecution(request);return executeDiscoverInputSchema(request);}
public GetEnvironmentResult getEnvironment(GetEnvironmentRequest request) {request = beforeClientExecution(request);return executeGetEnvironment(request);}
public UpdateCondition(String name, String value, Boolean exists) {setName(name);setValue(value);setExists(exists);}","public void serialize(LittleEndianOutput out) {out.writeShort(getCalcMode());}"
"1136","public AmazonS3EncryptionClient(EncryptionMaterials encryptionMaterials) {this(new StaticEncryptionMaterialsProvider(encryptionMaterials));}
public void addRule(ConditionalFormattingRule cfRule){addRule((HSSFConditionalFormattingRule)cfRule);}
public Iterator<E> descendingIterator() {return descendingSet().iterator();}
public DescribeSubnetGroupsResult describeSubnetGroups(DescribeSubnetGroupsRequest request) {request = beforeClientExecution(request);return executeDescribeSubnetGroups(request);}","public void append(String name, RevBlob blob) {append(name, REGULAR_FILE, blob);}"
"1141","public NavigableMap<K, V> subMap(K from, boolean fromInclusive, K to, boolean toInclusive) {Bound fromBound = fromInclusive ? INCLUSIVE : EXCLUSIVE;Bound toBound = toInclusive ? INCLUSIVE : EXCLUSIVE;return subMap(from, fromBound, to, toBound);}
public E next() {if (expectedModCount == modCount) {try {E result = get(pos + 1);lastPosition = ++pos;return result;} catch (IndexOutOfBoundsException e) {throw new NoSuchElementException();}}throw new ConcurrentModificationException();}
static public double ipmt(double r, int per, int nper, double pv) {return ipmt(r, per, nper, pv, 0);}
public TokenStream create(TokenStream input) {if (dictionary == null) {return input;}return new DictionaryCompoundWordTokenFilter(input, dictionary, minWordSize, minSubwordSize, maxSubwordSize, onlyLongestMatch);}","public String toString() {StringBuilder r = new StringBuilder();r.append(""("");fieldNamesToString(r);r.append(q.toString());r.append("")"");return r.toString();}"
"1146","public AssociateDeviceWithRoomResult associateDeviceWithRoom(AssociateDeviceWithRoomRequest request) {request = beforeClientExecution(request);return executeAssociateDeviceWithRoom(request);}
public DeleteRetentionPolicyRequest(String logGroupName) {setLogGroupName(logGroupName);}
public TypeTokenFilterFactory(Map<String,String> args) {super(args);stopTypesFiles = require(args, ""types"");useWhitelist = getBoolean(args, ""useWhitelist"", false);if (!args.isEmpty()) {throw new IllegalArgumentException(""Unknown parameters: "" + args);}}
public ServerCertificate(ServerCertificateMetadata serverCertificateMetadata, String certificateBody) {setServerCertificateMetadata(serverCertificateMetadata);setCertificateBody(certificateBody);}","public final void add(RevCommit c, RevFlag queueControl) {if (!c.has(queueControl)) {c.add(queueControl);add(c);}}"
"1151","public BlameCommand setFilePath(String filePath) {this.path = filePath;return this;}
public boolean isTraverseEmptyCells() {return traverseEmptyCells;}
public QueryCustomerByIdRequest() {super(""xspace"", ""2017-07-20"", ""QueryCustomerById"");setUriPattern(""/customer"");setMethod(MethodType.PUT);}
public OpenNLPPOSFilterFactory(Map<String,String> args) {super(args);posTaggerModelFile = require(args, POS_TAGGER_MODEL);if (!args.isEmpty()) {throw new IllegalArgumentException(""Unknown parameters: "" + args);}}","public GetLinkAttributesResult getLinkAttributes(GetLinkAttributesRequest request) {request = beforeClientExecution(request);return executeGetLinkAttributes(request);}"
"1156","public byte[] getByteBlock() {bytesUsed.addAndGet(blockSize);return new byte[blockSize];}
public CanonicalTreeParser() {reset(EMPTY);}
public OldLabelRecord(RecordInputStream in){super(in, in.getSid() == biff2_sid);if (isBiff2()) {field_4_string_len  = (short)in.readUByte();} else {field_4_string_len   = in.readShort();}field_5_bytes = IOUtils.safelyAllocate(field_4_string_len, MAX_RECORD_LENGTH);in.read(field_5_bytes, 0, field_4_string_len);if (in.remaining() > 0) {logger.log(POILogger.INFO,""LabelRecord data remains: "" + in.remaining() +"" : "" + HexDump.toHex(in.readRemainder()));}}
public DBCellRecord clone() {return copy();}","public GetCampaignResult getCampaign(GetCampaignRequest request) {request = beforeClientExecution(request);return executeGetCampaign(request);}"
"1161","public boolean isEmpty() {return backingMap.isEmpty();}
public Object subtract(Object object, Object inc) {return outputs.subtract((T) object, (T) inc);}
public String toString() {StringBuilder sb = new StringBuilder();sb.append(""[COLINFO]\n"");sb.append(""  colfirst = "").append(getFirstColumn()).append(""\n"");sb.append(""  collast  = "").append(getLastColumn()).append(""\n"");sb.append(""  colwidth = "").append(getColumnWidth()).append(""\n"");sb.append(""  xfindex  = "").append(getXFIndex()).append(""\n"");sb.append(""  options  = "").append(HexDump.shortToHex(_options)).append(""\n"");sb.append(""    hidden   = "").append(getHidden()).append(""\n"");sb.append(""    olevel   = "").append(getOutlineLevel()).append(""\n"");sb.append(""    collapsed= "").append(getCollapsed()).append(""\n"");sb.append(""[/COLINFO]\n"");return sb.toString();}
public EditList toEditList() {final EditList r = new EditList();for (HunkHeader hunk : hunks)r.addAll(hunk.toEditList());return r;}","public void setParams(String params) {super.setParams(params);if (params != null) {String[] split = params.split("","");if (split.length > 0) {commitUserData = split[0];}}}"
"1166","public HSSFCell createCell(int columnIndex, CellType type){short shortCellNum = (short)columnIndex;if(columnIndex > 0x7FFF) {shortCellNum = (short)(0xffff - columnIndex);}HSSFCell cell = new HSSFCell(book, sheet, getRowNum(), shortCellNum, type);addCell(cell);sheet.getSheet().addValueRecord(getRowNum(), cell.getCellValueRecord());return cell;}
public PhraseQuery build() {Term[] terms = this.terms.toArray(new Term[this.terms.size()]);int[] positions = new int[this.positions.size()];for (int i = 0; i < positions.length; ++i) {positions[i] = this.positions.get(i);}return new PhraseQuery(slop, terms, positions);}
public ModifyInstanceEventStartTimeResult modifyInstanceEventStartTime(ModifyInstanceEventStartTimeRequest request) {request = beforeClientExecution(request);return executeModifyInstanceEventStartTime(request);}
public boolean checkShowJsonItemName() {return false;}","public Analyzer create() {return new Analyzer() {private final Integer positionIncrementGap = AnalyzerFactory.this.positionIncrementGap;private final Integer offsetGap = AnalyzerFactory.this.offsetGap;};}"
"1171","public static RevFilter create(RevFilter[] list) {if (list.length == 2)return create(list[0], list[1]);if (list.length < 2)throw new IllegalArgumentException(JGitText.get().atLeastTwoFiltersNeeded);final RevFilter[] subfilters = new RevFilter[list.length];System.arraycopy(list, 0, subfilters, 0, list.length);return new List(subfilters);}
public DescribePrefixListsResult describePrefixLists(DescribePrefixListsRequest request) {request = beforeClientExecution(request);return executeDescribePrefixLists(request);}
public CharVector clone() {CharVector cv = new CharVector(array.clone(), blockSize);cv.n = this.n;return cv;}
public CreateDatasetImportJobResult createDatasetImportJob(CreateDatasetImportJobRequest request) {request = beforeClientExecution(request);return executeCreateDatasetImportJob(request);}","public GetRecommenderConfigurationsResult getRecommenderConfigurations(GetRecommenderConfigurationsRequest request) {request = beforeClientExecution(request);return executeGetRecommenderConfigurations(request);}"
"1176","public void setOldPrefix(String prefix) {oldPrefix = prefix;}
public DescribeAvailabilityZonesResult describeAvailabilityZones() {return describeAvailabilityZones(new DescribeAvailabilityZonesRequest());}
public final boolean matches(char c) {return this.expectedCharacter == c;}
public static void putCompressedUnicode(String input, byte[] output, int offset) {byte[] bytes = input.getBytes(ISO_8859_1);System.arraycopy(bytes, 0, output, offset, bytes.length);}","public void put(int key, int value) {int i = binarySearch(mKeys, 0, mSize, key);if (i >= 0) {mValues[i] = value;} else {i = ~i;if (mSize >= mKeys.length) {int n = ArrayUtils.idealIntArraySize(mSize + 1);int[] nkeys = new int[n];int[] nvalues = new int[n];System.arraycopy(mKeys, 0, nkeys, 0, mKeys.length);System.arraycopy(mValues, 0, nvalues, 0, mValues.length);mKeys = nkeys;mValues = nvalues;}if (mSize - i != 0) {System.arraycopy(mKeys, i, mKeys, i + 1, mSize - i);System.arraycopy(mValues, i, mValues, i + 1, mSize - i);}mKeys[i] = key;mValues[i] = value;mSize++;}}"
"1181","public void clearEscherRecords(){escherRecords.clear();}
public String getSchemeSpecificPart() {return decode(schemeSpecificPart);}
public DeleteSkillAuthorizationResult deleteSkillAuthorization(DeleteSkillAuthorizationRequest request) {request = beforeClientExecution(request);return executeDeleteSkillAuthorization(request);}
public QuerySyncPicScheduleRequest() {super(""LinkFace"", ""2018-07-20"", ""QuerySyncPicSchedule"");setProtocol(ProtocolType.HTTPS);setMethod(MethodType.POST);}","public SheetRecordCollectingListener(HSSFListener childListener) {this.childListener = childListener;}"
"1186","public boolean equals( Object o ) {return o instanceof RussianStemmer;}
public void clear() {ArrayList <HSSFShape> copy = new ArrayList<>(_shapes);for (HSSFShape shape: copy){removeShape(shape);}}
public AddTagsToVaultResult addTagsToVault(AddTagsToVaultRequest request) {request = beforeClientExecution(request);return executeAddTagsToVault(request);}
public String toString() {return getClass().getSimpleName() + '@' + Integer.toHexString(hashCode());}","public final boolean equals(Object obj) {if (obj instanceof Charset) {Charset that = (Charset) obj;return this.canonicalName.equals(that.canonicalName);}return false;}"
"1191","public String toString() {return source + "" --> "" + dest + "" "" + (char) min + ""-"" + (char) max;}
public DeleteDirectoryConfigResult deleteDirectoryConfig(DeleteDirectoryConfigRequest request) {request = beforeClientExecution(request);return executeDeleteDirectoryConfig(request);}
public static DVConstraint createTimeConstraint(int comparisonOperator, String expr1, String expr2) {if (expr1 == null) {throw new IllegalArgumentException(""expr1 must be supplied"");}OperatorType.validateSecondArg(comparisonOperator, expr1);String formula1 = getFormulaFromTextExpression(expr1);Double value1 = formula1 == null ? convertTime(expr1) : null;String formula2 = getFormulaFromTextExpression(expr2);Double value2 = formula2 == null ? convertTime(expr2) : null;return new DVConstraint(ValidationType.TIME, comparisonOperator, formula1, formula2, value1, value2, null);}
public String toString() {return ""."";}","public RestoreDBInstanceFromDBSnapshotRequest(String dBInstanceIdentifier, String dBSnapshotIdentifier) {setDBInstanceIdentifier(dBInstanceIdentifier);setDBSnapshotIdentifier(dBSnapshotIdentifier);}"
"1196","public String getName() {return seqName; }
public void readFully(byte[] buf) {readFully(buf, 0, buf.length);}
public boolean containsKey(Object o) {if(o == null)throw new NullPointerException();return false;}
public String toFormulaString() {return FormulaError.REF.getString();}","public History getWorkflowExecutionHistory(GetWorkflowExecutionHistoryRequest request) {request = beforeClientExecution(request);return executeGetWorkflowExecutionHistory(request);}"
"1201","public DeleteFileSystemPolicyResult deleteFileSystemPolicy(DeleteFileSystemPolicyRequest request) {request = beforeClientExecution(request);return executeDeleteFileSystemPolicy(request);}
public ValueEval evaluate(ValueEval[] args, int srcRowIndex, int srcColumnIndex) {switch (args.length) {case 1:return evaluate(srcRowIndex, srcColumnIndex, args[0]);case 0:return new NumberEval(srcColumnIndex+1);}return ErrorEval.VALUE_INVALID;}
public String getFormat(short index) {if (_movedBuiltins) {return _formats.get(index);}if(index == -1) {return null;}String fmt = _formats.size() > index ? _formats.get(index) : null;if (_builtinFormats.length > index && _builtinFormats[index] != null) {if (fmt != null) {return fmt;} else {return _builtinFormats[index];}}return fmt;}
public boolean include(RevWalk walker, RevCommit cmit)throws StopWalkException, MissingObjectException,IncorrectObjectTypeException, IOException {count++;if (count > maxCount)throw StopWalkException.INSTANCE;return true;}","public final Buffer mark() {mark = position;return this;}"
"1206","public ModifyClientPropertiesResult modifyClientProperties(ModifyClientPropertiesRequest request) {request = beforeClientExecution(request);return executeModifyClientProperties(request);}
public void stopWalk() {if (parent != null)parent.stopWalk();}
public ObjectId toObjectId() {return isComplete() ? new ObjectId(w1, w2, w3, w4, w5) : null;}
public UpdateIntegrationResult updateIntegration(UpdateIntegrationRequest request) {request = beforeClientExecution(request);return executeUpdateIntegration(request);}","public PutDetectorResult putDetector(PutDetectorRequest request) {request = beforeClientExecution(request);return executePutDetector(request);}"
"1211","public long getLong(String section, String name, long defaultValue) {return typedGetter.getLong(this, section, null, name, defaultValue);}
public void resetBackgroundImage(){EscherSimpleProperty property = getOptRecord().lookup(EscherPropertyTypes.FILL__PATTERNTEXTURE);if (null != property){EscherBSERecord bse = getPatriarch().getSheet().getWorkbook().getWorkbook().getBSERecord(property.getPropertyValue());bse.setRef(bse.getRef() - 1);getOptRecord().removeEscherProperty(EscherPropertyTypes.FILL__PATTERNTEXTURE);}setPropertyValue(new EscherSimpleProperty( EscherPropertyTypes.FILL__FILLTYPE, false, false, FILL_TYPE_SOLID));}
public void reset(DataInput in, long valueCount) {this.in = in;assert valueCount >= 0;this.valueCount = valueCount;off = blockSize;ord = 0;}
public ResetSnapshotAttributeResult resetSnapshotAttribute(ResetSnapshotAttributeRequest request) {request = beforeClientExecution(request);return executeResetSnapshotAttribute(request);}","public MutableValue duplicate() {MutableValueStr v = new MutableValueStr();v.value.copyBytes(value);v.exists = this.exists;return v;}"
"1216","public int getColumnNumber() { return column; }
public TokenStream create(TokenStream input) {if (pattern != null) {input = new PatternKeywordMarkerFilter(input, pattern);}if (protectedWords != null) {input = new SetKeywordMarkerFilter(input, protectedWords);}return input;}
public ElisionFilter(TokenStream input, CharArraySet articles) {super(input);this.articles = articles;}
public static int strcmp(String str, char[] a, int start) {int i, d, len = str.length();for (i = 0; i < len; i++) {d = (int) str.charAt(i) - a[start + i];if (d != 0) {return d;}if (a[start + i] == 0) {return d;}}if (a[start + i] != 0) {return -a[start + i];}return 0;}","public NavigableSet<E> descendingSet() {return (descendingSet != null) ? descendingSet: (descendingSet = new TreeSet<E>(backingMap.descendingMap()));}"
"1221","public DecisionInfo[] getDecisionInfo() {return decisions;}
public PushConnection openPush() throws NotSupportedException {throw new NotSupportedException(JGitText.get().pushIsNotSupportedForBundleTransport);}
public PutRecordResult putRecord(PutRecordRequest request) {request = beforeClientExecution(request);return executePutRecord(request);}
public List<? extends Token> getAllTokens() {List<Token> tokens = new ArrayList<Token>();Token t = nextToken();while ( t.getType()!=Token.EOF ) {tokens.add(t);t = nextToken();}return tokens;}","public ModifyInstanceCapacityReservationAttributesResult modifyInstanceCapacityReservationAttributes(ModifyInstanceCapacityReservationAttributesRequest request) {request = beforeClientExecution(request);return executeModifyInstanceCapacityReservationAttributes(request);}"
"1226","public MoveFacePhotosRequest() {super(""CloudPhoto"", ""2017-07-11"", ""MoveFacePhotos"", ""cloudphoto"");setProtocol(ProtocolType.HTTPS);}
public RequestSpotFleetResult requestSpotFleet(RequestSpotFleetRequest request) {request = beforeClientExecution(request);return executeRequestSpotFleet(request);}
public ListApplicationSnapshotsResult listApplicationSnapshots(ListApplicationSnapshotsRequest request) {request = beforeClientExecution(request);return executeListApplicationSnapshots(request);}
public DefaultAcsClient(IClientProfile profile, AlibabaCloudCredentials credentials) {this(profile, new StaticCredentialsProvider(credentials));}","public ConcurrentRefUpdateException(String message, Ref ref,RefUpdate.Result rc) {super((rc == null) ? message : message + "". "" + MessageFormat.format(JGitText.get().refUpdateReturnCodeWas, rc));this.rc = rc;this.ref = ref;}"
"1231","public DeleteNetworkAclResult deleteNetworkAcl(DeleteNetworkAclRequest request) {request = beforeClientExecution(request);return executeDeleteNetworkAcl(request);}
public ShortBuffer get(short[] dst, int dstOffset, int shortCount) {Arrays.checkOffsetAndCount(dst.length, dstOffset, shortCount);if (shortCount > remaining()) {throw new BufferUnderflowException();}for (int i = dstOffset; i < dstOffset + shortCount; ++i) {dst[i] = get();}return this;}
public static SharedValueManager createEmpty() {return new SharedValueManager(new SharedFormulaRecord[0], new CellReference[0], new ArrayRecord[0], new TableRecord[0]);}
public DeleteCacheSecurityGroupResult deleteCacheSecurityGroup(DeleteCacheSecurityGroupRequest request) {request = beforeClientExecution(request);return executeDeleteCacheSecurityGroup(request);}","public CreateGroupRequest(String groupName) {setGroupName(groupName);}"
"1236","public void setParentId(AnyObjectId newParent) {parentIds = new ObjectId[] { newParent.copy() };}
public static boolean hasConflictingAltSet(Collection<BitSet> altsets) {for (BitSet alts : altsets) {if ( alts.cardinality()>1 ) {return true;}}return false;}
public CommonRpcRequest(String product) {super(product);setAcceptFormat(FormatType.JSON);}
public K next()        { return super.nextEntry().key; }","public DeleteTransitGatewayMulticastDomainResult deleteTransitGatewayMulticastDomain(DeleteTransitGatewayMulticastDomainRequest request) {request = beforeClientExecution(request);return executeDeleteTransitGatewayMulticastDomain(request);}"
"1241","public DescribeEventsResult describeEvents(DescribeEventsRequest request) {request = beforeClientExecution(request);return executeDescribeEvents(request);}
public DescribeFleetsResult describeFleets(DescribeFleetsRequest request) {request = beforeClientExecution(request);return executeDescribeFleets(request);}
public DescribeDataRepositoryTasksResult describeDataRepositoryTasks(DescribeDataRepositoryTasksRequest request) {request = beforeClientExecution(request);return executeDescribeDataRepositoryTasks(request);}
public StartLabelDetectionResult startLabelDetection(StartLabelDetectionRequest request) {request = beforeClientExecution(request);return executeStartLabelDetection(request);}","public static long getLastCommitGeneration(String[] files) {long max = -1;for (String file : files) {if (file.startsWith(IndexFileNames.SEGMENTS) &&file.startsWith(OLD_SEGMENTS_GEN) == false) {long gen = generationFromSegmentsFileName(file);if (gen > max) {max = gen;}}}return max;}"
"1246","public EnableFastSnapshotRestoresResult enableFastSnapshotRestores(EnableFastSnapshotRestoresRequest request) {request = beforeClientExecution(request);return executeEnableFastSnapshotRestores(request);}
public ListVPCAssociationAuthorizationsResult listVPCAssociationAuthorizations(ListVPCAssociationAuthorizationsRequest request) {request = beforeClientExecution(request);return executeListVPCAssociationAuthorizations(request);}
public Thumbnail(final byte[] thumbnailData){this._thumbnailData = thumbnailData;}
public final Explanation explain(BasicStats stats, double tfn) {return Explanation.match((float) (scoreTimes1pTfn(stats) / (1 + tfn)),getClass().getSimpleName() + "", computed as 1 / (tfn + 1) from:"",Explanation.match((float) tfn, ""tfn, normalized term frequency""));}","public static String[] parse(String line) {boolean insideQuote = false;ArrayList<String> result = new ArrayList<>();int quoteCount = 0;StringBuilder sb = new StringBuilder();for(int i = 0; i < line.length(); i++) {char c = line.charAt(i);if(c == QUOTE) {insideQuote = !insideQuote;quoteCount++;}if(c == COMMA && !insideQuote) {String value = sb.toString();value = unQuoteUnEscape(value);result.add(value);sb.setLength(0);continue;}sb.append(c);}result.add(sb.toString());if(quoteCount % 2 != 0) {return new String[0];}return result.toArray(new String[result.size()]);}"
"1251","public String toString(String field) {StringBuilder buffer = new StringBuilder();buffer.append(""mask("");buffer.append(maskedQuery.toString(field));buffer.append("")"");buffer.append("" as "");buffer.append(this.field);return buffer.toString();}
public static RevFilter create(String pattern) {if (pattern.length() == 0)throw new IllegalArgumentException(JGitText.get().cannotMatchOnEmptyString);if (SubStringRevFilter.safe(pattern))return new SubStringSearch(pattern);return new PatternSearch(pattern);}
public NotImplementedFunctionException(String functionName) {super(functionName);this.functionName = functionName;}
public DeleteResourceResult deleteResource(DeleteResourceRequest request) {request = beforeClientExecution(request);return executeDeleteResource(request);}","public PaletteRecord() {PColor[] defaultPalette = createDefaultPalette();_colors.ensureCapacity(defaultPalette.length);Collections.addAll(_colors, defaultPalette);}"
"1256","public GetRepoBuildLogsRequest() {super(""cr"", ""2016-06-07"", ""GetRepoBuildLogs"", ""cr"");setUriPattern(""/repos/[RepoNamespace]/[RepoName]/build/[BuildId]/logs"");setMethod(MethodType.GET);}
public String toString() {return ""SortedSetDocValuesFacetField(dim="" + dim + "" label="" + label + "")"";}
public Break(int main, int subFrom, int subTo) {this.main = main;this.subFrom = subFrom;this.subTo = subTo;}
public void setParams(String params) {super.setParams(params);docSize = (int) Float.parseFloat(params);}","public static double pv(double r, double n, double y, double f, boolean t) {double retval = 0;if (r == 0) {retval = -1*((n*y)+f);}else {double r1 = r + 1;retval =(( ( 1 - Math.pow(r1, n) ) / r ) * (t ? r1 : 1)  * y - f)/Math.pow(r1, n);}return retval;}"
"1261","public int compareTo(File another) {return this.getPath().compareTo(another.getPath());}
public void writeByte(int value) throws IOException {checkWritePrimitiveTypes();primitiveTypes.writeByte(value);}
public String toString() {StringBuilder buffer = new StringBuilder(""[Data Table - Parent cell is an interior cell in a data table]\n"");buffer.append(""top left row = "").append(getRow()).append(""\n"");buffer.append(""top left col = "").append(getColumn()).append(""\n"");return buffer.toString();}
public Credential() {this.refreshDate = new Date();}","public NavigableMap<K, V> subMap(K fromInclusive, K toExclusive) {return subMap(fromInclusive, INCLUSIVE, toExclusive, EXCLUSIVE);}"
"1266","public DescribeLedgerResult describeLedger(DescribeLedgerRequest request) {request = beforeClientExecution(request);return executeDescribeLedger(request);}
public boolean isNoPrefix() {return noPrefix;}
public static Policy fromJson(String jsonString) {return fromJson(jsonString, new PolicyReaderOptions());}
public GetPhoneNumberResult getPhoneNumber(GetPhoneNumberRequest request) {request = beforeClientExecution(request);return executeGetPhoneNumber(request);}","public static void writeUnicodeString(LittleEndianOutput out, String value) {int nChars = value.length();out.writeShort(nChars);boolean is16Bit = hasMultibyte(value);out.writeByte(is16Bit ? 0x01 : 0x00);if (is16Bit) {putUnicodeLE(value, out);} else {putCompressedUnicode(value, out);}}"
"1271","public DescribeCoipPoolsResult describeCoipPools(DescribeCoipPoolsRequest request) {request = beforeClientExecution(request);return executeDescribeCoipPools(request);}
public void removeRow(Row row) {HSSFRow hrow = (HSSFRow) row;if (row.getSheet() != this) {throw new IllegalArgumentException(""Specified row does not belong to this sheet"");}for (Cell cell : row) {HSSFCell xcell = (HSSFCell) cell;if (xcell.isPartOfArrayFormulaGroup()) {String msg = ""Row[rownum="" + row.getRowNum() + ""] contains cell(s) included in a multi-cell array formula. You cannot change part of an array."";xcell.tryToDeleteArrayFormula(msg);}}if (_rows.size() > 0) {Integer key = Integer.valueOf(row.getRowNum());HSSFRow removedRow = _rows.remove(key);if (removedRow != row) {throw new IllegalArgumentException(""Specified row does not belong to this sheet"");}if (hrow.getRowNum() == getLastRowNum()) {_lastrow = findLastRow(_lastrow);}if (hrow.getRowNum() == getFirstRowNum()) {_firstrow = findFirstRow(_firstrow);}_sheet.removeRow(hrow.getRowRecord());if(_rows.size() == 0) {_firstrow = -1;_lastrow = -1;}}}
public static TreeFilter create(Collection<TreeFilter> list) {if (list.size() < 2)throw new IllegalArgumentException(JGitText.get().atLeastTwoFiltersNeeded);final TreeFilter[] subfilters = new TreeFilter[list.size()];list.toArray(subfilters);if (subfilters.length == 2)return create(subfilters[0], subfilters[1]);return new List(subfilters);}
public SpanOrTermsBuilder(Analyzer analyzer) {this.analyzer = analyzer;}","public boolean isReadOnly() {return byteBuffer.isReadOnly();}"
"1276","public void setValuesCellRange(CellRangeAddressBase range) {Integer count = setVerticalCellRange(dataValues, range);if (count == null){return;}series.setNumValues((short)(int)count);}
public GlobalReplicationGroup modifyGlobalReplicationGroup(ModifyGlobalReplicationGroupRequest request) {request = beforeClientExecution(request);return executeModifyGlobalReplicationGroup(request);}
public CreateTrialResult createTrial(CreateTrialRequest request) {request = beforeClientExecution(request);return executeCreateTrial(request);}
public void preWrite() {List<Property> pList = new ArrayList<>();int i=0;for (Property p : _properties) {if (p == null) continue;p.setIndex(i++);pList.add(p);}for (Property p : pList) p.preWrite();}","public E first() {return backingMap.firstKey();}"
"1281","public int available() {return data.length - ptr;}
public GetHostedZoneCountResult getHostedZoneCount(GetHostedZoneCountRequest request) {request = beforeClientExecution(request);return executeGetHostedZoneCount(request);}
public LookupResult[] getResults() {int size = size();LookupResult[] res = new LookupResult[size];for (int i = size - 1; i >= 0; i--) {res[i] = pop();}return res;}
public void add(Transition t) {if (transitions.length < next+3) {transitions = ArrayUtil.grow(transitions, next+3);}transitions[next] = t.dest;transitions[next+1] = t.min;transitions[next+2] = t.max;next += 3;}","public String getFormatString(int formatIndex) {String format = null;if (formatIndex >= HSSFDataFormat.getNumberOfBuiltinBuiltinFormats()) {FormatRecord tfr = _customFormatRecords.get(Integer.valueOf(formatIndex));if (tfr == null) {logger.log( POILogger.ERROR, ""Requested format at index "" + formatIndex+ "", but it wasn't found"");} else {format = tfr.getFormatString();}} else {format = HSSFDataFormat.getBuiltinFormat((short) formatIndex);}return format;}"
"1286","public DisassociateDelegateFromResourceResult disassociateDelegateFromResource(DisassociateDelegateFromResourceRequest request) {request = beforeClientExecution(request);return executeDisassociateDelegateFromResource(request);}
public void readFully(byte[] dst, int offset, int byteCount) throws IOException {primitiveTypes.readFully(dst, offset, byteCount);}
public StartDocumentClassificationJobResult startDocumentClassificationJob(StartDocumentClassificationJobRequest request) {request = beforeClientExecution(request);return executeStartDocumentClassificationJob(request);}
public final float[] array() {return protectedArray();}","public void prunePacked() throws IOException {ObjectDirectory objdb = repo.getObjectDatabase();Collection<PackFile> packs = objdb.getPacks();File objects = repo.getObjectsDirectory();String[] fanout = objects.list();if (fanout != null && fanout.length > 0) {pm.beginTask(JGitText.get().pruneLoosePackedObjects, fanout.length);try {for (String d : fanout) {checkCancelled();pm.update(1);if (d.length() != 2)continue;String[] entries = new File(objects, d).list();if (entries == null)continue;for (String e : entries) {checkCancelled();if (e.length() != Constants.OBJECT_ID_STRING_LENGTH - 2)continue;ObjectId id;try {id = ObjectId.fromString(d + e);} catch (IllegalArgumentException notAnObject) {continue;}boolean found = false;for (PackFile p : packs) {checkCancelled();if (p.hasObject(id)) {found = true;break;}}if (found)FileUtils.delete(objdb.fileFor(id), FileUtils.RETRY| FileUtils.SKIP_MISSING| FileUtils.IGNORE_ERRORS);}}} finally {pm.endTask();}}}"
"1291","public ListJobsByPipelineResult listJobsByPipeline(ListJobsByPipelineRequest request) {request = beforeClientExecution(request);return executeListJobsByPipeline(request);}
public SaveTaskForSubmittingDomainRealNameVerificationByIdentityCredentialRequest() {super(""Domain"", ""2018-01-29"", ""SaveTaskForSubmittingDomainRealNameVerificationByIdentityCredential"");setMethod(MethodType.POST);}
public DeleteDhcpOptionsResult deleteDhcpOptions(DeleteDhcpOptionsRequest request) {request = beforeClientExecution(request);return executeDeleteDhcpOptions(request);}
public String getSheetLastNameByExternSheet(int externSheetIndex) {return _iBook.findSheetLastNameFromExternSheet(externSheetIndex);}","public InMemorySorter(Comparator<BytesRef> comparator) {this.comparator = comparator;}"
"1296","public boolean isSymbolic() {return true;}
public static ValueEval chooseSingleElementFromArea(AreaEval ae,int srcCellRow, int srcCellCol) throws EvaluationException {ValueEval result = chooseSingleElementFromAreaInternal(ae, srcCellRow, srcCellCol);if (result instanceof ErrorEval) {throw new EvaluationException((ErrorEval) result);}return result;}
public int freeBlocks(int num) {assert num >= 0 : ""free blocks must be >= 0 but was: ""+ num;final int stop;final int count;if (num > freeBlocks) {stop = 0;count = freeBlocks;} else {stop = freeBlocks - num;count = num;}while (freeBlocks > stop) {freeByteBlocks[--freeBlocks] = null;}bytesUsed.addAndGet(-count*blockSize);assert bytesUsed.get() >= 0;return count;}
public final static String htmlEncode(String plainText){if (plainText == null || plainText.length() == 0){return """";}StringBuilder result = new StringBuilder(plainText.length());for (int index=0; index<plainText.length(); index++){char ch = plainText.charAt(index);switch (ch) {case '""':result.append(""&quot;"");break;case '&':result.append(""&amp;"");break;case '<':result.append(""&lt;"");break;case '>':result.append(""&gt;"");break;case '\'':result.append(""&#x27;"");break;case '/':result.append(""&#x2F;"");break;default:result.append(ch);}}return result.toString();}","public boolean isReuseDeltas() {return reuseDeltas;}"
"1301","public static int headerLength(String codec) {return 9+codec.length();}
public StartCelebrityRecognitionResult startCelebrityRecognition(StartCelebrityRecognitionRequest request) {request = beforeClientExecution(request);return executeStartCelebrityRecognition(request);}
public synchronized void write(byte[] buffer, int offset, int length) throws IOException {checkNotClosed();if (buffer == null) {throw new NullPointerException(""buffer == null"");}byte[] internalBuffer = buf;if (length >= internalBuffer.length) {flushInternal();out.write(buffer, offset, length);return;}Arrays.checkOffsetAndCount(buffer.length, offset, length);if (length > (internalBuffer.length - count)) {flushInternal();}System.arraycopy(buffer, offset, internalBuffer, count, length);count += length;}
public int readRecordSID() {return _lei.readUShort();}","public ListProfileTimesResult listProfileTimes(ListProfileTimesRequest request) {request = beforeClientExecution(request);return executeListProfileTimes(request);}"
"1306","public RevFilter clone() {final RevFilter[] s = new RevFilter[subfilters.length];for (int i = 0; i < s.length; i++)s[i] = subfilters[i].clone();return new List(s);}
public Cluster modifyCluster(ModifyClusterRequest request) {request = beforeClientExecution(request);return executeModifyCluster(request);}
public GetRouteResponsesResult getRouteResponses(GetRouteResponsesRequest request) {request = beforeClientExecution(request);return executeGetRouteResponses(request);}
synchronized public QueryMaker getQueryMaker(ReadTask readTask) {Class<? extends ReadTask> readTaskClass = readTask.getClass();QueryMaker qm = readTaskQueryMaker.get(readTaskClass);if (qm == null) {try {qm = qmkrClass.getConstructor().newInstance();qm.setConfig(config);} catch (Exception e) {throw new RuntimeException(e);}readTaskQueryMaker.put(readTaskClass,qm);}return qm;}","public boolean promptYesNo(String msg) {CredentialItem.YesNoType v = new CredentialItem.YesNoType(msg);return provider.get(uri, v) && v.getValue();}"
"1311","public String utf8ToString() {final char[] ref = new char[length];final int len = UnicodeUtil.UTF8toUTF16(bytes, offset, length, ref);return new String(ref, 0, len);}
public ListCandidatesForAutoMLJobResult listCandidatesForAutoMLJob(ListCandidatesForAutoMLJobRequest request) {request = beforeClientExecution(request);return executeListCandidatesForAutoMLJob(request);}
public String toFormulaString(FormulaRenderingWorkbook book) {return book.resolveNameXText(this);}
public UpdateSkillGroupResult updateSkillGroup(UpdateSkillGroupRequest request) {request = beforeClientExecution(request);return executeUpdateSkillGroup(request);}","public String getValue() {return RawParseUtils.decode(enc, buffer, valStart, valEnd);}"
"1316","public ListAssociatedFleetsResult listAssociatedFleets(ListAssociatedFleetsRequest request) {request = beforeClientExecution(request);return executeListAssociatedFleets(request);}
public void removeLastChild() {if ( children!=null ) {children.remove(children.size()-1);}}
public void decode(byte[] blocks, int blocksOffset, long[] values, int valuesOffset, int iterations) {for (int i = 0; i < iterations; ++i) {final long byte0 = blocks[blocksOffset++] & 0xFF;final long byte1 = blocks[blocksOffset++] & 0xFF;values[valuesOffset++] = (byte0 << 6) | (byte1 >>> 2);final long byte2 = blocks[blocksOffset++] & 0xFF;final long byte3 = blocks[blocksOffset++] & 0xFF;values[valuesOffset++] = ((byte1 & 3) << 12) | (byte2 << 4) | (byte3 >>> 4);final long byte4 = blocks[blocksOffset++] & 0xFF;final long byte5 = blocks[blocksOffset++] & 0xFF;values[valuesOffset++] = ((byte3 & 15) << 10) | (byte4 << 2) | (byte5 >>> 6);final long byte6 = blocks[blocksOffset++] & 0xFF;values[valuesOffset++] = ((byte5 & 63) << 8) | byte6;}}
public String describeParams() {StringBuilder sb = new StringBuilder();sb.append(""\t"").append(""maxQueryTerms  : "").append(maxQueryTerms).append(""\n"");sb.append(""\t"").append(""minWordLen     : "").append(minWordLen).append(""\n"");sb.append(""\t"").append(""maxWordLen     : "").append(maxWordLen).append(""\n"");sb.append(""\t"").append(""fieldNames     : "");String delim = """";for (String fieldName : fieldNames) {sb.append(delim).append(fieldName);delim = "", "";}sb.append(""\n"");sb.append(""\t"").append(""boost          : "").append(boost).append(""\n"");sb.append(""\t"").append(""minTermFreq    : "").append(minTermFreq).append(""\n"");sb.append(""\t"").append(""minDocFreq     : "").append(minDocFreq).append(""\n"");return sb.toString();}","public RunScheduledInstancesResult runScheduledInstances(RunScheduledInstancesRequest request) {request = beforeClientExecution(request);return executeRunScheduledInstances(request);}"
"1321","public static boolean isValidExcelDate(double value){return (value > -Double.MIN_VALUE);}
public CreateBranchCommand setForce(boolean force) {checkCallable();this.force = force;return this;}
public AbstractEscherHolderRecord(RecordInputStream in) {if (! DESERIALISE ) {rawDataContainer.concatenate(in.readRemainder());} else {byte[] data = in.readAllContinuedRemainder();convertToEscherRecords( 0, data.length, data );}}
public int next(int n) {currentSentence += n;if (n < 0) {if (text.getIndex() == text.getEndIndex()) {++currentSentence;}if (currentSentence < 0) {currentSentence = 0;text.setIndex(text.getBeginIndex());return DONE;} else {text.setIndex(sentenceStarts[currentSentence]);}} else if (n > 0) {if (currentSentence >= sentenceStarts.length) {currentSentence = sentenceStarts.length - 1;text.setIndex(text.getEndIndex());return DONE;} else {text.setIndex(sentenceStarts[currentSentence]);}}return current();}","public boolean equals(Object obj) {if (this == obj) return true;if (obj == null) return false;if (getClass() != obj.getClass()) return false;RunAutomaton other = (RunAutomaton) obj;if (alphabetSize != other.alphabetSize) return false;if (size != other.size) return false;if (!Arrays.equals(points, other.points)) return false;if (!accept.equals(other.accept)) return false;if (!Arrays.equals(transitions, other.transitions)) return false;return true;}"
"1326","public void setOffset(long offset) {this.offset = offset;}
public DescribeKeyPairsResult describeKeyPairs() {return describeKeyPairs(new DescribeKeyPairsRequest());}
public ParseTree get(String label) {List<ParseTree> parseTrees = labels.get(label);if ( parseTrees==null || parseTrees.size()==0 ) {return null;}return parseTrees.get( parseTrees.size()-1 ); }
public ListRecordsResult listRecords(ListRecordsRequest request) {request = beforeClientExecution(request);return executeListRecords(request);}","public DetectStackResourceDriftResult detectStackResourceDrift(DetectStackResourceDriftRequest request) {request = beforeClientExecution(request);return executeDetectStackResourceDrift(request);}"
"1331","public String encodeText(String originalText){return htmlEncode(originalText);}
public Collection<ParseTree> evaluate(ParseTree t) {if ( invert ) return new ArrayList<ParseTree>(); return Trees.getDescendants(t);}
public DeleteUsagePlanKeyResult deleteUsagePlanKey(DeleteUsagePlanKeyRequest request) {request = beforeClientExecution(request);return executeDeleteUsagePlanKey(request);}
public String getLocalName() {return localName;}","public DeleteDocumentResult deleteDocument(DeleteDocumentRequest request) {request = beforeClientExecution(request);return executeDeleteDocument(request);}"
"1336","public int getExternalSheetIndex(String sheetName) {int sheetIndex = _uBook.getSheetIndex(sheetName);return _iBook.checkExternSheet(sheetIndex);}
public IdentityEncoder(Charset charset) {this.charset = charset;}
public static SupBookRecord createInternalReferences(short numberOfSheets) {return new SupBookRecord(false, numberOfSheets);}
public DBInstance createDBInstanceReadReplica(CreateDBInstanceReadReplicaRequest request) {request = beforeClientExecution(request);return executeCreateDBInstanceReadReplica(request);}","public DescribePartnerEventSourceResult describePartnerEventSource(DescribePartnerEventSourceRequest request) {request = beforeClientExecution(request);return executeDescribePartnerEventSource(request);}"
"1341","public EnterStandbyResult enterStandby(EnterStandbyRequest request) {request = beforeClientExecution(request);return executeEnterStandby(request);}
public ParseException generateParseException() {jj_expentries.clear();boolean[] la1tokens = new boolean[24];if (jj_kind >= 0) {la1tokens[jj_kind] = true;jj_kind = -1;}for (int i = 0; i < 10; i++) {if (jj_la1[i] == jj_gen) {for (int j = 0; j < 32; j++) {if ((jj_la1_0[i] & (1<<j)) != 0) {la1tokens[j] = true;}}}}for (int i = 0; i < 24; i++) {if (la1tokens[i]) {jj_expentry = new int[1];jj_expentry[0] = i;jj_expentries.add(jj_expentry);}}jj_endpos = 0;jj_rescan_token();jj_add_error_token(0, 0);int[][] exptokseq = new int[jj_expentries.size()][];for (int i = 0; i < jj_expentries.size(); i++) {exptokseq[i] = jj_expentries.get(i);}return new ParseException(token, exptokseq, tokenImage);}
public CreateCloudFrontOriginAccessIdentityRequest(CloudFrontOriginAccessIdentityConfig cloudFrontOriginAccessIdentityConfig) {setCloudFrontOriginAccessIdentityConfig(cloudFrontOriginAccessIdentityConfig);}
public ResetFpgaImageAttributeResult resetFpgaImageAttribute(ResetFpgaImageAttributeRequest request) {request = beforeClientExecution(request);return executeResetFpgaImageAttribute(request);}","public void serialize(ContinuableRecordOutput out) {out.writeInt(_numStrings);out.writeInt(_numUniqueStrings);for ( int k = 0; k < strings.size(); k++ ){if (k % ExtSSTRecord.DEFAULT_BUCKET_SIZE == 0){int rOff = out.getTotalSize();int index = k/ExtSSTRecord.DEFAULT_BUCKET_SIZE;if (index < ExtSSTRecord.MAX_BUCKETS) {bucketAbsoluteOffsets[index] = rOff;bucketRelativeOffsets[index] = rOff;}}UnicodeString s = getUnicodeString(k);s.serialize(out);}}"
"1346","public DeleteGroupMembershipResult deleteGroupMembership(DeleteGroupMembershipRequest request) {request = beforeClientExecution(request);return executeDeleteGroupMembership(request);}
public GetHostedZoneCountResult getHostedZoneCount() {return getHostedZoneCount(new GetHostedZoneCountRequest());}
public NameXPtg getNameXPtg(String name, int sheetRefIndex) {for (int i = 0; i < _externalBookBlocks.length; i++) {int definedNameIndex = _externalBookBlocks[i].getIndexOfName(name);if (definedNameIndex < 0) {continue;}int thisSheetRefIndex = findRefIndexFromExtBookIndex(i);if (thisSheetRefIndex >= 0) {if (sheetRefIndex == -1 || thisSheetRefIndex == sheetRefIndex) {return new NameXPtg(thisSheetRefIndex, definedNameIndex);}}}return null;}
public E pop() {return removeFirstImpl();}","public void set(ET object) {if (expectedModCount == list.modCount) {if (lastLink != null) {lastLink.data = object;} else {throw new IllegalStateException();}} else {throw new ConcurrentModificationException();}}"
"1351","public ElisionFilterFactory(Map<String,String> args) {super(args);articlesFile = get(args, ""articles"");ignoreCase = getBoolean(args, ""ignoreCase"", false);if (!args.isEmpty()) {throw new IllegalArgumentException(""Unknown parameters: "" + args);}}
public int[] grow() {final int[] ord = super.grow();if (start.length < ord.length) {start = ArrayUtil.grow(start, ord.length);end = ArrayUtil.grow(end, ord.length);freq = ArrayUtil.grow(freq, ord.length);}assert start.length >= ord.length;assert end.length >= ord.length;assert freq.length >= ord.length;return ord;}
public GetPersonalizedRankingResult getPersonalizedRanking(GetPersonalizedRankingRequest request) {request = beforeClientExecution(request);return executeGetPersonalizedRanking(request);}
public ObjectId getObjectId() {return ObjectId.fromRaw(idBuffer(), idOffset());}","public void serialize(LittleEndianOutput out) {out.writeInt(getFirstRow());out.writeInt(getLastRow());out.writeShort(getFirstCol());out.writeShort(getLastCol());out.writeShort(( short ) 0);}"
"1356","public RmCommand(Repository repo) {super(repo);filepatterns = new LinkedList<>();}
public void recover(Parser recognizer, RecognitionException e) {for (ParserRuleContext context = recognizer.getContext(); context != null; context = context.getParent()) {context.exception = e;}throw new ParseCancellationException(e);}
public static BATBlock createBATBlock(final POIFSBigBlockSize bigBlockSize, ByteBuffer data){BATBlock block = new BATBlock(bigBlockSize);byte[] buffer = new byte[LittleEndian.INT_SIZE];for(int i=0; i<block._values.length; i++) {data.get(buffer);block._values[i] = LittleEndian.getInt(buffer);}block.recomputeFree();return block;}
public byte[] toByteArray() throws IOException {final long len = length();if (Integer.MAX_VALUE < len)throw new OutOfMemoryError(JGitText.get().lengthExceedsMaximumArraySize);final byte[] out = new byte[(int) len];int outPtr = 0;for (Block b : blocks) {System.arraycopy(b.buffer, 0, out, outPtr, b.count);outPtr += b.count;}return out;}","public short clearShort(final short holder){return ( short ) clear(holder);}"
"1361","public final String toString() {StringBuilder sb = new StringBuilder();String recordName = getRecordName();sb.append(""["").append(recordName).append(""]\n"");sb.append(""    .row    = "").append(HexDump.shortToHex(getRow())).append(""\n"");sb.append(""    .col    = "").append(HexDump.shortToHex(getColumn())).append(""\n"");sb.append(""    .xfindex= "").append(HexDump.shortToHex(getXFIndex())).append(""\n"");appendValueText(sb);sb.append(""\n"");sb.append(""[/"").append(recordName).append(""]\n"");return sb.toString();}
public IllegalFormatCodePointException(int c) {this.c = c;}
public CharSequence toQueryString(EscapeQuerySyntax escapeSyntaxParser) {return ""@"" + this.schema + "":'"" + this.value + ""'"";}
public ValueEval evaluate(ValueEval[] args, OperationEvaluationContext ec) {if (args.length != 2) {return ErrorEval.VALUE_INVALID;}try {double startDateAsNumber = NumericFunction.singleOperandEvaluate(args[0], ec.getRowIndex(), ec.getColumnIndex());int months = (int) NumericFunction.singleOperandEvaluate(args[1], ec.getRowIndex(), ec.getColumnIndex());if (startDateAsNumber >= 0.0 && startDateAsNumber < 1.0) {startDateAsNumber = 1.0;}Date startDate = DateUtil.getJavaDate(startDateAsNumber, false);Calendar cal = LocaleUtil.getLocaleCalendar();cal.setTime(startDate);cal.clear(Calendar.HOUR);cal.set(Calendar.HOUR_OF_DAY, 0);cal.clear(Calendar.MINUTE);cal.clear(Calendar.SECOND);cal.clear(Calendar.MILLISECOND);cal.add(Calendar.MONTH, months + 1);cal.set(Calendar.DAY_OF_MONTH, 1);cal.add(Calendar.DAY_OF_MONTH, -1);return new NumberEval(DateUtil.getExcelDate(cal.getTime()));} catch (EvaluationException e) {return e.getErrorEval();}}","public UnicodeString getSSTString(int str) {if (sst == null) {insertSST();}UnicodeString retval = sst.getString(str);LOG.log(DEBUG, ""Returning SST for index="", str, "" String= "", retval);return retval;}"
"1366","public String quote(String in) {final StringBuilder r = new StringBuilder();r.append('\'');int start = 0, i = 0;for (; i < in.length(); i++) {switch (in.charAt(i)) {case '\'':case '!':r.append(in, start, i);r.append('\'');r.append('\\');r.append(in.charAt(i));r.append('\'');start = i + 1;break;}}r.append(in, start, i);r.append('\'');return r.toString();}
public void clear() {lastElement = 0;currentOffset = 0;Arrays.fill(offsets, 0);pool.reset(false, true); }
public ReplaceableItem(String name, java.util.List<ReplaceableAttribute> attributes) {setName(name);setAttributes(attributes);}
public int getScore() {return score;}","public IrishLowerCaseFilter(TokenStream in) {super(in);}"
"1371","public synchronized void setSecondaryProgress(int secondaryProgress) {if (mIndeterminate) {return;}if (secondaryProgress < 0) {secondaryProgress = 0;}if (secondaryProgress > mMax) {secondaryProgress = mMax;}if (secondaryProgress != mSecondaryProgress) {mSecondaryProgress = secondaryProgress;refreshProgress(R.id.secondaryProgress, mSecondaryProgress, false);}}
public static byte[] grow(byte[] array) {return grow(array, 1 + array.length);}
public List<Token> getHiddenTokensToRight(int tokenIndex) {return getHiddenTokensToRight(tokenIndex, -1);}
public DataValidityTable() {_headerRec = new DVALRecord();_validationList = new ArrayList<>();}","public EvaluationException(ErrorEval errorEval) {_errorEval = errorEval;}"
"1376","public UpdateConfigurationTemplateRequest(String applicationName, String templateName) {setApplicationName(applicationName);setTemplateName(templateName);}
public DescribeAvailabilityZonesResult describeAvailabilityZones(DescribeAvailabilityZonesRequest request) {request = beforeClientExecution(request);return executeDescribeAvailabilityZones(request);}
public static int idealShortArraySize(int need) {return idealByteArraySize(need * 2) / 2;}
public NumericPayloadTokenFilterFactory(Map<String, String> args) {super(args);payload = requireFloat(args, ""payload"");typeMatch = require(args, ""typeMatch"");if (!args.isEmpty()) {throw new IllegalArgumentException(""Unknown parameters: "" + args);}}","public void decode(byte[] blocks, int blocksOffset, long[] values, int valuesOffset, int iterations) {for (int j = 0; j < iterations; ++j) {values[valuesOffset++] = blocks[blocksOffset++] & 0xFF;}}"
"1381","public DescribeResourcePermissionsResult describeResourcePermissions(DescribeResourcePermissionsRequest request) {request = beforeClientExecution(request);return executeDescribeResourcePermissions(request);}
public TokenStream create(TokenStream input) {return map.fst == null ? input : new SynonymFilter(input, map, ignoreCase);}
public List<String> getRuleInvocationStack() {return getRuleInvocationStack(_ctx);}
public void write(String s) {reserve(s.length());s.getChars(0,s.length(),buf, len);len +=s.length();}","public void clear() {map.clear();}"
"1386","public DeleteWorkteamResult deleteWorkteam(DeleteWorkteamRequest request) {request = beforeClientExecution(request);return executeDeleteWorkteam(request);}
public String toString() {return ""("" + a.toString() + "" OR "" + b.toString() + "")"";}
public TreeFilter clone() {final TreeFilter[] s = new TreeFilter[subfilters.length];for (int i = 0; i < s.length; i++)s[i] = subfilters[i].clone();return new List(s);}
public String toString() {StringBuilder buf = new StringBuilder();buf.append(""DiffEntry["");buf.append(changeType);buf.append("" "");switch (changeType) {case ADD:buf.append(newPath);break;case COPY:buf.append(oldPath + ""->"" + newPath);break;case DELETE:buf.append(oldPath);break;case MODIFY:buf.append(oldPath);break;case RENAME:buf.append(oldPath + ""->"" + newPath);break;}buf.append(""]"");return buf.toString();}","public CreateRepositoryResult createRepository(CreateRepositoryRequest request) {request = beforeClientExecution(request);return executeCreateRepository(request);}"
"1391","public static String toHex(String value) {return (value == null || value.length() == 0)? ""[]"": toHex(value.getBytes(LocaleUtil.CHARSET_1252));}
public LineFormatRecord(RecordInputStream in) {field_1_lineColor          = in.readInt();field_2_linePattern        = in.readShort();field_3_weight             = in.readShort();field_4_format             = in.readShort();field_5_colourPaletteIndex = in.readShort();}
public DescribeClusterResult describeCluster(DescribeClusterRequest request) {request = beforeClientExecution(request);return executeDescribeCluster(request);}
public UserAgentConfig getUserAgentConfig() {return userAgentConfig;}","public float getTokenScore() {String termText = termAtt.toString();WeightedTerm queryTerm = termsToFind.get(termText);if (queryTerm == null) {return 0;}if (!uniqueTermsInFragment.contains(termText)) {totalScore += queryTerm.getWeight();uniqueTermsInFragment.add(termText);}return queryTerm.getWeight();}"
"1396","public void clear() {arrays.clear();}
public DescribeEndpointsResult describeEndpoints(DescribeEndpointsRequest request) {request = beforeClientExecution(request);return executeDescribeEndpoints(request);}
public String toString() {return ""PATH(\"""" + pathStr + ""\"")"";}
public DictionaryCompoundWordTokenFilterFactory(Map<String, String> args) {super(args);dictFile = require(args, ""dictionary"");minWordSize = getInt(args, ""minWordSize"", CompoundWordTokenFilterBase.DEFAULT_MIN_WORD_SIZE);minSubwordSize = getInt(args, ""minSubwordSize"", CompoundWordTokenFilterBase.DEFAULT_MIN_SUBWORD_SIZE);maxSubwordSize = getInt(args, ""maxSubwordSize"", CompoundWordTokenFilterBase.DEFAULT_MAX_SUBWORD_SIZE);onlyLongestMatch = getBoolean(args, ""onlyLongestMatch"", true);if (!args.isEmpty()) {throw new IllegalArgumentException(""Unknown parameters: "" + args);}}","public final void writeFloat(float val) throws IOException {writeInt(Float.floatToIntBits(val));}"
"1401","public char[] toCharArray() {char newbuf[] = new char[size()];System.arraycopy(buf, 0, newbuf, 0, size());return newbuf;}
public IntervalSet getExpectedTokens() {if (recognizer != null) {return recognizer.getATN().getExpectedTokens(offendingState, ctx);}return null;}
public HindiNormalizationFilterFactory(Map<String,String> args) {super(args);if (!args.isEmpty()) {throw new IllegalArgumentException(""Unknown parameters: "" + args);}}
public UpdateUserIdentityInfoResult updateUserIdentityInfo(UpdateUserIdentityInfoRequest request) {request = beforeClientExecution(request);return executeUpdateUserIdentityInfo(request);}","public Allocator(int blockSize) {this.blockSize = blockSize;}"
"1406","public NoteMapMerger(Repository db, NoteMerger noteMerger,MergeStrategy nonNotesMergeStrategy) {this.db = db;this.reader = db.newObjectReader();this.inserter = db.newObjectInserter();this.noteMerger = noteMerger;this.nonNotesMergeStrategy = nonNotesMergeStrategy;this.objectIdPrefix = new MutableObjectId();}
public ListAliasesResult listAliases(ListAliasesRequest request) {request = beforeClientExecution(request);return executeListAliases(request);}
public STSAssumeRoleSessionCredentialsProvider withRoleSessionName(String roleSessionName) {this.roleSessionName = roleSessionName;return this;}
public IntList(int capacity) {entries = new int[capacity];}","public Result getResult() {return result;}"
"1411","public int size() {return count;}
public DescribeAccountAttributesResult describeAccountAttributes() {return describeAccountAttributes(new DescribeAccountAttributesRequest());}
public String toString() {return ""G"";}
public StoredField(String name, double value) {super(name, TYPE);fieldsData = value;}","public GroupedFacetResult(int size, int minCount, boolean orderByCount, int totalCount, int totalMissingCount) {this.facetEntries = new TreeSet<>(orderByCount ? orderByCountAndValue : orderByValue);this.totalMissingCount = totalMissingCount;this.totalCount = totalCount;maxSize = size;currentMin = minCount;}"
"1416","public FieldInfo fieldInfo(String fieldName) {return byName.get(fieldName);}
public int regionStart() {return regionStart;}
public int getPort() {return Host.this.getPort();}
public InterruptTimer(String threadName) {state = new AlarmState();autoKiller = new AutoKiller(state);thread = new AlarmThread(threadName, state);thread.start();}","public HighFrequencyDictionary(IndexReader reader, String field, float thresh) {this.reader = reader;this.field = field;this.thresh = thresh;}"
"1421","public ModifyDBProxyTargetGroupResult modifyDBProxyTargetGroup(ModifyDBProxyTargetGroupRequest request) {request = beforeClientExecution(request);return executeModifyDBProxyTargetGroup(request);}
public void close() throws IOException {input.close();}
public void reset() {arriving = -1;leaving = -1;}
public SetLoadBalancerListenerSSLCertificateRequest(String loadBalancerName, Integer loadBalancerPort, String sSLCertificateId) {setLoadBalancerName(loadBalancerName);setLoadBalancerPort(loadBalancerPort);setSSLCertificateId(sSLCertificateId);}","public SpanTermQuery(Term term) {this.term = Objects.requireNonNull(term);this.termStates = null;}"
"1426","public long ramBytesUsed() {long ramBytesUsed = postingsReader.ramBytesUsed();for (TermsReader r : fields.values()) {ramBytesUsed += r.ramBytesUsed();}return ramBytesUsed;}
public boolean equals(Object o) {if (this.getClass() != o.getClass()) return false;DocFreqValueSource other = (DocFreqValueSource)o;return this.indexedField.equals(other.indexedField) && this.indexedBytes.equals(other.indexedBytes);}
public Term getLucenePrefixTerm(String fieldName) {return new Term(fieldName, getPrefix());}
public Collection<ParseTree> evaluate(ParseTree t) {return Trees.findAllTokenNodes(t, tokenType);}","public static Signer getSigner(AlibabaCloudCredentials credentials) {if (credentials instanceof KeyPairCredentials) {return SHA256_WITH_RSA_SIGNER;} else if (credentials instanceof BearerTokenCredentials) {return BEARER_TOKEN_SIGNER;} else {return HMACSHA1_SIGNER;}}"
"1431","public PutAccountSendingAttributesResult putAccountSendingAttributes(PutAccountSendingAttributesRequest request) {request = beforeClientExecution(request);return executePutAccountSendingAttributes(request);}
public static String getExtension(String filename) {final int idx = filename.indexOf('.');if (idx == -1) {return null;} else {return filename.substring(idx + 1, filename.length());}}
public RunJobFlowResult runJobFlow(RunJobFlowRequest request) {request = beforeClientExecution(request);return executeRunJobFlow(request);}
public int lastLength() {return lastLength;}","public ListStreamConsumersResult listStreamConsumers(ListStreamConsumersRequest request) {request = beforeClientExecution(request);return executeListStreamConsumers(request);}"
"1436","public static SimpleFraction buildFractionMaxDenominator(double value, int maxDenominator){return buildFractionMaxDenominator(value, 0, maxDenominator, 100);}
public void seekExact(BytesRef term, TermState state) {throw new IllegalStateException(""this method should never be called"");}
public LsRemoteCommand setUploadPack(String uploadPack) {this.uploadPack = uploadPack;return this;}
public ValueEval evaluate(int srcRowIndex, int srcColumnIndex, ValueEval numberVE) {final String hex;if (numberVE instanceof RefEval) {RefEval re = (RefEval) numberVE;hex = OperandResolver.coerceValueToString(re.getInnerValueEval(re.getFirstSheetIndex()));} else {hex = OperandResolver.coerceValueToString(numberVE);}try {return new NumberEval(BaseNumberUtils.convertToDecimal(hex, HEXADECIMAL_BASE, MAX_NUMBER_OF_PLACES));}  catch (IllegalArgumentException e) {return ErrorEval.NUM_ERROR;}}","public DescribeInstancesResult describeInstances() {return describeInstances(new DescribeInstancesRequest());}"
"1441","public Collection<RevCommit> call() throws GitAPIException,InvalidRefNameException {checkCallable();try {if (repo.exactRef(Constants.R_STASH) == null)return Collections.emptyList();} catch (IOException e) {throw new InvalidRefNameException(MessageFormat.format(JGitText.get().cannotRead, Constants.R_STASH), e);}final ReflogCommand refLog = new ReflogCommand(repo);refLog.setRef(Constants.R_STASH);final Collection<ReflogEntry> stashEntries = refLog.call();if (stashEntries.isEmpty())return Collections.emptyList();final List<RevCommit> stashCommits = new ArrayList<>(stashEntries.size());try (RevWalk walk = new RevWalk(repo)) {for (ReflogEntry entry : stashEntries) {try {stashCommits.add(walk.parseCommit(entry.getNewId()));} catch (IOException e) {throw new JGitInternalException(MessageFormat.format(JGitText.get().cannotReadCommit, entry.getNewId()),e);}}}return stashCommits;}
public void write(LittleEndianOutput out) {out.writeByte(sid + getPtgClass());out.writeByte(field_1_error_code);}
public PutAccountSettingResult putAccountSetting(PutAccountSettingRequest request) {request = beforeClientExecution(request);return executePutAccountSetting(request);}
public static CharacterBuffer newCharacterBuffer(final int bufferSize) {if (bufferSize < 2) {throw new IllegalArgumentException(""buffersize must be >= 2"");}return new CharacterBuffer(new char[bufferSize], 0, 0);}","public int getLevelForDistance(double dist) {if (dist == 0)return maxLevels;for (int i = 0; i < maxLevels-1; i++) {if(dist > levelW[i] && dist > levelH[i]) {return i+1;}}return maxLevels;}"
"1446","public Query makeLuceneQueryFieldNoBoost(String fieldName, BasicQueryFactory qf) {return makeLuceneQueryNoBoost(qf); }
public ListDedicatedIpPoolsResult listDedicatedIpPools(ListDedicatedIpPoolsRequest request) {request = beforeClientExecution(request);return executeListDedicatedIpPools(request);}
public static ValueVector createVector(RefEval re) {return new SheetVector(re);}
public RemoveNoteCommand setObjectId(RevObject id) {checkCallable();this.id = id;return this;}","public int getSheetIndex(String sheetName) {return _uBook.getSheetIndex(sheetName);}"
"1451","public void serialize(LittleEndianOutput out) {out.writeShort(field_1_chartGroupIndex);}
public FontFormatting() {setFontHeight(-1);setItalic(false);setFontWieghtModified(false);setOutline(false);setShadow(false);setStrikeout(false);setEscapementType((short)0);setUnderlineType((byte)0);setFontColorIndex((short)-1);setFontStyleModified(false);setFontOutlineModified(false);setFontShadowModified(false);setFontCancellationModified(false);setEscapementTypeModified(false);setUnderlineTypeModified(false);setShort(OFFSET_FONT_NAME, 0);setInt(OFFSET_NOT_USED1, 0x00000001);setInt(OFFSET_NOT_USED2, 0x00000000);setInt(OFFSET_NOT_USED3, 0x7FFFFFFF);setShort(OFFSET_FONT_FORMATING_END, 0x0001);}
public GetFacetResult getFacet(GetFacetRequest request) {request = beforeClientExecution(request);return executeGetFacet(request);}
public IndexInput clone() {return (IndexInput) super.clone();}","public String toFormulaString(){throw new RuntimeException(""Table and Arrays are not yet supported"");}"
"1456","public StartFleetResult startFleet(StartFleetRequest request) {request = beforeClientExecution(request);return executeStartFleet(request);}
public static FontFamily valueOf(int nativeId) {for (FontFamily ff : values()) {if (ff.nativeId == nativeId) {return ff;}}return null;}
public synchronized boolean isEmpty() {return size == 0;}
public static String encodeBytes(byte[] source) {return encodeBytes(source, 0, source.length);}","public DescribeBackupsResult describeBackups(DescribeBackupsRequest request) {request = beforeClientExecution(request);return executeDescribeBackups(request);}"
"1461","public ReflectionMethodRecordCreator(Method m) {_m = m;}
public static int resolvesToJustOneViableAlt(Collection<BitSet> altsets) {return getSingleViableAlt(altsets);}
public GetGatewayResult getGateway(GetGatewayRequest request) {request = beforeClientExecution(request);return executeGetGateway(request);}
public void onFilterComplete(int count) {updateDropDownForFilter(count);}","public boolean isReadOnly() {return true;}"
"1466","public FreeRefFunction findUserDefinedFunction(String functionName) {return _bookEvaluator.findUserDefinedFunction(functionName);}
public boolean equals(Object obj) {if (!(obj instanceof PrecedencePredicate)) {return false;}if (this == obj) {return true;}PrecedencePredicate other = (PrecedencePredicate)obj;return this.precedence == other.precedence;}
public int getStringWidth(String str){int width = 0;for (int i = 0; i < str.length(); i++){width += getCharWidth(str.charAt(i));}return width;}
public ByteVector(byte[] a) {blockSize = DEFAULT_BLOCK_SIZE;array = a;n = 0;}","public DeleteVerifiedEmailAddressResult deleteVerifiedEmailAddress(DeleteVerifiedEmailAddressRequest request) {request = beforeClientExecution(request);return executeDeleteVerifiedEmailAddress(request);}"
"1471","public DescribeScalingActivitiesResult describeScalingActivities(DescribeScalingActivitiesRequest request) {request = beforeClientExecution(request);return executeDescribeScalingActivities(request);}
public SimpleQueryParser(Analyzer analyzer, String field) {this(analyzer, Collections.singletonMap(field, 1.0F));}
final public SrndQuery AndQuery() throws ParseException {SrndQuery q;ArrayList<SrndQuery> queries = null;Token oprt = null;q = NotQuery();label_3:while (true) {switch ((jj_ntk==-1)?jj_ntk():jj_ntk) {case AND:;break;default:jj_la1[1] = jj_gen;break label_3;}oprt = jj_consume_token(AND);if (queries == null) {queries = new ArrayList<SrndQuery>();queries.add(q);}q = NotQuery();queries.add(q);}{if (true) return (queries == null) ? q : getAndQuery(queries, true , oprt);}throw new Error(""Missing return statement in function"");}
public final int get() {if (position == limit) {throw new BufferUnderflowException();}return backingArray[offset + position++];}","public AddJobFlowStepsRequest(String jobFlowId, java.util.List<StepConfig> steps) {setJobFlowId(jobFlowId);setSteps(steps);}"
"1476","public String toFormulaString(String[] operands) {StringBuilder buffer = new StringBuilder();buffer.append( operands[0] );buffer.append(""<>"");buffer.append( operands[1] );return buffer.toString();}
public static String toHex(short value) {StringBuilder sb = new StringBuilder(4);writeHex(sb, value & 0xFFFF, 4, """");return sb.toString();}
public static String stripSegmentName(String filename) {int idx = indexOfSegmentName(filename);if (idx != -1) {filename = filename.substring(idx);}return filename;}
public InvalidMarkException(String detailMessage) {super(detailMessage);}","public V nextElement() { return nextEntryNotFailFast().value; }"
"1481","public boolean equals(Object o) {if (o instanceof PersonIdent) {final PersonIdent p = (PersonIdent) o;return getName().equals(p.getName())&& getEmailAddress().equals(p.getEmailAddress())&& when / 1000L == p.when / 1000L;}return false;}
public DetectKeyPhrasesResult detectKeyPhrases(DetectKeyPhrasesRequest request) {request = beforeClientExecution(request);return executeDetectKeyPhrases(request);}
public long skip(long byteCount) throws IOException {return Streams.skipByReading(this, byteCount);}
public ByteBuffer get(byte[] dst) {return get(dst, 0, dst.length);}","public void setHideObj(short hide){field_1_hide_obj = hide;}"
"1486","public final void setLastColumnRaw(short column) {field_4_last_column = column;}
public static PrintCellComments valueOf(int value){return _table[value];}
public DBInstance deleteDBInstance(DeleteDBInstanceRequest request) {request = beforeClientExecution(request);return executeDeleteDBInstance(request);}
public String require(Map<String,String> args, String name) {String s = args.remove(name);if (s == null) {throw new IllegalArgumentException(""Configuration Error: missing parameter '"" + name + ""'"");}return s;}","public CompositeReaderContext build() {return (CompositeReaderContext) build(null, reader, 0, 0);}"
"1491","public GetImageLayerRequest() {super(""cr"", ""2016-06-07"", ""GetImageLayer"", ""cr"");setUriPattern(""/repos/[RepoNamespace]/[RepoName]/tags/[Tag]/layers"");setMethod(MethodType.GET);}
public ParameterNameValue(String parameterName) {setParameterName(parameterName);}
public CreateDirectConnectGatewayAssociationProposalResult createDirectConnectGatewayAssociationProposal(CreateDirectConnectGatewayAssociationProposalRequest request) {request = beforeClientExecution(request);return executeCreateDirectConnectGatewayAssociationProposal(request);}
public ListResourceDelegatesResult listResourceDelegates(ListResourceDelegatesRequest request) {request = beforeClientExecution(request);return executeListResourceDelegates(request);}","public ValueEval evaluate(int srcRowIndex, int srcColumnIndex, ValueEval numberVE, ValueEval placesVE) {ValueEval veText1;try {veText1 = OperandResolver.getSingleValue(numberVE, srcRowIndex, srcColumnIndex);} catch (EvaluationException e) {return e.getErrorEval();}String strText1 = OperandResolver.coerceValueToString(veText1);Double number = OperandResolver.parseDouble(strText1);if (number == null) {return ErrorEval.VALUE_INVALID;}if (number.longValue() < MIN_VALUE || number.longValue() > MAX_VALUE) {return ErrorEval.NUM_ERROR;}int placesNumber;if (number < 0 || placesVE == null) {placesNumber = DEFAULT_PLACES_VALUE;} else {ValueEval placesValueEval;try {placesValueEval = OperandResolver.getSingleValue(placesVE, srcRowIndex, srcColumnIndex);} catch (EvaluationException e) {return e.getErrorEval();}String placesStr = OperandResolver.coerceValueToString(placesValueEval);Double placesNumberDouble = OperandResolver.parseDouble(placesStr);if (placesNumberDouble == null) {return ErrorEval.VALUE_INVALID;}placesNumber = placesNumberDouble.intValue();if (placesNumber < 0 || placesNumber == 0) {return ErrorEval.NUM_ERROR;}}String binary = Integer.toBinaryString(number.intValue());if (binary.length() > DEFAULT_PLACES_VALUE) {binary = binary.substring(binary.length() - DEFAULT_PLACES_VALUE);}if (binary.length() > placesNumber) {return ErrorEval.NUM_ERROR;}return new StringEval(binary);}"
"1496","public static int checkHeaderNoMagic(DataInput in, String codec, int minVersion, int maxVersion) throws IOException {final String actualCodec = in.readString();if (!actualCodec.equals(codec)) {throw new CorruptIndexException(""codec mismatch: actual codec="" + actualCodec + "" vs expected codec="" + codec, in);}final int actualVersion = in.readInt();if (actualVersion < minVersion) {throw new IndexFormatTooOldException(in, actualVersion, minVersion, maxVersion);}if (actualVersion > maxVersion) {throw new IndexFormatTooNewException(in, actualVersion, minVersion, maxVersion);}return actualVersion;}
public DescribeDefaultParametersResult describeDefaultParameters(DescribeDefaultParametersRequest request) {request = beforeClientExecution(request);return executeDescribeDefaultParameters(request);}
public SimpleSpanFragmenter(QueryScorer queryScorer, int fragmentSize) {this.fragmentSize = fragmentSize;this.queryScorer = queryScorer;}
public CreateApplicationResult createApplication(CreateApplicationRequest request) {request = beforeClientExecution(request);return executeCreateApplication(request);}","public URIish getURI() {return uri;}"
"1501","public DeleteConferenceProviderResult deleteConferenceProvider(DeleteConferenceProviderRequest request) {request = beforeClientExecution(request);return executeDeleteConferenceProvider(request);}
public byte setByte(final byte holder){return ( byte ) set(holder);}
public PipedInputStream(PipedOutputStream out) throws IOException {connect(out);}
public IntBuffer slice() {byteBuffer.limit(limit * SizeOf.INT);byteBuffer.position(position * SizeOf.INT);ByteBuffer bb = byteBuffer.slice().order(byteBuffer.order());IntBuffer result = new IntToByteBufferAdapter(bb);byteBuffer.clear();return result;}","public CreateDeploymentConfigResult createDeploymentConfig(CreateDeploymentConfigRequest request) {request = beforeClientExecution(request);return executeCreateDeploymentConfig(request);}"
"1506","public HSSFColor findColor(byte red, byte green, byte blue){byte[] b = _palette.getColor(PaletteRecord.FIRST_COLOR_INDEX);for (short i = PaletteRecord.FIRST_COLOR_INDEX; b != null;b = _palette.getColor(++i)){if (b[0] == red && b[1] == green && b[2] == blue){return new CustomColor(i, b);}}return null;}
public boolean canEncode(char c) {return implCanEncode(CharBuffer.wrap(new char[] { c }));}
public NetworkInterface(String macAddress) {mac = macAddress;path = ""/network/interfaces/macs/"" + mac + ""/"";}
public final boolean isAccept(int state) {return accept.get(state);}","public String toStringTree() {return toStringTree((List<String>)null);}"
"1511","public TermRangeQuery(String field, BytesRef lowerTerm, BytesRef upperTerm, boolean includeLower, boolean includeUpper) {super(new Term(field, lowerTerm), toAutomaton(lowerTerm, upperTerm, includeLower, includeUpper), Integer.MAX_VALUE, true);this.lowerTerm = lowerTerm;this.upperTerm = upperTerm;this.includeLower = includeLower;this.includeUpper = includeUpper;}
public ScanResult scan(String tableName, java.util.List<String> attributesToGet) {return scan(new ScanRequest().withTableName(tableName).withAttributesToGet(attributesToGet));}
public StopLabelingJobResult stopLabelingJob(StopLabelingJobRequest request) {request = beforeClientExecution(request);return executeStopLabelingJob(request);}
public PublishSchemaResult publishSchema(PublishSchemaRequest request) {request = beforeClientExecution(request);return executePublishSchema(request);}","public DeleteAttributesRequest(String domainName, String itemName, java.util.List<Attribute> attributes) {setDomainName(domainName);setItemName(itemName);setAttributes(attributes);}"
"1516","public ObjectId toObjectId() {return this;}
@Override public ListIterator<E> listIterator() {return listIterator(0);}
public ExternalBookBlock() {_externalBookRecord = SupBookRecord.createAddInFunctions();_externalNameRecords = new ExternalNameRecord[0];_crnBlocks = new CRNBlock[0];}
public String getFragment() {return decode(fragment);}","public String toString() {return slice.toString()+"":""+ postingsEnum;}"
"1521","public ByteBuffer putDouble(double value) {throw new ReadOnlyBufferException();}
public static InternalWorkbook createStubWorkbook(ExternSheetRecord[] externs,BoundSheetRecord[] bounds) {return createStubWorkbook(externs, bounds, null);}
public IndexDocumentsResult indexDocuments(IndexDocumentsRequest request) {request = beforeClientExecution(request);return executeIndexDocuments(request);}
public String toStringTree(Parser recog) {return Trees.toStringTree(this, recog);}","public FieldsConsumer fieldsConsumer(SegmentWriteState state)throws IOException {if (delegatePostingsFormat == null) {throw new UnsupportedOperationException(""Error - "" + getClass().getName()+ "" has been constructed without a choice of PostingsFormat"");}FieldsConsumer fieldsConsumer = delegatePostingsFormat.fieldsConsumer(state);return new BloomFilteredFieldsConsumer(fieldsConsumer, state);}"
"1526","public String toString() {return super.toString() + ""(\"""" + pattern.pattern() + ""\"")"";}
public static String stripTags(String buf, int start) {if (start>0) {buf = buf.substring(start);}return buf.replaceAll(""<[^>]*>"", "" "");}
public Reader create(Reader input) {return new JapaneseIterationMarkCharFilter(input, normalizeKanji, normalizeKana);}
public int getKeyProgressIncrement() {return mKeyProgressIncrement;}","public void ReInit(StandardSyntaxParserTokenManager tm) {token_source = tm;token = new Token();jj_ntk = -1;jj_gen = 0;for (int i = 0; i < 25; i++) jj_la1[i] = -1;for (int i = 0; i < jj_2_rtns.length; i++) jj_2_rtns[i] = new JJCalls();}"
"1531","public long copyUsingLengthPrefix(BytesRef bytes) {if (bytes.length >= 32768) {throw new IllegalArgumentException(""max length is 32767 (got "" + bytes.length + "")"");}if (upto + bytes.length + 2 > blockSize) {if (bytes.length + 2 > blockSize) {throw new IllegalArgumentException(""block size "" + blockSize + "" is too small to store length "" + bytes.length + "" bytes"");}if (currentBlock != null) {addBlock(currentBlock);}currentBlock = new byte[blockSize];upto = 0;}final long pointer = getPointer();if (bytes.length < 128) {currentBlock[upto++] = (byte) bytes.length;} else {currentBlock[upto++] = (byte) (0x80 | (bytes.length >> 8));currentBlock[upto++] = (byte) (bytes.length & 0xff);}System.arraycopy(bytes.bytes, bytes.offset, currentBlock, upto, bytes.length);upto += bytes.length;return pointer;}
public HighFreqTerm(int[] docIDs, int[] freqs, int[][] positions, byte[][][] payloads, long totalTermFreq) {this.docIDs = docIDs;this.freqs = freqs;this.positions = positions;this.payloads = payloads;this.totalTermFreq = totalTermFreq;}
public TermQuery newTermQuery(Term term) throws TooManyBasicQueries {checkMax();return new TermQuery(term);}
public HindiStemFilterFactory(Map<String,String> args) {super(args);if (!args.isEmpty()) {throw new IllegalArgumentException(""Unknown parameters: "" + args);}}","public DecisionInfo[] getDecisionInfo() {return atnSimulator.getDecisionInfo();}"
"1536","public String toString() {return ""<regexp field='"" + this.field + ""' term='"" + this.text + ""'/>"";}
public CreateStackSetResult createStackSet(CreateStackSetRequest request) {request = beforeClientExecution(request);return executeCreateStackSet(request);}
public SendMessagesResult sendMessages(SendMessagesRequest request) {request = beforeClientExecution(request);return executeSendMessages(request);}
public synchronized void setCharAt(int index, char ch) {super.setCharAt(index, ch);}","public CreateIntegrationResult createIntegration(CreateIntegrationRequest request) {request = beforeClientExecution(request);return executeCreateIntegration(request);}"
"1541","public void execute(Lexer lexer) {lexer.mode(mode);}
public void readFully(byte[] dst) throws IOException {primitiveTypes.readFully(dst);}
public final void decRef() throws IOException {ensureOpen();final int rc = refCount.decrementAndGet();if (rc == 0) {boolean success = false;try {doClose();closed = true;success = true;} finally {if (!success) {refCount.incrementAndGet();}}} else if (rc < 0) {throw new IllegalStateException(""too many decRef calls: refCount is "" + rc + "" after decrement"");}}
public String toString() {if ( dfa.s0==null ) return null;StringBuilder buf = new StringBuilder();List<DFAState> states = dfa.getStates();for (DFAState s : states) {int n = 0;if ( s.edges!=null ) n = s.edges.length;for (int i=0; i<n; i++) {DFAState t = s.edges[i];if ( t!=null && t.stateNumber != Integer.MAX_VALUE ) {buf.append(getStateString(s));String label = getEdgeLabel(i);buf.append(""-"").append(label).append(""->"").append(getStateString(t)).append('\n');}}}String output = buf.toString();if ( output.length()==0 ) return null;return output;}","public static void register(Repository db) {if (db.getDirectory() != null) {FileKey key = FileKey.exact(db.getDirectory(), db.getFS());cache.registerRepository(key, db);}}"
"1546","public GetConfigurationSetEventDestinationsResult getConfigurationSetEventDestinations(GetConfigurationSetEventDestinationsRequest request) {request = beforeClientExecution(request);return executeGetConfigurationSetEventDestinations(request);}
public ByteBuffer put(byte value) {throw new ReadOnlyBufferException();}
public ValueEval evaluate(int srcRowIndex, int srcColumnIndex, ValueEval arg0, ValueEval arg1,ValueEval arg2) {AreaEval aeRange;AreaEval aeSum;try {aeRange = convertRangeArg(arg0);aeSum = createSumRange(arg2, aeRange);} catch (EvaluationException e) {return e.getErrorEval();}return eval(srcRowIndex, srcColumnIndex, arg1, aeRange, aeSum);}
public MoPenAddGroupMemberRequest() {super(""MoPen"", ""2018-02-11"", ""MoPenAddGroupMember"", ""mopen"");setProtocol(ProtocolType.HTTPS);setMethod(MethodType.POST);}","public DeleteAssessmentTargetResult deleteAssessmentTarget(DeleteAssessmentTargetRequest request) {request = beforeClientExecution(request);return executeDeleteAssessmentTarget(request);}"
"1551","public String toString() {StringBuilder buffer = new StringBuilder();buffer.append(""[SXDI]\n"");buffer.append(""  .isxvdData = "").append(HexDump.shortToHex(isxvdData)).append(""\n"");buffer.append(""  .iiftab = "").append(HexDump.shortToHex(iiftab)).append(""\n"");buffer.append(""  .df = "").append(HexDump.shortToHex(df)).append(""\n"");buffer.append(""  .isxvd = "").append(HexDump.shortToHex(isxvd)).append(""\n"");buffer.append(""  .isxvi = "").append(HexDump.shortToHex(isxvi)).append(""\n"");buffer.append(""  .ifmt = "").append(HexDump.shortToHex(ifmt)).append(""\n"");buffer.append(""[/SXDI]\n"");return buffer.toString();}
public String toString() {return ""LL"";}
public DescribeReservedInstancesOfferingsResult describeReservedInstancesOfferings(DescribeReservedInstancesOfferingsRequest request) {request = beforeClientExecution(request);return executeDescribeReservedInstancesOfferings(request);}
public void setNextEnum(TermsEnum termsEnum) {this.termsEnum = termsEnum;this.boostAtt = termsEnum.attributes().addAttribute(BoostAttribute.class);}","public RevFilter clone() {return new PatternSearch(pattern());}"
"1556","public GetRouteResponseResult getRouteResponse(GetRouteResponseRequest request) {request = beforeClientExecution(request);return executeGetRouteResponse(request);}
public UpdateLagResult updateLag(UpdateLagRequest request) {request = beforeClientExecution(request);return executeUpdateLag(request);}
public DescribeEndpointResult describeEndpoint(DescribeEndpointRequest request) {request = beforeClientExecution(request);return executeDescribeEndpoint(request);}
public void addPositionSpans(List<PositionSpan> positionSpans) {this.positionSpans.addAll(positionSpans);}","public boolean remove(Object object) {return backingMap.remove(object) != null;}"
"1561","public ListPartsResult listParts(ListPartsRequest request) {request = beforeClientExecution(request);return executeListParts(request);}
public void setForceUpdate(boolean b) {force = b;}
public void removeCustomProperties() {if (getSectionCount() < 2) {}}
public int available() {return remaining();}","public GetInstanceResult getInstance(GetInstanceRequest request) {request = beforeClientExecution(request);return executeGetInstance(request);}"
"1566","public UpdateSmsChannelResult updateSmsChannel(UpdateSmsChannelRequest request) {request = beforeClientExecution(request);return executeUpdateSmsChannel(request);}
public CreateEgressOnlyInternetGatewayResult createEgressOnlyInternetGateway(CreateEgressOnlyInternetGatewayRequest request) {request = beforeClientExecution(request);return executeCreateEgressOnlyInternetGateway(request);}
public GetResourcesResult getResources(GetResourcesRequest request) {request = beforeClientExecution(request);return executeGetResources(request);}
public ByteBlockPool(Allocator allocator) {this.allocator = allocator;}","public ListStepsResult listSteps(ListStepsRequest request) {request = beforeClientExecution(request);return executeListSteps(request);}"
"1571","public boolean readBoolean() throws IOException {return primitiveTypes.readBoolean();}
public PutLogEventsRequest(String logGroupName, String logStreamName, java.util.List<InputLogEvent> logEvents) {setLogGroupName(logGroupName);setLogStreamName(logStreamName);setLogEvents(logEvents);}
public void reset(int sliceOffset) {this.offset = sliceOffset;}
public GetAttendeeResult getAttendee(GetAttendeeRequest request) {request = beforeClientExecution(request);return executeGetAttendee(request);}","public long getFilePointer() {return pointer + pos;}"
"1576","public int serializeSimplePart(byte[] data, int pos) {LittleEndian.putShort(data, pos, getId());int recordSize = getComplexData().length;if (!sizeIncludesHeaderSize) {recordSize -= 6;}LittleEndian.putInt(data, pos + 2, recordSize);return 6;}
public CherryPickCommand include(AnyObjectId commit) {return include(commit.getName(), commit);}
public int readDataSize() {readPlain(buffer, 0, LittleEndianConsts.SHORT_SIZE);int dataSize = LittleEndian.getUShort(buffer, 0);ccis.setNextRecordSize(dataSize);return dataSize;}
public RemoveUserFromGroupRequest(String groupName, String userName) {setGroupName(groupName);setUserName(userName);}","public PutImageResult putImage(PutImageRequest request) {request = beforeClientExecution(request);return executePutImage(request);}"
"1581","public boolean stem() {limit_backward = cursor;cursor = limit;int v_1 = limit - cursor;r_endings();cursor = limit - v_1;int v_2 = limit - cursor;r_undouble();cursor = limit - v_2;int v_3 = limit - cursor;r_respell();cursor = limit - v_3;cursor = limit_backward;return true;}
public IntervalSet[] getDecisionLookahead(ATNState s) {if ( s==null ) {return null;}IntervalSet[] look = new IntervalSet[s.getNumberOfTransitions()];for (int alt = 0; alt < s.getNumberOfTransitions(); alt++) {look[alt] = new IntervalSet();Set<ATNConfig> lookBusy = new HashSet<ATNConfig>();boolean seeThruPreds = false; _LOOK(s.transition(alt).target, null, PredictionContext.EMPTY,look[alt], lookBusy, new BitSet(), seeThruPreds, false);if ( look[alt].size()==0 || look[alt].contains(HIT_PRED) ) {look[alt] = null;}}return look;}
public static Ptg createPtg(LittleEndianInput in) {byte id = in.readByte();if (id < 0x20) {return createBasePtg(id, in);}Ptg  retval = createClassifiedPtg(id, in);if (id >= 0x60) {retval.setClass(CLASS_ARRAY);} else if (id >= 0x40) {retval.setClass(CLASS_VALUE);} else {retval.setClass(CLASS_REF);}return retval;}
public ListEntitiesDetectionJobsResult listEntitiesDetectionJobs(ListEntitiesDetectionJobsRequest request) {request = beforeClientExecution(request);return executeListEntitiesDetectionJobs(request);}","public ListReviewableHITsResult listReviewableHITs(ListReviewableHITsRequest request) {request = beforeClientExecution(request);return executeListReviewableHITs(request);}"
"1586","public OperationEvaluationContext(WorkbookEvaluator bookEvaluator, EvaluationWorkbook workbook, int sheetIndex, int srcRowNum,int srcColNum, EvaluationTracker tracker) {this(bookEvaluator, workbook, sheetIndex, srcRowNum, srcColNum, tracker, true);}
public void setMaxDocFreqPct(int maxPercentage) {setMaxDocFreq(Math.toIntExact((long) maxPercentage * ir.maxDoc() / 100));}
public final void lazySet(V newValue) {unsafe.putOrderedObject(this, valueOffset, newValue);}
public UpdateVpcLinkResult updateVpcLink(UpdateVpcLinkRequest request) {request = beforeClientExecution(request);return executeUpdateVpcLink(request);}","public void removeNoteCount() {remove1stProperty(PropertyIDMap.PID_NOTECOUNT);}"
"1591","public Ref setValue(Ref value) {Ref prior = put(getKey(), value);ref = value;return prior;}
public RevCommit getSourceCommit(int idx) {return sourceCommits[idx];}
public ClassicTokenizerFactory(Map<String,String> args) {super(args);maxTokenLength = getInt(args, ""maxTokenLength"", StandardAnalyzer.DEFAULT_MAX_TOKEN_LENGTH);if (!args.isEmpty()) {throw new IllegalArgumentException(""Unknown parameters: "" + args);}}
public GetDistributionResult getDistribution(GetDistributionRequest request) {request = beforeClientExecution(request);return executeGetDistribution(request);}","public long seek(long ord) {long idx = ord / indexInterval;assert idx < fieldIndex.numIndexTerms;final long offset = fieldIndex.termOffsets.get(idx);final int length = (int) (fieldIndex.termOffsets.get(1+idx) - offset);termBytesReader.fillSlice(term, fieldIndex.termBytesStart + offset, length);this.ord = idx * indexInterval;return fieldIndex.termsStart + fieldIndex.termsDictOffsets.get(idx);}"
"1596","public DescribeInterconnectsResult describeInterconnects(DescribeInterconnectsRequest request) {request = beforeClientExecution(request);return executeDescribeInterconnects(request);}
public static EvaluationException invalidValue() {return new EvaluationException(ErrorEval.VALUE_INVALID);}
public static String escapeWhitespace(String s, boolean escapeSpaces) {StringBuilder buf = new StringBuilder();for (char c : s.toCharArray()) {if ( c==' ' && escapeSpaces ) buf.append('\u00B7');else if ( c=='\t' ) buf.append(""\\t"");else if ( c=='\n' ) buf.append(""\\n"");else if ( c=='\r' ) buf.append(""\\r"");else buf.append(c);}return buf.toString();}
public DescribeOrderableClusterOptionsResult describeOrderableClusterOptions(DescribeOrderableClusterOptionsRequest request) {request = beforeClientExecution(request);return executeDescribeOrderableClusterOptions(request);}","public DeleteArchiveRequest(String vaultName, String archiveId) {setVaultName(vaultName);setArchiveId(archiveId);}"
"1601","public DescribeSnapshotsResult describeSnapshots(DescribeSnapshotsRequest request) {request = beforeClientExecution(request);return executeDescribeSnapshots(request);}
public BatchDeleteClusterSnapshotsResult batchDeleteClusterSnapshots(BatchDeleteClusterSnapshotsRequest request) {request = beforeClientExecution(request);return executeBatchDeleteClusterSnapshots(request);}
public DescribeClientVpnRoutesResult describeClientVpnRoutes(DescribeClientVpnRoutesRequest request) {request = beforeClientExecution(request);return executeDescribeClientVpnRoutes(request);}
public String toString() {String padd = getPadding();StringBuilder sb = new StringBuilder(super.toString());sb.append(parallel ? "" ["" : "" {"");sb.append(NEW_LINE);for (final PerfTask task : tasks) {sb.append(task.toString());sb.append(NEW_LINE);}sb.append(padd);sb.append(!letChildReport ? "">"" : (parallel ? ""]"" : ""}""));if (fixedTime) {sb.append(' ').append(NumberFormat.getNumberInstance(Locale.ROOT).format(runTimeSec)).append('s');} else if (repetitions>1) {sb.append("" * "").append(repetitions);} else if (repetitions==REPEAT_EXHAUST) {sb.append("" * EXHAUST"");}if (rate>0) {sb.append("",  rate: "").append(rate).append('/').append(perMin ? ""min"" : ""sec"");}if (getRunInBackground()) {sb.append("" &"");int x = getBackgroundDeltaPriority();if (x != 0) {sb.append(x);}}return sb.toString();}","public void serialize(LittleEndianOutput out) {out.writeDouble(field_1_minimumAxisValue);out.writeDouble(field_2_maximumAxisValue);out.writeDouble(field_3_majorIncrement);out.writeDouble(field_4_minorIncrement);out.writeDouble(field_5_categoryAxisCross);out.writeShort(field_6_options);}"
"1606","public final void makeReadOnly() {readOnly = true;}
public DescribeDirectConnectGatewaysResult describeDirectConnectGateways(DescribeDirectConnectGatewaysRequest request) {request = beforeClientExecution(request);return executeDescribeDirectConnectGateways(request);}
public GetUsagePlanKeyResult getUsagePlanKey(GetUsagePlanKeyRequest request) {request = beforeClientExecution(request);return executeGetUsagePlanKey(request);}
public DescribeVpcEndpointConnectionNotificationsResult describeVpcEndpointConnectionNotifications(DescribeVpcEndpointConnectionNotificationsRequest request) {request = beforeClientExecution(request);return executeDescribeVpcEndpointConnectionNotifications(request);}","public UpdateGatewayGroupResult updateGatewayGroup(UpdateGatewayGroupRequest request) {request = beforeClientExecution(request);return executeUpdateGatewayGroup(request);}"
"1611","public DetachClassicLinkVpcResult detachClassicLinkVpc(DetachClassicLinkVpcRequest request) {request = beforeClientExecution(request);return executeDetachClassicLinkVpc(request);}
public ListOperationsResult listOperations() {return listOperations(new ListOperationsRequest());}
public BatchDeletePhoneNumberResult batchDeletePhoneNumber(BatchDeletePhoneNumberRequest request) {request = beforeClientExecution(request);return executeBatchDeletePhoneNumber(request);}
public void setExpireAgeMillis(long expireAgeMillis) {this.expireAgeMillis = expireAgeMillis;expire = null;}","public DeactivateEventSourceResult deactivateEventSource(DeactivateEventSourceRequest request) {request = beforeClientExecution(request);return executeDeactivateEventSource(request);}"
"1616","public void readBytes(byte[] b, int offset, int len) {System.arraycopy(bytes, pos, b, offset, len);pos += len;}
public IntBuffer put(int index, int c) {throw new ReadOnlyBufferException();}
public SendUsersMessagesResult sendUsersMessages(SendUsersMessagesRequest request) {request = beforeClientExecution(request);return executeSendUsersMessages(request);}
public MissingFormatWidthException(String s) {if (s == null) {throw new NullPointerException();}this.s = s;}","public DescribeVolumesRequest(java.util.List<String> volumeIds) {setVolumeIds(volumeIds);}"
"1621","public SubmitCutoutTaskRequest() {super(""lubancloud"", ""2018-05-09"", ""SubmitCutoutTask"", ""luban"");setMethod(MethodType.POST);}
public DoubleBuffer asReadOnlyBuffer() {return duplicate();}
@Override public int size() {return subMap.size();}
public CreateLabelsResult createLabels(CreateLabelsRequest request) {request = beforeClientExecution(request);return executeCreateLabels(request);}","public boolean isEmpty() {return size == 0;}"
"1626","public int getRenameScore() {return outCandidate.renameScore;}
public SeriesTextRecord() {field_4_text = """";is16bit = false;}
public char get() {if (position == limit) {throw new BufferUnderflowException();}return sequence.charAt(position++);}
public static double irr(double[] values, double guess) {double x0 = guess;for (int i = 0; i < MAX_ITERATION_COUNT; i++) {final double factor = 1.0 + x0;double denominator = factor;if (denominator == 0) {return Double.NaN;}double fValue = values[0];double fDerivative = 0;for (int k = 1; k < values.length; k++) {final double value = values[k];fValue += value / denominator;denominator *= factor;fDerivative -= k * value / denominator;}if (fDerivative == 0) {return Double.NaN;}double x1 =  x0 - fValue/fDerivative;if (Math.abs(x1 - x0) <= ABSOLUTE_ACCURACY) {return x1;}x0 = x1;}return Double.NaN;}","public static String toHex(long value) {StringBuilder sb = new StringBuilder(16);writeHex(sb, value, 16, """");return sb.toString();}"
"1631","public void skip() {_type = SKIP;}
public HSSFClientAnchor getPreferredSize(){return getPreferredSize(1.0);}
public void fromRaw(int[] ints) {fromRaw(ints, 0);}
public ModifyClusterParameterGroupResult modifyClusterParameterGroup(ModifyClusterParameterGroupRequest request) {request = beforeClientExecution(request);return executeModifyClusterParameterGroup(request);}","public boolean get(URIish uri, List<CredentialItem> items)throws UnsupportedCredentialItem {return get(uri, items.toArray(new CredentialItem[0]));}"
"1636","public synchronized FormatType getFormat() {return acceptFormat;}
public ListTypesResult listTypes(ListTypesRequest request) {request = beforeClientExecution(request);return executeListTypes(request);}
public K next() { return nextEntry().key; }
public StartAssessmentRunResult startAssessmentRun(StartAssessmentRunRequest request) {request = beforeClientExecution(request);return executeStartAssessmentRun(request);}","public boolean equals(Object obj) {if ( this==obj ) return true;if ( !(obj instanceof OR) ) return false;OR other = (OR)obj;return Arrays.equals(this.opnds, other.opnds);}"
"1641","public boolean equals(Object other) {return ((PointTransitions) other).point == point;}
public ValueEval evaluate(int srcRowIndex, int srcColumnIndex, ValueEval arg0, ValueEval arg1,ValueEval arg2, ValueEval arg3) {throw new RuntimeException(""Incomplete code""+ "" - don't know how to support the 'area_num' parameter yet)"");}
public DescribeClusterParametersResult describeClusterParameters(DescribeClusterParametersRequest request) {request = beforeClientExecution(request);return executeDescribeClusterParameters(request);}
public String typeName() {return typeName;}","public CreateModelPackageResult createModelPackage(CreateModelPackageRequest request) {request = beforeClientExecution(request);return executeCreateModelPackage(request);}"
"1646","public long ramBytesUsed() {long mem = RamUsageEstimator.shallowSizeOf(this) + RamUsageEstimator.sizeOf(offsets);if (offsets != ordinals) {mem += RamUsageEstimator.sizeOf(ordinals);}return mem;}
public final int get(int index) {checkIndex(index);return backingArray[offset + index];}
public final State captureState() {final State state = this.getCurrentState();return (state == null) ? null : state.clone();}
public String toString() {CellReference cr = new CellReference(getRow(), getColumn());return getClass().getName() + ""["" +_evaluator.getSheetNameRange() +'!' +cr.formatAsString() +""]"";}","public CharBuffer compact() {throw new ReadOnlyBufferException();}"
"1651","public DetectCustomLabelsResult detectCustomLabels(DetectCustomLabelsRequest request) {request = beforeClientExecution(request);return executeDetectCustomLabels(request);}
public int indexOf(final int o){int rval = 0;for (; rval < _limit; rval++){if (o == _array[ rval ]){break;}}if (rval == _limit){rval = -1;   }return rval;}
public boolean matches(int symbol, int minVocabSymbol, int maxVocabSymbol) {return symbol >= minVocabSymbol && symbol <= maxVocabSymbol;}
@Override public int indexOf(Object object) {Object[] a = array;int s = size;if (object != null) {for (int i = 0; i < s; i++) {if (object.equals(a[i])) {return i;}}} else {for (int i = 0; i < s; i++) {if (a[i] == null) {return i;}}}return -1;}","public void setObjectChecking(boolean on) {setObjectChecker(on ? new ObjectChecker() : null);}"
"1656","public ModifyVpcEndpointResult modifyVpcEndpoint(ModifyVpcEndpointRequest request) {request = beforeClientExecution(request);return executeModifyVpcEndpoint(request);}
public DeleteMethodResponseResult deleteMethodResponse(DeleteMethodResponseRequest request) {request = beforeClientExecution(request);return executeDeleteMethodResponse(request);}
public StringRecord( RecordInputStream in) {int field_1_string_length           = in.readUShort();_is16bitUnicode            = in.readByte() != 0x00;if (_is16bitUnicode){_text = in.readUnicodeLEString(field_1_string_length);} else {_text = in.readCompressedUnicode(field_1_string_length);}}
public DrawingRecord(RecordInputStream in) {recordData = in.readRemainder();}","public GetProfileResult getProfile(GetProfileRequest request) {request = beforeClientExecution(request);return executeGetProfile(request);}"
"1661","public DescribeTableResult describeTable(String tableName) {return describeTable(new DescribeTableRequest().withTableName(tableName));}
public GetSegmentResult getSegment(GetSegmentRequest request) {request = beforeClientExecution(request);return executeGetSegment(request);}
public IntBuffer duplicate() {return copy(this, mark);}
public PutAlarmResult putAlarm(PutAlarmRequest request) {request = beforeClientExecution(request);return executePutAlarm(request);}","public boolean matches(ValueEval x) {int testValue;if(x instanceof StringEval) {return false;} else if((x instanceof BoolEval)) {BoolEval be = (BoolEval) x;testValue = boolToInt(be.getBooleanValue());} else if((x instanceof BlankEval)) {switch (getCode()) {case CmpOp.NE:return true;default:return false;}} else if((x instanceof NumberEval)) {switch (getCode()) {case CmpOp.NE:return true;default:return false;}} else {return false;}return evaluate(testValue - _value);}"
"1666","public DeleteTrialResult deleteTrial(DeleteTrialRequest request) {request = beforeClientExecution(request);return executeDeleteTrial(request);}
public String toString() {return set.toString();}
public String toString(String field) {StringBuilder buffer = new StringBuilder();if (!getField().equals(field)) {buffer.append(getField());buffer.append("":"");}buffer.append(includeLower ? '[' : '{');buffer.append(lowerTerm != null ? (""*"".equals(Term.toString(lowerTerm)) ? ""\\*"" : Term.toString(lowerTerm))  : ""*"");buffer.append("" TO "");buffer.append(upperTerm != null ? (""*"".equals(Term.toString(upperTerm)) ? ""\\*"" : Term.toString(upperTerm)) : ""*"");buffer.append(includeUpper ? ']' : '}');return buffer.toString();}
public void reset() {count = 0;}","public int[] init() {return bytesStart = new int[ArrayUtil.oversize(initSize, Integer.BYTES)];}"
"1671","public int codePointBefore(int index) {if (index < 1 || index > count) {throw indexAndLength(index);}return Character.codePointBefore(value, index);}
public String toString() {return ""SkipWorkTree("" + treeIdx + "")"";}
public GetLifecyclePoliciesResult getLifecyclePolicies(GetLifecyclePoliciesRequest request) {request = beforeClientExecution(request);return executeGetLifecyclePolicies(request);}
public NRTCachingDirectory(Directory delegate, double maxMergeSizeMB, double maxCachedMB) {super(delegate);maxMergeSizeBytes = (long) (maxMergeSizeMB * 1024 * 1024);maxCachedBytes = (long) (maxCachedMB * 1024 * 1024);}","public void visitContainedRecords(RecordVisitor rv) {visitIfPresent(_protectRecord, rv);visitIfPresent(_objectProtectRecord, rv);visitIfPresent(_scenarioProtectRecord, rv);visitIfPresent(_passwordRecord, rv);}"
"1676","public RefSubRecord(int extBookIndex, int firstSheetIndex, int lastSheetIndex) {_extBookIndex = extBookIndex;_firstSheetIndex = firstSheetIndex;_lastSheetIndex = lastSheetIndex;}
public long getEntryLength() {return current().getLength();}
public String toString() {return getClass().getSimpleName() + ""(maxLevels:"" + maxLevels + "",ctx:"" + ctx + "")"";}
public BooleanQueryBuilder(QueryBuilder factory) {this.factory = factory;}","public HSSFShape(EscherContainerRecord spContainer, ObjRecord objRecord) {this._escherContainer = spContainer;this._objRecord = objRecord;this._optRecord = spContainer.getChildById(EscherOptRecord.RECORD_ID);this.anchor = HSSFAnchor.createAnchorFromEscher(spContainer);}"
"1681","public ListUpdatesResult listUpdates(ListUpdatesRequest request) {request = beforeClientExecution(request);return executeListUpdates(request);}
public IncreaseStreamRetentionPeriodResult increaseStreamRetentionPeriod(IncreaseStreamRetentionPeriodRequest request) {request = beforeClientExecution(request);return executeIncreaseStreamRetentionPeriod(request);}
public void writeFloat(float value) throws IOException {checkWritePrimitiveTypes();primitiveTypes.writeFloat(value);}
public Collection<Cell> getSubCells() {String[] hashes = GeohashUtils.getSubGeohashes(getGeohash());List<Cell> cells = new ArrayList<>(hashes.length);for (String hash : hashes) {cells.add(new GhCell(hash));}return cells;}","public StringBuilder insert(int offset, CharSequence s) {insert0(offset, s == null ? ""null"" : s.toString());return this;}"
"1686","public static Collection<ParseTree> findAllTokenNodes(ParseTree t, int ttype) {return findAllNodes(t, ttype, true);}
public NameIdentifier(String name, boolean isQuoted) {_name = name;_isQuoted = isQuoted;}
public ObjectLoader open(DiffEntry.Side side, DiffEntry ent)throws IOException {switch (side) {case OLD:return oldSource.open(ent.oldPath, ent.oldId.toObjectId());case NEW:return newSource.open(ent.newPath, ent.newId.toObjectId());default:throw new IllegalArgumentException();}}
public DBClusterSnapshot createDBClusterSnapshot(CreateDBClusterSnapshotRequest request) {request = beforeClientExecution(request);return executeCreateDBClusterSnapshot(request);}","public ExternalBookBlock(String url, String[] sheetNames) {_externalBookRecord = SupBookRecord.createExternalReferences(url, sheetNames);_crnBlocks = new CRNBlock[0];}"
"1691","public static int compareWithCase(String a, String b) {for (int i = 0; i < a.length() && i < b.length(); i++) {int d = a.charAt(i) - b.charAt(i);if (d != 0)return d;}return a.length() - b.length();}
public RecallPoint [] getRecallPoints() {return recallPoints.toArray(new RecallPoint[0]);}
public RemoveFacePhotosRequest() {super(""CloudPhoto"", ""2017-07-11"", ""RemoveFacePhotos"", ""cloudphoto"");setProtocol(ProtocolType.HTTPS);}
public static IntsRef toUTF32(char[] s, int offset, int length, IntsRefBuilder scratch) {int charIdx = offset;int intIdx = 0;final int charLimit = offset + length;while(charIdx < charLimit) {scratch.grow(intIdx+1);final int utf32 = Character.codePointAt(s, charIdx, charLimit);scratch.setIntAt(intIdx, utf32);charIdx += Character.charCount(utf32);intIdx++;}scratch.setLength(intIdx);return scratch.get();}","public void skipBytes(long count) {pos -= count;}"
"1696","public void addDataValidation(DVRecord dvRecord) {_validationList.add(dvRecord);_headerRec.setDVRecNo(_validationList.size());}
public void setDoubleValue(double value) {if (!(fieldsData instanceof Double)) {throw new IllegalArgumentException(""cannot change value type from "" + fieldsData.getClass().getSimpleName() + "" to Double"");}fieldsData = Double.valueOf(value);}
public DeleteRepoAuthorizationRequest() {super(""cr"", ""2016-06-07"", ""DeleteRepoAuthorization"", ""cr"");setUriPattern(""/repos/[RepoNamespace]/[RepoName]/authorizations/[AuthorizeId]"");setMethod(MethodType.DELETE);}
public final void writeObject(Object object) throws IOException {writeObject(object, false);}","public String toString() {byte[] raw = toByteArray();CanonicalTreeParser p = new CanonicalTreeParser();p.reset(raw);StringBuilder r = new StringBuilder();r.append(""Tree={"");if (!p.eof()) {r.append('\n');try {new ObjectChecker().checkTree(raw);} catch (CorruptObjectException error) {r.append(""*** ERROR: "").append(error.getMessage()).append(""\n"");r.append('\n');}}while (!p.eof()) {final FileMode mode = p.getEntryFileMode();r.append(mode);r.append(' ');r.append(Constants.typeString(mode.getObjectType()));r.append(' ');r.append(p.getEntryObjectId().name());r.append(' ');r.append(p.getEntryPathString());r.append('\n');p.next();}r.append(""}"");return r.toString();}"
"1701","public char getChar(int index) {return (char) getShort(index);}
public String toString() {return ""I(ne)"";}
public String toString(){StringBuilder buffer = new StringBuilder();buffer.append(""[GUTS]\n"");buffer.append(""    .leftgutter     = "").append(Integer.toHexString(getLeftRowGutter())).append(""\n"");buffer.append(""    .topgutter      = "").append(Integer.toHexString(getTopColGutter())).append(""\n"");buffer.append(""    .rowlevelmax    = "").append(Integer.toHexString(getRowLevelMax())).append(""\n"");buffer.append(""    .collevelmax    = "").append(Integer.toHexString(getColLevelMax())).append(""\n"");buffer.append(""[/GUTS]\n"");return buffer.toString();}
public ParseTree getChild(int i) {return null;}","public ListInvalidationsResult listInvalidations(ListInvalidationsRequest request) {request = beforeClientExecution(request);return executeListInvalidations(request);}"
"1706","public TokenStream newSinkTokenStream() {return new SinkTokenStream(this.cloneAttributes(), cachedStates);}
public PrecedencePredicate(int precedence) {this.precedence = precedence;}
public ReadPresetResult readPreset(ReadPresetRequest request) {request = beforeClientExecution(request);return executeReadPreset(request);}
public File getIndexFile() throws NoWorkTreeException {if (isBare())throw new NoWorkTreeException();return indexFile;}","public ListApplicationsResult listApplications(ListApplicationsRequest request) {request = beforeClientExecution(request);return executeListApplications(request);}"
"1711","public DataValidationConstraint createNumericConstraint(int validationType,int operatorType, String formula1, String formula2) {return DVConstraint.createNumericConstraint(validationType, operatorType, formula1, formula2);}
public int read(byte[] buffer) throws IOException {return read(buffer, 0, buffer.length);}
public String toFormulaString() {return _value ? ""TRUE"" : ""FALSE"";}
public void write(char[] chars, int offset, int count) {Arrays.checkOffsetAndCount(chars.length, offset, count);if (count == 0) {return;}buf.append(chars, offset, count);}","public void ReInit(CharStream stream) {token_source.ReInit(stream);token = new Token();jj_ntk = -1;jj_gen = 0;for (int i = 0; i < 10; i++) jj_la1[i] = -1;for (int i = 0; i < jj_2_rtns.length; i++) jj_2_rtns[i] = new JJCalls();}"
"1716","public RevokeDBSecurityGroupIngressRequest(String dBSecurityGroupName) {setDBSecurityGroupName(dBSecurityGroupName);}
public InitiateDocumentVersionUploadResult initiateDocumentVersionUpload(InitiateDocumentVersionUploadRequest request) {request = beforeClientExecution(request);return executeInitiateDocumentVersionUpload(request);}
public MemAreaPtg(int subexLen) {field_1_reserved = 0;field_2_subex_len = subexLen;}
public FtrHeader() {associatedRange = new CellRangeAddress(0, 0, 0, 0);}","public IntBuffer compact() {if (byteBuffer.isReadOnly()) {throw new ReadOnlyBufferException();}byteBuffer.limit(limit * SizeOf.INT);byteBuffer.position(position * SizeOf.INT);byteBuffer.compact();byteBuffer.clear();position = limit - position;limit = capacity;mark = UNSET_MARK;return this;}"
"1721","public String getRawAuthority() {return authority;}
public void write(byte[] b, int off, int len) throws IOException {if ((off < 0) || (off > b.length) || (len < 0) ||((off + len) > b.length) || ((off + len) < 0)) {throw new IndexOutOfBoundsException();} else if (len == 0) {return;}do {createBlockIfNeeded();int writeBytes = Math.min(buffer.remaining(), len);buffer.put(b, off, writeBytes);off += writeBytes;len -= writeBytes;} while (len > 0);}
public static void validateSimple(String s, String legal)throws URISyntaxException {for (int i = 0; i < s.length(); i++) {char ch = s.charAt(i);if (!((ch >= 'a' && ch <= 'z')|| (ch >= 'A' && ch <= 'Z')|| (ch >= '0' && ch <= '9')|| legal.indexOf(ch) > -1)) {throw new URISyntaxException(s, ""Illegal character"", i);}}}
public static String readUnicodeString(LittleEndianInput in) {int nChars = in.readUShort();byte flag = in.readByte();if ((flag & 0x01) == 0) {return readCompressedUnicode(in, nChars);}return readUnicodeLE(in, nChars);}","public DocValuesOrdinalsReader(String field) {this.field = field;}"
"1726","public AdvertiseByoipCidrResult advertiseByoipCidr(AdvertiseByoipCidrRequest request) {request = beforeClientExecution(request);return executeAdvertiseByoipCidr(request);}
public DescribeAlarmsResult describeAlarms() {return describeAlarms(new DescribeAlarmsRequest());}
public DescribeCrossAccountAccessRoleResult describeCrossAccountAccessRole(DescribeCrossAccountAccessRoleRequest request) {request = beforeClientExecution(request);return executeDescribeCrossAccountAccessRole(request);}
public StringBuilder reverse() {reverse0();return this;}","public DescribeImagesResult describeImages(DescribeImagesRequest request) {request = beforeClientExecution(request);return executeDescribeImages(request);}"
"1731","public CreateDhcpOptionsRequest(java.util.List<DhcpConfiguration> dhcpConfigurations) {setDhcpConfigurations(dhcpConfigurations);}
public StartChatContactResult startChatContact(StartChatContactRequest request) {request = beforeClientExecution(request);return executeStartChatContact(request);}
public GetCampaignsResult getCampaigns(GetCampaignsRequest request) {request = beforeClientExecution(request);return executeGetCampaigns(request);}
public GetAssessmentReportResult getAssessmentReport(GetAssessmentReportRequest request) {request = beforeClientExecution(request);return executeGetAssessmentReport(request);}","public void reportAmbiguity(Parser recognizer,DFA dfa,int startIndex,int stopIndex,boolean exact,BitSet ambigAlts,ATNConfigSet configs){if (exactOnly && !exact) {return;}String format = ""reportAmbiguity d=%s: ambigAlts=%s, input='%s'"";String decision = getDecisionDescription(recognizer, dfa);BitSet conflictingAlts = getConflictingAlts(ambigAlts, configs);String text = recognizer.getTokenStream().getText(Interval.of(startIndex, stopIndex));String message = String.format(format, decision, conflictingAlts, text);recognizer.notifyErrorListeners(message);}"
"1736","public Object[] toArray() {synchronized (Hashtable.this) {return super.toArray();}}
public boolean contains(Object o) {if (o instanceof RevFlag)return (mask & ((RevFlag) o).mask) != 0;return false;}
public DisableAlarmActionsResult disableAlarmActions(DisableAlarmActionsRequest request) {request = beforeClientExecution(request);return executeDisableAlarmActions(request);}
public RegisterDBProxyTargetsResult registerDBProxyTargets(RegisterDBProxyTargetsRequest request) {request = beforeClientExecution(request);return executeRegisterDBProxyTargets(request);}","public static void fill(byte[] array, int start, int end, byte value) {Arrays.checkStartAndEnd(array.length, start, end);for (int i = start; i < end; i++) {array[i] = value;}}"
"1741","public boolean containsColumn(int columnIndex) {return _firstCol <= columnIndex && columnIndex <= _lastCol;}
public Hashtable() {table = (HashtableEntry<K, V>[]) EMPTY_TABLE;threshold = -1; }
public final AttributeFactory getAttributeFactory() {return this.factory;}
public void onChange(boolean selfChange) {refreshData();}","public ListObjectAttributesResult listObjectAttributes(ListObjectAttributesRequest request) {request = beforeClientExecution(request);return executeListObjectAttributes(request);}"
"1746","public GetDeploymentsResult getDeployments(GetDeploymentsRequest request) {request = beforeClientExecution(request);return executeGetDeployments(request);}
public ListWorkGroupsResult listWorkGroups(ListWorkGroupsRequest request) {request = beforeClientExecution(request);return executeListWorkGroups(request);}
public CreatePhotoStoreRequest() {super(""CloudPhoto"", ""2017-07-11"", ""CreatePhotoStore"", ""cloudphoto"");setProtocol(ProtocolType.HTTPS);}
public PutMethodResult putMethod(PutMethodRequest request) {request = beforeClientExecution(request);return executePutMethod(request);}","public DescribeServiceAccessPoliciesResult describeServiceAccessPolicies(DescribeServiceAccessPoliciesRequest request) {request = beforeClientExecution(request);return executeDescribeServiceAccessPolicies(request);}"
"1751","public DescribeCacheParameterGroupsResult describeCacheParameterGroups() {return describeCacheParameterGroups(new DescribeCacheParameterGroupsRequest());}
public Float getAndIncrement(String key) {String key2 = key.trim().toLowerCase(locale);TSTNode node = getNode(key2);if (node == null) {return null;}Float aux = (Float) (node.data);if (aux == null) {aux = 1f;} else {aux = (float) (aux.intValue() + 1);}put(key2, aux);return aux;}
public String toString() {StringBuilder buffer = new StringBuilder();buffer.append(""[WINDOWPROTECT]\n"");buffer.append(""    .options = "").append(HexDump.shortToHex(_options)).append(""\n"");buffer.append(""[/WINDOWPROTECT]\n"");return buffer.toString();}
public RetrieveDomainAuthCodeResult retrieveDomainAuthCode(RetrieveDomainAuthCodeRequest request) {request = beforeClientExecution(request);return executeRetrieveDomainAuthCode(request);}","public GetRelationalDatabaseMetricDataResult getRelationalDatabaseMetricData(GetRelationalDatabaseMetricDataRequest request) {request = beforeClientExecution(request);return executeGetRelationalDatabaseMetricData(request);}"
"1756","public Entry<K, V> pollFirstEntry() {Node<K, V> result = endpoint(true);if (result != null) {removeInternal(result);}return immutableCopy(result);}
public LimitTokenPositionFilter(TokenStream in, int maxTokenPosition, boolean consumeAllTokens) {super(in);if (maxTokenPosition < 1) {throw new IllegalArgumentException(""maxTokenPosition must be greater than zero"");}this.maxTokenPosition = maxTokenPosition;this.consumeAllTokens = consumeAllTokens;}
public ViewFieldsRecord(RecordInputStream in) {_sxaxis = in.readShort();_cSub = in.readShort();_grbitSub = in.readShort();_cItm = in.readShort();int cchName = in.readUShort();if (cchName != STRING_NOT_PRESENT_LEN) {int flag = in.readByte();if ((flag & 0x01) != 0) {_name = in.readUnicodeLEString(cchName);} else {_name = in.readCompressedUnicode(cchName);}}}
public synchronized static DefaultProfile getProfile(String regionId, String accessKeyId, String secret) {Credential creden = new Credential(accessKeyId, secret);profile = new DefaultProfile(regionId, creden);return profile;}","public int indexOf(String string) {return indexOf(string, 0);}"
"1761","public ListAppsResult listApps(ListAppsRequest request) {request = beforeClientExecution(request);return executeListApps(request);}
public ListAttachedIndicesResult listAttachedIndices(ListAttachedIndicesRequest request) {request = beforeClientExecution(request);return executeListAttachedIndices(request);}
public void addShape(HSSFShape shape) {shape.setPatriarch(this);_shapes.add(shape);}
public CreateNatGatewayResult createNatGateway(CreateNatGatewayRequest request) {request = beforeClientExecution(request);return executeCreateNatGateway(request);}","public GetApnsVoipChannelResult getApnsVoipChannel(GetApnsVoipChannelRequest request) {request = beforeClientExecution(request);return executeGetApnsVoipChannel(request);}"
"1766","public ReplaceTransitGatewayRouteResult replaceTransitGatewayRoute(ReplaceTransitGatewayRouteRequest request) {request = beforeClientExecution(request);return executeReplaceTransitGatewayRoute(request);}
public long ramBytesUsed() {return super.ramBytesUsed()+ offsets.ramBytesUsed()+ lengths.ramBytesUsed()+ RamUsageEstimator.NUM_BYTES_OBJECT_HEADER+ 2 * Integer.BYTES+ 3 * RamUsageEstimator.NUM_BYTES_OBJECT_REF+ values.bytes().length;}
public ParseTreePattern compile(String pattern, int patternRuleIndex) {List<? extends Token> tokenList = tokenize(pattern);ListTokenSource tokenSrc = new ListTokenSource(tokenList);CommonTokenStream tokens = new CommonTokenStream(tokenSrc);ParserInterpreter parserInterp = new ParserInterpreter(parser.getGrammarFileName(),parser.getVocabulary(),Arrays.asList(parser.getRuleNames()),parser.getATNWithBypassAlts(),tokens);ParseTree tree = null;try {parserInterp.setErrorHandler(new BailErrorStrategy());tree = parserInterp.parse(patternRuleIndex);}catch (ParseCancellationException e) {throw (RecognitionException)e.getCause();}catch (RecognitionException re) {throw re;}catch (Exception e) {throw new CannotInvokeStartRule(e);}if ( tokens.LA(1)!=Token.EOF ) {throw new StartRuleDoesNotConsumeFullPattern();}return new ParseTreePattern(this, pattern, patternRuleIndex, tree);}
public GetRelationalDatabaseLogEventsResult getRelationalDatabaseLogEvents(GetRelationalDatabaseLogEventsRequest request) {request = beforeClientExecution(request);return executeGetRelationalDatabaseLogEvents(request);}","public TokenStream create(TokenStream input) {return new BeiderMorseFilter(input, engine, languageSet);}"
"1771","public FloatBuffer duplicate() {return copy(this, mark);}
public ClasspathResourceLoader(Class<?> clazz) {this(clazz, clazz.getClassLoader());}
public DescribeRouteTablesResult describeRouteTables(DescribeRouteTablesRequest request) {request = beforeClientExecution(request);return executeDescribeRouteTables(request);}
public void setRenameCallback(RenameCallback callback) {renameCallback = callback;}","public DimensionsRecord createDimensions() {DimensionsRecord result = new DimensionsRecord();result.setFirstRow(_firstrow);result.setLastRow(_lastrow);result.setFirstCol((short) _valuesAgg.getFirstCellNum());result.setLastCol((short) _valuesAgg.getLastCellNum());return result;}"
"1776","public StopTransformJobResult stopTransformJob(StopTransformJobRequest request) {request = beforeClientExecution(request);return executeStopTransformJob(request);}
public final String toString() {return getClass().getName() + "" ["" +getStringValue() +""]"";}
public QueryAuthenticationRequest() {super(""LinkFace"", ""2018-07-20"", ""QueryAuthentication"");setProtocol(ProtocolType.HTTPS);setMethod(MethodType.POST);}
public PrintStream append(char c) {print(c);return this;}","public StartKeyPhrasesDetectionJobResult startKeyPhrasesDetectionJob(StartKeyPhrasesDetectionJobRequest request) {request = beforeClientExecution(request);return executeStartKeyPhrasesDetectionJob(request);}"
"1781","public QueryPhraseMap searchPhrase( final List<TermInfo> phraseCandidate ){QueryPhraseMap currMap = this;for( TermInfo ti : phraseCandidate ){currMap = currMap.subMap.get( ti.getText() );if( currMap == null ) return null;}return currMap.isValidTermOrPhrase( phraseCandidate ) ? currMap : null;}
public void add(Term term) {if (term == null) {throw new IllegalArgumentException(""Term must not be null"");}this.terms.add(term);}
public ListEmailIdentitiesResult listEmailIdentities(ListEmailIdentitiesRequest request) {request = beforeClientExecution(request);return executeListEmailIdentities(request);}
public MutableFPNumber(BigInteger frac, int binaryExponent) {_significand = frac;_binaryExponent = binaryExponent;}","public CreateNetworkProfileResult createNetworkProfile(CreateNetworkProfileRequest request) {request = beforeClientExecution(request);return executeCreateNetworkProfile(request);}"
"1786","public Transition removeTransition(int index) {return transitions.remove(index);}
public int doLogic() throws Exception {final PerfRunData runData = getRunData();IndexWriter w = runData.getIndexWriter();if (w == null) {throw new RuntimeException(""please open the writer before invoking NearRealtimeReader"");}if (runData.getIndexReader() != null) {throw new RuntimeException(""please close the existing reader before invoking NearRealtimeReader"");}long t = System.currentTimeMillis();DirectoryReader r = DirectoryReader.open(w);runData.setIndexReader(r);r.decRef();reopenCount = 0;while(!stopNow) {long waitForMsec = (pauseMSec - (System.currentTimeMillis() - t));if (waitForMsec > 0) {Thread.sleep(waitForMsec);}t = System.currentTimeMillis();final DirectoryReader newReader = DirectoryReader.openIfChanged(r);if (newReader != null) {final int delay = (int) (System.currentTimeMillis()-t);if (reopenTimes.length == reopenCount) {reopenTimes = ArrayUtil.grow(reopenTimes, 1+reopenCount);}reopenTimes[reopenCount++] = delay;runData.setIndexReader(newReader);newReader.decRef();r = newReader;}}stopNow = false;return reopenCount;}
public PutAttributesResult putAttributes(PutAttributesRequest request) {request = beforeClientExecution(request);return executePutAttributes(request);}
public DeleteLocalGatewayRouteTableVpcAssociationResult deleteLocalGatewayRouteTableVpcAssociation(DeleteLocalGatewayRouteTableVpcAssociationRequest request) {request = beforeClientExecution(request);return executeDeleteLocalGatewayRouteTableVpcAssociation(request);}","public TreeFilter clone() {return this;}"
"1791","public static TreeFilter create(TreeFilter[] list) {if (list.length == 2)return create(list[0], list[1]);if (list.length < 2)throw new IllegalArgumentException(JGitText.get().atLeastTwoFiltersNeeded);final TreeFilter[] subfilters = new TreeFilter[list.length];System.arraycopy(list, 0, subfilters, 0, list.length);return new List(subfilters);}
public void back(int delta) {while (--delta >= 0) {if (currentSubtree != null)nextSubtreePos--;ptr--;parseEntry(false);if (currentSubtree != null)ptr -= currentSubtree.getEntrySpan() - 1;}}
public Map<String, SubmoduleStatus> call() throws GitAPIException {checkCallable();try (SubmoduleWalk generator = SubmoduleWalk.forIndex(repo)) {if (!paths.isEmpty())generator.setFilter(PathFilterGroup.createFromStrings(paths));Map<String, SubmoduleStatus> statuses = new HashMap<>();while (generator.next()) {SubmoduleStatus status = getStatus(generator);statuses.put(status.getPath(), status);}return statuses;} catch (IOException | ConfigInvalidException e) {throw new JGitInternalException(e.getMessage(), e);}}
public synchronized int available() {return count - pos;}","public SmallStream(int type, byte[] data) {this.type = type;this.data = data;}"
"1796","public String escapeExtensionField(String extfield) {return QueryParserBase.escape(extfield);}
public QueryScorer(Query query) {init(query, null, null, true);}
public int getHighIx() {return _highIx;}
public String toString(){StringBuilder buffer = new StringBuilder();buffer.append(""[VCENTER]\n"");buffer.append(""    .vcenter        = "").append(getVCenter()).append(""\n"");buffer.append(""[/VCENTER]\n"");return buffer.toString();}","public int size(){return _limit;}"
"1801","public PredictCategoryRequest() {super(""visionai-poc"", ""2020-04-08"", ""PredictCategory"");setMethod(MethodType.POST);}
public DeleteLagResult deleteLag(DeleteLagRequest request) {request = beforeClientExecution(request);return executeDeleteLag(request);}
public boolean equals(Object other) {if (!(other instanceof LongBuffer)) {return false;}LongBuffer otherBuffer = (LongBuffer) other;if (remaining() != otherBuffer.remaining()) {return false;}int myPosition = position;int otherPosition = otherBuffer.position;boolean equalSoFar = true;while (equalSoFar && (myPosition < limit)) {equalSoFar = get(myPosition++) == otherBuffer.get(otherPosition++);}return equalSoFar;}
public void end() {state.end();}","public BooleanMatcher(boolean value, CmpOp operator) {super(operator);_value = boolToInt(value);}"
"1806","public SheetVector(RefEval re) {_size = re.getNumberOfSheets();_re = re;}
public UpdateGameSessionResult updateGameSession(UpdateGameSessionRequest request) {request = beforeClientExecution(request);return executeUpdateGameSession(request);}
public String getName() {return String.format(Locale.ROOT, ""Dirichlet(%f)"", getMu());}
public void decompress(DataInput in, int originalLength, int offset, int length, BytesRef bytes) throws IOException {assert offset + length <= originalLength;if (length == 0) {bytes.length = 0;return;}final int compressedLength = in.readVInt();final int paddedLength = compressedLength + 1;compressed = ArrayUtil.grow(compressed, paddedLength);in.readBytes(compressed, 0, compressedLength);compressed[compressedLength] = 0; final Inflater decompressor = new Inflater(true);try {decompressor.setInput(compressed, 0, paddedLength);bytes.offset = bytes.length = 0;bytes.bytes = ArrayUtil.grow(bytes.bytes, originalLength);try {bytes.length = decompressor.inflate(bytes.bytes, bytes.length, originalLength);} catch (DataFormatException e) {throw new IOException(e);}if (!decompressor.finished()) {throw new CorruptIndexException(""Invalid decoder state: needsInput="" + decompressor.needsInput()+ "", needsDict="" + decompressor.needsDictionary(), in);}} finally {decompressor.end();}if (bytes.length != originalLength) {throw new CorruptIndexException(""Lengths mismatch: "" + bytes.length + "" != "" + originalLength, in);}bytes.offset = offset;bytes.length = length;}","public Pair<String,String> splitExtensionField(String defaultField,String field) {int indexOf = field.indexOf(this.extensionFieldDelimiter);if (indexOf < 0)return new Pair<>(field, null);final String indexField = indexOf == 0 ? defaultField : field.substring(0,indexOf);final String extensionKey = field.substring(indexOf + 1);return new Pair<>(indexField, extensionKey);}"
"1811","public String toString(){StringBuilder buffer = new StringBuilder();buffer.append(""[FRAME]\n"");buffer.append(""    .borderType           = "").append(""0x"").append(HexDump.toHex(  getBorderType ())).append("" ("").append( getBorderType() ).append("" )"");buffer.append(System.getProperty(""line.separator""));buffer.append(""    .options              = "").append(""0x"").append(HexDump.toHex(  getOptions ())).append("" ("").append( getOptions() ).append("" )"");buffer.append(System.getProperty(""line.separator""));buffer.append(""         .autoSize                 = "").append(isAutoSize()).append('\n');buffer.append(""         .autoPosition             = "").append(isAutoPosition()).append('\n');buffer.append(""[/FRAME]\n"");return buffer.toString();}
public Cluster pauseCluster(PauseClusterRequest request) {request = beforeClientExecution(request);return executePauseCluster(request);}
public void setValue(String newValue) {value = newValue;}
public AllocateAddressResult allocateAddress(AllocateAddressRequest request) {request = beforeClientExecution(request);return executeAllocateAddress(request);}","public GetNetworkProfileResult getNetworkProfile(GetNetworkProfileRequest request) {request = beforeClientExecution(request);return executeGetNetworkProfile(request);}"
"1816","public static void reThrow(Throwable th) throws IOException {if (th != null) {throw rethrowAlways(th);}}
public void removeCell(CellValueRecordInterface cvRec) {if (cvRec instanceof FormulaRecordAggregate) {((FormulaRecordAggregate)cvRec).notifyFormulaChanging();}_valuesAgg.removeCell(cvRec);}
public Snapshot createSnapshot(CreateSnapshotRequest request) {request = beforeClientExecution(request);return executeCreateSnapshot(request);}
public Token get(int i) {if ( i < 0 || i >= tokens.size() ) {throw new IndexOutOfBoundsException(""token index ""+i+"" out of range 0..""+(tokens.size()-1));}return tokens.get(i);}","public DescribeAlarmsResult describeAlarms(DescribeAlarmsRequest request) {request = beforeClientExecution(request);return executeDescribeAlarms(request);}"
"1821","public static long[] grow(long[] array, int minSize) {assert minSize >= 0: ""size must be positive (got "" + minSize + ""): likely integer overflow?"";if (array.length < minSize) {return growExact(array, oversize(minSize, Long.BYTES));} else return array;}
public int serialize( int offset, byte[] data, EscherSerializationListener listener ){listener.beforeRecordSerialize( offset, getRecordId(), this );LittleEndian.putShort( data, offset, getOptions() );LittleEndian.putShort( data, offset + 2, getRecordId() );int remainingBytes = 8;LittleEndian.putInt( data, offset + 4, remainingBytes );LittleEndian.putInt( data, offset + 8, field_1_shapeId );LittleEndian.putInt( data, offset + 12, field_2_flags );listener.afterRecordSerialize( offset + getRecordSize(), getRecordId(), getRecordSize(), this );return 8 + 8;}
public LsRemoteCommand setTags(boolean tags) {this.tags = tags;return this;}
public ASCIIFoldingFilterFactory(Map<String,String> args) {super(args);preserveOriginal = getBoolean(args, PRESERVE_ORIGINAL, false);if (!args.isEmpty()) {throw new IllegalArgumentException(""Unknown parameters: "" + args);}}","public String toString() {return ""input="" + input.get() + "" output="" + output + "" context="" + context + "" boost="" + boost + "" payload="" + payload;}"
"1826","public ListNotesCommand setNotesRef(String notesRef) {checkCallable();this.notesRef = notesRef;return this;}
public String toString() {StringBuilder buffer = new StringBuilder();buffer.append(""[SXVD]\n"");buffer.append(""    .sxaxis    = "").append(HexDump.shortToHex(_sxaxis)).append('\n');buffer.append(""    .cSub      = "").append(HexDump.shortToHex(_cSub)).append('\n');buffer.append(""    .grbitSub  = "").append(HexDump.shortToHex(_grbitSub)).append('\n');buffer.append(""    .cItm      = "").append(HexDump.shortToHex(_cItm)).append('\n');buffer.append(""    .name      = "").append(_name).append('\n');buffer.append(""[/SXVD]\n"");return buffer.toString();}
public V get(Object o) {if(o == null)throw new NullPointerException();return null;}
public String toString() {final StringBuilder sb = new StringBuilder();sb.append(""[NAMECMT]\n"");sb.append(""    .record type            = "").append(HexDump.shortToHex(field_1_record_type)).append(""\n"");sb.append(""    .frt cell ref flag      = "").append(HexDump.byteToHex(field_2_frt_cell_ref_flag)).append(""\n"");sb.append(""    .reserved               = "").append(field_3_reserved).append(""\n"");sb.append(""    .name length            = "").append(field_6_name_text.length()).append(""\n"");sb.append(""    .comment length         = "").append(field_7_comment_text.length()).append(""\n"");sb.append(""    .name                   = "").append(field_6_name_text).append(""\n"");sb.append(""    .comment                = "").append(field_7_comment_text).append(""\n"");sb.append(""[/NAMECMT]\n"");return sb.toString();}","public CodepointCountFilterFactory(Map<String, String> args) {super(args);min = requireInt(args, MIN_KEY);max = requireInt(args, MAX_KEY);if (!args.isEmpty()) {throw new IllegalArgumentException(""Unknown parameters: "" + args);}}"
"1831","public Entry<K, V> ceilingEntry(K key) {return immutableCopy(findBounded(key, CEILING));}
public long setStartTimeMillis() {startTimeMillis = System.currentTimeMillis();return startTimeMillis;}
public ListProfilingGroupsResult listProfilingGroups(ListProfilingGroupsRequest request) {request = beforeClientExecution(request);return executeListProfilingGroups(request);}
public static PersonIdent parsePersonIdent(String in) {return parsePersonIdent(Constants.encode(in), 0);}","public void serialize(LittleEndianOutput out) {out.writeShort(field_1_numerator);out.writeShort(field_2_denominator);}"
"1836","public AddCommand setUpdate(boolean update) {this.update = update;return this;}
public static <T> T[] copyOf(T[] original, int newLength) {if (original == null) {throw new NullPointerException();}if (newLength < 0) {throw new NegativeArraySizeException();}return copyOfRange(original, 0, newLength);}
public void writeByte(int v) {writeContinueIfRequired(1);_ulrOutput.writeByte(v);}
public DeleteDBInstanceRequest(String dBInstanceIdentifier) {setDBInstanceIdentifier(dBInstanceIdentifier);}","public void reset() {previousValue = value = minValue;}"
"1841","public void setLength(long sz) {setLength((int) sz);}
public static String revisionVersion(IndexCommit indexCommit, IndexCommit taxoCommit) {return Long.toString(indexCommit.getGeneration(), RADIX) + "":"" + Long.toString(taxoCommit.getGeneration(), RADIX);}
public String pattern() {return needleString;}
public String toString() {StringBuilder buffer = new StringBuilder();buffer.append( ""[SST]\n"" );buffer.append( ""    .numstrings     = "" ).append( Integer.toHexString( getNumStrings() ) ).append( ""\n"" );buffer.append( ""    .uniquestrings  = "" ).append( Integer.toHexString( getNumUniqueStrings() ) ).append( ""\n"" );for ( int k = 0; k < field_3_strings.size(); k++ ){UnicodeString s = field_3_strings.get( k );buffer.append(""    .string_"").append(k).append(""      = "").append( s.getDebugInfo() ).append( ""\n"" );}buffer.append( ""[/SST]\n"" );return buffer.toString();}","public CharSequence toQueryString(EscapeQuerySyntax escapeSyntaxParser) {if (getChildren() == null || getChildren().size() == 0)return """";StringBuilder sb = new StringBuilder();String filler = """";for (Iterator<QueryNode> it = getChildren().iterator(); it.hasNext();) {sb.append(filler).append(it.next().toQueryString(escapeSyntaxParser));filler = "" OR "";}if ((getParent() != null && getParent() instanceof GroupQueryNode)|| isRoot())return sb.toString();else return ""( "" + sb.toString() + "" )"";}"
"1846","public PushCommand setReceivePack(String receivePack) {checkCallable();this.receivePack = receivePack;return this;}
public DeleteImagePermissionsResult deleteImagePermissions(DeleteImagePermissionsRequest request) {request = beforeClientExecution(request);return executeDeleteImagePermissions(request);}
public static Ptg[] getTokens(Formula formula) {if (formula == null) {return null;}return formula.getTokens();}
public void skipToNextByte() {remainingBits = 0;}","public GetJourneyExecutionActivityMetricsResult getJourneyExecutionActivityMetrics(GetJourneyExecutionActivityMetricsRequest request) {request = beforeClientExecution(request);return executeGetJourneyExecutionActivityMetrics(request);}"
"1851","public DeregisterContainerInstanceResult deregisterContainerInstance(DeregisterContainerInstanceRequest request) {request = beforeClientExecution(request);return executeDeregisterContainerInstance(request);}
public DeleteEntityRecognizerResult deleteEntityRecognizer(DeleteEntityRecognizerRequest request) {request = beforeClientExecution(request);return executeDeleteEntityRecognizer(request);}
public DescribeGameSessionsResult describeGameSessions(DescribeGameSessionsRequest request) {request = beforeClientExecution(request);return executeDescribeGameSessions(request);}
public SegToken(char[] idArray, int start, int end, int wordType, int weight) {this.charArray = idArray;this.startOffset = start;this.endOffset = end;this.wordType = wordType;this.weight = weight;}","public int compareTo( TermInfo o ){return ( this.position - o.position );}"
"1856","public TagMeetingResult tagMeeting(TagMeetingRequest request) {request = beforeClientExecution(request);return executeTagMeeting(request);}
public final Buffer limit(int newLimit) {limitImpl(newLimit);return this;}
public final DoubleValuesSource makeRecipDistanceValueSource(Shape queryShape) {Rectangle bbox = queryShape.getBoundingBox();double diagonalDist = ctx.getDistCalc().distance(ctx.makePoint(bbox.getMinX(), bbox.getMinY()), bbox.getMaxX(), bbox.getMaxY());double distToEdge = diagonalDist * 0.5;float c = (float)distToEdge * 0.1f;DoubleValuesSource distance = makeDistanceValueSource(queryShape.getCenter(), 1.0);return new ReciprocalDoubleValuesSource(c, distance);}
public GetLoginProfileRequest(String userName) {setUserName(userName);}","public int serializeComplexPart( byte[] data, int pos ){return 0;}"
"1861","public DBCellRecord(int rowOffset, short[] cellOffsets) {field_1_row_offset = rowOffset;field_2_cell_offsets = cellOffsets;}
public StoredField(String name, long value) {super(name, TYPE);fieldsData = value;}
public final Locale getLocale() {return locale;}
public SpanNotBuilder(SpanQueryBuilder factory) {this.factory = factory;}","public String toString() {return toString(0);}"
"1866","public int compareTo(ExtRst o) {int result;result = reserved - o.reserved;if (result != 0) {return result;}result = formattingFontIndex - o.formattingFontIndex;if (result != 0) {return result;}result = formattingOptions - o.formattingOptions;if (result != 0) {return result;}result = numberOfRuns - o.numberOfRuns;if (result != 0) {return result;}result = phoneticText.compareTo(o.phoneticText);if (result != 0) {return result;}result = phRuns.length - o.phRuns.length;if (result != 0) {return result;}for(int i=0; i<phRuns.length; i++) {result = phRuns[i].phoneticTextFirstCharacterOffset - o.phRuns[i].phoneticTextFirstCharacterOffset;if (result != 0) {return result;}result = phRuns[i].realTextFirstCharacterOffset - o.phRuns[i].realTextFirstCharacterOffset;if (result != 0) {return result;}result = phRuns[i].realTextLength - o.phRuns[i].realTextLength;if (result != 0) {return result;}}result = Arrays.hashCode(extraData)-Arrays.hashCode(o.extraData);return result;}
public GetInstanceSnapshotsResult getInstanceSnapshots(GetInstanceSnapshotsRequest request) {request = beforeClientExecution(request);return executeGetInstanceSnapshots(request);}
public static long[] grow(long[] array) {return grow(array, 1 + array.length);}
public TranslateTextResult translateText(TranslateTextRequest request) {request = beforeClientExecution(request);return executeTranslateText(request);}","public DimensionsRecord(RecordInputStream in) {field_1_first_row = in.readInt();field_2_last_row  = in.readInt();field_3_first_col = in.readShort();field_4_last_col  = in.readShort();field_5_zero      = in.readShort();if (in.available() == 2) {logger.log(POILogger.INFO, ""DimensionsRecord has extra 2 bytes."");in.readShort();}}"
"1871","public int flags() {return flags;}
public Vector(int capacity, int capacityIncrement) {if (capacity < 0) {throw new IllegalArgumentException();}elementData = newElementArray(capacity);elementCount = 0;this.capacityIncrement = capacityIncrement;}
public DeleteLogGroupRequest(String logGroupName) {setLogGroupName(logGroupName);}
public RemoveManagedScalingPolicyResult removeManagedScalingPolicy(RemoveManagedScalingPolicyRequest request) {request = beforeClientExecution(request);return executeRemoveManagedScalingPolicy(request);}","public GetDataRetrievalPolicyResult getDataRetrievalPolicy(GetDataRetrievalPolicyRequest request) {request = beforeClientExecution(request);return executeGetDataRetrievalPolicy(request);}"
"1876","public DescribeExportImageTasksResult describeExportImageTasks(DescribeExportImageTasksRequest request) {request = beforeClientExecution(request);return executeDescribeExportImageTasks(request);}
public DefaultICUTokenizerConfig(boolean cjkAsWords, boolean myanmarAsWords) {this.cjkAsWords = cjkAsWords;this.myanmarAsWords = myanmarAsWords;}
public DisableAvailabilityZonesForLoadBalancerResult disableAvailabilityZonesForLoadBalancer(DisableAvailabilityZonesForLoadBalancerRequest request) {request = beforeClientExecution(request);return executeDisableAvailabilityZonesForLoadBalancer(request);}
public synchronized void setIndexFieldName(String dimName, String indexFieldName) {DimConfig ft = fieldTypes.get(dimName);if (ft == null) {ft = new DimConfig();fieldTypes.put(dimName, ft);}ft.indexFieldName = indexFieldName;}","public BytesRef encode(char[] buffer, int offset, int length) {int payload = ArrayUtil.parseInt(buffer, offset, length);byte[] bytes = PayloadHelper.encodeInt(payload);BytesRef result = new BytesRef(bytes);return result;}"
"1881","public HideObjRecord(RecordInputStream in) {field_1_hide_obj = in.readShort();}
public String toString() {if ( isEmpty() ) return ""[]"";StringBuilder buf = new StringBuilder();buf.append(""["");for (int i=0; i<returnStates.length; i++) {if ( i>0 ) buf.append("", "");if ( returnStates[i]==EMPTY_RETURN_STATE ) {buf.append(""$"");continue;}buf.append(returnStates[i]);if ( parents[i]!=null ) {buf.append(' ');buf.append(parents[i].toString());}else {buf.append(""null"");}}buf.append(""]"");return buf.toString();}
public synchronized int getSecondaryProgress() {return mIndeterminate ? 0 : mSecondaryProgress;}
public DeleteContactMethodResult deleteContactMethod(DeleteContactMethodRequest request) {request = beforeClientExecution(request);return executeDeleteContactMethod(request);}","@Override public List<E> subList(int start, int end) {synchronized (mutex) {return new SynchronizedList<E>(list.subList(start, end), mutex);}}"
"1886","@Override public boolean equals(Object object) {return m.equals(object);}
public static String getSchemePrefix(String spec) {int colon = spec.indexOf(':');if (colon < 1) {return null;}for (int i = 0; i < colon; i++) {char c = spec.charAt(i);if (!isValidSchemeChar(i, c)) {return null;}}return spec.substring(0, colon).toLowerCase(Locale.US);}
public ByteBuffer put(byte[] src, int srcOffset, int byteCount) {throw new ReadOnlyBufferException();}
public CreateServiceResult createService(CreateServiceRequest request) {request = beforeClientExecution(request);return executeCreateService(request);}","public void serialize(LittleEndianOutput out) {out.writeShort(_numberOfRegions);for (int i = 0; i < _numberOfRegions; i++) {_regions[_startIndex + i].serialize(out);}}"
"1891","public StringBuilder insert(int offset, char c) {insert0(offset, c);return this;}
public LabelSSTRecord(RecordInputStream in) {super(in);field_4_sst_index = in.readInt();}
public void setObjectId(AnyObjectId id) {if (objectId == null)objectId = id.copy();}
public int add(CFRecordsAggregate cfAggregate) {cfAggregate.getHeader().setID(_cfHeaders.size());_cfHeaders.add(cfAggregate);return _cfHeaders.size() - 1;}","public TermVectorsPostingsArray(int size) {super(size);freqs = new int[size];lastOffsets = new int[size];lastPositions = new int[size];}"
"1896","public FieldsQuery(SrndQuery q, List<String> fieldNames, char fieldOp) {this.q = q;this.fieldNames = fieldNames;this.fieldOp = fieldOp;}
public TokenStream create(TokenStream in) {return new GreekLowerCaseFilter(in);}
public ECSMetadataServiceCredentialsFetcher() {this.connectionTimeoutInMilliseconds = DEFAULT_TIMEOUT_IN_MILLISECONDS;}
public static Decoder getDecoder(Format format, int version, int bitsPerValue) {checkVersion(version);return BulkOperation.of(format, bitsPerValue);}","public synchronized void reset() {nameFinder.clearAdaptiveData();}"
"1901","public String nextKeyString() {return new String(nextKey());}
public DescribeEventsResult describeEvents() {return describeEvents(new DescribeEventsRequest());}
public UpdateNodeResult updateNode(UpdateNodeRequest request) {request = beforeClientExecution(request);return executeUpdateNode(request);}
public GetJobOutputRequest(String vaultName, String jobId, String range) {setVaultName(vaultName);setJobId(jobId);setRange(range);}","public static String stripTags(String buf, int start) {if (start>0) {buf = buf.substring(start);}return buf.replaceAll(""<[^>]*>"", "" "");}"
"1906","public DescribeLaunchTemplatesResult describeLaunchTemplates(DescribeLaunchTemplatesRequest request) {request = beforeClientExecution(request);return executeDescribeLaunchTemplates(request);}
public SynonymFilterFactory(Map<String,String> args) {super(args);ignoreCase = getBoolean(args, ""ignoreCase"", false);synonyms = require(args, ""synonyms"");format = get(args, ""format"");expand = getBoolean(args, ""expand"", true);analyzerName = get(args, ""analyzer"");tokenizerFactory = get(args, ""tokenizerFactory"");if (analyzerName != null && tokenizerFactory != null) {throw new IllegalArgumentException(""Analyzer and TokenizerFactory can't be specified both: "" +analyzerName + "" and "" + tokenizerFactory);}if (tokenizerFactory != null) {tokArgs.put(""luceneMatchVersion"", getLuceneMatchVersion().toString());for (Iterator<String> itr = args.keySet().iterator(); itr.hasNext();) {String key = itr.next();tokArgs.put(key.replaceAll(""^tokenizerFactory\\."",""""), args.get(key));itr.remove();}}if (!args.isEmpty()) {throw new IllegalArgumentException(""Unknown parameters: "" + args);}}
public void removePrintArea(int sheetIndex) {getWorkbook().removeBuiltinRecord(NameRecord.BUILTIN_PRINT_AREA, sheetIndex+1);}
public ModifyTrafficMirrorFilterNetworkServicesResult modifyTrafficMirrorFilterNetworkServices(ModifyTrafficMirrorFilterNetworkServicesRequest request) {request = beforeClientExecution(request);return executeModifyTrafficMirrorFilterNetworkServices(request);}","public ValueEval evaluate(ValueEval[] args, OperationEvaluationContext ec) {if (args.length == 2) {return evaluate(ec.getRowIndex(), ec.getColumnIndex(), args[0], args[1]);}return ErrorEval.VALUE_INVALID;}"
"1911","public DeltaRecord(double maxChange) {field_1_max_change = maxChange;}
public UpdateDomainEntryResult updateDomainEntry(UpdateDomainEntryRequest request) {request = beforeClientExecution(request);return executeUpdateDomainEntry(request);}
public SegmentCommitInfo clone() {SegmentCommitInfo other = new SegmentCommitInfo(info, delCount, softDelCount, delGen, fieldInfosGen, docValuesGen);other.nextWriteDelGen = nextWriteDelGen;other.nextWriteFieldInfosGen = nextWriteFieldInfosGen;other.nextWriteDocValuesGen = nextWriteDocValuesGen;for (Entry<Integer,Set<String>> e : dvUpdatesFiles.entrySet()) {other.dvUpdatesFiles.put(e.getKey(), new HashSet<>(e.getValue()));}other.fieldInfosFiles.addAll(fieldInfosFiles);return other;}
public String putAttribute(String key, String value) {HashMap<String, String> newMap = new HashMap<>(attributes);String oldValue = newMap.put(key, value);attributes = Collections.unmodifiableMap(newMap);return oldValue;}","public void write(int oneChar) {buf.append((char) oneChar);}"
"1916","public String toString(){StringBuilder buffer = new StringBuilder();buffer.append(""[WRITEPROTECT]\n"");buffer.append(""[/WRITEPROTECT]\n"");return buffer.toString();}
public EvaluationSheet getSheet(int sheetIndex) {return new HSSFEvaluationSheet(_uBook.getSheetAt(sheetIndex));}
public void removeSlideCount() {remove1stProperty(PropertyIDMap.PID_SLIDECOUNT);}
public DescribeFlowDefinitionResult describeFlowDefinition(DescribeFlowDefinitionRequest request) {request = beforeClientExecution(request);return executeDescribeFlowDefinition(request);}","public void set(int index) {intSet.put(index);if (index > maxInt)maxInt = index;}"
"1921","public boolean equals(Object other) {if (other == null) {return false;}if (other instanceof CharsRef) {return this.charsEquals((CharsRef) other);}return false;}
public StopFilterFactory(Map<String,String> args) {super(args);stopWordFiles = get(args, ""words"");format = get(args, ""format"", (null == stopWordFiles ? null : FORMAT_WORDSET));ignoreCase = getBoolean(args, ""ignoreCase"", false);if (!args.isEmpty()) {throw new IllegalArgumentException(""Unknown parameters: "" + args);}}
public void addState(ATNState state) {if (state != null) {state.atn = this;state.stateNumber = states.size();}states.add(state);}
public String batchUrl() {return this.batchUrl;}","public ParseException generateParseException() {jj_expentries.clear();boolean[] la1tokens = new boolean[33];if (jj_kind >= 0) {la1tokens[jj_kind] = true;jj_kind = -1;}for (int i = 0; i < 25; i++) {if (jj_la1[i] == jj_gen) {for (int j = 0; j < 32; j++) {if ((jj_la1_0[i] & (1<<j)) != 0) {la1tokens[j] = true;}if ((jj_la1_1[i] & (1<<j)) != 0) {la1tokens[32+j] = true;}}}}for (int i = 0; i < 33; i++) {if (la1tokens[i]) {jj_expentry = new int[1];jj_expentry[0] = i;jj_expentries.add(jj_expentry);}}jj_endpos = 0;jj_rescan_token();jj_add_error_token(0, 0);int[][] exptokseq = new int[jj_expentries.size()][];for (int i = 0; i < jj_expentries.size(); i++) {exptokseq[i] = jj_expentries.get(i);}return new ParseException(token, exptokseq, tokenImage);}"
"1926","@Override public Iterator<K> iterator() {return new KeyIterator();}
public DoubleList() {_array = new double[8];_count = 0;}
public AddNoteCommand setMessage(String message) {checkCallable();this.message = message;return this;}
public SerializationHandleMap() {this.size = 0;this.threshold = 21; int arraySize = (int) (((long) threshold * 10000) / LOAD_FACTOR);resizeArrays(arraySize);}","public PagedBytes(int blockBits) {assert blockBits > 0 && blockBits <= 31 : blockBits;this.blockSize = 1 << blockBits;this.blockBits = blockBits;blockMask = blockSize-1;upto = blockSize;bytesUsedPerBlock = RamUsageEstimator.alignObjectSize(blockSize + RamUsageEstimator.NUM_BYTES_ARRAY_HEADER);numBlocks = 0;}"
"1931","public IncreaseReplicationFactorResult increaseReplicationFactor(IncreaseReplicationFactorRequest request) {request = beforeClientExecution(request);return executeIncreaseReplicationFactor(request);}
public UpdateRuntimeConfigurationResult updateRuntimeConfiguration(UpdateRuntimeConfigurationRequest request) {request = beforeClientExecution(request);return executeUpdateRuntimeConfiguration(request);}
public char getChar(Map<String,String> args, String name, char defaultValue) {String s = args.remove(name);if (s == null) {return defaultValue;} else {if (s.length() != 1) {throw new IllegalArgumentException(name + "" should be a char. \"""" + s + ""\"" is invalid"");} else {return s.charAt(0);}}}
public void notifyListeners(LexerNoViableAltException e) {String text = _input.getText(Interval.of(_tokenStartCharIndex, _input.index()));String msg = ""token recognition error at: '""+ getErrorDisplay(text) + ""'"";ANTLRErrorListener listener = getErrorListenerDispatch();listener.syntaxError(this, null, _tokenStartLine, _tokenStartCharPositionInLine, msg, e);}","public void writeLong(long v) {writeContinueIfRequired(8);_ulrOutput.writeLong(v);}"
"1936","public ChangeMessageVisibilityBatchRequest(String queueUrl, java.util.List<ChangeMessageVisibilityBatchRequestEntry> entries) {setQueueUrl(queueUrl);setEntries(entries);}
public GetExportJobResult getExportJob(GetExportJobRequest request) {request = beforeClientExecution(request);return executeGetExportJob(request);}
public AddRoleToDBInstanceResult addRoleToDBInstance(AddRoleToDBInstanceRequest request) {request = beforeClientExecution(request);return executeAddRoleToDBInstance(request);}
public DeregisterInstancesFromLoadBalancerResult deregisterInstancesFromLoadBalancer(DeregisterInstancesFromLoadBalancerRequest request) {request = beforeClientExecution(request);return executeDeregisterInstancesFromLoadBalancer(request);}","public synchronized StringBuffer insert(int index, char ch) {insert0(index, ch);return this;}"
"1941","public DownloadDBLogFilePortionResult downloadDBLogFilePortion(DownloadDBLogFilePortionRequest request) {request = beforeClientExecution(request);return executeDownloadDBLogFilePortion(request);}
public GetStaticIpResult getStaticIp(GetStaticIpRequest request) {request = beforeClientExecution(request);return executeGetStaticIp(request);}
public CreateUsagePlanResult createUsagePlan(CreateUsagePlanRequest request) {request = beforeClientExecution(request);return executeCreateUsagePlan(request);}
public BlameResult call() throws GitAPIException {checkCallable();try (BlameGenerator gen = new BlameGenerator(repo, path)) {if (diffAlgorithm != null)gen.setDiffAlgorithm(diffAlgorithm);if (textComparator != null)gen.setTextComparator(textComparator);if (followFileRenames != null)gen.setFollowFileRenames(followFileRenames.booleanValue());if (reverseEndCommits != null)gen.reverse(startCommit, reverseEndCommits);else if (startCommit != null)gen.push(null, startCommit);else {gen.prepareHead();}return gen.computeBlameResult();} catch (IOException e) {throw new JGitInternalException(e.getMessage(), e);}}","public SearchTransitGatewayMulticastGroupsResult searchTransitGatewayMulticastGroups(SearchTransitGatewayMulticastGroupsRequest request) {request = beforeClientExecution(request);return executeSearchTransitGatewayMulticastGroups(request);}"
"1946","public LinearOffsetRange normaliseAndTranslate(int translationAmount) {if (_length > 0) {if(translationAmount == 0) {return this;}return new LinearOffsetRange(translationAmount + _offset, _length);}return new LinearOffsetRange(translationAmount + _offset + _length + 1, -_length);}
public boolean isInvoke(char c) {return invokeMap[characterCategoryMap[c]];}
public int getSize() {return size;}
public int read() throws IOException {if (buf == null) {throw new IOException();}if (pos < buf.length) {return (buf[pos++] & 0xFF);}return in.read();}","public int mark() {return 0;}"
"1951","public SearchPhotosRequest() {super(""CloudPhoto"", ""2017-07-11"", ""SearchPhotos"", ""cloudphoto"");setProtocol(ProtocolType.HTTPS);}
public void copyFrom(TermState other) {assert other instanceof OrdTermState : ""can not copy from "" + other.getClass().getName();this.ord = ((OrdTermState) other).ord;}
public AnalyzeDocumentResult analyzeDocument(AnalyzeDocumentRequest request) {request = beforeClientExecution(request);return executeAnalyzeDocument(request);}
public int calcExtSSTRecordSize() {return ExtSSTRecord.getRecordSizeForStrings(field_3_strings.size());}","public static FormulaShifter createForSheetShift(int srcSheetIndex, int dstSheetIndex) {return new FormulaShifter(srcSheetIndex, dstSheetIndex);}"
"1956","public void setRule(int idx, ConditionalFormattingRule cfRule){setRule(idx, (HSSFConditionalFormattingRule)cfRule);}
public SelectionRecord(RecordInputStream in) {field_1_pane            = in.readByte();field_2_row_active_cell = in.readUShort();field_3_col_active_cell = in.readShort();field_4_active_cell_ref_index = in.readShort();int field_5_num_refs    = in.readUShort();field_6_refs = new CellRangeAddress8Bit[field_5_num_refs];for (int i = 0; i < field_6_refs.length; i++) {field_6_refs[i] = new CellRangeAddress8Bit(in);}}
public void setNeedNewObjectIds(boolean b) {if (b)newObjectIds = new ObjectIdSubclassMap<>();elsenewObjectIds = null;}
public GetResolverRulePolicyResult getResolverRulePolicy(GetResolverRulePolicyRequest request) {request = beforeClientExecution(request);return executeGetResolverRulePolicy(request);}","public static DoubleBuffer wrap(double[] array) {return wrap(array, 0, array.length);}"
"1961","public UnitsRecord clone() {return copy();}
public void readFully(byte[] buf, int off, int len) {try {checkEOF(_read(buf, off, len), len);} catch (IOException e) {throw new RuntimeException(e);}}
public DescribeInterconnectLoaResult describeInterconnectLoa(DescribeInterconnectLoaRequest request) {request = beforeClientExecution(request);return executeDescribeInterconnectLoa(request);}
public static ByteOrder nativeOrder() {return NATIVE_ORDER;}","public CalcModeRecord(RecordInputStream in) {field_1_calcmode = in.readShort();}"
"1966","public void addParentId(AnyObjectId additionalParent) {if (parentIds.length == 0) {setParentId(additionalParent);} else {ObjectId[] newParents = new ObjectId[parentIds.length + 1];System.arraycopy(parentIds, 0, newParents, 0, parentIds.length);newParents[parentIds.length] = additionalParent.copy();parentIds = newParents;}}
public CreateAccessPointResult createAccessPoint(CreateAccessPointRequest request) {request = beforeClientExecution(request);return executeCreateAccessPoint(request);}
public DeleteLoadBalancerListenersResult deleteLoadBalancerListeners(DeleteLoadBalancerListenersRequest request) {request = beforeClientExecution(request);return executeDeleteLoadBalancerListeners(request);}
public DescribeOrderableClusterOptionsResult describeOrderableClusterOptions() {return describeOrderableClusterOptions(new DescribeOrderableClusterOptionsRequest());}","public void setDerefTags(boolean deref) {derefTags = deref;}"
"1971","public DeactivateMFADeviceRequest(String userName, String serialNumber) {setUserName(userName);setSerialNumber(serialNumber);}
public boolean markSupported() {synchronized (lock) {return in.markSupported();}}
public static void createNewFile(File f) throws IOException {if (!f.createNewFile())throw new IOException(MessageFormat.format(JGitText.get().createNewFileFailed, f));}
public String getFieldAsString() {if (this.field == null)return null;else return this.field.toString();}","public void inform(ResourceLoader loader) throws IOException {String dicts[] = dictionaryFiles.split("","");InputStream affix = null;List<InputStream> dictionaries = new ArrayList<>();try {dictionaries = new ArrayList<>();for (String file : dicts) {dictionaries.add(loader.openResource(file));}affix = loader.openResource(affixFile);Path tempPath = Files.createTempDirectory(Dictionary.getDefaultTempDir(), ""Hunspell"");try (Directory tempDir = FSDirectory.open(tempPath)) {this.dictionary = new Dictionary(tempDir, ""hunspell"", affix, dictionaries, ignoreCase);} finally {IOUtils.rm(tempPath);}} catch (ParseException e) {throw new IOException(""Unable to load hunspell data! [dictionary="" + dictionaries + "",affix="" + affixFile + ""]"", e);} finally {IOUtils.closeWhileHandlingException(affix);IOUtils.closeWhileHandlingException(dictionaries);}}"
"1976","public DetectDocumentTextResult detectDocumentText(DetectDocumentTextRequest request) {request = beforeClientExecution(request);return executeDetectDocumentText(request);}
public DescribeCertificatesResult describeCertificates(DescribeCertificatesRequest request) {request = beforeClientExecution(request);return executeDescribeCertificates(request);}
public int getFormatCount() {return _formats.length;}
public GetOutcomesResult getOutcomes(GetOutcomesRequest request) {request = beforeClientExecution(request);return executeGetOutcomes(request);}","public Set<URIishField> getOptionalFields() {return Collections.emptySet();}"
"1981","public BasicStats(String field, double boost) {this.field = field;this.boost = boost;}
public UpdateSecurityGroupRuleDescriptionsIngressResult updateSecurityGroupRuleDescriptionsIngress(UpdateSecurityGroupRuleDescriptionsIngressRequest request) {request = beforeClientExecution(request);return executeUpdateSecurityGroupRuleDescriptionsIngress(request);}
public long getOffset() {return position;}
public Collection<Ref> getAdvertisedRefs() {return Collections.unmodifiableCollection(advertisedRefs.values());}","public QueryParser(QueryParserTokenManager tm) {token_source = tm;token = new Token();jj_ntk = -1;jj_gen = 0;for (int i = 0; i < 10; i++) jj_la1[i] = -1;for (int i = 0; i < jj_2_rtns.length; i++) jj_2_rtns[i] = new JJCalls();}"
"1986","public void setText(CharacterIterator newText) {start = newText.getBeginIndex();end = newText.getEndIndex();text = newText;current = start;}
public PutOutcomeResult putOutcome(PutOutcomeRequest request) {request = beforeClientExecution(request);return executePutOutcome(request);}
public UnescapedCharSequence(CharSequence text) {this.chars = new char[text.length()];this.wasEscaped = new boolean[text.length()];for (int i = 0; i < text.length(); i++) {this.chars[i] = text.charAt(i);this.wasEscaped[i] = false;}}
public DoubleBuffer put(double[] src, int srcOffset, int doubleCount) {byteBuffer.limit(limit * SizeOf.DOUBLE);byteBuffer.position(position * SizeOf.DOUBLE);if (byteBuffer instanceof ReadWriteDirectByteBuffer) {((ReadWriteDirectByteBuffer) byteBuffer).put(src, srcOffset, doubleCount);} else {((ReadWriteHeapByteBuffer) byteBuffer).put(src, srcOffset, doubleCount);}this.position += doubleCount;return this;}","public void remove() {throw new UnsupportedOperationException();}"
"1991","public String toString() {StringBuilder buffer = new StringBuilder();buffer.append(""[CHARTTITLEFORMAT]\n"");buffer.append(""    .format_runs       = "").append(_formats.length).append(""\n"");for(int i=0; i<_formats.length; i++) {CTFormat ctf = _formats[i];buffer.append(""       .char_offset= "").append(ctf.getOffset());buffer.append("",.fontidx= "").append(ctf.getFontIndex());buffer.append(""\n"");}buffer.append(""[/CHARTTITLEFORMAT]\n"");return buffer.toString();}
public StartDominantLanguageDetectionJobResult startDominantLanguageDetectionJob(StartDominantLanguageDetectionJobRequest request) {request = beforeClientExecution(request);return executeStartDominantLanguageDetectionJob(request);}
public static boolean hasNonConflictingAltSet(Collection<BitSet> altsets) {for (BitSet alts : altsets) {if ( alts.cardinality()==1 ) {return true;}}return false;}
public ByteBuffer putChar(int index, char value) {return putShort(index, (short) value);}","public DataValidationConstraint createTextLengthConstraint(int operatorType, String formula1, String formula2) {return DVConstraint.createNumericConstraint(ValidationType.TEXT_LENGTH, operatorType, formula1, formula2);}"
"1996","public void writeShort(int v) {writeContinueIfRequired(2);_ulrOutput.writeShort(v);}
public final short getShort(int index) {checkIndex(index, SizeOf.SHORT);return Memory.peekShort(backingArray, offset + index, order);}
public static FuncPtg create(int functionIndex) {FunctionMetadata fm = FunctionMetadataRegistry.getFunctionByIndex(functionIndex);if(fm == null) {throw new RuntimeException(""Invalid built-in function index ("" + functionIndex + "")"");}return new FuncPtg(functionIndex, fm);}
public String toString() {return ""{""+ruleIndex+"":""+predIndex+""}?"";}","public ListDashboardsResult listDashboards(ListDashboardsRequest request) {request = beforeClientExecution(request);return executeListDashboards(request);}"
"2001","public DeleteVoiceTemplateResult deleteVoiceTemplate(DeleteVoiceTemplateRequest request) {request = beforeClientExecution(request);return executeDeleteVoiceTemplate(request);}
public void addListenerForAllRecords(HSSFListener lsnr) {short[] rectypes = RecordFactory.getAllKnownRecordSIDs();for (short rectype : rectypes) {addListener(lsnr, rectype);}}
public DescribeLocalGatewayRouteTablesResult describeLocalGatewayRouteTables(DescribeLocalGatewayRouteTablesRequest request) {request = beforeClientExecution(request);return executeDescribeLocalGatewayRouteTables(request);}
public EnableDomainAutoRenewResult enableDomainAutoRenew(EnableDomainAutoRenewRequest request) {request = beforeClientExecution(request);return executeEnableDomainAutoRenew(request);}","public String toString() {StringBuilder result = new StringBuilder();result.append(type.toString());result.append('<');result.append(name);result.append(':');if (fieldsData != null) {result.append(fieldsData);}result.append('>');return result.toString();}"
"2006","public DescribeConversionTasksResult describeConversionTasks() {return describeConversionTasks(new DescribeConversionTasksRequest());}
public GetFieldLevelEncryptionProfileConfigResult getFieldLevelEncryptionProfileConfig(GetFieldLevelEncryptionProfileConfigRequest request) {request = beforeClientExecution(request);return executeGetFieldLevelEncryptionProfileConfig(request);}
public ListInstancesResult listInstances(ListInstancesRequest request) {request = beforeClientExecution(request);return executeListInstances(request);}
public void decode(byte[] blocks, int blocksOffset, int[] values, int valuesOffset, int iterations) {for (int j = 0; j < iterations; ++j) {final byte block = blocks[blocksOffset++];values[valuesOffset++] = (block >>> 6) & 3;values[valuesOffset++] = (block >>> 4) & 3;values[valuesOffset++] = (block >>> 2) & 3;values[valuesOffset++] = block & 3;}}","public int read(byte[] dst, int pos, int cnt) throws IOException {try {int n = 0;while (n < cnt) {int r = inf.inflate(dst, pos + n, cnt - n);n += r;if (inf.finished())break;if (inf.needsInput()) {onObjectData(src, buf, p, bAvail);use(bAvail);p = fill(src, 1);inf.setInput(buf, p, bAvail);} else if (r == 0) {throw new CorruptObjectException(MessageFormat.format(JGitText.get().packfileCorruptionDetected,JGitText.get().unknownZlibError));}}actualSize += n;return 0 < n ? n : -1;} catch (DataFormatException dfe) {throw new CorruptObjectException(MessageFormat.format(JGitText.get().packfileCorruptionDetected, dfe.getMessage()));}}"
"2011","public WorkflowExecutionCount countClosedWorkflowExecutions(CountClosedWorkflowExecutionsRequest request) {request = beforeClientExecution(request);return executeCountClosedWorkflowExecutions(request);}
public E remove() {return removeFirstImpl();}
public ValueEval evaluate(int srcRowIndex, int srcColumnIndex, ValueEval numberVE) {final String number;if (numberVE instanceof RefEval) {RefEval re = (RefEval) numberVE;number = OperandResolver.coerceValueToString(re.getInnerValueEval(re.getFirstSheetIndex()));} else {number = OperandResolver.coerceValueToString(numberVE);}if (number.length() > 10) {return ErrorEval.NUM_ERROR;}String unsigned;boolean isPositive;if (number.length() < 10) {unsigned = number;isPositive = true;} else {unsigned = number.substring(1);isPositive = number.startsWith(""0"");}String value;try {if (isPositive) {int sum = getDecimalValue(unsigned);value = String.valueOf(sum);} else {String inverted = toggleBits(unsigned);int sum = getDecimalValue(inverted);sum++;value = ""-"" + sum;}} catch (NumberFormatException e) {return ErrorEval.NUM_ERROR;}return new NumberEval(Long.parseLong(value));}
public ObjectId getOldId() {return oldId;}","public FeatProtection(RecordInputStream in) {fSD = in.readInt();passwordVerifier = in.readInt();title = StringUtil.readUnicodeString(in);securityDescriptor = in.readRemainder();}"
"2016","public UpdateContactAttributesResult updateContactAttributes(UpdateContactAttributesRequest request) {request = beforeClientExecution(request);return executeUpdateContactAttributes(request);}
public DescribeClientVpnEndpointsResult describeClientVpnEndpoints(DescribeClientVpnEndpointsRequest request) {request = beforeClientExecution(request);return executeDescribeClientVpnEndpoints(request);}
public DescribeCacheSecurityGroupsResult describeCacheSecurityGroups(DescribeCacheSecurityGroupsRequest request) {request = beforeClientExecution(request);return executeDescribeCacheSecurityGroups(request);}
public boolean equals(Object object) {synchronized (Hashtable.this) {return super.equals(object);}}","public static List<TransportProtocol> getTransportProtocols() {int cnt = protocols.size();List<TransportProtocol> res = new ArrayList<>(cnt);for (WeakReference<TransportProtocol> ref : protocols) {TransportProtocol proto = ref.get();if (proto != null)res.add(proto);elseprotocols.remove(ref);}return Collections.unmodifiableList(res);}"
"2021","public SrndTermQuery(String termText, boolean quoted) {super(quoted);this.termText = termText;}
public CreateEmailTemplateResult createEmailTemplate(CreateEmailTemplateRequest request) {request = beforeClientExecution(request);return executeCreateEmailTemplate(request);}
public ByteBuffer putChar(char value) {return putShort((short) value);}
public static String getLocalizedMessage(String key) {return getLocalizedMessage(key, Locale.getDefault());}","public Snapshot deleteSnapshot(DeleteSnapshotRequest request) {request = beforeClientExecution(request);return executeDeleteSnapshot(request);}"
"2026","public ListMemberAccountsResult listMemberAccounts(ListMemberAccountsRequest request) {request = beforeClientExecution(request);return executeListMemberAccounts(request);}
public boolean shouldRefresh() {long now = System.currentTimeMillis();return now - lastFailedRefreshTime > refreshIntervalInMillSeconds;}
public void setRefLogMessage(String msg, boolean appendStatus) {if (msg == null && !appendStatus)disableRefLog();else if (msg == null && appendStatus) {refLogMessage = """"; refLogIncludeResult = true;} else {refLogMessage = msg;refLogIncludeResult = appendStatus;}}
public Status getStatus() {return myStatus;}","public GetDeploymentStrategyResult getDeploymentStrategy(GetDeploymentStrategyRequest request) {request = beforeClientExecution(request);return executeGetDeploymentStrategy(request);}"
"2031","public DeleteEventResult deleteEvent(DeleteEventRequest request) {request = beforeClientExecution(request);return executeDeleteEvent(request);}
public ListQueryLoggingConfigsResult listQueryLoggingConfigs(ListQueryLoggingConfigsRequest request) {request = beforeClientExecution(request);return executeListQueryLoggingConfigs(request);}
public BatchGetDeploymentTargetsResult batchGetDeploymentTargets(BatchGetDeploymentTargetsRequest request) {request = beforeClientExecution(request);return executeBatchGetDeploymentTargets(request);}
public GetRulesResult getRules(GetRulesRequest request) {request = beforeClientExecution(request);return executeGetRules(request);}","public void setMessage(String newMessage) {message = newMessage;}"
"2036","public String toString(String field) {return null;}
public ReplicationGroup completeMigration(CompleteMigrationRequest request) {request = beforeClientExecution(request);return executeCompleteMigration(request);}
public SupBookRecord(RecordInputStream in) {int recLen = in.remaining();field_1_number_of_sheets = in.readShort();if(recLen > SMALL_RECORD_SIZE) {_isAddInFunctions = false;field_2_encoded_url = in.readString();String[] sheetNames = new String[field_1_number_of_sheets];for (int i = 0; i < sheetNames.length; i++) {sheetNames[i] = in.readString();}field_3_sheet_names = sheetNames;return;}field_2_encoded_url = null;field_3_sheet_names = null;short nextShort = in.readShort();if(nextShort == TAG_INTERNAL_REFERENCES) {_isAddInFunctions = false;} else if(nextShort == TAG_ADD_IN_FUNCTIONS) {_isAddInFunctions = true;if(field_1_number_of_sheets != 1) {throw new RuntimeException(""Expected 0x0001 for number of sheets field in 'Add-In Functions' but got (""+ field_1_number_of_sheets + "")"");}} else {throw new RuntimeException(""invalid EXTERNALBOOK code (""+ Integer.toHexString(nextShort) + "")"");}}
public GetEmailTemplateResult getEmailTemplate(GetEmailTemplateRequest request) {request = beforeClientExecution(request);return executeGetEmailTemplate(request);}","public void setByte(int index, int value) {switch (index >> 2) {case 0:w1 = set(w1, index & 3, value);break;case 1:w2 = set(w2, index & 3, value);break;case 2:w3 = set(w3, index & 3, value);break;case 3:w4 = set(w4, index & 3, value);break;case 4:w5 = set(w5, index & 3, value);break;default:throw new ArrayIndexOutOfBoundsException(index);}}"
"2041","public LongBuffer put(int index, long c) {throw new ReadOnlyBufferException();}
public SumTotalTermFreqValueSource(String indexedField) {this.indexedField = indexedField;}
public NavigableSet<E> tailSet(E start, boolean startInclusive) {Comparator<? super E> c = backingMap.comparator();if (c == null) {((Comparable<E>) start).compareTo(start);} else {c.compare(start, start);}return new TreeSet<E>(backingMap.tailMap(start, startInclusive));}
public ReadJobResult readJob(ReadJobRequest request) {request = beforeClientExecution(request);return executeReadJob(request);}","public GetSignalingChannelEndpointResult getSignalingChannelEndpoint(GetSignalingChannelEndpointRequest request) {request = beforeClientExecution(request);return executeGetSignalingChannelEndpoint(request);}"
"2046","public VariableGapTermsIndexWriter(SegmentWriteState state, IndexTermSelector policy) throws IOException {final String indexFileName = IndexFileNames.segmentFileName(state.segmentInfo.name, state.segmentSuffix, TERMS_INDEX_EXTENSION);out = state.directory.createOutput(indexFileName, state.context);boolean success = false;try {fieldInfos = state.fieldInfos;this.policy = policy;CodecUtil.writeIndexHeader(out, CODEC_NAME, VERSION_CURRENT, state.segmentInfo.getId(), state.segmentSuffix);success = true;} finally {if (!success) {IOUtils.closeWhileHandlingException(out);}}}
@Override public boolean add(E object) {Object[] a = array;int s = size;if (s == a.length) {Object[] newArray = new Object[s +(s < (MIN_CAPACITY_INCREMENT / 2) ?MIN_CAPACITY_INCREMENT : s >> 1)];System.arraycopy(a, 0, newArray, 0, s);array = a = newArray;}a[s] = object;size = s + 1;modCount++;return true;}
public Set<Integer> toSet() {Set<Integer> s = new HashSet<Integer>();for (Interval I : intervals) {int a = I.a;int b = I.b;for (int v=a; v<=b; v++) {s.add(v);}}return s;}
public final void writeBoolean(boolean val) throws IOException {write(val ? 1 : 0);}","public void serialize(LittleEndianOutput out) {throw new RecordFormatException( ""Sorry, you can't serialize MulRK in this release"");}"
"2051","public T get(int index) {if (index < 0 || size <= index)throw new IndexOutOfBoundsException(String.valueOf(index));return directory[toDirectoryIndex(index)][toBlockIndex(index)];}
public DeleteSnapshotCopyGrantResult deleteSnapshotCopyGrant(DeleteSnapshotCopyGrantRequest request) {request = beforeClientExecution(request);return executeDeleteSnapshotCopyGrant(request);}
public void resetFontStyle(){setFontStyle(false,false);}
public static int getEncodedSize(int numberOfRanges) {return 2 + CellRangeAddress.getEncodedSize(numberOfRanges);}","public ListJobsRequest(String vaultName) {setVaultName(vaultName);}"
"2056","public DeletePlacementGroupRequest(String groupName) {setGroupName(groupName);}
public void fill() {lazyInit();final int blockSize = 1000;while (true) {int fetched = fetch(blockSize);if (fetched < blockSize) {return;}}}
public DescribeGlobalClustersResult describeGlobalClusters(DescribeGlobalClustersRequest request) {request = beforeClientExecution(request);return executeDescribeGlobalClusters(request);}
public PutVoiceConnectorTerminationResult putVoiceConnectorTermination(PutVoiceConnectorTerminationRequest request) {request = beforeClientExecution(request);return executePutVoiceConnectorTermination(request);}","public static int strcmp(char[] a, int startA, char[] b, int startB) {for (; a[startA] == b[startB]; startA++, startB++) {if (a[startA] == 0) {return 0;}}return a[startA] - b[startB];}"
"2061","public StartSentimentDetectionJobResult startSentimentDetectionJob(StartSentimentDetectionJobRequest request) {request = beforeClientExecution(request);return executeStartSentimentDetectionJob(request);}
public HSSFCell createCell(int column){return this.createCell(column,CellType.BLANK);}
public RecalcIdRecord(RecordInputStream in) {in.readUShort(); _reserved0 = in.readUShort();_engineId = in.readInt();}
public static int getEncodedSizeWithoutArrayData(Ptg[] ptgs) {int result = 0;for (Ptg ptg : ptgs) {if (ptg instanceof ArrayPtg) {result += ArrayPtg.PLAIN_TOKEN_SIZE;} else {result += ptg.getSize();}}return result;}","public static double ceiling(double n, double s) {if (n>0 && s<0) {return Double.NaN;} else {return (n == 0 || s == 0) ? 0 : Math.ceil(n/s) * s;}}"
"2066","public ListResolverRulesResult listResolverRules(ListResolverRulesRequest request) {request = beforeClientExecution(request);return executeListResolverRules(request);}
public ListBusinessReportSchedulesResult listBusinessReportSchedules(ListBusinessReportSchedulesRequest request) {request = beforeClientExecution(request);return executeListBusinessReportSchedules(request);}
public EscherDgRecord createDgRecord() {EscherDgRecord dg = new EscherDgRecord();dg.setRecordId( EscherDgRecord.RECORD_ID );short dgId = findNewDrawingGroupId();dg.setOptions( (short) ( dgId << 4 ) );dg.setNumShapes( 0 );dg.setLastMSOSPID( -1 );drawingGroups.add(dg);dgg.addCluster( dgId, 0 );dgg.setDrawingsSaved( dgg.getDrawingsSaved() + 1 );return dg;}
public Transport open(URIish uri)throws NotSupportedException, TransportException {throw new NotSupportedException(JGitText.get().transportNeedsRepository);}","public int compare(Ref o1, Ref o2) {return compareTo(o1, o2);}"
"2071","public OrdRange(int start, int end) {this.start = start;this.end = end;}
public boolean add(E object) {return backingMap.put(object, this) == null;}
public void write(String s) {reserve(s.length());s.getChars(0,s.length(),buf, len);len +=s.length();}
public long skip(long cnt) throws IOException {try {beginRead();return super.skip(cnt);} catch (InterruptedIOException e) {throw readTimedOut(e);} finally {endRead();}}","public StepDetail(StepConfig stepConfig, StepExecutionStatusDetail executionStatusDetail) {setStepConfig(stepConfig);setExecutionStatusDetail(executionStatusDetail);}"
"2076","final public Token getToken(int index) {Token t = token;for (int i = 0; i < index; i++) {if (t.next != null) t = t.next;else t = t.next = token_source.getNextToken();}return t;}
public Object[] toArray() {synchronized (mutex) {return delegate().toArray();}}
public DBParameterGroup createDBParameterGroup(CreateDBParameterGroupRequest request) {request = beforeClientExecution(request);return executeCreateDBParameterGroup(request);}
public StringBuilder append(boolean b) {append0(b ? ""true"" : ""false"");return this;}","public void execute(Lexer lexer, CharStream input, int startIndex) {boolean requiresSeek = false;int stopIndex = input.index();try {for (LexerAction lexerAction : lexerActions) {if (lexerAction instanceof LexerIndexedCustomAction) {int offset = ((LexerIndexedCustomAction)lexerAction).getOffset();input.seek(startIndex + offset);lexerAction = ((LexerIndexedCustomAction)lexerAction).getAction();requiresSeek = (startIndex + offset) != stopIndex;}else if (lexerAction.isPositionDependent()) {input.seek(stopIndex);requiresSeek = false;}lexerAction.execute(lexer);}}finally {if (requiresSeek) {input.seek(stopIndex);}}}"
"2081","public ListMailboxPermissionsResult listMailboxPermissions(ListMailboxPermissionsRequest request) {request = beforeClientExecution(request);return executeListMailboxPermissions(request);}
public ConditionalFormattingTable(RecordStream rs) {while (rs.peekNextRecord() instanceof CFHeaderBase) {_cfHeaders.add(CFRecordsAggregate.createCFAggregate(rs));}}
public void decode(byte[] blocks, int blocksOffset, int[] values, int valuesOffset, int iterations) {for (int i = 0; i < iterations; ++i) {final int byte0 = blocks[blocksOffset++] & 0xFF;final int byte1 = blocks[blocksOffset++] & 0xFF;values[valuesOffset++] = (byte0 << 4) | (byte1 >>> 4);final int byte2 = blocks[blocksOffset++] & 0xFF;values[valuesOffset++] = ((byte1 & 15) << 8) | byte2;}}
public Map<String, Ref> getTags() {try {return getRefDatabase().getRefs(Constants.R_TAGS);} catch (IOException e) {throw new UncheckedIOException(e);}}","public ComposedQuery(List<SrndQuery> qs, boolean operatorInfix, String opName) {recompose(qs);this.operatorInfix = operatorInfix;this.opName = opName;}"
"2086","public TestRoleResult testRole(TestRoleRequest request) {request = beforeClientExecution(request);return executeTestRole(request);}
public String toString() {final StringBuilder r = new StringBuilder();r.append(""("");for (int i = 0; i < subfilters.length; i++) {if (i > 0)r.append("" AND "");r.append(subfilters[i].toString());}r.append("")"");return r.toString();}
public ModifyVpcAttributeResult modifyVpcAttribute(ModifyVpcAttributeRequest request) {request = beforeClientExecution(request);return executeModifyVpcAttribute(request);}
public void seekExact(long ord) throws IOException {throw new UnsupportedOperationException();}","public ArabicNormalizationFilterFactory(Map<String,String> args) {super(args);if (!args.isEmpty()) {throw new IllegalArgumentException(""Unknown parameters: "" + args);}}"
"2091","public boolean equals(Object obj) {if (!(obj instanceof BookSheetKey)) {return false;}BookSheetKey other = (BookSheetKey) obj;return _bookIndex == other._bookIndex && _sheetIndex == other._sheetIndex;}
public TermQuery(Term t, TermStates states) {assert states != null;term = Objects.requireNonNull(t);perReaderTermState = Objects.requireNonNull(states);}
public GetClusterCredentialsResult getClusterCredentials(GetClusterCredentialsRequest request) {request = beforeClientExecution(request);return executeGetClusterCredentials(request);}
public boolean equals(Object other) {return (getClass() == other.getClass()) && this.equalsSameType(other);}","public Item clone() {return new Item(parent, child);}"
"2096","public UpdateClusterResult updateCluster(UpdateClusterRequest request) {request = beforeClientExecution(request);return executeUpdateCluster(request);}
public E get(int index) {synchronized (mutex) {return delegate().get(index);}}
public LogCommand setMaxCount(int maxCount) {checkCallable();this.maxCount = maxCount;return this;}
public GetInsightRuleReportResult getInsightRuleReport(GetInsightRuleReportRequest request) {request = beforeClientExecution(request);return executeGetInsightRuleReport(request);}","public CommonToken(Token oldToken) {type = oldToken.getType();line = oldToken.getLine();index = oldToken.getTokenIndex();charPositionInLine = oldToken.getCharPositionInLine();channel = oldToken.getChannel();start = oldToken.getStartIndex();stop = oldToken.getStopIndex();if (oldToken instanceof CommonToken) {text = ((CommonToken)oldToken).text;source = ((CommonToken)oldToken).source;}else {text = oldToken.getText();source = new Pair<TokenSource, CharStream>(oldToken.getTokenSource(), oldToken.getInputStream());}}"
"2101","public ListSolutionsResult listSolutions(ListSolutionsRequest request) {request = beforeClientExecution(request);return executeListSolutions(request);}
public boolean hasPrevious() {return index > from;}
public final void end() {if (finalState != null) {restoreState(finalState);}}
public DoubleBuffer put(int index, double c) {checkIndex(index);backingArray[offset + index] = c;return this;}","public ThreeWayMerger newMerger(Repository db) {return new ResolveMerger(db, false);}"
"2106","public static long pop_union(long[] arr1, long[] arr2, int wordOffset, int numWords) {long popCount = 0;for (int i = wordOffset, end = wordOffset + numWords; i < end; ++i) {popCount += Long.bitCount(arr1[i] | arr2[i]);}return popCount;}
public LongBuffer put(long c) {if (position == limit) {throw new BufferOverflowException();}backingArray[offset + position++] = c;return this;}
public ConstValueSource(float constant) {this.constant = constant;this.dv = constant;}
public boolean matches(char c) {return punctCharacters.indexOf(c) != -1;}","public FlushInfo(int numDocs, long estimatedSegmentSize) {this.numDocs = numDocs;this.estimatedSegmentSize = estimatedSegmentSize;}"
"2111","public void print(char[] chars) {print(new String(chars, 0, chars.length));}
public E element() {return getFirstImpl();}
public ListNodegroupsResult listNodegroups(ListNodegroupsRequest request) {request = beforeClientExecution(request);return executeListNodegroups(request);}
public PutSkillAuthorizationResult putSkillAuthorization(PutSkillAuthorizationRequest request) {request = beforeClientExecution(request);return executePutSkillAuthorization(request);}","public DescribeSourceRegionsResult describeSourceRegions(DescribeSourceRegionsRequest request) {request = beforeClientExecution(request);return executeDescribeSourceRegions(request);}"
"2116","public SplitShardResult splitShard(SplitShardRequest request) {request = beforeClientExecution(request);return executeSplitShard(request);}
public CreateTableRequest(String tableName, java.util.List<KeySchemaElement> keySchema) {setTableName(tableName);setKeySchema(keySchema);}
public void serialize(LittleEndianOutput out) {out.writeShort(field_1_id);out.writeByte(field_4_text.length());if (is16bit) {out.writeByte(0x01);StringUtil.putUnicodeLE(field_4_text, out);} else {out.writeByte(0x00);StringUtil.putCompressedUnicode(field_4_text, out);}}
public UpdateVoiceTemplateResult updateVoiceTemplate(UpdateVoiceTemplateRequest request) {request = beforeClientExecution(request);return executeUpdateVoiceTemplate(request);}","public BookBoolRecord(RecordInputStream in) {field_1_save_link_values = in.readShort();}"
"2121","public final Buffer flip() {limit = position;position = 0;mark = UNSET_MARK;return this;}
public IntBuffer get(int[] dst, int dstOffset, int intCount) {Arrays.checkOffsetAndCount(dst.length, dstOffset, intCount);if (intCount > remaining()) {throw new BufferUnderflowException();}for (int i = dstOffset; i < dstOffset + intCount; ++i) {dst[i] = get();}return this;}
public GroupingSearch setGroupDocsOffset(int groupDocsOffset) {this.groupDocsOffset = groupDocsOffset;return this;}
public Builder() {this(16, 16);}","public String getCommandName() {return command;}"
"2126","public int getFirstInternalSheetIndexForExtIndex(int extRefIndex) {if (extRefIndex >= _externSheetRecord.getNumOfRefs() || extRefIndex < 0) {return -1;}return _externSheetRecord.getFirstSheetIndexFromRefIndex(extRefIndex);}
public boolean isExpired() {return this.expiredDate == null || this.expiredDate.after(new Date());}
public ListPolicyAttachmentsResult listPolicyAttachments(ListPolicyAttachmentsRequest request) {request = beforeClientExecution(request);return executeListPolicyAttachments(request);}
public double readDouble() {return Double.longBitsToDouble(readLong());}","public UpdateLoginProfileRequest(String userName) {setUserName(userName);}"
"2131","public String getResultPath() {return resultPath;}
public DescribeInstanceAttributeRequest(String instanceId, InstanceAttributeName attribute) {setInstanceId(instanceId);setAttribute(attribute.toString());}
public int previousIndex() {return index - 1;}
public static RevFilter create(RevFilter[] list) {if (list.length == 2)return create(list[0], list[1]);if (list.length < 2)throw new IllegalArgumentException(JGitText.get().atLeastTwoFiltersNeeded);final RevFilter[] subfilters = new RevFilter[list.length];System.arraycopy(list, 0, subfilters, 0, list.length);return new List(subfilters);}","public void reset() {seek(0);}"
"2136","public ListResourceRecordSetsRequest(String hostedZoneId) {setHostedZoneId(hostedZoneId);}
public EventBasedExcelExtractor(POIFSFileSystem fs) {this(fs.getRoot());super.setFilesystem(fs);}
public ListClustersResult listClusters() {return listClusters(new ListClustersRequest());}
public CreateAddressResult createAddress(CreateAddressRequest request) {request = beforeClientExecution(request);return executeCreateAddress(request);}","public ListFacePhotosRequest() {super(""CloudPhoto"", ""2017-07-11"", ""ListFacePhotos"", ""cloudphoto"");setProtocol(ProtocolType.HTTPS);}"
"2141","public String toPrivateASCIIString() {return format(true, true);}
public BatchGetNamedQueryResult batchGetNamedQuery(BatchGetNamedQueryRequest request) {request = beforeClientExecution(request);return executeBatchGetNamedQuery(request);}
public CreateProfilingGroupResult createProfilingGroup(CreateProfilingGroupRequest request) {request = beforeClientExecution(request);return executeCreateProfilingGroup(request);}
@Override public String toString() {return Arrays.toString(elements);}","public String toString() {String padd = getPadding();StringBuilder sb = new StringBuilder(padd);if (disableCounting) {sb.append('-');}sb.append(getName());if (getRunInBackground()) {sb.append("" &"");int x = getBackgroundDeltaPriority();if (x != 0) {sb.append(x);}}return sb.toString();}"
"2146","public Counter bytesUsed() {return bytesUsed;}
public ListStreamingDistributionsResult listStreamingDistributions(ListStreamingDistributionsRequest request) {request = beforeClientExecution(request);return executeListStreamingDistributions(request);}
public final void writeInt(int val) throws IOException {Memory.pokeInt(scratch, 0, val, ByteOrder.BIG_ENDIAN);write(scratch, 0, SizeOf.INT);}
public static ExpandedDouble fromRawBitsAndExponent(long rawBits, int exp) {return new ExpandedDouble(getFrac(rawBits), exp);}","public boolean offerFirst(E e) {return addFirstImpl(e);}"
"2151","public BlockTermsWriter(TermsIndexWriterBase termsIndexWriter,SegmentWriteState state, PostingsWriterBase postingsWriter)throws IOException {final String termsFileName = IndexFileNames.segmentFileName(state.segmentInfo.name, state.segmentSuffix, TERMS_EXTENSION);this.termsIndexWriter = termsIndexWriter;maxDoc = state.segmentInfo.maxDoc();out = state.directory.createOutput(termsFileName, state.context);boolean success = false;try {fieldInfos = state.fieldInfos;CodecUtil.writeIndexHeader(out, CODEC_NAME, VERSION_CURRENT, state.segmentInfo.getId(), state.segmentSuffix);currentField = null;this.postingsWriter = postingsWriter;postingsWriter.init(out, state); success = true;} finally {if (!success) {IOUtils.closeWhileHandlingException(out);}}}
public InstanceGroupModifyConfig(String instanceGroupId, Integer instanceCount) {setInstanceGroupId(instanceGroupId);setInstanceCount(instanceCount);}
public void collect(int doc) {totalHits++;}
public void writeByte(int v) {try {out.write(v);} catch (IOException e) {throw new RuntimeException(e);}}","public int serializeComplexPart(byte[] data, int pos) {System.arraycopy(complexData, 0, data, pos, complexData.length);return complexData.length;}"
"2156","public String toString() {return ""<notokenfound/>"";}
public DecisionInfo(int decision) {this.decision = decision;}
public CFRuleRecord(RecordInputStream in) {setConditionType(in.readByte());setComparisonOperation(in.readByte());int field_3_formula1_len = in.readUShort();int field_4_formula2_len = in.readUShort();readFormatOptions(in);setFormula1(Formula.read(field_3_formula1_len, in));setFormula2(Formula.read(field_4_formula2_len, in));}
public GroupMarkerSubRecord() {reserved = EMPTY_BYTE_ARRAY;}","public SegToken filter(SegToken token) {switch (token.wordType) {case WordType.FULLWIDTH_NUMBER:case WordType.FULLWIDTH_STRING: for (int i = 0; i < token.charArray.length; i++) {if (token.charArray[i] >= 0xFF10)token.charArray[i] -= 0xFEE0;if (token.charArray[i] >= 0x0041 && token.charArray[i] <= 0x005A) token.charArray[i] += 0x0020;}break;case WordType.STRING:for (int i = 0; i < token.charArray.length; i++) {if (token.charArray[i] >= 0x0041 && token.charArray[i] <= 0x005A) token.charArray[i] += 0x0020;}break;case WordType.DELIMITER: token.charArray = Utility.COMMON_DELIMITER;break;default:break;}return token;}"
"2161","public BarRecord(RecordInputStream in) {field_1_barSpace      = in.readShort();field_2_categorySpace = in.readShort();field_3_formatFlags   = in.readShort();}
public final boolean tryIncRef() {int count;while ((count = refCount.get()) > 0) {if (refCount.compareAndSet(count, count+1)) {return true;}}return false;}
public GetStackPolicyResult getStackPolicy(GetStackPolicyRequest request) {request = beforeClientExecution(request);return executeGetStackPolicy(request);}
public void removeKeywords() {remove1stProperty(PropertyIDMap.PID_KEYWORDS);}","public boolean follows(TextFragment fragment){return textStartPos == fragment.textEndPos;}"
"2166","public DescribeHyperParameterTuningJobResult describeHyperParameterTuningJob(DescribeHyperParameterTuningJobRequest request) {request = beforeClientExecution(request);return executeDescribeHyperParameterTuningJob(request);}
public CharSequence toQueryString(EscapeQuerySyntax escapeSyntaxParser) {if (getChildren() == null || getChildren().size() == 0)return """";StringBuilder sb = new StringBuilder();String filler = """";for (QueryNode child : getChildren()) {sb.append(filler).append(child.toQueryString(escapeSyntaxParser));filler = "" AND "";}if ((getParent() != null && getParent() instanceof GroupQueryNode)|| isRoot())return sb.toString();else return ""( "" + sb.toString() + "" )"";}
public String toString() {return ""State [entries="" + entries + "", hosts="" + hosts + ""]"";}
public DataFormatRecord(RecordInputStream in) {field_1_pointNumber = in.readShort();field_2_seriesIndex = in.readShort();field_3_seriesNumber = in.readShort();field_4_formatFlags = in.readShort();}","public ModifyVpcEndpointServiceConfigurationResult modifyVpcEndpointServiceConfiguration(ModifyVpcEndpointServiceConfigurationRequest request) {request = beforeClientExecution(request);return executeModifyVpcEndpointServiceConfiguration(request);}"
"2171","public void serialize(LittleEndianOutput out) {out.writeShort(_encodedTokenLen);out.write(_byteEncoding);}
public ValueEval evaluate(int srcRowIndex, int srcColumnIndex, ValueEval arg0, ValueEval arg1) {AreaEval aeRange;try {aeRange = convertRangeArg(arg0);} catch (EvaluationException e) {return e.getErrorEval();}return eval(srcRowIndex, srcColumnIndex, arg1, aeRange, aeRange);}
public RecognizeLabelRequest() {super(""visionai-poc"", ""2020-04-08"", ""RecognizeLabel"");setMethod(MethodType.POST);}
public ListStackSetsResult listStackSets(ListStackSetsRequest request) {request = beforeClientExecution(request);return executeListStackSets(request);}","public ModifyNetworkInterfaceAttributeResult modifyNetworkInterfaceAttribute(ModifyNetworkInterfaceAttributeRequest request) {request = beforeClientExecution(request);return executeModifyNetworkInterfaceAttribute(request);}"
"2176","public static RevFilter create(RevFilter a) {return new NotRevFilter(a);}
public String toString() {String up = parent!=null ? parent.toString() : """";if ( up.length()==0 ) {if ( returnState == EMPTY_RETURN_STATE ) {return ""$"";}return String.valueOf(returnState);}return String.valueOf(returnState)+"" ""+up;}
public ToParentBlockJoinQuery(Query childQuery, BitSetProducer parentsFilter, ScoreMode scoreMode) {super();this.childQuery = childQuery;this.parentsFilter = parentsFilter;this.scoreMode = scoreMode;}
public int previousIndex() {int previous = iterator.previousIndex();if (previous >= start) {return previous - start;}return -1;}","public String getSourcePath(int idx) {return sourcePaths[idx];}"
"2181","public DoubleBuffer slice() {return new ReadWriteDoubleArrayBuffer(remaining(), backingArray, offset + position);}
public DescribeEvaluationsResult describeEvaluations(DescribeEvaluationsRequest request) {request = beforeClientExecution(request);return executeDescribeEvaluations(request);}
public int getBigBlockSize() {return bigBlockSize;}
public static ValueVector createRowVector(TwoDEval tableArray, int relativeRowIndex) {return new RowVector(tableArray, relativeRowIndex);}","public void setDbcell(int cell, int value){field_5_dbcells.set(cell, value);}"
"2186","public int compareTo(MutableValue other) {Class<? extends MutableValue> c1 = this.getClass();Class<? extends MutableValue> c2 = other.getClass();if (c1 != c2) {int c = c1.hashCode() - c2.hashCode();if (c == 0) {c = c1.getCanonicalName().compareTo(c2.getCanonicalName());}return c;}return compareSameType(other);}
public StartSpeechSynthesisTaskResult startSpeechSynthesisTask(StartSpeechSynthesisTaskRequest request) {request = beforeClientExecution(request);return executeStartSpeechSynthesisTask(request);}
public void removeParseListeners() {_parseListeners = null;}
public ListIdentityPoolsResult listIdentityPools(ListIdentityPoolsRequest request) {request = beforeClientExecution(request);return executeListIdentityPools(request);}","public String toString(){return text + '(' + startOffset + ',' + endOffset + ',' + position + ')';}"
"2191","public void setWrapIfNotCachingTokenFilter(boolean wrap) {this.wrapToCaching = wrap;}
public void onChange(boolean selfChange) {mCursor.requery();}
public DeleteRuleResult deleteRule(DeleteRuleRequest request) {request = beforeClientExecution(request);return executeDeleteRule(request);}
public void serialize(LittleEndianOutput out) {out.writeByte(getAddMenuCount());out.writeByte(getDelMenuCount());}","public String getPattern() {return pattern;}"
"2196","public String toString(){StringBuilder buffer = new StringBuilder();buffer.append( ""[BottomMargin]\n"" );buffer.append( ""    .margin               = "" ).append( "" ("" ).append( getMargin() ).append( "" )\n"" );buffer.append( ""[/BottomMargin]\n"" );return buffer.toString();}
public final void getText(CharTermAttribute t) {t.copyBuffer(zzBuffer, zzStartRead, zzMarkedPos-zzStartRead);}
public LinkedList() {voidLink = new Link<E>(null, null, null);voidLink.previous = voidLink;voidLink.next = voidLink;}
public SnapshotCopyGrant createSnapshotCopyGrant(CreateSnapshotCopyGrantRequest request) {request = beforeClientExecution(request);return executeCreateSnapshotCopyGrant(request);}","public static int getSingleViableAlt(Collection<BitSet> altsets) {BitSet viableAlts = new BitSet();for (BitSet alts : altsets) {int minAlt = alts.nextSetBit(0);viableAlts.set(minAlt);if ( viableAlts.cardinality()>1 ) { return ATN.INVALID_ALT_NUMBER;}}return viableAlts.nextSetBit(0);}"
"2201","public Builder() {this.similarity = new BM25Similarity();}
public List<Ref> getRevertedRefs() {return revertedRefs;}
public DetachPolicyResult detachPolicy(DetachPolicyRequest request) {request = beforeClientExecution(request);return executeDetachPolicy(request);}
public final void writeUTF(String str) throws IOException {write(ModifiedUtf8.encode(str));}","public DeleteBusinessReportScheduleResult deleteBusinessReportSchedule(DeleteBusinessReportScheduleRequest request) {request = beforeClientExecution(request);return executeDeleteBusinessReportSchedule(request);}"
"2206","public JapanesePartOfSpeechStopFilterFactory(Map<String,String> args) {super(args);stopTagFiles = get(args, ""tags"");if (!args.isEmpty()) {throw new IllegalArgumentException(""Unknown parameters: "" + args);}}
public SetVaultNotificationsResult setVaultNotifications(SetVaultNotificationsRequest request) {request = beforeClientExecution(request);return executeSetVaultNotifications(request);}
public void writeBytes(byte[] b, int offset, int length) {assert pos + length <= limit;System.arraycopy(b, offset, bytes, pos, length);pos += length;}
public UpdateLedgerResult updateLedger(UpdateLedgerRequest request) {request = beforeClientExecution(request);return executeUpdateLedger(request);}","public BatchDetectDominantLanguageResult batchDetectDominantLanguage(BatchDetectDominantLanguageRequest request) {request = beforeClientExecution(request);return executeBatchDetectDominantLanguage(request);}"
"2211","public void pollForUpdates() {assert isMainThread();doUpdates();}
public int getAltNumber() { return ATN.INVALID_ALT_NUMBER; }
public String toString() {StringBuilder sb = new StringBuilder(64);sb.append(getClass().getName()).append("" ["");sb.append(""]"");return sb.toString();}
public int getTimeout() {return timeout;}","public boolean canReuse(IndexInput in) {return in == inStart;}"
"2216","public DescribeMetricFiltersRequest(String logGroupName) {setLogGroupName(logGroupName);}
public final void write(char[] b) {write(b,0,b.length);}
public void trimToSize() {if (count < value.length) {char[] newValue = new char[count];System.arraycopy(value, 0, newValue, 0, count);value = newValue;shared = false;}}
public ListTransformJobsResult listTransformJobs(ListTransformJobsRequest request) {request = beforeClientExecution(request);return executeListTransformJobs(request);}","public EvaluationName getName(NamePtg namePtg) {int ix = namePtg.getIndex();return new Name(_iBook.getNameRecord(ix), ix);}"
"2221","public StashCreateCommand setIndexMessage(String message) {indexMessage = message;return this;}
public HSSFPalette getCustomPalette(){return new HSSFPalette(workbook.getCustomPalette());}
public DeregisterTaskDefinitionResult deregisterTaskDefinition(DeregisterTaskDefinitionRequest request) {request = beforeClientExecution(request);return executeDeregisterTaskDefinition(request);}
public String pattern() {return pattern;}","public void setThreads(int threads) {this.threads = threads;}"
"2226","public void execute(ReceivePack rp) {try {String expTarget = getOldSymref();boolean detach = getNewSymref() != null|| (type == Type.DELETE && expTarget != null);RefUpdate ru = rp.getRepository().updateRef(getRefName(), detach);if (expTarget != null) {if (!ru.getRef().isSymbolic() || !ru.getRef().getTarget().getName().equals(expTarget)) {setResult(Result.LOCK_FAILURE);return;}}ru.setRefLogIdent(rp.getRefLogIdent());ru.setRefLogMessage(refLogMessage, refLogIncludeResult);switch (getType()) {case DELETE:if (!ObjectId.zeroId().equals(getOldId())) {ru.setExpectedOldObjectId(getOldId());}ru.setForceUpdate(true);setResult(ru.delete(rp.getRevWalk()));break;case CREATE:case UPDATE:case UPDATE_NONFASTFORWARD:ru.setForceUpdate(rp.isAllowNonFastForwards());ru.setExpectedOldObjectId(getOldId());ru.setRefLogMessage(""push"", true); if (getNewSymref() != null) {setResult(ru.link(getNewSymref()));} else {ru.setNewObjectId(getNewId());setResult(ru.update(rp.getRevWalk()));}break;}} catch (IOException err) {reject(err);}}
public GetEbsDefaultKmsKeyIdResult getEbsDefaultKmsKeyId(GetEbsDefaultKmsKeyIdRequest request) {request = beforeClientExecution(request);return executeGetEbsDefaultKmsKeyId(request);}
public String toString() {return ""MultiDocsAndPositionsEnum("" + Arrays.toString(getSubs()) + "")"";}
public DeleteCacheParameterGroupRequest(String cacheParameterGroupName) {setCacheParameterGroupName(cacheParameterGroupName);}","public NavigableMap<K, V> headMap(K to, boolean inclusive) {Bound toBound = inclusive ? INCLUSIVE : EXCLUSIVE;return subMap(null, NO_BOUND, to, toBound);}"
"2231","public OutputStream getOutputStream() {return rawOut;}
public Boolean booleanValue(String key) {String value = responseMap.get(key);if (null == value || 0 == value.length()) {return null;}return Boolean.valueOf(responseMap.get(key));}
public ATN getATNWithBypassAlts() {String serializedAtn = getSerializedATN();if (serializedAtn == null) {throw new UnsupportedOperationException(""The current parser does not support an ATN with bypass alternatives."");}synchronized (bypassAltsAtnCache) {ATN result = bypassAltsAtnCache.get(serializedAtn);if (result == null) {ATNDeserializationOptions deserializationOptions = new ATNDeserializationOptions();deserializationOptions.setGenerateRuleBypassTransitions(true);result = new ATNDeserializer(deserializationOptions).deserialize(serializedAtn.toCharArray());bypassAltsAtnCache.put(serializedAtn, result);}return result;}}
public GetDownloadUrlRequest() {super(""CloudPhoto"", ""2017-07-11"", ""GetDownloadUrl"", ""cloudphoto"");setProtocol(ProtocolType.HTTPS);}","public int getCRC() {return crc;}"
"2236","public boolean addEscherRecord(EscherRecord element){return escherRecords.add( element );}
public CharBuffer put(String src, int start, int end) {throw new ReadOnlyBufferException();}
public ModifyWorkspaceStateResult modifyWorkspaceState(ModifyWorkspaceStateRequest request) {request = beforeClientExecution(request);return executeModifyWorkspaceState(request);}
public ICUTransformFilter(TokenStream input, Transliterator transform) {super(input);this.transform = transform;if (transform.getFilter() == null && transform instanceof com.ibm.icu.text.RuleBasedTransliterator) {final UnicodeSet sourceSet = transform.getSourceSet();if (sourceSet != null && !sourceSet.isEmpty())transform.setFilter(sourceSet);}}","public StopGameSessionPlacementResult stopGameSessionPlacement(StopGameSessionPlacementRequest request) {request = beforeClientExecution(request);return executeStopGameSessionPlacement(request);}"
"2241","public ObjectId getDeltaBase() {return null;}
public RefModeRecord clone() {return copy();}
public boolean addURI(URIish toAdd) {if (uris.contains(toAdd))return false;return uris.add(toAdd);}
public FileMode getOldMode() {return getOldMode(0);}","public Collection<RemoteRefUpdate> getRemoteUpdates() {return Collections.unmodifiableCollection(remoteUpdates.values());}"
"2246","public String toString() {StringBuilder sb = new StringBuilder();sb.append(getClass().getName());sb.append("" ["");String ws = String.valueOf(_wholePart);sb.append(ws.charAt(0));sb.append('.');sb.append(ws.substring(1));sb.append(' ');sb.append(getFractionalDigits());sb.append(""E"");sb.append(getDecimalExponent());sb.append(""]"");return sb.toString();}
public CreateCollectionResult createCollection(CreateCollectionRequest request) {request = beforeClientExecution(request);return executeCreateCollection(request);}
public ChangeMessageVisibilityBatchResult changeMessageVisibilityBatch(ChangeMessageVisibilityBatchRequest request) {request = beforeClientExecution(request);return executeChangeMessageVisibilityBatch(request);}
public static int[] copyOfRange(int[] original, int start, int end) {if (start > end) {throw new IllegalArgumentException();}int originalLength = original.length;if (start < 0 || start > originalLength) {throw new ArrayIndexOutOfBoundsException();}int resultLength = end - start;int copyLength = Math.min(resultLength, originalLength - start);int[] result = new int[resultLength];System.arraycopy(original, start, result, 0, copyLength);return result;}","public static void setInstance(SshSessionFactory newFactory) {if (newFactory != null) {INSTANCE = newFactory;} else {INSTANCE = loadSshSessionFactory();}}"
"2251","public GetRepoSyncTaskListRequest() {super(""cr"", ""2016-06-07"", ""GetRepoSyncTaskList"", ""cr"");setUriPattern(""/repos/[RepoNamespace]/[RepoName]/syncTasks"");setMethod(MethodType.GET);}
public RunInstancesRequest(String imageId, Integer minCount, Integer maxCount) {setImageId(imageId);setMinCount(minCount);setMaxCount(maxCount);}
public DeleteCodeRepositoryResult deleteCodeRepository(DeleteCodeRepositoryRequest request) {request = beforeClientExecution(request);return executeDeleteCodeRepository(request);}
public void fill(int fromIndex, int toIndex, long val) {assert fromIndex >= 0;assert fromIndex <= toIndex;assert PackedInts.unsignedBitsRequired(val) <= bitsPerValue;final int valuesPerBlock = 64 / bitsPerValue;if (toIndex - fromIndex <= valuesPerBlock << 1) {super.fill(fromIndex, toIndex, val);return;}int fromOffsetInBlock = fromIndex % valuesPerBlock;if (fromOffsetInBlock != 0) {for (int i = fromOffsetInBlock; i < valuesPerBlock; ++i) {set(fromIndex++, val);}assert fromIndex % valuesPerBlock == 0;}final int fromBlock = fromIndex / valuesPerBlock;final int toBlock = toIndex / valuesPerBlock;assert fromBlock * valuesPerBlock == fromIndex;long blockValue = 0L;for (int i = 0; i < valuesPerBlock; ++i) {blockValue = blockValue | (val << (i * bitsPerValue));}Arrays.fill(blocks, fromBlock, toBlock, blockValue);for (int i = valuesPerBlock * toBlock; i < toIndex; ++i) {set(i, val);}}","public void close() {str = null;}"
"2256","public ListDomainNamesResult listDomainNames() {return listDomainNames(new ListDomainNamesRequest());}
public AbortMultipartUploadRequest(String accountId, String vaultName, String uploadId) {setAccountId(accountId);setVaultName(vaultName);setUploadId(uploadId);}
public RevCommit getNewHead() {return newHead;}
public long get(int index) {final int o = index >>> 5;final int b = index & 31;final int shift = b << 1;return (blocks[o] >>> shift) & 3L;}","public UpdateContainerInstancesStateResult updateContainerInstancesState(UpdateContainerInstancesStateRequest request) {request = beforeClientExecution(request);return executeUpdateContainerInstancesState(request);}"
"2261","public GetExternalModelsResult getExternalModels(GetExternalModelsRequest request) {request = beforeClientExecution(request);return executeGetExternalModels(request);}
public GetFaceDetectionResult getFaceDetection(GetFaceDetectionRequest request) {request = beforeClientExecution(request);return executeGetFaceDetection(request);}
public void delete() {synchronized (SnapshotDeletionPolicy.this) {if (!refCounts.containsKey(cp.getGeneration())) {cp.delete();}}}
public void decode(long[] blocks, int blocksOffset, int[] values, int valuesOffset, int iterations) {for (int i = 0; i < iterations; ++i) {final long block = blocks[blocksOffset++];for (int shift = 56; shift >= 0; shift -= 8) {values[valuesOffset++] = (int) ((block >>> shift) & 255);}}}","public Iterator<E> descendingIterator() {return new ReverseLinkIterator<E>(this);}"
"2266","public CredentialsBackupCompatibilityAdaptor(AlibabaCloudCredentialsProvider provider) {this.provider = provider;}
public DescribeDBClusterSnapshotsResult describeDBClusterSnapshots(DescribeDBClusterSnapshotsRequest request) {request = beforeClientExecution(request);return executeDescribeDBClusterSnapshots(request);}
public FontRecord getFontRecordAt(int idx) {int index = idx;if (index > 4) {index -= 1;   }if (index > (numfonts - 1)) {throw new ArrayIndexOutOfBoundsException(""There are only "" + numfonts + "" font records, but you asked for index "" + idx);}return ( FontRecord ) records.get((records.getFontpos() - (numfonts - 1)) + index);}
public final ValueEval evaluate(ValueEval[] args, int srcRowIndex, int srcColumnIndex) {if (args.length != 2) {return ErrorEval.VALUE_INVALID;}return evaluate(srcRowIndex, srcColumnIndex, args[0], args[1]);}","public DescribeCustomerGatewaysResult describeCustomerGateways() {return describeCustomerGateways(new DescribeCustomerGatewaysRequest());}"
"2271","public CreateSubnetRequest(String vpcId, String cidrBlock) {setVpcId(vpcId);setCidrBlock(cidrBlock);}
public StempelStemmer(Trie stemmer) {this.stemmer = stemmer;}
public NLPNERTaggerOp(TokenNameFinderModel model) {this.nameFinder = new NameFinderME(model);}
public TreeFilter clone() {return new FollowFilter(path.clone(), cfg);}","public QueryAddUserInfoRequest() {super(""LinkFace"", ""2018-07-20"", ""QueryAddUserInfo"");setProtocol(ProtocolType.HTTPS);setMethod(MethodType.POST);}"
"2276","public boolean include(TreeWalk walker) {DirCacheIterator i = walker.getTree(treeIdx, DirCacheIterator.class);if (i == null)return true;DirCacheEntry e = i.getDirCacheEntry();return e == null || !e.isSkipWorkTree();}
public final CompareResult compareTo(ValueEval other) {if (other == null) {throw new RuntimeException(""compare to value cannot be null"");}if (_targetClass != other.getClass()) {return CompareResult.TYPE_MISMATCH;}return compareSameType(other);}
public SegmentReadState(SegmentReadState other,String newSegmentSuffix) {this.directory = other.directory;this.segmentInfo = other.segmentInfo;this.fieldInfos = other.fieldInfos;this.context = other.context;this.segmentSuffix = newSegmentSuffix;}
public void println(Object obj) {println(String.valueOf(obj));}","public DeleteModelResult deleteModel(DeleteModelRequest request) {request = beforeClientExecution(request);return executeDeleteModel(request);}"
"2281","public void setFiles(Collection<String> files) {setFiles = new HashSet<>();addFiles(files);}
public void release() {lItr.release();}
public FloatBuffer asReadOnlyBuffer() {return duplicate();}
public int get(int key, int valueIfKeyNotFound) {int i = binarySearch(mKeys, 0, mSize, key);if (i < 0) {return valueIfKeyNotFound;} else {return mValues[i];}}","public CharBuffer get(char[] dst) {return get(dst, 0, dst.length);}"
"2286","public static String toHex(String value) {return (value == null || value.length() == 0)? ""[]"": toHex(value.getBytes(LocaleUtil.CHARSET_1252));}
public String resolveNameXText(NameXPtg n) {return _iBook.resolveNameXText(n.getSheetRefIndex(), n.getNameIndex());}
public String toString() {StringBuilder sb = new StringBuilder(64);sb.append(getClass().getName());sb.append("" ["").append(_representation).append(""]"");return sb.toString();}
public PutEmailIdentityMailFromAttributesResult putEmailIdentityMailFromAttributes(PutEmailIdentityMailFromAttributesRequest request) {request = beforeClientExecution(request);return executePutEmailIdentityMailFromAttributes(request);}","public RemoveAlbumPhotosRequest() {super(""CloudPhoto"", ""2017-07-11"", ""RemoveAlbumPhotos"", ""cloudphoto"");setProtocol(ProtocolType.HTTPS);}"
"2291","public DeleteAttributesResult deleteAttributes(DeleteAttributesRequest request) {request = beforeClientExecution(request);return executeDeleteAttributes(request);}
public void disableRefLog() {destination.setRefLogMessage("""", false); }
public TokenStream create(TokenStream input) {return new GermanLightStemFilter(input);}
public E removeLast() {return removeLastImpl();}","public UpdateDomainMetadataResult updateDomainMetadata(UpdateDomainMetadataRequest request) {request = beforeClientExecution(request);return executeUpdateDomainMetadata(request);}"
"2296","public short findNewDrawingGroupId() {return dgg.findNewDrawingGroupId();}
public String toString() {return ""FacetEntry{"" +""value="" + value.utf8ToString() +"", count="" + count +'}';}
public SharedFormulaRecord linkSharedFormulaRecord(CellReference firstCell, FormulaRecordAggregate agg) {SharedFormulaGroup result = findFormulaGroupForCell(firstCell);if(null == result) {throw new RuntimeException(""Failed to find a matching shared formula record"");}result.add(agg);return result.getSFR();}
public void write(LittleEndianOutput out) {out.writeByte(sid + getPtgClass());out.writeShort(field_1_label_index);out.writeShort(field_2_zero);}","public Appendable append(char c) {write(c);return this;}"
"2301","public static BigInteger factorial(int n) {if (n == 0 || n < 0) {return BigInteger.ONE;}if (cache.containsKey(n))  {return cache.get(n);}BigInteger result = BigInteger.valueOf(n).multiply(factorial(n - 2));cache.put(n, result);return result;}
public DelimitedPayloadTokenFilter create(TokenStream input) {return new DelimitedPayloadTokenFilter(input, delimiter, encoder);}
public String toString() {return ""NONE""; }
public GetAlarmsResult getAlarms(GetAlarmsRequest request) {request = beforeClientExecution(request);return executeGetAlarms(request);}","public DeleteDetectorVersionResult deleteDetectorVersion(DeleteDetectorVersionRequest request) {request = beforeClientExecution(request);return executeDeleteDetectorVersion(request);}"
"2306","public ExpandedDouble createExpandedDouble() {return new ExpandedDouble(_significand, _binaryExponent);}
public CharBuffer duplicate() {ByteBuffer bb = byteBuffer.duplicate().order(byteBuffer.order());CharToByteBufferAdapter buf = new CharToByteBufferAdapter(bb);buf.limit = limit;buf.position = position;buf.mark = mark;return buf;}
public int size() {return Hashtable.this.size();}
public ResetInstanceAttributeRequest(String instanceId, InstanceAttributeName attribute) {setInstanceId(instanceId);setAttribute(attribute.toString());}","public final List<FooterLine> getFooterLines() {final byte[] raw = buffer;int ptr = raw.length - 1;while (raw[ptr] == '\n') ptr--;final int msgB = RawParseUtils.commitMessage(raw, 0);final ArrayList<FooterLine> r = new ArrayList<>(4);final Charset enc = guessEncoding();for (;;) {ptr = RawParseUtils.prevLF(raw, ptr);if (ptr <= msgB)break; final int keyStart = ptr + 2;if (raw[keyStart] == '\n')break; final int keyEnd = RawParseUtils.endOfFooterLineKey(raw, keyStart);if (keyEnd < 0)continue; int valStart = keyEnd + 1;while (valStart < raw.length && raw[valStart] == ' ')valStart++;int valEnd = RawParseUtils.nextLF(raw, valStart);if (raw[valEnd - 1] == '\n')valEnd--;r.add(new FooterLine(raw, enc, keyStart, keyEnd, valStart, valEnd));}Collections.reverse(r);return r;}"
"2311","public SupBookRecord getExternalBookRecord() {return _externalBookRecord;}
public Builder() {this(false);}
public ApplySecurityGroupsToLoadBalancerResult applySecurityGroupsToLoadBalancer(ApplySecurityGroupsToLoadBalancerRequest request) {request = beforeClientExecution(request);return executeApplySecurityGroupsToLoadBalancer(request);}
public DeleteDedicatedIpPoolResult deleteDedicatedIpPool(DeleteDedicatedIpPoolRequest request) {request = beforeClientExecution(request);return executeDeleteDedicatedIpPool(request);}","public DescribeStackInstanceResult describeStackInstance(DescribeStackInstanceRequest request) {request = beforeClientExecution(request);return executeDescribeStackInstance(request);}"
"2316","public HSSFChildAnchor(EscherChildAnchorRecord escherChildAnchorRecord) {this._escherChildAnchor = escherChildAnchorRecord;}
public SynonymQuery build() {Collections.sort(terms, Comparator.comparing(a -> a.term));return new SynonymQuery(terms.toArray(new TermAndBoost[0]), field);}
public void addCell(int rowIndex, int columnIndex) {if (rowIndex > _lastDefinedRow) return;if (_currentRowIndex == -1) {_currentRowIndex = rowIndex;_firstColumnIndex = columnIndex;_lastColumnIndex = columnIndex;} else {if (_currentRowIndex == rowIndex && _lastColumnIndex+1 == columnIndex) {_lastColumnIndex = columnIndex;} else {if (_currentRectangleGroup == null) {_currentRectangleGroup = new BlankCellRectangleGroup(_currentRowIndex, _firstColumnIndex, _lastColumnIndex);} else {if (!_currentRectangleGroup.acceptRow(_currentRowIndex, _firstColumnIndex, _lastColumnIndex)) {_rectangleGroups.add(_currentRectangleGroup);_currentRectangleGroup = new BlankCellRectangleGroup(_currentRowIndex, _firstColumnIndex, _lastColumnIndex);}}_currentRowIndex = rowIndex;_firstColumnIndex = columnIndex;_lastColumnIndex = columnIndex;}}}
public String toString() {return ""BLOCK: prefix="" + brToString(prefix);}","public void set(int index, long value) {final int o = index / 21;final int b = index % 21;final int shift = b * 3;blocks[o] = (blocks[o] & ~(7L << shift)) | (value << shift);}"
"2321","@Override public boolean contains(Object o) {if (!(o instanceof Entry)) {return false;}Entry<?, ?> e = (Entry<?, ?>) o;Object key = e.getKey();if (key == null) {return false;}V v = Impl.this.get(key);return v != null && strategy.equalValues(v, e.getValue());}
public void clear() {if (value != null) {Arrays.fill(value, (char) 0);value = null;}}
public DescribeDirectConnectGatewayAssociationsResult describeDirectConnectGatewayAssociations(DescribeDirectConnectGatewayAssociationsRequest request) {request = beforeClientExecution(request);return executeDescribeDirectConnectGatewayAssociations(request);}
public GetRestApiResult getRestApi(GetRestApiRequest request) {request = beforeClientExecution(request);return executeGetRestApi(request);}","public CreateLaunchTemplateVersionResult createLaunchTemplateVersion(CreateLaunchTemplateVersionRequest request) {request = beforeClientExecution(request);return executeCreateLaunchTemplateVersion(request);}"
"2326","public SetLoadBalancerPoliciesOfListenerResult setLoadBalancerPoliciesOfListener(SetLoadBalancerPoliciesOfListenerRequest request) {request = beforeClientExecution(request);return executeSetLoadBalancerPoliciesOfListener(request);}
public SoraniNormalizationFilter(TokenStream input) {super(input);}
public UpdateTerminationProtectionResult updateTerminationProtection(UpdateTerminationProtectionRequest request) {request = beforeClientExecution(request);return executeUpdateTerminationProtection(request);}
public void addChildRecord(EscherRecord record) {_childRecords.add(record);}","public SetIdentityMailFromDomainResult setIdentityMailFromDomain(SetIdentityMailFromDomainRequest request) {request = beforeClientExecution(request);return executeSetIdentityMailFromDomain(request);}"
"2331","public E remove(int location) {if (location >= 0 && location < size) {Link<E> link = voidLink;if (location < (size / 2)) {for (int i = 0; i <= location; i++) {link = link.next;}} else {for (int i = size; i > location; i--) {link = link.previous;}}Link<E> previous = link.previous;Link<E> next = link.next;previous.next = next;next.previous = previous;size--;modCount++;return link.data;}throw new IndexOutOfBoundsException();}
public UpdateJobResult updateJob(UpdateJobRequest request) {request = beforeClientExecution(request);return executeUpdateJob(request);}
public AddNoteCommand setNotesRef(String notesRef) {checkCallable();this.notesRef = notesRef;return this;}
public ListInvitationsResult listInvitations(ListInvitationsRequest request) {request = beforeClientExecution(request);return executeListInvitations(request);}","public boolean equals(Object obj) {if(! (obj instanceof ExtRst)) {return false;}ExtRst other = (ExtRst)obj;return (compareTo(other) == 0);}"
"2336","public synchronized void close() throws IOException {buffer = null;isClosed = true;notifyAll();}
public ListTrialsResult listTrials(ListTrialsRequest request) {request = beforeClientExecution(request);return executeListTrials(request);}
public CreateDocumentClassifierResult createDocumentClassifier(CreateDocumentClassifierRequest request) {request = beforeClientExecution(request);return executeCreateDocumentClassifier(request);}
public GetPasswordDataResult getPasswordData(GetPasswordDataRequest request) {request = beforeClientExecution(request);return executeGetPasswordData(request);}","public final String text() {return toString(bytes);}"
"2341","public HSSFPicture( HSSFShape parent, HSSFAnchor anchor ){super( parent, anchor );super.setShapeType(OBJECT_TYPE_PICTURE);CommonObjectDataSubRecord cod = (CommonObjectDataSubRecord) getObjRecord().getSubRecords().get(0);cod.setObjectType(CommonObjectDataSubRecord.OBJECT_TYPE_PICTURE);}
public CharSequence subSequence(int start, int end) {return new RawCharSequence(buffer, startPtr + start, startPtr + end);}
public DeleteAccessPointResult deleteAccessPoint(DeleteAccessPointRequest request) {request = beforeClientExecution(request);return executeDeleteAccessPoint(request);}
public DescribeSubnetsResult describeSubnets() {return describeSubnets(new DescribeSubnetsRequest());}","public AddTagsToOnPremisesInstancesResult addTagsToOnPremisesInstances(AddTagsToOnPremisesInstancesRequest request) {request = beforeClientExecution(request);return executeAddTagsToOnPremisesInstances(request);}"
"2346","public static String coerceValueToString(ValueEval ve) {if (ve instanceof StringValueEval) {StringValueEval sve = (StringValueEval) ve;return sve.getStringValue();}if (ve == BlankEval.instance) {return """";}}
public CreateVpcLinkResult createVpcLink(CreateVpcLinkRequest request) {request = beforeClientExecution(request);return executeCreateVpcLink(request);}
public DescribeTrafficMirrorTargetsResult describeTrafficMirrorTargets(DescribeTrafficMirrorTargetsRequest request) {request = beforeClientExecution(request);return executeDescribeTrafficMirrorTargets(request);}
public SetRepositoryPolicyResult setRepositoryPolicy(SetRepositoryPolicyRequest request) {request = beforeClientExecution(request);return executeSetRepositoryPolicy(request);}","public String toFormulaString() {return ""UNKNOWN"";}"
"2351","public ValueEval evaluate(int srcRowIndex, int srcColumnIndex, ValueEval arg0, ValueEval arg1) {try {double d0 = NumericFunction.singleOperandEvaluate(arg0, srcRowIndex, srcColumnIndex);double d1 = NumericFunction.singleOperandEvaluate(arg1, srcRowIndex, srcColumnIndex);return new NumberEval(evaluate(d0, d1, false));} catch (EvaluationException e) {return e.getErrorEval();}}
public void set(int index, long value) {final int o = index / 5;final int b = index % 5;final int shift = b * 12;blocks[o] = (blocks[o] & ~(4095L << shift)) | (value << shift);}
public ProtectionRev4Record(boolean protect) {this(0);setProtect(protect);}
public UpdateAuditStreamConfigurationResult updateAuditStreamConfiguration(UpdateAuditStreamConfigurationRequest request) {request = beforeClientExecution(request);return executeUpdateAuditStreamConfiguration(request);}","public Sheet build() {Sheet sheet = (sheetName == null) ? workbook.createSheet() : workbook.createSheet(sheetName);Row currentRow;Cell currentCell;for (int rowIndex = 0; rowIndex < cells.length; ++rowIndex) {Object[] rowArray = cells[rowIndex];currentRow = sheet.createRow(rowIndex);for (int cellIndex = 0; cellIndex < rowArray.length; ++cellIndex) {Object cellValue = rowArray[cellIndex];if (cellValue != null || shouldCreateEmptyCells) {currentCell = currentRow.createCell(cellIndex);setCellValue(currentCell, cellValue);}}}return sheet;}"
"2356","public CharArrayWriter(int initialSize) {if (initialSize < 0) {throw new IllegalArgumentException(""size < 0"");}buf = new char[initialSize];lock = buf;}
public AtomicReference(V initialValue) {value = initialValue;}
public static ISignatureComposer getComposer() {if (null == composer) {composer = new RpcSignatureComposer();}return composer;}
public ListHITsForQualificationTypeResult listHITsForQualificationType(ListHITsForQualificationTypeRequest request) {request = beforeClientExecution(request);return executeListHITsForQualificationType(request);}","public AddTagsToStreamResult addTagsToStream(AddTagsToStreamRequest request) {request = beforeClientExecution(request);return executeAddTagsToStream(request);}"
"2361","public String toString(){StringBuilder buffer = new StringBuilder();final String nl = System.getProperty(""line.separator"");buffer.append('[' + getRecordName() + ']' + nl);if (escherRecords.size() == 0)buffer.append(""No Escher Records Decoded"" + nl);for (EscherRecord r : escherRecords) {buffer.append(r);}buffer.append(""[/"" + getRecordName() + ']' + nl);return buffer.toString();}
public WSBoolRecord(RecordInputStream in) {byte[] data = in.readRemainder();field_1_wsbool =data[ 1 ];   field_2_wsbool =data[ 0 ];   }
public BrazilianStemFilter create(TokenStream in) {return new BrazilianStemFilter(in);}
public ResetCommand setRef(String ref) {this.ref = ref;return this;}","public EnableOrganizationAdminAccountResult enableOrganizationAdminAccount(EnableOrganizationAdminAccountRequest request) {request = beforeClientExecution(request);return executeEnableOrganizationAdminAccount(request);}"
"2366","public ValueEval getInnerValueEval(int sheetIndex) {return _evaluator.getEvalForCell(sheetIndex, getRow(), getColumn());}
public DeleteRecommenderConfigurationResult deleteRecommenderConfiguration(DeleteRecommenderConfigurationRequest request) {request = beforeClientExecution(request);return executeDeleteRecommenderConfiguration(request);}
public UpdateIntegrationResponseResult updateIntegrationResponse(UpdateIntegrationResponseRequest request) {request = beforeClientExecution(request);return executeUpdateIntegrationResponse(request);}
public String toString() {StringBuilder buffer = new StringBuilder();buffer.append(""[INTERFACEHDR]\n"");buffer.append(""    .codepage = "").append(HexDump.shortToHex(_codepage)).append(""\n"");buffer.append(""[/INTERFACEHDR]\n"");return buffer.toString();}","public String outputToString(BytesRef output) {return output.toString();}"
"2371","public String toString() {StringBuilder sb = new StringBuilder();sb.append(""dim="");sb.append(dim);sb.append("" path="");sb.append(Arrays.toString(path));sb.append("" value="");sb.append(value);sb.append("" childCount="");sb.append(childCount);sb.append('\n');for(LabelAndValue labelValue : labelValues) {sb.append(""  "").append(labelValue).append(""\n"");}return sb.toString();}
public AcceptVpcEndpointConnectionsResult acceptVpcEndpointConnections(AcceptVpcEndpointConnectionsRequest request) {request = beforeClientExecution(request);return executeAcceptVpcEndpointConnections(request);}
public DescribeIdentityProviderConfigurationResult describeIdentityProviderConfiguration(DescribeIdentityProviderConfigurationRequest request) {request = beforeClientExecution(request);return executeDescribeIdentityProviderConfiguration(request);}
public void clear() {head = null;free.clear();}","public String toString() {return getClass().getSimpleName() + ""["" + getFile().getPath() + ""]"";}"
"2376","public GetRelationalDatabaseBlueprintsResult getRelationalDatabaseBlueprints(GetRelationalDatabaseBlueprintsRequest request) {request = beforeClientExecution(request);return executeGetRelationalDatabaseBlueprints(request);}
public void concatenate(byte[] array) {if (array == null) {throw new IllegalArgumentException(""array cannot be null"");}arrays.add(array);}
public final ByteBuffer get(byte[] dst, int dstOffset, int byteCount) {checkGetBounds(1, dst.length, dstOffset, byteCount);System.arraycopy(backingArray, offset + position, dst, dstOffset, byteCount);position += byteCount;return this;}
public DescribeAutoScalingNotificationTypesResult describeAutoScalingNotificationTypes() {return describeAutoScalingNotificationTypes(new DescribeAutoScalingNotificationTypesRequest());}","public int compareTo(LookupResult o) {return CHARSEQUENCE_COMPARATOR.compare(key, o.key);}"
"2381","public UpdateVariableResult updateVariable(UpdateVariableRequest request) {request = beforeClientExecution(request);return executeUpdateVariable(request);}
public TranslateTextRequest() {super(""hiknoengine"", ""2019-06-25"", ""TranslateText"", ""hiknoengine"");setMethod(MethodType.POST);}
public E set(int location, E object) {E result = a[location];a[location] = object;return result;}
public static Document loadXML(Reader is) {DocumentBuilderFactory dbf = DocumentBuilderFactory.newInstance();DocumentBuilder db = null;try {db = dbf.newDocumentBuilder();}catch (Exception se) {throw new RuntimeException(""Parser configuration error"", se);}org.w3c.dom.Document doc = null;try {doc = db.parse(new InputSource(is));}catch (Exception se) {throw new RuntimeException(""Error parsing file:"" + se, se);}return doc;}","public void setTokenStream(TokenStream tokenStream) {if (type.indexOptions() == IndexOptions.NONE || !type.tokenized()) {throw new IllegalArgumentException(""TokenStream fields must be indexed and tokenized"");}this.tokenStream = tokenStream;}"
"2386","public ValueEval getArea3DEval(Area3DPtg aptg) {SheetRangeEvaluator sre = createExternSheetRefEvaluator(aptg.getExternSheetIndex());return new LazyAreaEval(aptg.getFirstRow(), aptg.getFirstColumn(),aptg.getLastRow(), aptg.getLastColumn(), sre);}
public MulBlankRecord(int row, int firstCol, short[] xfs) {_row = row;_firstCol = firstCol;_xfs = xfs;_lastCol = firstCol + xfs.length - 1;}
public EngineDefaults describeEngineDefaultParameters(DescribeEngineDefaultParametersRequest request) {request = beforeClientExecution(request);return executeDescribeEngineDefaultParameters(request);}
public AttachVolumeResult attachVolume(AttachVolumeRequest request) {request = beforeClientExecution(request);return executeAttachVolume(request);}","public long ramBytesUsed() {return ((termOffsets!=null)? termOffsets.ramBytesUsed() : 0) +((termsDictOffsets!=null)? termsDictOffsets.ramBytesUsed() : 0);}"
"2391","public DeleteWorkerBlockResult deleteWorkerBlock(DeleteWorkerBlockRequest request) {request = beforeClientExecution(request);return executeDeleteWorkerBlock(request);}
public static void unregister(TransportProtocol proto) {for (WeakReference<TransportProtocol> ref : protocols) {TransportProtocol refProto = ref.get();if (refProto == null || refProto == proto)protocols.remove(ref);}}
public CreateNetworkInterfacePermissionResult createNetworkInterfacePermission(CreateNetworkInterfacePermissionRequest request) {request = beforeClientExecution(request);return executeCreateNetworkInterfacePermission(request);}
public void parseLine(DocData docData, String line) {String[] parts = line.split(""\\t"", 7);docData.setID(Integer.parseInt(parts[0]));docData.setName(parts[1]);String latitude = parts[4];String longitude = parts[5];docData.setBody(""POINT(""+longitude+"" ""+latitude+"")"");}","public DeleteArchiveRequest(String accountId, String vaultName, String archiveId) {setAccountId(accountId);setVaultName(vaultName);setArchiveId(archiveId);}"
"2396","public static void close(@NonNull Repository db) {if (db.getDirectory() != null) {FileKey key = FileKey.exact(db.getDirectory(), db.getFS());cache.unregisterAndCloseRepository(key);}}
public OrQueryNode(List<QueryNode> clauses) {super(clauses);if ((clauses == null) || (clauses.size() == 0)) {throw new IllegalArgumentException(""OR query must have at least one clause"");}}
public ReplicationGroup createReplicationGroup(CreateReplicationGroupRequest request) {request = beforeClientExecution(request);return executeCreateReplicationGroup(request);}
public ListCollectionsResult listCollections(ListCollectionsRequest request) {request = beforeClientExecution(request);return executeListCollections(request);}","public void setParentIds(AnyObjectId parent1, AnyObjectId parent2) {parentIds = new ObjectId[] { parent1.copy(), parent2.copy() };}"
"2401","public TokenOffsetPayloadTokenFilter create(TokenStream input) {return new TokenOffsetPayloadTokenFilter(input);}
public CreateDataSourceResult createDataSource(CreateDataSourceRequest request) {request = beforeClientExecution(request);return executeCreateDataSource(request);}
public DeleteBranchCommand setBranchNames(String... branchnames) {checkCallable();this.branchNames.clear();this.branchNames.addAll(Arrays.asList(branchnames));return this;}
public void setCoordinates(int x1, int y1, int x2, int y2) {_spgrRecord.setRectX1(x1);_spgrRecord.setRectX2(x2);_spgrRecord.setRectY1(y1);_spgrRecord.setRectY2(y2);}","public DescribeNotificationConfigurationsResult describeNotificationConfigurations() {return describeNotificationConfigurations(new DescribeNotificationConfigurationsRequest());}"
"2406","public GetStatusResult getStatus(GetStatusRequest request) {request = beforeClientExecution(request);return executeGetStatus(request);}
public final ValueEval evaluate(ValueEval[] args, int srcRowIndex, int srcColumnIndex) {switch (args.length) {case 1:return evaluate(srcRowIndex, srcColumnIndex, args[0]);case 2:return evaluate(srcRowIndex, srcColumnIndex, args[0], args[1]);}return ErrorEval.VALUE_INVALID;}
public ExternalSheet getExternalSheet(int externSheetIndex) {String[] extNames = linkTable.getExternalBookAndSheetName(externSheetIndex);if (extNames == null) {return null;}if (extNames.length == 2) {return new ExternalSheet(extNames[0], extNames[1]);} else {return new ExternalSheetRange(extNames[0], extNames[1], extNames[2]);}}
public static int delete(char s[], int pos, int len) {assert pos < len;if (pos < len - 1) { System.arraycopy(s, pos + 1, s, pos, len - pos - 1);}return len - 1;}","public HSSFConditionalFormatting getConditionalFormattingAt(int index) {CFRecordsAggregate cf = _conditionalFormattingTable.get(index);if (cf == null) {return null;}return new HSSFConditionalFormatting(_sheet, cf);}"
"2411","public static Cell createCell(Row row, int column, String value, CellStyle style) {Cell cell = getCell(row, column);cell.setCellValue(cell.getRow().getSheet().getWorkbook().getCreationHelper().createRichTextString(value));if (style != null) {cell.setCellStyle(style);}return cell;}
public void setFillColor(int red, int green, int blue) {int fillColor = ((blue) << 16) | ((green) << 8) | red;setPropertyValue(new EscherRGBProperty(EscherPropertyTypes.FILL__FILLCOLOR, fillColor));}
public ErrorResponseBody error() {return this.error;}
public void write(int b) throws IOException {try {beginWrite();dst.write(b);} catch (InterruptedIOException e) {throw writeTimedOut(e);} finally {endWrite();}}","public void add(String key, ParserExtension extension) {this.extensions.put(key, extension);}"
"2416","public SignOutUserResult signOutUser(SignOutUserRequest request) {request = beforeClientExecution(request);return executeSignOutUser(request);}
public PutImageTagMutabilityResult putImageTagMutability(PutImageTagMutabilityRequest request) {request = beforeClientExecution(request);return executePutImageTagMutability(request);}
public CreateIAMPolicyAssignmentResult createIAMPolicyAssignment(CreateIAMPolicyAssignmentRequest request) {request = beforeClientExecution(request);return executeCreateIAMPolicyAssignment(request);}
public GetRoomResult getRoom(GetRoomRequest request) {request = beforeClientExecution(request);return executeGetRoom(request);}","public DescribeLaunchConfigurationsResult describeLaunchConfigurations() {return describeLaunchConfigurations(new DescribeLaunchConfigurationsRequest());}"
"2421","public UpdateTaskSetResult updateTaskSet(UpdateTaskSetRequest request) {request = beforeClientExecution(request);return executeUpdateTaskSet(request);}
public boolean equals(Object other_) {if (other_ == this) {return true;} else if (!(other_ instanceof FSTTermOutputs.TermData)) {return false;}TermData other = (TermData) other_;return statsEqual(this, other) &&bytesEqual(this, other);}
public int getSequenceIndex() {return sequenceIndex;}
public DeleteAutoScalingGroupResult deleteAutoScalingGroup(DeleteAutoScalingGroupRequest request) {request = beforeClientExecution(request);return executeDeleteAutoScalingGroup(request);}","public int nextDoc() {while (true) {if (queue.size() == 0) {doc = NO_MORE_DOCS;break;}int newDoc = queue.top().docID();if (newDoc != doc) {assert newDoc > doc: ""doc="" + doc + "" newDoc="" + newDoc;doc = newDoc;break;}if (queue.top().nextDoc() == NO_MORE_DOCS) {queue.pop();} else {queue.updateTop();}}return doc;}"
"2426","public Collection<ChildScorable> getChildren() {return Collections.singleton(new ChildScorable(parentScorer, ""BLOCK_JOIN""));}
public void endTask() {if (!isMainThread())throw new IllegalStateException();pm.endTask();}
public UpdateConfigurationSetEventDestinationResult updateConfigurationSetEventDestination(UpdateConfigurationSetEventDestinationRequest request) {request = beforeClientExecution(request);return executeUpdateConfigurationSetEventDestination(request);}
public void serialize(LittleEndianOutput out) {out.writeShort(getBackup());}","public DescribeBundleTasksResult describeBundleTasks(DescribeBundleTasksRequest request) {request = beforeClientExecution(request);return executeDescribeBundleTasks(request);}"
"2431","public Explanation idfExplain(CollectionStatistics collectionStats, TermStatistics termStats) {final long df = termStats.docFreq();final long docCount = collectionStats.docCount();final float idf = idf(df, docCount);return Explanation.match(idf, ""idf, computed as log(1 + (N - n + 0.5) / (n + 0.5)) from:"",Explanation.match(df, ""n, number of documents containing term""),Explanation.match(docCount, ""N, total number of documents with field""));}
public DescribeFleetEventsResult describeFleetEvents(DescribeFleetEventsRequest request) {request = beforeClientExecution(request);return executeDescribeFleetEvents(request);}
public BasicCredentials(String accessKeyId, String accessKeySecret) {if (accessKeyId == null) {throw new IllegalArgumentException(""Access key ID cannot be null."");}if (accessKeySecret == null) {throw new IllegalArgumentException(""Access key secret cannot be null."");}this.accessKeyId = accessKeyId;this.accessKeySecret = accessKeySecret;}
public String getOldPath() {return oldPath;}","public int nextIndex() {return iterator.nextIndex() - start;}"
"2436","public Snapshot deleteClusterSnapshot(DeleteClusterSnapshotRequest request) {request = beforeClientExecution(request);return executeDeleteClusterSnapshot(request);}
public String getColsNamesForValsByRound() {if (colForValByRound.size() == 0) {return """";}StringBuilder sb = new StringBuilder();for (final String colName : colForValByRound.values()) {sb.append(' ').append(colName);}return sb.toString();}
public void deprecateActivityType(DeprecateActivityTypeRequest request) {request = beforeClientExecution(request);executeDeprecateActivityType(request);}
public PartETag(int partNumber, String eTag) {this.partNumber = partNumber;this.eTag = eTag;}","@Override public boolean remove(Object object) {if (object instanceof Multiset.Entry) {Multiset.Entry<?> entry = (Multiset.Entry<?>) object;Object element = entry.getElement();int entryCount = entry.getCount();return countMap.remove(element, entryCount);}return false;}"
"2441","public ListAccessControlRulesResult listAccessControlRules(ListAccessControlRulesRequest request) {request = beforeClientExecution(request);return executeListAccessControlRules(request);}
public final CharBuffer get(char[] dst, int srcOffset, int charCount) {if (charCount > remaining()) {throw new BufferUnderflowException();}System.arraycopy(backingArray, offset + position, dst, srcOffset, charCount);position += charCount;return this;}
public DescribeDBClusterBacktracksResult describeDBClusterBacktracks(DescribeDBClusterBacktracksRequest request) {request = beforeClientExecution(request);return executeDescribeDBClusterBacktracks(request);}
public boolean equals(ATNConfig other) {if (this == other) {return true;}else if (other == null) {return false;}return this.state.stateNumber==other.state.stateNumber&& this.alt==other.alt&& (this.context==other.context || (this.context != null && this.context.equals(other.context)))&& this.semanticContext.equals(other.semanticContext)&& this.isPrecedenceFilterSuppressed() == other.isPrecedenceFilterSuppressed();}","public AbbreviatedObjectId getId(Side side) {return side == Side.OLD ? getOldId() : getNewId();}"
"2446","public CatLabRecord(RecordInputStream in) {rt = in.readShort();grbitFrt = in.readShort();wOffset = in.readShort();at = in.readShort();grbit = in.readShort();if(in.available() == 0) {unused = null;} else {unused = in.readShort();}}
public String substring(int start, int end) {if (start >= 0 && start <= end && end <= count) {if (start == end) {return """";}return new String(value, start, end - start);}throw startEndAndLength(start, end);}
public int remove(final int index){if (index >= _limit){throw new IndexOutOfBoundsException();}int rval = _array[ index ];System.arraycopy(_array, index + 1, _array, index, _limit - index);_limit--;return rval;}
public K getKey() {return super.get();}","public void write(LittleEndianOutput out) {out.writeByte(sid + getPtgClass());out.writeInt(unused1);out.writeInt(unused2);}"
"2451","public void setDeltaCacheLimit(int size) {deltaCacheLimit = size;}
public String toString() {return ""L"";}
public Map<String, String> read(String response, String endpoint) {return read(new StringCharacterIterator(response), endpoint, FIRST_POSITION);}
public DeleteMessageResult deleteMessage(DeleteMessageRequest request) {request = beforeClientExecution(request);return executeDeleteMessage(request);}","public SearchFind(boolean isCaseSensitive) {_isCaseSensitive = isCaseSensitive;}"
"2456","public void setRoleName(String roleName) {if (null == roleName) {throw new NullPointerException(""You must specifiy a valid role name."");}this.roleName = roleName;setCredentialUrl();}
public AllocatePublicVirtualInterfaceResult allocatePublicVirtualInterface(AllocatePublicVirtualInterfaceRequest request) {request = beforeClientExecution(request);return executeAllocatePublicVirtualInterface(request);}
public void decode(byte[] blocks, int blocksOffset, long[] values, int valuesOffset, int iterations) {for (int i = 0; i < iterations; ++i) {final long byte0 = blocks[blocksOffset++] & 0xFF;final long byte1 = blocks[blocksOffset++] & 0xFF;values[valuesOffset++] = (byte0 << 2) | (byte1 >>> 6);final long byte2 = blocks[blocksOffset++] & 0xFF;values[valuesOffset++] = ((byte1 & 63) << 4) | (byte2 >>> 4);final long byte3 = blocks[blocksOffset++] & 0xFF;values[valuesOffset++] = ((byte2 & 15) << 6) | (byte3 >>> 2);final long byte4 = blocks[blocksOffset++] & 0xFF;values[valuesOffset++] = ((byte3 & 3) << 8) | byte4;}}
public DeleteLoadBalancerRequest(String loadBalancerName) {setLoadBalancerName(loadBalancerName);}","public PutDeliverabilityDashboardOptionResult putDeliverabilityDashboardOption(PutDeliverabilityDashboardOptionRequest request) {request = beforeClientExecution(request);return executePutDeliverabilityDashboardOption(request);}"
"2461","public XPathRuleElement(String ruleName, int ruleIndex) {super(ruleName);this.ruleIndex = ruleIndex;}
public PullCommand setProgressMonitor(ProgressMonitor monitor) {if (monitor == null) {monitor = NullProgressMonitor.INSTANCE;}this.monitor = monitor;return this;}
public static final RevFilter after(long ts) {return new After(ts);}
public final String toString() {StringBuilder sb = new StringBuilder(64);sb.append(getClass().getName()).append("" [len="");sb.append(field_2_subex_len);sb.append(""]"");return sb.toString();}","public DeleteRoomResult deleteRoom(DeleteRoomRequest request) {request = beforeClientExecution(request);return executeDeleteRoom(request);}"
"2466","public ScandinavianNormalizationFilter create(TokenStream input) {return new ScandinavianNormalizationFilter(input);}
public ValidateTemplateResult validateTemplate(ValidateTemplateRequest request) {request = beforeClientExecution(request);return executeValidateTemplate(request);}
public ListBranchCommand branchList() {return new ListBranchCommand(repo);}
public String toString() {return getClass().getSimpleName() + ""["" + getEntryPathString() + ""]""; }","public final Edit before(Edit cut) {return new Edit(beginA, cut.beginA, beginB, cut.beginB);}"
"2471","public String toString() {if ( symbol.getType() == Token.EOF ) return ""<EOF>"";return symbol.getText();}
public DeleteDeploymentStrategyResult deleteDeploymentStrategy(DeleteDeploymentStrategyRequest request) {request = beforeClientExecution(request);return executeDeleteDeploymentStrategy(request);}
public GetModelResult getModel(GetModelRequest request) {request = beforeClientExecution(request);return executeGetModel(request);}
public DescribeUserResult describeUser(DescribeUserRequest request) {request = beforeClientExecution(request);return executeDescribeUser(request);}","public ListSnapshotBlocksResult listSnapshotBlocks(ListSnapshotBlocksRequest request) {request = beforeClientExecution(request);return executeListSnapshotBlocks(request);}"
"2476","public ByteBuffer putShort(int index, short value) {checkIndex(index, SizeOf.SHORT);Memory.pokeShort(backingArray, offset + index, value, order);return this;}
public ResetCommand reset() {return new ResetCommand(repo);}
public Snapshot createClusterSnapshot(CreateClusterSnapshotRequest request) {request = beforeClientExecution(request);return executeCreateClusterSnapshot(request);}
public void setCachedResultTypeEmptyString() {specialCachedValue = FormulaSpecialCachedValue.createCachedEmptyValue();}","public DeleteIdentityPolicyResult deleteIdentityPolicy(DeleteIdentityPolicyRequest request) {request = beforeClientExecution(request);return executeDeleteIdentityPolicy(request);}"
"2481","public int IncRef() {if (!initDone) {initDone = true;} else {assert count > 0: Thread.currentThread().getName() + "": RefCount is 0 pre-increment for file \"""" + fileName + ""\"""";}return ++count;}
public void fromRaw(byte[] bs) {fromRaw(bs, 0);}
public LeftMarginRecord clone() {return copy();}
public FailedPredicateException(Parser recognizer,String predicate,String message){super(formatMessage(predicate, message), recognizer, recognizer.getInputStream(), recognizer._ctx);ATNState s = recognizer.getInterpreter().atn.states.get(recognizer.getState());AbstractPredicateTransition trans = (AbstractPredicateTransition)s.transition(0);if (trans instanceof PredicateTransition) {this.ruleIndex = ((PredicateTransition)trans).ruleIndex;this.predicateIndex = ((PredicateTransition)trans).predIndex;}else {this.ruleIndex = 0;this.predicateIndex = 0;}this.predicate = predicate;this.setOffendingToken(recognizer.getCurrentToken());}","public int normalize(char s[], int len) {for (int i = 0; i < len; i++) {switch (s[i]) {case ALEF_MADDA:case ALEF_HAMZA_ABOVE:case ALEF_HAMZA_BELOW:s[i] = ALEF;break;case DOTLESS_YEH:s[i] = YEH;break;case TEH_MARBUTA:s[i] = HEH;break;case TATWEEL:case KASRATAN:case DAMMATAN:case FATHATAN:case FATHA:case DAMMA:case KASRA:case SHADDA:case SUKUN:len = delete(s, i, len);i--;break;default:break;}}return len;}"
"2486","public static int idealCharArraySize(int need) {return idealByteArraySize(need * 2) / 2;}
public void setObjectId(AnyObjectId obj, int objType) {object = obj.copy();type = objType;}
public ValueEval getItem(int index) {if (index != 0) {throw new RuntimeException(""Invalid index (""+ index + "") only zero is allowed"");}return _value;}
public AND(SemanticContext a, SemanticContext b) {Set<SemanticContext> operands = new HashSet<SemanticContext>();if ( a instanceof AND ) operands.addAll(Arrays.asList(((AND)a).opnds));else operands.add(a);if ( b instanceof AND ) operands.addAll(Arrays.asList(((AND)b).opnds));else operands.add(b);List<PrecedencePredicate> precedencePredicates = filterPrecedencePredicates(operands);if (!precedencePredicates.isEmpty()) {PrecedencePredicate reduced = Collections.min(precedencePredicates);operands.add(reduced);}opnds = operands.toArray(new SemanticContext[operands.size()]);}","public GetCampaignVersionResult getCampaignVersion(GetCampaignVersionRequest request) {request = beforeClientExecution(request);return executeGetCampaignVersion(request);}"
"2491","public SeriesTextRecord(RecordInputStream in) {field_1_id = in.readUShort();int field_2_textLength = in.readUByte();is16bit = (in.readUByte() & 0x01) != 0;if (is16bit) {field_4_text = in.readUnicodeLEString(field_2_textLength);} else {field_4_text = in.readCompressedUnicode(field_2_textLength);}}
public void writeUTF(String value) throws IOException {checkWritePrimitiveTypes();primitiveTypes.writeUTF(value);}
public DeleteCacheSubnetGroupResult deleteCacheSubnetGroup(DeleteCacheSubnetGroupRequest request) {request = beforeClientExecution(request);return executeDeleteCacheSubnetGroup(request);}
public Tab getItem(int position) {return mTabs.get(position);}","public int createFormat(String formatString) {maxformatid = maxformatid >= 0xa4 ? maxformatid + 1 : 0xa4; FormatRecord rec = new FormatRecord(maxformatid, formatString);int pos = 0;while ( pos < records.size() && records.get( pos ).getSid() != FormatRecord.sid ) {pos++;}pos += formats.size();formats.add( rec );records.add( pos, rec );return maxformatid;}"
"2496","public ListDeploymentStrategiesResult listDeploymentStrategies(ListDeploymentStrategiesRequest request) {request = beforeClientExecution(request);return executeListDeploymentStrategies(request);}
public CreateLoginProfileRequest(String userName, String password) {setUserName(userName);setPassword(password);}
public String getMetadata() throws ClientException {HttpRequest request = new HttpRequest(credentialUrl.toString());request.setSysMethod(MethodType.GET);request.setSysConnectTimeout(connectionTimeoutInMilliseconds);request.setSysReadTimeout(connectionTimeoutInMilliseconds);HttpResponse response;try {response = CompatibleUrlConnClient.compatibleGetResponse(request);} catch (Exception e) {throw new ClientException(""Failed to connect ECS Metadata Service: "" + e.toString());}if (response.getStatus() != HttpURLConnection.HTTP_OK) {throw new ClientException(ECS_METADAT_FETCH_ERROR_MSG + "" HttpCode="" + response.getStatus());}return new String(response.getHttpContent());}
public void setAbbreviationLength(int count) {if (count < 0)throw new IllegalArgumentException(JGitText.get().abbreviationLengthMustBeNonNegative);abbreviationLength = count;}","public SearchFacesByImageResult searchFacesByImage(SearchFacesByImageRequest request) {request = beforeClientExecution(request);return executeSearchFacesByImage(request);}"
