id,name,java_code
6,Julia set,"import javax.swing.*;
import java.awt.*;
import java.awt.image.BufferedImage;

public class JuliaSet extends JPanel {
    private static final int MAX_ITERATIONS = 300;
    private static final double ZOOM = 1;
    private static final double CX = -0.7;
    private static final double CY = 0.27015;
    private static final double MOVE_X = 0;
    private static final double MOVE_Y = 0;

    public JuliaSet() {
        setPreferredSize(new Dimension(800, 600));
        setBackground(Color.white);
    }

    void drawJuliaSet(Graphics2D g) {
        int w = getWidth();
        int h = getHeight();
        BufferedImage image = new BufferedImage(w, h, BufferedImage.TYPE_INT_RGB);

        for (int x = 0; x < w; x++) {
            for (int y = 0; y < h; y++) {
                double zx = 1.5 * (x - w / 2) / (0.5 * ZOOM * w) + MOVE_X;
                double zy = (y - h / 2) / (0.5 * ZOOM * h) + MOVE_Y;
                float i = MAX_ITERATIONS;
                while (zx * zx + zy * zy < 4 && i > 0) {
                    double tmp = zx * zx - zy * zy + CX;
                    zy = 2.0 * zx * zy + CY;
                    zx = tmp;
                    i--;
                }
                int c = Color.HSBtoRGB((MAX_ITERATIONS / i) % 1, 1, i > 0 ? 1 : 0);
                image.setRGB(x, y, c);
            }
        }
        g.drawImage(image, 0, 0, null);
    }

    @Override
    public void paintComponent(Graphics gg) {
        super.paintComponent(gg);
        Graphics2D g = (Graphics2D) gg;
        g.setRenderingHint(RenderingHints.KEY_ANTIALIASING,
                RenderingHints.VALUE_ANTIALIAS_ON);
        drawJuliaSet(g);
    }

    public static void main(String[] args) {
        SwingUtilities.invokeLater(() -> {
            JFrame f = new JFrame();
            f.setDefaultCloseOperation(JFrame.EXIT_ON_CLOSE);
            f.setTitle(""Julia Set"");
            f.setResizable(false);
            f.add(new JuliaSet(), BorderLayout.CENTER);
            f.pack();
            f.setLocationRelativeTo(null);
            f.setVisible(true);
        });
    }
}
"
71,MD4,"import org.bouncycastle.crypto.digests.MD4Digest;
import org.bouncycastle.util.encoders.Hex;

public class RosettaMD4
{
    public static void main (String[] argv) throws Exception
    {
        byte[] r = ""Rosetta Code"".getBytes(""US-ASCII"");
        MD4Digest d = new MD4Digest();
        d.update (r, 0, r.length);
        byte[] o = new byte[d.getDigestSize()];
        d.doFinal (o, 0);
        Hex.encode (o, System.out);
        System.out.println();
    }
}
"
110,Greatest subsequential sum,"import java.util.Scanner;
import java.util.ArrayList;

public class Sub{
    private static int[] indices;

    public static void main(String[] args){
        ArrayList<Long> array= new ArrayList<Long>(); 
        Scanner in = new Scanner(System.in);
        while(in.hasNextLong()) array.add(in.nextLong());
        long highSum= Long.MIN_VALUE;
        ArrayList<Long> highSet= new ArrayList<Long>();
        
        for(int subSize= 0;subSize<= array.size();subSize++){
            indices= new int[subSize];
            for(int i= 0;i< subSize;i++) indices[i]= i;
            do{
                long sum= 0;
                ArrayList<Long> temp= new ArrayList<Long>();
                
                for(long index:indices) {sum+= array.get(index); temp.add(array.get(index));}
                if(sum > highSum){
                    highSet= temp;    
                    highSum= sum;
                }
            }while(nextIndices(array));
        }
        System.out.println(""Sum: "" + highSum + ""\nSet: "" + 
        		highSet);
    }
    

    private static boolean nextIndices(ArrayList<Long> a) {
        for(int i= indices.length-1;i >= 0;--i){
            indices[i]++;
            for(int j=i+1;j < indices.length;++j){
                indices[j]= indices[j - 1] + 1;
            }
            if(indices[indices.length - 1] < a.size()){
                return true;
            }
        }
        return false;
    }
}
"
124,Flow-control structures,"switch (xx) {
  case 1:
  case 2:
    
    ...
    break;
  case 4:
    
    ...
    break;
  case 5:
    
    ...
    break;
  default:
    
    break;
}

for (int i = 0; i < 10; ++i) {
  ...
  if (some_condition) { break; }
  ...
}

_Time_: do {
  for (int i = 0; i < 10; ++i) {
    ...
    if (some_condition) { break _Time_; }
    ...
    }
  ...
} while (thisCondition);
"
196,Probabilistic choice,"public class Prob{
	static long TRIALS= 1000000;

	private static class Expv{
		public String name;
		public int probcount;
		public double expect;
		public double mapping;

		public Expv(String name, int probcount, double expect, double mapping){
			this.name= name;
			this.probcount= probcount;
			this.expect= expect;
			this.mapping= mapping;
		}
	}

	static Expv[] items=
			{new Expv(""aleph"", 0, 0.0, 0.0), new Expv(""beth"", 0, 0.0, 0.0),
					new Expv(""gimel"", 0, 0.0, 0.0),
					new Expv(""daleth"", 0, 0.0, 0.0),
					new Expv(""he"", 0, 0.0, 0.0), new Expv(""waw"", 0, 0.0, 0.0),
					new Expv(""zayin"", 0, 0.0, 0.0),
					new Expv(""heth"", 0, 0.0, 0.0)};

	public static void main(String[] args){
		int i, j;
		double rnum, tsum= 0.0;

		for(i= 0, rnum= 5.0;i < 7;i++, rnum+= 1.0){
			items[i].expect= 1.0 / rnum;
			tsum+= items[i].expect;
		}
		items[7].expect= 1.0 - tsum;

		items[0].mapping= 1.0 / 5.0;
		for(i= 1;i < 7;i++){
			items[i].mapping= items[i - 1].mapping + 1.0 / ((double)i + 5.0);
		}
		items[7].mapping= 1.0;


		for(i= 0;i < TRIALS;i++){
			rnum= Math.random();
			for(j= 0;j < 8;j++){
				if(rnum < items[j].mapping){
					items[j].probcount++;
					break;
				}
			}
		}

		System.out.printf(""Trials: %d\n"", TRIALS);
		System.out.printf(""Items:          "");
		for(i= 0;i < 8;i++)
			System.out.printf(""%-8s "", items[i].name);
		System.out.printf(""\nTarget prob.:   "");
		for(i= 0;i < 8;i++)
			System.out.printf(""%8.6f "", items[i].expect);
		System.out.printf(""\nAttained prob.: "");
		for(i= 0;i < 8;i++)
			System.out.printf(""%8.6f "", (double)(items[i].probcount)
					/ (double)TRIALS);
		System.out.printf(""\n"");

	}
}
"
229,Arithmetic-geometric mean_Calculate Pi,"import java.math.BigDecimal;
import java.math.MathContext;
import java.util.Objects;

public class Calculate_Pi {
    private static final MathContext con1024 = new MathContext(1024);
    private static final BigDecimal bigTwo = new BigDecimal(2);
    private static final BigDecimal bigFour = new BigDecimal(4);

    private static BigDecimal bigSqrt(BigDecimal bd, MathContext con) {
        BigDecimal x0 = BigDecimal.ZERO;
        BigDecimal x1 = BigDecimal.valueOf(Math.sqrt(bd.doubleValue()));
        while (!Objects.equals(x0, x1)) {
            x0 = x1;
            x1 = bd.divide(x0, con).add(x0).divide(bigTwo, con);
        }
        return x1;
    }

    public static void main(String[] args) {
        BigDecimal a = BigDecimal.ONE;
        BigDecimal g = a.divide(bigSqrt(bigTwo, con1024), con1024);
        BigDecimal t;
        BigDecimal sum = BigDecimal.ZERO;
        BigDecimal pow = bigTwo;
        while (!Objects.equals(a, g)) {
            t = a.add(g).divide(bigTwo, con1024);
            g = bigSqrt(a.multiply(g), con1024);
            a = t;
            pow = pow.multiply(bigTwo);
            sum = sum.add(a.multiply(a).subtract(g.multiply(g)).multiply(pow));
        }
        BigDecimal pi = bigFour.multiply(a.multiply(a)).divide(BigDecimal.ONE.subtract(sum), con1024);
        System.out.println(pi);
    }
}
"
263,Sorting algorithms_Insertion sort,"public static void insertSort(int[] A){
  for(int i = 1; i < A.length; i++){
    int value = A[i];
    int j = i - 1;
    while(j >= 0 && A[j] > value){
      A[j + 1] = A[j];
      j = j - 1;
    }
    A[j + 1] = value;
  }
}
"
283,OpenGL,"import org.lwjgl.LWJGLException;
import org.lwjgl.opengl.Display;
import org.lwjgl.opengl.DisplayMode;
import static org.lwjgl.opengl.GL11.*;


public class OpenGlExample {

	public void run() throws LWJGLException {
		Display.setDisplayMode(new DisplayMode(640, 480));
		Display.create();
		
		glMatrixMode(GL_PROJECTION);
		glLoadIdentity();
		glOrtho(-30, 30, -30, 30, -30, 30);
		glMatrixMode(GL_MODELVIEW);
		
		while(!Display.isCloseRequested()) {
			render();
			
			Display.update();
		}
		
		Display.destroy();
	}
	
	public void render() {
		
		glClearColor(0.3f, 0.3f, 0.3f, 0.0f);
		glClear(GL_COLOR_BUFFER_BIT | GL_DEPTH_BUFFER_BIT);
		
		glShadeModel(GL_SMOOTH);
		
		glLoadIdentity();
		glTranslatef(-15.0f, -15.0f, 0.0f);
		
		glBegin(GL_TRIANGLES);
		glColor3f(1.0f, 0.0f, 0.0f);
		glVertex2f(0.0f, 0.0f);
		glColor3f(0.0f, 1.0f, 0.0f);
		glVertex2f(30f, 0.0f);
		glColor3f(0.0f, 0.0f, 1.0f);
		glVertex2f(0.0f, 30.0f);
		glEnd();
		
	}
	
	public static void main(String[] args) {
		OpenGlExample openGlExmpl = new OpenGlExample();
		try {
			openGlExmpl.run();
		} catch(LWJGLException e) {
			System.err.println(e);
		}
	}
	
}
"
295,Combinations,"import java.util.Collections;
import java.util.LinkedList;

public class Comb{

        public static void main(String[] args){
                System.out.println(comb(3,5));
        }

        public static String bitprint(int u){
                String s= """";
                for(int n= 0;u > 0;++n, u>>= 1)
                        if((u & 1) > 0) s+= n + "" "";
                return s;
        }

        public static int bitcount(int u){
                int n;
                for(n= 0;u > 0;++n, u&= (u - 1));
                return n;
        }

        public static LinkedList<String> comb(int c, int n){
                LinkedList<String> s= new LinkedList<String>();
                for(int u= 0;u < 1 << n;u++)
                        if(bitcount(u) == c) s.push(bitprint(u));
                Collections.sort(s);
                return s;
        }
}
"
330,Window creation,"import javax.swing.JFrame;

public class Main {
     public static void main(String[] args) throws Exception {
         JFrame w = new JFrame(""Title"");
         w.setDefaultCloseOperation(JFrame.EXIT_ON_CLOSE);
         w.setSize(800,600);
         w.setVisible(true);
     }
}
"
351,Two identical strings,"public class TwoIdenticalStrings {
    public static void main(String[] args) {
        System.out.println(""Decimal Binary"");
        for (int i = 0; i < 1_000; i++) {
            String binStr = Integer.toBinaryString(i);
            if (binStr.length() % 2 == 0) {
                int len = binStr.length() / 2;
                if (binStr.substring(0, len).equals(binStr.substring(len))) {
                    System.out.printf(""%7d %s%n"", i, binStr);
                }
            }
        }
    }
}
"
368,Pig the dice game,"import java.util.*;

public class PigDice {

    public static void main(String[] args) {
        final int maxScore = 100;
        final int playerCount = 2;
        final String[] yesses = {""y"", ""Y"", """"};

        int[] safeScore = new int[2];
        int player = 0, score = 0;

        Scanner sc = new Scanner(System.in);
        Random rnd = new Random();

        while (true) {
            System.out.printf("" Player %d: (%d, %d) Rolling? (y/n) "", player,
                    safeScore[player], score);
            if (safeScore[player] + score < maxScore
                    && Arrays.asList(yesses).contains(sc.nextLine())) {
                final int rolled = rnd.nextInt(6) + 1;
                System.out.printf("" Rolled %d\n"", rolled);
                if (rolled == 1) {
                    System.out.printf("" Bust! You lose %d but keep %d\n\n"",
                            score, safeScore[player]);
                } else {
                    score += rolled;
                    continue;
                }
            } else {
                safeScore[player] += score;
                if (safeScore[player] >= maxScore)
                    break;
                System.out.printf("" Sticking with %d\n\n"", safeScore[player]);
            }
            score = 0;
            player = (player + 1) % playerCount;
        }
        System.out.printf(""\n\nPlayer %d wins with a score of %d"",
                player, safeScore[player]);
    }
}
"
403,Roman numerals_Encode,"public class RN {

    enum Numeral {
        I(1), IV(4), V(5), IX(9), X(10), XL(40), L(50), XC(90), C(100), CD(400), D(500), CM(900), M(1000);
        int weight;

        Numeral(int weight) {
            this.weight = weight;
        }
    };

    public static String roman(long n) {
        
        if( n <= 0) {
            throw new IllegalArgumentException();
        }
        
        StringBuilder buf = new StringBuilder();

        final Numeral[] values = Numeral.values();
        for (int i = values.length - 1; i >= 0; i--) {
            while (n >= values[i].weight) {
                buf.append(values[i]);
                n -= values[i].weight;
            }
        }
        return buf.toString();
    }

    public static void test(long n) {
        System.out.println(n + "" = "" + roman(n));
    }

    public static void main(String[] args) {
        test(1999);
        test(25);
        test(944);
        test(0);
    }

}
"
469,Frobenius numbers,"public class Frobenius {
    public static void main(String[] args) {
        final int limit = 1000000;
        System.out.printf(""Frobenius numbers less than %d (asterisk marks primes):\n"", limit);
        PrimeGenerator primeGen = new PrimeGenerator(1000, 100000);
        int prime1 = primeGen.nextPrime();
        for (int count = 1; ; ++count) {
            int prime2 = primeGen.nextPrime();
            int frobenius = prime1 * prime2 - prime1 - prime2;
            if (frobenius >= limit)
                break;
            System.out.printf(""%6d%c%c"", frobenius,
                    isPrime(frobenius) ? '*' : ' ',
                    count % 10 == 0 ? '\n' : ' ');
            prime1 = prime2;
        }
        System.out.println();
    }

    private static boolean isPrime(int n) {
        if (n < 2)
            return false;
        if (n % 2 == 0)
            return n == 2;
        if (n % 3 == 0)
            return n == 3;
        for (int p = 5; p * p <= n; p += 4) {
            if (n % p == 0)
                return false;
            p += 2;
            if (n % p == 0)
                return false;
        }
        return true;
    }
}
"
501,Largest number divisible by its digits,"public class LynchBell {
    
    static String s = """";
    
    public static void main(String args[]) {
        
        int i = 98764321;
        boolean isUnique = true;
        boolean canBeDivided = true;
        while (i>0) {
            s = String.valueOf(i);
            isUnique = uniqueDigits(i);
            if (isUnique) {
                
                canBeDivided = testNumber(i);
                if(canBeDivided) {
                    System.out.println(""Number found: "" + i);
                    i=0;
                }
            }
            i--;
        }
    }
    
    public static boolean uniqueDigits(int i) {
        
        for (int k = 0; k<s.length();k++) {
            for(int l=k+1; l<s.length();l++) {
                if(s.charAt(l)=='0' || s.charAt(l)=='5') {
                    
                    return false;
                }
                if(s.charAt(k) == s.charAt(l)) {
                    
                    return false;
                }
            }
        }
        return true;
    }
    
    public static boolean testNumber(int i) {
        
        int j = 0;
        boolean divisible = true;
        
        for (char ch: s.toCharArray()) {
            j = Character.getNumericValue(ch);
            divisible = ((i%j)==0);
            if (!divisible) {
                return false;
            }
        }       
        return true;
    }
}
"
535,99 bottles of beer,"module Bottles
    {
    @Inject Console console;
    void run()
        {
        function String(Int) num     = i -> i==0 ? ""No"" : i.toString();
        function String(Int) bottles = i -> i==1 ? ""bottle"" : ""bottles"";

        for (Int remain : 99..1)
            {
            console.print($|{num(remain)} {bottles(remain)} of beer on the wall
                           |{num(remain)} {bottles(remain)} of beer
                           |Take one down, pass it around
                           |{num(remain-1)} {bottles(remain-1)} of beer on the wall
                           |
                         );
            }
        }
    }
"
574,Set puzzle,"import java.util.*;

public class SetPuzzle {

    enum Color {

        GREEN(0), PURPLE(1), RED(2);

        private Color(int v) {
            val = v;
        }
        public final int val;
    }

    enum Number {

        ONE(0), TWO(1), THREE(2);

        private Number(int v) {
            val = v;
        }
        public final int val;
    }

    enum Symbol {

        OVAL(0), DIAMOND(1), SQUIGGLE(2);

        private Symbol(int v) {
            val = v;
        }
        public final int val;
    }

    enum Fill {

        OPEN(0), STRIPED(1), SOLID(2);

        private Fill(int v) {
            val = v;
        }
        public final int val;
    }

    private static class Card implements Comparable<Card> {

        Color c;
        Number n;
        Symbol s;
        Fill f;

        @Override
        public String toString() {
            return String.format(""[Card: %s, %s, %s, %s]"", c, n, s, f);
        }

        @Override
        public int compareTo(Card o) {
            return (c.val - o.c.val) * 10 + (n.val - o.n.val);
        }
    }
    private static Card[] deck;

    public static void main(String[] args) {
        deck = new Card[81];
        Color[] colors = Color.values();
        Number[] numbers = Number.values();
        Symbol[] symbols = Symbol.values();
        Fill[] fillmodes = Fill.values();
        for (int i = 0; i < deck.length; i++) {
            deck[i] = new Card();
            deck[i].c = colors[i / 27];
            deck[i].n = numbers[(i / 9) % 3];
            deck[i].s = symbols[(i / 3) % 3];
            deck[i].f = fillmodes[i % 3];
        }
        findSets(12);
    }

    private static void findSets(int numCards) {
        int target = numCards / 2;
        Card[] cards;
        Card[][] sets = new Card[target][3];
        int cnt;
        do {
            Collections.shuffle(Arrays.asList(deck));
            cards = Arrays.copyOfRange(deck, 0, numCards);
            cnt = 0;

            outer:
            for (int i = 0; i < cards.length - 2; i++) {
                for (int j = i + 1; j < cards.length - 1; j++) {
                    for (int k = j + 1; k < cards.length; k++) {
                        if (validSet(cards[i], cards[j], cards[k])) {
                            if (cnt < target)
                                sets[cnt] = new Card[]{cards[i], cards[j], cards[k]};
                            if (++cnt > target) {
                                break outer;
                            }
                        }
                    }
                }
            }
        } while (cnt != target);

        Arrays.sort(cards);

        System.out.printf(""GIVEN %d CARDS:\n\n"", numCards);
        for (Card c : cards) {
            System.out.println(c);
        }
        System.out.println();

        System.out.println(""FOUND "" + target + "" SETS:\n"");
        for (Card[] set : sets) {
            for (Card c : set) {
                System.out.println(c);
            }
            System.out.println();
        }
    }

    private static boolean validSet(Card c1, Card c2, Card c3) {
        int tot = 0;
        tot += (c1.c.val + c2.c.val + c3.c.val) % 3;
        tot += (c1.n.val + c2.n.val + c3.n.val) % 3;
        tot += (c1.s.val + c2.s.val + c3.s.val) % 3;
        tot += (c1.f.val + c2.f.val + c3.f.val) % 3;
        return tot == 0;
    }
}
"
594,Left factorials,"import java.math.BigInteger;

public class LeftFac{
	public static BigInteger factorial(BigInteger n){
		BigInteger ans = BigInteger.ONE;
		for(BigInteger x = BigInteger.ONE; x.compareTo(n) <= 0; x = x.add(BigInteger.ONE)){
			ans = ans.multiply(x);
		}
		return ans;
	}
	
	public static BigInteger leftFact(BigInteger n){
		BigInteger ans = BigInteger.ZERO;
		for(BigInteger k = BigInteger.ZERO; k.compareTo(n.subtract(BigInteger.ONE)) <= 0; k = k.add(BigInteger.ONE)){
			ans = ans.add(factorial(k));
		}
		return ans;
	}
	
	public static void main(String[] args){
		for(int i = 0; i <= 10; i++){
			System.out.println(""!"" + i + "" = "" + leftFact(BigInteger.valueOf(i)));
		}
		
		for(int i = 20; i <= 110; i += 10){
			System.out.println(""!"" + i + "" = "" + leftFact(BigInteger.valueOf(i)));
		}
		
		for(int i = 1000; i <= 10000; i += 1000){
			System.out.println(""!"" + i + "" has "" + leftFact(BigInteger.valueOf(i)).toString().length() + "" digits"");
		}
	}
}
"
623,Yin and yang,"package org.rosettacode.yinandyang;

import java.awt.Color;
import java.awt.Graphics;
import java.awt.Image;
import java.awt.image.BufferedImage;
import javax.swing.ImageIcon;
import javax.swing.JFrame;
import javax.swing.JLabel;

public class YinYangGenerator
{
    private final int size;

    public YinYangGenerator(final int size)
    {
        this.size = size;
    }

    
    public void drawYinYang(final Graphics graphics)
    {
        
        final Color colorSave = graphics.getColor();

        graphics.setColor(Color.WHITE);
        
        graphics.fillOval(0, 0, size-1, size-1);
        
        graphics.setColor(Color.BLACK);
        
        graphics.fillArc(0, 0, size-1, size-1, 270, 180);
        graphics.fillOval(size/4, size/2, size/2, size/2);
        
        graphics.setColor(Color.WHITE);
        graphics.fillOval(size/4, 0, size/2, size/2);
        graphics.fillOval(7*size/16, 11*size/16, size/8, size/8);

        graphics.setColor(Color.BLACK);
        graphics.fillOval(7*size/16, 3*size/16, size/8, size/8);
        
        graphics.drawOval(0, 0, size-1, size-1);
        
        
        graphics.setColor(colorSave);
    }

    
    public Image createImage(final Color bg)
    {
        
        final BufferedImage image = new BufferedImage(size, size, BufferedImage.TYPE_INT_RGB);
        
        
        
        final Graphics graphics = image.getGraphics();
        
        graphics.setColor(bg);
        graphics.fillRect(0,0,size,size);
        drawYinYang(graphics);
        return image;
    }

    public static void main(final String args[])
    {
        final int size = Integer.parseInt(args[0]);
        final YinYangGenerator generator = new YinYangGenerator(size);

        final JFrame frame = new JFrame(""Yin Yang Generator"");
        frame.setDefaultCloseOperation(JFrame.EXIT_ON_CLOSE);
        final Image yinYang = generator.createImage(frame.getBackground());
        
        frame.add(new JLabel(new ImageIcon(yinYang)));
        frame.pack();
        frame.setVisible(true);
    }
}
"
652,Singly-linked list_Element definition,"class Link
{
    Link next;
    int data;
}
"
666,Extra primes,"public class ExtraPrimes {
    private static int nextPrimeDigitNumber(int n) {
        if (n == 0) {
            return 2;
        }
        switch (n % 10) {
            case 2:
                return n + 1;
            case 3:
            case 5:
                return n + 2;
            default:
                return 2 + nextPrimeDigitNumber(n / 10) * 10;
        }
    }

    private static boolean isPrime(int n) {
        if (n < 2) {
            return false;
        }
        if ((n & 1) == 0) {
            return n == 2;
        }
        if (n % 3 == 0) {
            return n == 3;
        }
        if (n % 5 == 0) {
            return n == 5;
        }

        int[] wheel = new int[]{4, 2, 4, 2, 4, 6, 2, 6};
        int p = 7;
        while (true) {
            for (int w : wheel) {
                if (p * p > n) {
                    return true;
                }
                if (n % p == 0) {
                    return false;
                }
                p += w;
            }
        }
    }

    private static int digitSum(int n) {
        int sum = 0;
        for (; n > 0; n /= 10) {
            sum += n % 10;
        }
        return sum;
    }

    public static void main(String[] args) {
        final int limit = 10_000;
        int p = 0, n = 0;

        System.out.printf(""Extra primes under %d:\n"", limit);
        while (p < limit) {
            p = nextPrimeDigitNumber(p);
            if (isPrime(p) && isPrime(digitSum(p))) {
                n++;
                System.out.printf(""%2d: %d\n"", n, p);
            }
        }
        System.out.println();
    }
}
"
677,Diversity prediction theorem,"import java.util.Arrays;

public class DiversityPredictionTheorem {
    private static double square(double d) {
        return d * d;
    }

    private static double averageSquareDiff(double d, double[] predictions) {
        return Arrays.stream(predictions)
            .map(it -> square(it - d))
            .average()
            .orElseThrow();
    }

    private static String diversityTheorem(double truth, double[] predictions) {
        double average = Arrays.stream(predictions)
            .average()
            .orElseThrow();
        return String.format(""average-error : %6.3f%n"", averageSquareDiff(truth, predictions))
            + String.format(""crowd-error   : %6.3f%n"", square(truth - average))
            + String.format(""diversity     : %6.3f%n"", averageSquareDiff(average, predictions));
    }

    public static void main(String[] args) {
        System.out.println(diversityTheorem(49.0, new double[]{48.0, 47.0, 51.0}));
        System.out.println(diversityTheorem(49.0, new double[]{48.0, 47.0, 51.0, 42.0}));
    }
}
"
719,Base64 decode data,"
module Base64
    {
    @Inject Console console;
    void run()
        {
        String orig  = \|VG8gZXJyIGlzIGh1bWFuLCBidXQgdG8gcmVhbGx5IGZvdWwgdGhpbmdzIHVwIH\
                        |lvdSBuZWVkIGEgY29tcHV0ZXIuCiAgICAtLSBQYXVsIFIuIEVocmxpY2g=
                       ;
        Byte[] bytes = decode(orig);
        String text  = encode(bytes, pad=True);
        assert text == orig;
        console.print($""base64={text}, bytes={bytes}"");
        }

    static Byte[] read(Iterator<Char> stream)
        {
        Int    charLen    = 0;
        charLen := stream.knownSize();
        Byte[] byteBuf    = new Byte[](charLen * 6 / 8);
        Byte   prevBits   = 0;
        Int    prevCount  = 0;
        while (Char ch := stream.next())
            {
            if (Byte newBits := isBase64(ch, assertTrash=True))
                {
                if (prevCount == 0)
                    {
                    prevBits  = newBits;
                    prevCount = 6;
                    }
                else
                    {
                    byteBuf.add((prevBits << 8-prevCount) | (newBits >> prevCount-2));
                    prevBits   = newBits;
                    prevCount -= 2;
                    }
                }
            }

        return byteBuf.freeze(True);
        }

    static void write(Byte[] value, Appender<Char> stream, Boolean pad=False, Int? lineLength=Null)
        {
        lineLength ?:= Int.maxvalue;

        Int    lineOffset = 0;
        Int    totalChars = 0;
        Byte   prevByte   = 0;
        Int    prevCount  = 0;          
        Int    byteOffset = 0;
        Int    byteLength = value.size;
        while (True)
            {
            
            Byte sixBits;
            if (byteOffset >= byteLength)
                {
                if (prevCount == 0)
                    {
                    break;
                    }
                sixBits   = prevByte << 6 - prevCount;
                prevCount = 0;
                }
            else if (prevCount == 6)
                {
                sixBits   = prevByte << 6 - prevCount;
                prevCount = 0;
                }
            else
                {
                Byte nextByte = value[byteOffset++];
                sixBits    = (prevByte << 6 - prevCount) | (nextByte >> 2 + prevCount);
                prevByte   = nextByte;
                prevCount += 2;
                }

            if (lineOffset >= lineLength)
                {
                stream.add('\r').add('\n');
                totalChars += lineOffset;
                lineOffset  = 0;
                }

            stream.add(base64(sixBits & 0b111111));
            ++lineOffset;
            }

        if (pad)
            {
            totalChars += lineOffset;
            for (Int i = 0, Int padCount = 4 - (totalChars & 0b11) & 0b11; i < padCount; ++i)
                {
                if (lineOffset >= lineLength)
                    {
                    stream.add('\r').add('\n');
                    lineOffset  = 0;
                    }

                stream.add('=');
                ++lineOffset;
                }
            }
        }

    static String encode(Byte[] value, Boolean pad=False, Int? lineLength=Null)
        {
        
        Int byteLen = value.size;
        Int charLen = (byteLen * 8 + 5) / 6;
        if (pad)
            {
            charLen += 4 - (charLen & 0b11) & 0b11;
            }
        if (lineLength != Null)
            {
            charLen += ((charLen + lineLength - 1) / lineLength - 1).maxOf(0) * 2;
            }

        StringBuffer charBuf = new StringBuffer(charLen);
        write(value, charBuf, pad, lineLength);
        return charBuf.toString();
        }

    static Byte[] decode(String text)
        {
        Int    charLen    = text.size;
        Byte[] byteBuf    = new Byte[](charLen * 6 / 8);
        Byte   prevBits   = 0;
        Int    prevCount  = 0;
        for (Int offset = 0; offset < charLen; ++offset)
            {
            if (Byte newBits := isBase64(text[offset], assertTrash=True))
                {
                if (prevCount == 0)
                    {
                    prevBits  = newBits;
                    prevCount = 6;
                    }
                else
                    {
                    byteBuf.add((prevBits << 8-prevCount) | (newBits >> prevCount-2));
                    prevBits   = newBits;
                    prevCount -= 2;
                    }
                }
            }

        return byteBuf.freeze(True);
        }

    
    static Byte valOf(Char ch)
        {
        return switch (ch)
            {
            case 'A'..'Z': (ch - 'A').toUInt8();
            case 'a'..'z': (ch - 'a').toUInt8() + 26;
            case '0'..'9': (ch - '0').toUInt8() + 52;
            case '+': 62;
            case '/': 63;

            case '=':        assert as $""Unexpected padding character in Base64: {ch.quoted()}"";
            case '\r', '\n': assert as $""Unexpected newline character in Base64: {ch.quoted()}"";
            default:         assert as $""Invalid Base64 character: {ch.quoted()}"";
            };
        }

    
    static conditional Byte isBase64(Char ch, Boolean assertTrash=False)
        {
        return switch (ch)
            {
            case 'A'..'Z': (True, (ch - 'A').toUInt8());
            case 'a'..'z': (True, (ch - 'a').toUInt8() + 26);
            case '0'..'9': (True, (ch - '0').toUInt8() + 52);
            case '+': (True, 62);
            case '/': (True, 63);

            case '=':           
            case '\r', '\n':    
                False;

            default: assertTrash ? assert as $""Invalid Base64 character: {ch.quoted()}"" : False;
            };
        }

    
    static Char base64(Byte byte)
        {
        return switch (byte)
            {
            case  0 ..< 26: 'A'+byte;
            case 26 ..< 52: 'a'+(byte-26);
            case 52 ..< 62: '0'+(byte-52);
            case 62: '+';
            case 63: '/';
            default: assert:bounds as $""byte={byte}"";
            };
        }
    }
"
775,Higher-order functions,"public class NewClass {
   
   public NewClass() {
       first(new AnEventOrCallback() {
           public void call() {
               second();
           }
       });
   }
   
   public void first(AnEventOrCallback obj) {
       obj.call();
   }
   
   public void second() {
       System.out.println(""Second"");
   }
   
   public static void main(String[] args) {
       new NewClass();
   }
}

interface AnEventOrCallback {
   public void call();
}
"
809,Ackermann function,"import java.math.BigInteger;

public static BigInteger ack(BigInteger m, BigInteger n) {
    return m.equals(BigInteger.ZERO)
            ? n.add(BigInteger.ONE)
            : ack(m.subtract(BigInteger.ONE),
                        n.equals(BigInteger.ZERO) ? BigInteger.ONE : ack(m, n.subtract(BigInteger.ONE)));
}
"
842,Averages_Median,"
public static double median(List<Double> list) {
    Collections.sort(list);
    return (list.get(list.size() / 2) + list.get((list.size() - 1) / 2)) / 2;
}
"
867,Cheryl's birthday,"import java.time.Month;
import java.util.Collection;
import java.util.List;
import java.util.Set;
import java.util.stream.Collectors;

public class Main {
    private static class Birthday {
        private Month month;
        private int day;

        public Birthday(Month month, int day) {
            this.month = month;
            this.day = day;
        }

        public Month getMonth() {
            return month;
        }

        public int getDay() {
            return day;
        }

        @Override
        public String toString() {
            return month + "" "" + day;
        }
    }

    public static void main(String[] args) {
        List<Birthday> choices = List.of(
            new Birthday(Month.MAY, 15),
            new Birthday(Month.MAY, 16),
            new Birthday(Month.MAY, 19),
            new Birthday(Month.JUNE, 17),
            new Birthday(Month.JUNE, 18),
            new Birthday(Month.JULY, 14),
            new Birthday(Month.JULY, 16),
            new Birthday(Month.AUGUST, 14),
            new Birthday(Month.AUGUST, 15),
            new Birthday(Month.AUGUST, 17)
        );
        System.out.printf(""There are %d candidates remaining.\n"", choices.size());

        
        Set<Month> uniqueMonths = choices.stream()
            .collect(Collectors.groupingBy(Birthday::getDay))
            .values()
            .stream()
            .filter(g -> g.size() == 1)
            .flatMap(Collection::stream)
            .map(Birthday::getMonth)
            .collect(Collectors.toSet());
        List<Birthday> f1List = choices.stream()
            .filter(birthday -> !uniqueMonths.contains(birthday.month))
            .collect(Collectors.toList());
        System.out.printf(""There are %d candidates remaining.\n"", f1List.size());

        
        List<Birthday> f2List = f1List.stream()
            .collect(Collectors.groupingBy(Birthday::getDay))
            .values()
            .stream()
            .filter(g -> g.size() == 1)
            .flatMap(Collection::stream)
            .collect(Collectors.toList());
        System.out.printf(""There are %d candidates remaining.\n"", f2List.size());

        
        List<Birthday> f3List = f2List.stream()
            .collect(Collectors.groupingBy(Birthday::getMonth))
            .values()
            .stream()
            .filter(g -> g.size() == 1)
            .flatMap(Collection::stream)
            .collect(Collectors.toList());
        System.out.printf(""There are %d candidates remaining.\n"", f3List.size());

        if (f3List.size() == 1) {
            System.out.printf(""Cheryl's birthday is %s\n"", f3List.get(0));
        } else {
            System.out.println(""No unique choice found"");
        }
    }
}
"
916,Jump anywhere,"loop1: while (x != 0) {
    loop2: for (int i = 0; i < 10; i++) {
        loop3: do {
            
            if () {
                
                continue loop1;
            }
            
            if () {
                
                break loop2;
            }
        } while (y < 10);
        
    }
    
}
"
958,Integer roots,"import java.math.BigInteger;

public class IntegerRoots {
    private static BigInteger iRoot(BigInteger base, int n) {
        if (base.compareTo(BigInteger.ZERO) < 0 || n <= 0) {
            throw new IllegalArgumentException();
        }

        int n1 = n - 1;
        BigInteger n2 = BigInteger.valueOf(n);
        BigInteger n3 = BigInteger.valueOf(n1);
        BigInteger c = BigInteger.ONE;
        BigInteger d = n3.add(base).divide(n2);
        BigInteger e = n3.multiply(d).add(base.divide(d.pow(n1))).divide(n2);
        while (!c.equals(d) && !c.equals(e)) {
            c = d;
            d = e;
            e = n3.multiply(e).add(base.divide(e.pow(n1))).divide(n2);
        }
        if (d.compareTo(e) < 0) {
            return d;
        }
        return e;
    }

    public static void main(String[] args) {
        BigInteger b = BigInteger.valueOf(8);
        System.out.print(""3rd integer root of 8 = "");
        System.out.println(iRoot(b, 3));

        b = BigInteger.valueOf(9);
        System.out.print(""3rd integer root of 9 = "");
        System.out.println(iRoot(b, 3));

        b = BigInteger.valueOf(100).pow(2000).multiply(BigInteger.valueOf(2));
        System.out.print(""First 2001 digits of the square root of 2: "");
        System.out.println(iRoot(b, 2));
    }
}
"
995,Super-d numbers,"import java.math.BigInteger;

public class SuperDNumbers {

    public static void main(String[] args) {
        for ( int i = 2 ; i <= 9 ; i++ ) {
            superD(i, 10);
        }
    }
    
    private static final void superD(int d, int max) {
        long start = System.currentTimeMillis();
        String test = """";
        for ( int i = 0 ; i < d ; i++ ) {
            test += (""""+d);
        }
        
        int n = 0;
        int i = 0;
        System.out.printf(""First %d super-%d numbers: %n"", max, d);
        while ( n < max ) {
            i++;
            BigInteger val = BigInteger.valueOf(d).multiply(BigInteger.valueOf(i).pow(d));
            if ( val.toString().contains(test) ) {
                n++;
                System.out.printf(""%d "", i);
            }
        }
        long end = System.currentTimeMillis();
        System.out.printf(""%nRun time %d ms%n%n"", end-start);
        
    }

}
"
1040,Sort an array of composite structures,"import java.util.Arrays;
import java.util.Comparator;

public class SortComp {
    public static class Pair {
        public String name;
        public String value;
        public Pair(String n, String v) {
            name = n;
            value = v;
        }
    }

    public static void main(String[] args) {
        Pair[] pairs = {new Pair(""06-07"", ""Ducks""), new Pair(""00-01"", ""Avalanche""),
            new Pair(""02-03"", ""Devils""), new Pair(""01-02"", ""Red Wings""),
            new Pair(""03-04"", ""Lightning""), new Pair(""04-05"", ""lockout""),
            new Pair(""05-06"", ""Hurricanes""), new Pair(""99-00"", ""Devils""),
            new Pair(""07-08"", ""Red Wings""), new Pair(""08-09"", ""Penguins"")};

        sortByName(pairs);
        for (Pair p : pairs) {
            System.out.println(p.name + "" "" + p.value);
        }
    }

    public static void sortByName(Pair[] pairs) {
        Arrays.sort(pairs, new Comparator<Pair>() {
            public int compare(Pair p1, Pair p2) {
                return p1.name.compareTo(p2.name);
            }
        });
    }
}
"
1050,Montgomery reduction,"import java.math.BigInteger;

public class MontgomeryReduction {
    private static final BigInteger ZERO = BigInteger.ZERO;
    private static final BigInteger ONE = BigInteger.ONE;
    private static final BigInteger TWO = BigInteger.valueOf(2);

    public static class Montgomery {
        public static final int BASE = 2;

        BigInteger m;
        BigInteger rrm;
        int n;

        public Montgomery(BigInteger m) {
            if (m.compareTo(BigInteger.ZERO) <= 0 || !m.testBit(0)) {
                throw new IllegalArgumentException();
            }
            this.m = m;
            this.n = m.bitLength();
            this.rrm = ONE.shiftLeft(n * 2).mod(m);
        }

        public BigInteger reduce(BigInteger t) {
            BigInteger a = t;
            for (int i = 0; i < n; i++) {
                if (a.testBit(0)) a = a.add(this.m);
                a = a.shiftRight(1);
            }
            if (a.compareTo(m) >= 0) a = a.subtract(this.m);
            return a;
        }
    }

    public static void main(String[] args) {
        BigInteger m  = new BigInteger(""750791094644726559640638407699"");
        BigInteger x1 = new BigInteger(""540019781128412936473322405310"");
        BigInteger x2 = new BigInteger(""515692107665463680305819378593"");

        Montgomery mont = new Montgomery(m);
        BigInteger t1 = x1.multiply(mont.rrm);
        BigInteger t2 = x2.multiply(mont.rrm);

        BigInteger r1 = mont.reduce(t1);
        BigInteger r2 = mont.reduce(t2);
        BigInteger r = ONE.shiftLeft(mont.n);

        System.out.printf(""b :  %s\n"", Montgomery.BASE);
        System.out.printf(""n :  %s\n"", mont.n);
        System.out.printf(""r :  %s\n"", r);
        System.out.printf(""m :  %s\n"", mont.m);
        System.out.printf(""t1:  %s\n"", t1);
        System.out.printf(""t2:  %s\n"", t2);
        System.out.printf(""r1:  %s\n"", r1);
        System.out.printf(""r2:  %s\n"", r2);
        System.out.println();
        System.out.printf(""Original x1       :  %s\n"", x1);
        System.out.printf(""Recovered from r1 :  %s\n"", mont.reduce(r1));
        System.out.printf(""Original x2       :  %s\n"", x2);
        System.out.printf(""Recovered from r2 :  %s\n"", mont.reduce(r2));

        System.out.println();
        System.out.println(""Montgomery computation of x1 ^ x2 mod m :"");
        BigInteger prod = mont.reduce(mont.rrm);
        BigInteger base = mont.reduce(x1.multiply(mont.rrm));
        BigInteger exp = x2;
        while (exp.bitLength()>0) {
            if (exp.testBit(0)) prod=mont.reduce(prod.multiply(base));
            exp = exp.shiftRight(1);
            base = mont.reduce(base.multiply(base));
        }
        System.out.println(mont.reduce(prod));

        System.out.println();
        System.out.println(""Library-based computation of x1 ^ x2 mod m :"");
        System.out.println(x1.modPow(x2, m));
    }
}
"
1084,Ludic numbers,"import java.util.ArrayList;
import java.util.List;

public class Ludic{
	public static List<Integer> ludicUpTo(int n){
		List<Integer> ludics = new ArrayList<Integer>(n);
		for(int i = 1; i <= n; i++){   
			ludics.add(i);
		}
		
		
		for(int cursor = 1; cursor < ludics.size(); cursor++){
			int thisLudic = ludics.get(cursor); 
			int removeCursor = cursor + thisLudic; 
			while(removeCursor < ludics.size()){
				ludics.remove(removeCursor);		     
				removeCursor = removeCursor + thisLudic - 1; 
									     
			}
		}
		return ludics;
	}
	
	public static List<List<Integer>> getTriplets(List<Integer> ludics){
		List<List<Integer>> triplets = new ArrayList<List<Integer>>();
		for(int i = 0; i < ludics.size() - 2; i++){ 
			int thisLudic = ludics.get(i);
			if(ludics.contains(thisLudic + 2) && ludics.contains(thisLudic + 6)){
				List<Integer> triplet = new ArrayList<Integer>(3);
				triplet.add(thisLudic);
				triplet.add(thisLudic + 2);
				triplet.add(thisLudic + 6);
				triplets.add(triplet);
			}
		}
		return triplets;
	}
	
	public static void main(String[] srgs){
		System.out.println(""First 25 Ludics: "" + ludicUpTo(110));				
		System.out.println(""Ludics up to 1000: "" + ludicUpTo(1000).size());
		System.out.println(""2000th - 2005th Ludics: "" + ludicUpTo(22000).subList(1999, 2005));  
		System.out.println(""Triplets up to 250: "" + getTriplets(ludicUpTo(250)));
	}
}
"
1105,Undefined values,"String string = null;        
System.out.println(string);           
System.out.println(string.length());  
"
1120,Iterated digits squaring,"import java.util.stream.IntStream;

public class IteratedDigitsSquaring {

    public static void main(String[] args) {
        long r = IntStream.range(1, 100_000_000)
                .parallel()
                .filter(n -> calc(n) == 89)
                .count();
        System.out.println(r);
    }

    private static int calc(int n) {
        while (n != 89 && n != 1) {
            int total = 0;
            while (n > 0) {
                total += Math.pow(n % 10, 2);
                n /= 10;
            }
            n = total;
        }
        return n;
    }
}
"
1154,Pascal's triangle,"import java.util.ArrayList;
...
public static void genPyrN(int rows){
	if(rows < 0) return;
	
	ArrayList<Integer> last = new ArrayList<Integer>();
	last.add(1);
	System.out.println(last);
	for(int i= 1;i <= rows;++i){
		
		ArrayList<Integer> thisRow= new ArrayList<Integer>();
		thisRow.add(last.get(0)); 
		for(int j= 1;j < i;++j){
			
			thisRow.add(last.get(j - 1) + last.get(j));
		}
		thisRow.add(last.get(0)); 
		last= thisRow;
		System.out.println(thisRow);
	}
}
"
1181,Pathological floating point problems,"import java.math.BigDecimal;
import java.math.RoundingMode;

public class FPProblems {
    public static void wrongConvergence() {
        int[] INDEXES = new int[] { 3, 4, 5, 6, 7, 8, 20, 30, 50, 100 };
        
        
        double[] fpValues = new double[100];
        fpValues[0] = 2.0;
        fpValues[1] = -4.0;
        for (int i = 2; i < fpValues.length; i++) {
            fpValues[i] = 111.0 - 1130.0 / fpValues[i - 1] + 3000.0 / (fpValues[i - 1] * fpValues[i - 2]);
        }
        
        
        BigRational[] brValues = new BigRational[100];
        brValues[0] = BigRational.valueOf(2);
        brValues[1] = BigRational.valueOf(-4);
        for (int i = 2; i < brValues.length; i++) {
            
            BigRational clause2 = BigRational.valueOf(1130).divide(brValues[i - 1]);
            BigRational clause3 = BigRational.valueOf(3000).divide(brValues[i - 1].multiply(brValues[i - 2]));
            brValues[i] = BigRational.valueOf(111).subtract(clause2).add(clause3);
        }
        
        System.out.println(""Wrong Convergence Sequence"");
        for (int n : INDEXES) {
            BigDecimal value = brValues[n - 1].toBigDecimal(16, RoundingMode.HALF_UP);
            System.out.println(""  For index "" + n + "", FP value is "" + fpValues[n - 1] + "", and rounded BigRational value is "" + value.toPlainString());
        }
        
        return;
    }
    
    public static void chaoticBankSociety() {
        System.out.println(""Chaotic Bank Society"");
        double balance = Math.E - 1.0;
        
        
        BigRational e = BigRational.ONE;
        BigRational d = BigRational.ONE;
        for (int i = 1; i < 1000; i++) {
            d = d.multiply(BigRational.valueOf(i));
            e = e.add(d.reciprocal());
        }
        System.out.println(""DEBUG: e="" + e.toBigDecimal(100, RoundingMode.HALF_UP).toPlainString());
        
        
        
        
        BigRational brBalance = e.subtract(BigRational.ONE);
        for (int year = 1; year <= 25; year++) {
            balance = (balance * year) - 1.0;
            brBalance = brBalance.multiply(BigRational.valueOf(year)).subtract(BigRational.ONE);
            BigDecimal bdValue = brBalance.toBigDecimal(16, RoundingMode.HALF_UP);
            System.out.println(""  Year="" + year + "", FP balance="" + balance + "", BigRational balance="" + bdValue.toPlainString());
        }
    }
    
    public static void siegfriedRump() {
        System.out.println(""Siegfried Rump formula"");
        double fpValue;
        {
            double a = 77617.0;
            double b = 33096.0;
            fpValue = 333.75 * Math.pow(b, 6) + a * a * (11.0 * a * a * b * b - Math.pow(b, 6) - 121.0 * Math.pow(b, 4) - 2.0) + 5.5 * Math.pow(b, 8) + a / (2.0 * b);
        }
        
        BigRational brValue;
        {
            BigRational a = BigRational.valueOf(77617);
            BigRational b = BigRational.valueOf(33096);
            BigRational clause1 = BigRational.valueOf(333.75).multiply(b.pow(6));
            BigRational clause2a = BigRational.valueOf(11).multiply(a).multiply(a).multiply(b).multiply(b);
            BigRational clause2b = b.pow(6).add(BigRational.valueOf(121).multiply(b.pow(4))).add(BigRational.valueOf(2));
            BigRational clause2 = a.multiply(a).multiply(clause2a.subtract(clause2b));
            BigRational clause3 = BigRational.valueOf(5.5).multiply(b.pow(8));
            BigRational clause4 = a.divide(b.multiply(BigRational.valueOf(2)));
            brValue = clause1.add(clause2).add(clause3).add(clause4);
        }
        
        System.out.println(""  FP value is "" + fpValue);
        System.out.println(""  BigRational rounded value is "" + brValue.toBigDecimal(64, RoundingMode.HALF_UP).toPlainString());
        System.out.println(""  BigRational full value is "" + brValue.toString());
    }
    
    public static void main(String... args) {
        wrongConvergence();
        
        System.out.println();
        chaoticBankSociety();

        System.out.println();
        siegfriedRump();
    }
}
"
1216,Cumulative standard deviation,"public class StdDev {
    int n = 0;
    double sum = 0;
    double sum2 = 0;

    public double sd(double x) {
	n++;
	sum += x;
	sum2 += x*x;

	return Math.sqrt(sum2/n - sum*sum/n/n);
    }

    public static void main(String[] args) {
        double[] testData = {2,4,4,4,5,5,7,9};
        StdDev sd = new StdDev();

        for (double x : testData) {
            System.out.println(sd.sd(x));
        }
    }
}
"
1238,Atomic updates,"import java.util.Arrays;
import java.util.concurrent.ThreadLocalRandom;

public class AtomicUpdates {

    private static final int NUM_BUCKETS = 10;

    public static class Buckets {
        private final int[] data;

        public Buckets(int[] data) {
            this.data = data.clone();
        }

        public int getBucket(int index) {
            synchronized (data) {
                return data[index];
            }
        }

        public int transfer(int srcIndex, int dstIndex, int amount) {
            if (amount < 0)
                throw new IllegalArgumentException(""negative amount: "" + amount);
            if (amount == 0)
                return 0;

            synchronized (data) {
                if (data[srcIndex] - amount < 0)
                    amount = data[srcIndex];
                if (data[dstIndex] + amount < 0)
                    amount = Integer.MAX_VALUE - data[dstIndex];
                if (amount < 0)
                    throw new IllegalStateException();
                data[srcIndex] -= amount;
                data[dstIndex] += amount;
                return amount;
            }
        }

        public int[] getBuckets() {
            synchronized (data) {
                return data.clone();
            }
        }
    }

    private static long getTotal(int[] values) {
        long total = 0;
        for (int value : values) {
            total += value;
        }
        return total;
    }

    public static void main(String[] args) {
        ThreadLocalRandom rnd = ThreadLocalRandom.current();

        int[] values = new int[NUM_BUCKETS];
        for (int i = 0; i < values.length; i++)
            values[i] = rnd.nextInt() & Integer.MAX_VALUE;
        System.out.println(""Initial Array: "" + getTotal(values) + "" "" + Arrays.toString(values));

        Buckets buckets = new Buckets(values);
        new Thread(() -> equalize(buckets), ""equalizer"").start();
        new Thread(() -> transferRandomAmount(buckets), ""transferrer"").start();
        new Thread(() -> print(buckets), ""printer"").start();
    }

    private static void transferRandomAmount(Buckets buckets) {
        ThreadLocalRandom rnd = ThreadLocalRandom.current();
        while (true) {
            int srcIndex = rnd.nextInt(NUM_BUCKETS);
            int dstIndex = rnd.nextInt(NUM_BUCKETS);
            int amount = rnd.nextInt() & Integer.MAX_VALUE;
            buckets.transfer(srcIndex, dstIndex, amount);
        }
    }

    private static void equalize(Buckets buckets) {
        ThreadLocalRandom rnd = ThreadLocalRandom.current();
        while (true) {
            int srcIndex = rnd.nextInt(NUM_BUCKETS);
            int dstIndex = rnd.nextInt(NUM_BUCKETS);
            int amount = (buckets.getBucket(srcIndex) - buckets.getBucket(dstIndex)) / 2;
            if (amount >= 0)
                buckets.transfer(srcIndex, dstIndex, amount);
        }
    }

    private static void print(Buckets buckets) {
        while (true) {
            long nextPrintTime = System.currentTimeMillis() + 3000;
            long now;
            while ((now = System.currentTimeMillis()) < nextPrintTime) {
                try {
                    Thread.sleep(nextPrintTime - now);
                } catch (InterruptedException e) {
                    return;
                }
            }

            int[] bucketValues = buckets.getBuckets();
            System.out.println(""Current values: "" + getTotal(bucketValues) + "" "" + Arrays.toString(bucketValues));
        }
    }
}
"
1255,Sort three variables,"import java.util.Comparator;
import java.util.stream.Stream;

class Box {
    public int weightKg;

    Box(final int weightKg) {
        this.weightKg = weightKg;
    }
}

public class Sort3Vars {
    public static void main(String... args) {
        int iA = 21;
        int iB = 11;
        int iC = 82;
        int[] sortedInt = Stream.of(iA, iB, iC).sorted().mapToInt(Integer::intValue).toArray();
        iA = sortedInt[0];
        iB = sortedInt[1];
        iC = sortedInt[2];
        System.out.printf(""Sorted values: %d %d %d%n"", iA, iB, iC);

        String sA = ""s21"";
        String sB = ""s11"";
        String sC = ""s82"";
        Object[] sortedStr = Stream.of(sA, sB, sC).sorted().toArray();
        sA = (String) sortedStr[0];
        sB = (String) sortedStr[1];
        sC = (String) sortedStr[2];
        System.out.printf(""Sorted values: %s %s %s%n"", sA, sB, sC);

        Box bA = new Box(200);
        Box bB = new Box(12);
        Box bC = new Box(143);
        
        Object[] sortedBox = Stream.of(bA, bB, bC).sorted(Comparator.comparingInt(a -> a.weightKg)).toArray();
        bA = (Box) sortedBox[0];
        bB = (Box) sortedBox[1];
        bC = (Box) sortedBox[2];
        System.out.printf(""Sorted Boxes: %dKg %dKg %dKg%n"", bA.weightKg, bB.weightKg, bC.weightKg);
    }
}
"
1275,Chinese zodiac,"public class Zodiac {

	final static String animals[]={""Rat"",""Ox"",""Tiger"",""Rabbit"",""Dragon"",""Snake"",""Horse"",""Goat"",""Monkey"",""Rooster"",""Dog"",""Pig""};
	final static String elements[]={""Wood"",""Fire"",""Earth"",""Metal"",""Water""};
	final static String animalChars[]={""子"",""丑"",""寅"",""卯"",""辰"",""巳"",""午"",""未"",""申"",""酉"",""戌"",""亥""};
	static String elementChars[][]={{""甲"",""丙"",""戊"",""庚"",""壬""},{""乙"",""丁"",""己"",""辛"",""癸""}};

	static String getYY(int year)
	{
	    if(year%2==0)
	    {
	        return ""yang"";
	    }
	    else
	    {
	        return ""yin"";
	    }
	}

	public static void main(String[] args)
	{
		int years[]={1935,1938,1968,1972,1976,1984,1985,2017};
		for(int i=0;i<years.length;i++)
		{
			System.out.println(years[i]+"" is the year of the ""+elements[(int) Math.floor((years[i]-4)%10/2)]+"" ""+animals[(years[i]-4)%12]+"" (""+getYY(years[i])+""). ""+elementChars[years[i]%2][(int) Math.floor((years[i]-4)%10/2)]+animalChars[(years[i]-4)%12]);
		}
	}
}
"
1320,"Hofstadter-Conway $10,000 sequence","

public class HofstadterConwaySequence {

    private static int MAX = (int) Math.pow(2, 20) + 1;
    private static int[] HCS = new int[MAX];
    static {
        HCS[1] = 1;
        HCS[2] = 1;
        for ( int n = 3 ; n < MAX ; n++ ) {
            int nm1 = HCS[n - 1];
            HCS[n] = HCS[nm1] + HCS[n - nm1];
        }
    }
    
    public static void main(String[] args) {
        int mNum = 0;
        for ( int m = 1 ; m < 20 ; m++ ) {
            int min = (int) Math.pow(2, m);
            int max = min * 2;
            double maxRatio = 0.0;
            int nVal = 0;
            for ( int n = min ; n <= max ; n ++ ) {
                double ratio = (double) HCS[n] / n;
                if ( ratio > maxRatio ) {
                    maxRatio = Math.max(ratio,  maxRatio);
                    nVal = n;
                }
                if ( ratio >= 0.55 ) {
                    mNum = n;
                }
            }
            System.out.printf(""Max ratio between 2^%d and 2^%d is %f at n = %,d%n"", m, m+1, maxRatio, nVal);
        }
        System.out.printf(""Mallow's number is %d.%n"", mNum);
    }

}
"
1358,"Abundant, deficient and perfect number classifications","import java.util.stream.LongStream;

public class NumberClassifications {
 
    public static void main(String[] args) {
        int deficient = 0;
        int perfect = 0;
        int abundant = 0;
 
        for (long i = 1; i <= 20_000; i++) {
            long sum = properDivsSum(i);
            if (sum < i)
                deficient++;
            else if (sum == i)
                perfect++;
            else
                abundant++;
        }
        System.out.println(""Deficient: "" + deficient);
        System.out.println(""Perfect: "" + perfect);
        System.out.println(""Abundant: "" + abundant);
    }
 
    public static long properDivsSum(long n) {
        return LongStream.rangeClosed(1, (n + 1) / 2).filter(i -> n != i && n % i == 0).sum();
    }
}
"
1387,Emirp primes,"public class Emirp{
	
	
	public static boolean isPrime(long x){
		if(x < 2) return false;
		if(x == 2) return true;
		if((x & 1) == 0) return false;
		
		for(long i = 3; i <= Math.sqrt(x);i+=2){
			if(x % i == 0) return false;
		}
		
		return true;
	}
	
	public static boolean isEmirp(long x){
		String xString = Long.toString(x);
		if(xString.length() == 1) return false;
		if(xString.matches(""[24568].*"") || xString.matches("".*[24568]"")) return false; 
		long xR = Long.parseLong(new StringBuilder(xString).reverse().toString());
		if(xR == x) return false;
		return isPrime(x) && isPrime(xR);
	}
	
	public static void main(String[] args){
		int count = 0;
		long x = 1;
		
		System.out.println(""First 20 emirps:"");
		while(count < 20){
			if(isEmirp(x)){
				count++;
				System.out.print(x + "" "");
			}
			x++;
		}
		
		System.out.println(""\nEmirps between 7700 and 8000:"");
		for(x = 7700; x <= 8000; x++){
			if(isEmirp(x)){
				System.out.print(x +"" "");
			}
		}
		
		System.out.println(""\n10,000th emirp:"");
		for(x = 1, count = 0;count < 10000; x++){
			if(isEmirp(x)){
				count++;
			}
		}
		
		System.out.println(--x);
	}
}
"
1415,Run-length encoding,"import java.util.regex.Matcher;
import java.util.regex.Pattern;
public class RunLengthEncoding {

    public static String encode(String source) {
        StringBuffer dest = new StringBuffer();
        for (int i = 0; i < source.length(); i++) {
            int runLength = 1;
            while (i+1 < source.length() && source.charAt(i) == source.charAt(i+1)) {
                runLength++;
                i++;
            }
            dest.append(runLength);
            dest.append(source.charAt(i));
        }
        return dest.toString();
    }

    public static String decode(String source) {
        StringBuffer dest = new StringBuffer();
        Pattern pattern = Pattern.compile(""[0-9]+|[a-zA-Z]"");
        Matcher matcher = pattern.matcher(source);
        while (matcher.find()) {
            int number = Integer.parseInt(matcher.group());
            matcher.find();
            while (number-- != 0) {
                dest.append(matcher.group());
            }
        }
        return dest.toString();
    }

    public static void main(String[] args) {
        String example = ""WWWWWWWWWWWWBWWWWWWWWWWWWBBBWWWWWWWWWWWWWWWWWWWWWWWWBWWWWWWWWWWWWWW"";
        System.out.println(encode(example));
        System.out.println(decode(""1W1B1W1B1W1B1W1B1W1B1W1B1W1B""));
    }
}
"
1459,Brownian tree,"import java.awt.Graphics;
import java.awt.image.BufferedImage;
import java.util.*;
import javax.swing.JFrame;

public class BrownianTree extends JFrame implements Runnable {

    BufferedImage I;
    private List<Particle> particles;
    static Random rand = new Random();

    public BrownianTree() {
        super(""Brownian Tree"");
        setBounds(100, 100, 400, 300);
        setDefaultCloseOperation(EXIT_ON_CLOSE);
        I = new BufferedImage(getWidth(), getHeight(), BufferedImage.TYPE_INT_RGB);
        I.setRGB(I.getWidth() / 2, I.getHeight() / 2, 0xff00);
        particles = new LinkedList<Particle>();
    }

    @Override
    public void paint(Graphics g) {
        g.drawImage(I, 0, 0, this);
    }

    public void run() {
        for (int i = 0; i < 20000; i++) {
            particles.add(new Particle());
        }
        while (!particles.isEmpty()) {
            for (Iterator<Particle> it = particles.iterator(); it.hasNext();) {
                if (it.next().move()) {
                    it.remove();
                }
            }
            repaint();
        }
    }

    public static void main(String[] args) {
        BrownianTree b = new BrownianTree();
        b.setVisible(true);
        new Thread(b).start();
    }

    private class Particle {

        private int x, y;

        private Particle() {
            x = rand.nextInt(I.getWidth());
            y = rand.nextInt(I.getHeight());
        }

        
        private boolean move() {
            int dx = rand.nextInt(3) - 1;
            int dy = rand.nextInt(3) - 1;
            if ((x + dx < 0) || (y + dy < 0)
                    || (y + dy >= I.getHeight()) || (x + dx >= I.getWidth())) {
                return true;
            }
            x += dx;
            y += dy;
            if ((I.getRGB(x, y) & 0xff00) == 0xff00) {
                I.setRGB(x - dx, y - dy, 0xff00);
                return true;
            }
            return false;
        }
    }
}
"
1475,Read a file character by character_UTF8,"import java.io.FileReader;
import java.io.IOException;
import java.nio.charset.StandardCharsets;

public class Main {

    public static void main(String[] args) throws IOException {
        var reader = new FileReader(""input.txt"", StandardCharsets.UTF_8);
        while (true) {
            int c = reader.read();
            if (c == -1) break;
            System.out.print(Character.toChars(c));
        }
    }
}
"
1494,Multiplication tables,"public class MultiplicationTable {
    public static void main(String[] args) {
        for (int i = 1; i <= 12; i++)
            System.out.print(""\t"" + i);
        
        System.out.println();
        for (int i = 0; i < 100; i++)
            System.out.print(""-"");
        System.out.println();
        for (int i = 1; i <= 12; i++) {
            System.out.print(i + ""|"");
            for(int j = 1; j <= 12; j++) {
                System.out.print(""\t"");
                if (j >= i)
                    System.out.print(""\t"" + i * j);
            }
            System.out.println();
        }
    }
}
"
1521,Find the intersection of two lines,"public class Intersection {
    private static class Point {
        double x, y;

        Point(double x, double y) {
            this.x = x;
            this.y = y;
        }

        @Override
        public String toString() {
            return String.format(""{%f, %f}"", x, y);
        }
    }

    private static class Line {
        Point s, e;

        Line(Point s, Point e) {
            this.s = s;
            this.e = e;
        }
    }

    private static Point findIntersection(Line l1, Line l2) {
        double a1 = l1.e.y - l1.s.y;
        double b1 = l1.s.x - l1.e.x;
        double c1 = a1 * l1.s.x + b1 * l1.s.y;

        double a2 = l2.e.y - l2.s.y;
        double b2 = l2.s.x - l2.e.x;
        double c2 = a2 * l2.s.x + b2 * l2.s.y;

        double delta = a1 * b2 - a2 * b1;
        return new Point((b2 * c1 - b1 * c2) / delta, (a1 * c2 - a2 * c1) / delta);
    }

    public static void main(String[] args) {
        Line l1 = new Line(new Point(4, 0), new Point(6, 10));
        Line l2 = new Line(new Point(0, 3), new Point(10, 7));
        System.out.println(findIntersection(l1, l2));

        l1 = new Line(new Point(0, 0), new Point(1, 1));
        l2 = new Line(new Point(1, 2), new Point(4, 5));
        System.out.println(findIntersection(l1, l2));
    }
}
"
1566,Loops_Foreach,"module LoopForEach
    {
    @Inject Console console;
    void run()
        {
        val vals = [10, 20, 30, 40];
        console.print(""Array of values:"");
        Loop: for (val val : vals)
            {
            console.print($""  value #{Loop.count + 1}: {val}"");
            }

        Map<String, Int> pairs = [""x""=42, ""y""=69];
        console.print(""\nKeys and values:"");
        for ((String key, Int val) : pairs)
            {
            console.print($""  {key}={val}"");
            }
        console.print(""\nJust the keys:"");
        Loop: for (String key : pairs)
            {
            console.print($""  key #{Loop.count + 1}: {key}"");
            }

        console.print(""\nValues from a range:"");
        for (Int n : 1..5)
            {
            console.print($""  {n}"");
            }
        }
    }
"
1600,Determine if a string has all unique characters,"import java.util.HashMap;
import java.util.Map;



public class StringUniqueCharacters {

    public static void main(String[] args) {
        System.out.printf(""%-40s  %2s  %10s  %8s  %s  %s%n"", ""String"", ""Length"", ""All Unique"", ""1st Diff"", ""Hex"", ""Positions"");
        System.out.printf(""%-40s  %2s  %10s  %8s  %s  %s%n"", ""------------------------"", ""------"", ""----------"", ""--------"", ""---"", ""---------"");
        for ( String s : new String[] {"""", ""."", ""abcABC"", ""XYZ ZYX"", ""1234567890ABCDEFGHIJKLMN0PQRSTUVWXYZ""} ) {
            processString(s);
        }
    }
    
    
    
    private static void processString(String input) {
        Map<Character,Integer> charMap = new HashMap<>(); 
        char dup = 0;
        int index = 0;
        int pos1 = -1;
        int pos2 = -1;
        for ( char key : input.toCharArray() ) {
            index++;
            if ( charMap.containsKey(key) ) {
                dup = key;
                pos1 = charMap.get(key);
                pos2 = index;
                break;
            }
            charMap.put(key, index);
        }
        String unique = dup == 0 ? ""yes"" : ""no"";
        String diff = dup == 0 ? """" : ""'"" + dup + ""'"";
        String hex = dup == 0 ? """" : Integer.toHexString(dup).toUpperCase();
        String position = dup == 0 ? """" : pos1 + "" "" + pos2;
        System.out.printf(""%-40s  %-6d  %-10s  %-8s  %-3s  %-5s%n"", input, input.length(), unique, diff, hex, position);
    }

}
"
1643,Averages_Root mean square,"public class RootMeanSquare {

    public static double rootMeanSquare(double... nums) {
        double sum = 0.0;
        for (double num : nums)
            sum += num * num;
        return Math.sqrt(sum / nums.length);
    }

    public static void main(String[] args) {
        double[] nums = {1.0, 2.0, 3.0, 4.0, 5.0, 6.0, 7.0, 8.0, 9.0, 10.0};
        System.out.println(""The RMS of the numbers from 1 to 10 is "" + rootMeanSquare(nums));
    }
}
"
1676,Range expansion,"import java.util.*;

class RangeExpander implements Iterator<Integer>, Iterable<Integer> {

    private static final Pattern TOKEN_PATTERN = Pattern.compile(""([+-]?\\d+)-([+-]?\\d+)"");

    private final Iterator<String> tokensIterator;

    private boolean inRange;
    private int upperRangeEndpoint;
    private int nextRangeValue;

    public RangeExpander(String range) {
        String[] tokens = range.split(""\\s*,\\s*"");
        this.tokensIterator = Arrays.asList(tokens).iterator();
    }

    @Override
    public boolean hasNext() {
        return hasNextRangeValue() || this.tokensIterator.hasNext();
    }

    private boolean hasNextRangeValue() {
        return this.inRange && this.nextRangeValue <= this.upperRangeEndpoint;
    }

    @Override
    public Integer next() {
        if (!hasNext()) {
            throw new NoSuchElementException();
        }

        if (hasNextRangeValue()) {
            return this.nextRangeValue++;
        }

        String token = this.tokensIterator.next();

        Matcher matcher = TOKEN_PATTERN.matcher(token);
        if (matcher.find()) {
            this.inRange = true;
            this.upperRangeEndpoint = Integer.valueOf(matcher.group(2));
            this.nextRangeValue = Integer.valueOf(matcher.group(1));
            return this.nextRangeValue++;
        }

        this.inRange = false;
        return Integer.valueOf(token);
    }

    @Override
    public Iterator<Integer> iterator() {
        return this;
    }

}

class RangeExpanderTest {
    public static void main(String[] args) {
        RangeExpander re = new RangeExpander(""-6,-3--1,3-5,7-11,14,15,17-20"");
        for (int i : re) {
            System.out.print(i + "" "");
        }
    }
}
"
1701,Burrows–Wheeler transform,"import java.util.ArrayList;
import java.util.List;

public class BWT {
    private static final String STX = ""\u0002"";
    private static final String ETX = ""\u0003"";

    private static String bwt(String s) {
        if (s.contains(STX) || s.contains(ETX)) {
            throw new IllegalArgumentException(""String cannot contain STX or ETX"");
        }

        String ss = STX + s + ETX;
        List<String> table = new ArrayList<>();
        for (int i = 0; i < ss.length(); i++) {
            String before = ss.substring(i);
            String after = ss.substring(0, i);
            table.add(before + after);
        }
        table.sort(String::compareTo);

        StringBuilder sb = new StringBuilder();
        for (String str : table) {
            sb.append(str.charAt(str.length() - 1));
        }
        return sb.toString();
    }

    private static String ibwt(String r) {
        int len = r.length();
        List<String> table = new ArrayList<>();
        for (int i = 0; i < len; ++i) {
            table.add("""");
        }
        for (int j = 0; j < len; ++j) {
            for (int i = 0; i < len; ++i) {
                table.set(i, r.charAt(i) + table.get(i));
            }
            table.sort(String::compareTo);
        }
        for (String row : table) {
            if (row.endsWith(ETX)) {
                return row.substring(1, len - 1);
            }
        }
        return """";
    }

    private static String makePrintable(String s) {
        
        return s.replace(STX, ""^"").replace(ETX, ""|"");
    }

    public static void main(String[] args) {
        List<String> tests = List.of(
            ""banana"",
            ""appellee"",
            ""dogwood"",
            ""TO BE OR NOT TO BE OR WANT TO BE OR NOT?"",
            ""SIX.MIXED.PIXIES.SIFT.SIXTY.PIXIE.DUST.BOXES"",
            ""\u0002ABC\u0003""
        );
        for (String test : tests) {
            System.out.println(makePrintable(test));
            System.out.print("" --> "");
            String t = """";
            try {
                t = bwt(test);
                System.out.println(makePrintable(t));
            } catch (IllegalArgumentException e) {
                System.out.println(""ERROR: "" + e.getMessage());
            }
            String r = ibwt(t);
            System.out.printf("" --> %s\n\n"", r);
        }
    }
}
"
1752,Visualize a tree,"public class VisualizeTree {
    public static void main(String[] args) {
        BinarySearchTree tree = new BinarySearchTree();

        tree.insert(100);
        for (int i = 0; i < 20; i++)
            tree.insert((int) (Math.random() * 200));
        tree.display();
    }
}

class BinarySearchTree {
    private Node root;

    private class Node {
        private int key;
        private Node left, right;

        Node(int k) {
            key = k;
        }
    }

    public boolean insert(int key) {
        if (root == null)
            root = new Node(key);
        else {
            Node n = root;
            Node parent;
            while (true) {
                if (n.key == key)
                    return false;

                parent = n;

                boolean goLeft = key < n.key;
                n = goLeft ? n.left : n.right;

                if (n == null) {
                    if (goLeft) {
                        parent.left = new Node(key);
                    } else {
                        parent.right = new Node(key);
                    }
                    break;
                }
            }
        }
        return true;
    }

    public void display() {
        final int height = 5, width = 64;

        int len = width * height * 2 + 2;
        StringBuilder sb = new StringBuilder(len);
        for (int i = 1; i <= len; i++)
            sb.append(i < len - 2 && i % width == 0 ? ""\n"" : ' ');

        displayR(sb, width / 2, 1, width / 4, width, root, "" "");
        System.out.println(sb);
    }

    private void displayR(StringBuilder sb, int c, int r, int d, int w, Node n,
            String edge) {
        if (n != null) {
            displayR(sb, c - d, r + 2, d / 2, w, n.left, "" /"");

            String s = String.valueOf(n.key);
            int idx1 = r * w + c - (s.length() + 1) / 2;
            int idx2 = idx1 + s.length();
            int idx3 = idx1 - w;
            if (idx2 < sb.length())
                sb.replace(idx1, idx2, s).replace(idx3, idx3 + 2, edge);

            displayR(sb, c + d, r + 2, d / 2, w, n.right, ""\\ "");
        }
    }
}
"
1802,Create an HTML table,"public class HTML {

	public static String array2HTML(Object[][] array){
		StringBuilder html = new StringBuilder(
				""<table>"");
		for(Object elem:array[0]){
			html.append(""<th>"" + elem.toString() + ""</th>"");
		}
		for(int i = 1; i < array.length; i++){
			Object[] row = array[i];
			html.append(""<tr>"");
			for(Object elem:row){
				html.append(""<td>"" + elem.toString() + ""</td>"");
			}
			html.append(""</tr>"");
		}
		html.append(""</table>"");
		return html.toString();
	}
	
	public static void main(String[] args){
		Object[][] ints = {{"""",""X"",""Y"",""Z""},{1,1,2,3},{2,4,5,6},{3,7,8,9},{4,10,11,12}};
		System.out.println(array2HTML(ints));
	}
}
"
1872,Rosetta Code_Rank languages by popularity,"import  java.net.URL;
import  java.net.URLConnection;
import  java.io.*;
import  java.util.*;

public class GetRCLanguages
{
    
    
    private static class LanguageComparator implements Comparator<String>
    {
        public int compare( String a, String b )
        {
            
            int result = ( b.charAt( 0 ) - a.charAt( 0 ) );
            if( result == 0 )
            {
                
                result = a.compareTo( b );
            } 
        return result;
        } 
    } 

    
    private static String after( String text, int marker )
    {
        String result = """";
        int    pos    = text.indexOf( marker );
        if( pos >= 0 )
        {
            
            result = text.substring( pos + 1 );
        } 
    return result;
    } 

    
    
    public static void parseContent( String path
                                   , String[] gcmcontinue
                                   , ArrayList<String> languageList
                                   )
    {
        try
        {

            URL            url = new URL( path );
            URLConnection  rc  = url.openConnection();
            
            rc.setRequestProperty( ""User-Agent"", """" );
            BufferedReader bfr = new BufferedReader( new InputStreamReader( rc.getInputStream() ) );
    
            gcmcontinue[0]      = """";
            String languageName = ""?"";
            String line         = bfr.readLine();
            while( line != null )
            {
                line = line.trim();
                if     ( line.startsWith( ""[title]"" ) )
                {
                    
                    languageName = after( line, ':' ).trim();
                }
                else if( line.startsWith( ""[pages]"" ) )
                {
                    
                    String pageCount = after( line, '>' ).trim();
                    if( pageCount.compareTo( ""Array"" ) != 0 )
                    {
                        
                        languageList.add( ( (char) Integer.parseInt( pageCount ) ) + languageName );
                        languageName = ""?"";
                    } 
                }
                else if( line.startsWith( ""[gcmcontinue]"" ) )
                {
                    
                    gcmcontinue[0] = after( line, '>' ).trim();
                } 
                line = bfr.readLine();
            } 
            bfr.close();
        }
        catch( Exception e )
        {
            e.printStackTrace();
        } 
    } 

    public static void main( String[] args )
    {
        
        ArrayList<String> languageList = new ArrayList<String>( 1000 );
        String[]          gcmcontinue  = new String[1];
        gcmcontinue[0]                 = """";
        do
        {
            String path = ( ""http:
                          + ""&generator=categorymembers""
                          + ""&gcmtitle=Category:Programming%20Languages""
                          + ""&gcmlimit=500""
                          + ( gcmcontinue[0].compareTo( """" ) == 0 ? """" : ( ""&gcmcontinue="" + gcmcontinue[0] ) )
                          + ""&prop=categoryinfo""
                          + ""&format=txt""
                          );
            parseContent( path, gcmcontinue, languageList );
        }
        while( gcmcontinue[0].compareTo( """" ) != 0 );
        
        String[] languages = languageList.toArray(new String[]{});
        Arrays.sort( languages, new LanguageComparator() );
        
        int    lastTie    = -1;
        int    lastCount  = -1;
        for( int lPos = 0; lPos < languages.length; lPos ++ )
        {
            int    count = (int) ( languages[ lPos ].charAt( 0 ) );
            System.out.format( ""%4d: %4d: %s\n""
                             , 1 + ( count == lastCount ? lastTie : lPos )
                             , count
                             , languages[ lPos ].substring( 1 )
                             );
            if( count != lastCount )
            {
                lastTie   = lPos;
                lastCount = count;
            } 
        } 
    } 
} 
"
1894,Eban numbers,"import java.util.List;

public class Main {
    private static class Range {
        int start;
        int end;
        boolean print;

        public Range(int s, int e, boolean p) {
            start = s;
            end = e;
            print = p;
        }
    }

    public static void main(String[] args) {
        List<Range> rgs = List.of(
            new Range(2, 1000, true),
            new Range(1000, 4000, true),
            new Range(2, 10_000, false),
            new Range(2, 100_000, false),
            new Range(2, 1_000_000, false),
            new Range(2, 10_000_000, false),
            new Range(2, 100_000_000, false),
            new Range(2, 1_000_000_000, false)
        );
        for (Range rg : rgs) {
            if (rg.start == 2) {
                System.out.printf(""eban numbers up to and including %d\n"", rg.end);
            } else {
                System.out.printf(""eban numbers between %d and %d\n"", rg.start, rg.end);
            }
            int count = 0;
            for (int i = rg.start; i <= rg.end; ++i) {
                int b = i / 1_000_000_000;
                int r = i % 1_000_000_000;
                int m = r / 1_000_000;
                r = i % 1_000_000;
                int t = r / 1_000;
                r %= 1_000;
                if (m >= 30 && m <= 66) m %= 10;
                if (t >= 30 && t <= 66) t %= 10;
                if (r >= 30 && r <= 66) r %= 10;
                if (b == 0 || b == 2 || b == 4 || b == 6) {
                    if (m == 0 || m == 2 || m == 4 || m == 6) {
                        if (t == 0 || t == 2 || t == 4 || t == 6) {
                            if (r == 0 || r == 2 || r == 4 || r == 6) {
                                if (rg.print) System.out.printf(""%d "", i);
                                count++;
                            }
                        }
                    }
                }
            }
            if (rg.print) {
                System.out.println();
            }
            System.out.printf(""count = %d\n\n"", count);
        }
    }
}
"
1948,Exponentiation operator,"public class Exp{
   public static void main(String[] args){
      System.out.println(pow(2,30));
      System.out.println(pow(2.0,30)); 
      System.out.println(pow(2.0,-2));
   }

   public static double pow(double base, int exp){
      if(exp < 0) return 1 / pow(base, -exp);
      double ans = 1.0;
      for(;exp > 0;--exp) ans *= base;
      return ans;
   }
}
"
2016,Days between dates,"import java.time.LocalDate;
import java.time.temporal.ChronoUnit;

public class DaysBetweenDates {
    public static void main(String[] args) {
        LocalDate fromDate = LocalDate.parse(""2019-01-01"");
        LocalDate toDate = LocalDate.parse(""2019-10-19"");
        long diff = ChronoUnit.DAYS.between(fromDate, toDate);
        System.out.printf(""Number of days between %s and %s: %d\n"", fromDate, toDate, diff);
    }
}
"
2048,GUI enabling_disabling of controls,"import java.awt.GridLayout;
import java.awt.event.ActionEvent;
import java.awt.event.ActionListener;
import java.awt.event.KeyEvent;
import java.awt.event.KeyListener;

import javax.swing.JButton;
import javax.swing.JFrame;
import javax.swing.JPanel;
import javax.swing.JTextField;
import javax.swing.SwingUtilities;

public class Interact extends JFrame{
	final JTextField numberField;
	final JButton incButton, decButton;
	
	public Interact(){
		
		setDefaultCloseOperation(JFrame.EXIT_ON_CLOSE); 
		
		numberField = new JTextField();
		incButton = new JButton(""Increment"");
		decButton = new JButton(""Decrement"");
		
		numberField.setText(""0"");
		decButton.setEnabled(false);
		
		
		numberField.addKeyListener(new KeyListener(){
			@Override
			public void keyTyped(KeyEvent e) {
				
				if(!Character.isDigit(e.getKeyChar())){
					
					e.consume();
				}else if(Character.isDigit(e.getKeyChar())){
					
					
					
					SwingUtilities.invokeLater(new Runnable() {
						@Override
						public void run() {
							String text = numberField.getText();
							if(text.isEmpty()){
								numberField.setText(""0"");
								decButton.setEnabled(false);
								incButton.setEnabled(true);
								return;
							}
							if(Long.valueOf(text) <= 0){
								decButton.setEnabled(false);
								incButton.setEnabled(true);
							}else if(Long.valueOf(text) >= 10){
								incButton.setEnabled(false);
								decButton.setEnabled(true);
							}else{
								incButton.setEnabled(true);
								decButton.setEnabled(true);
							}
						}
					});
				}
			}
			@Override
			public void keyReleased(KeyEvent e){}
			@Override
			public void keyPressed(KeyEvent e){
				
				
				if(e.getKeyCode() == KeyEvent.VK_BACK_SPACE ||
						e.getKeyCode() == KeyEvent.VK_DELETE){
					SwingUtilities.invokeLater(new Runnable() {
						@Override
						public void run() {
							String text = numberField.getText();
							if(text.isEmpty()){
								numberField.setText(""0"");
								decButton.setEnabled(false);
								incButton.setEnabled(true);
								return;
							}
							if(Long.valueOf(text) <= 0){
								decButton.setEnabled(false);
								incButton.setEnabled(true);
							}else if(Long.valueOf(text) >= 10){
								incButton.setEnabled(false);
								decButton.setEnabled(true);
							}else{
								incButton.setEnabled(true);
								decButton.setEnabled(true);
							}
						}
					});
				}
			}
		});
		
		
		incButton.addActionListener(new ActionListener(){
			@Override
			public void actionPerformed(ActionEvent e) {
				String text = numberField.getText();
				numberField.setText((Long.valueOf(text) + 1) + """");
				if(Long.valueOf(text) + 1 >= 10){
					incButton.setEnabled(false);
				}
				
				if(Long.valueOf(text) + 1 > 0){
					decButton.setEnabled(true);
				}
			}
		});
		
		
		decButton.addActionListener(new ActionListener(){
			@Override
			public void actionPerformed(ActionEvent e) {
				String text = numberField.getText();
				numberField.setText((Long.valueOf(text) - 1) + """");
				if(Long.valueOf(text) - 1 <= 0){
					decButton.setEnabled(false);
				}
				
				if(Long.valueOf(text) - 1 < 10){
					incButton.setEnabled(true);
				}
			}
		});
		
		
		setLayout(new GridLayout(2, 1));
		
		
		JPanel buttonPanel = new JPanel();
		
		
		buttonPanel.setLayout(new GridLayout(1, 2));
		
		buttonPanel.add(incButton);
		buttonPanel.add(decButton);
		
		
		add(numberField);
		add(buttonPanel);
		
		pack();
		
	}

	public static void main(String[] args){
		new Interact().setVisible(true);
	}
}
"
2090,Mad Libs,"import java.util.*;

public class MadLibs {
    
    public static void main(String[] args){
        Scanner input = new Scanner(System.in);
        
        String name, gender, noun;
        
        System.out.print(""Enter a name: "");
        name = input.next();
        
        System.out.print(""He or she: "");
        gender = input.next();
        
        System.out.print(""Enter a noun: "");
        noun = input.next();
        
        System.out.println(""\f"" + name + "" went for a walk in the park. "" + gender + ""\nfound a "" + noun + "". "" + name + "" decided to take it home."");
        
    
    }
}
"
2116,Polymorphic copy,"class T implements Cloneable {
    public String name() { return ""T""; }
    public T copy() {
        try {
            return (T)super.clone();
        } catch (CloneNotSupportedException e) {
            return null;
        }
    }
}

class S extends T {
    public String name() { return ""S""; }
}

public class PolymorphicCopy {
    public static T copier(T x) { return x.copy(); }
    public static void main(String[] args) {
        T obj1 = new T();
        S obj2 = new S();
        System.out.println(copier(obj1).name()); 
        System.out.println(copier(obj2).name()); 
    }
}
"
2143,Pangram checker,"public class Pangram {
    public static boolean isPangram(String test){
        for (char a = 'A'; a <= 'Z'; a++)
            if ((test.indexOf(a) < 0) && (test.indexOf((char)(a + 32)) < 0))
                return false;
        return true;
    }

    public static void main(String[] args){
        System.out.println(isPangram(""the quick brown fox jumps over the lazy dog""));
        System.out.println(isPangram(""the quick brown fox jumped over the lazy dog""));
        System.out.println(isPangram(""ABCDEFGHIJKLMNOPQRSTUVWXYZ""));
        System.out.println(isPangram(""ABCDEFGHIJKLMNOPQSTUVWXYZ""));
        System.out.println(isPangram(""ABCDEFGHIJKL.NOPQRSTUVWXYZ""));
        System.out.println(isPangram(""ABC.D.E.FGHI*J/KL-M+NO*PQ R\nSTUVWXYZ""));
        System.out.println(isPangram(""""));
    }
}
"
2211,Show ASCII table,"module test
    {
    @Inject Console console;
    void run()
        {
        for (Int offset : 0..<16)
            {
            for (Int ascii = 32+offset; ascii < 128; ascii += 16)
                {
                console.print($|{ascii.toString().rightJustify(3)}/\
                               |{ascii.toByte().toByteArray()}: \
                               |{new Char(ascii).quoted().leftJustify(5)}
                              , suppressNewline=True);
                }
            console.print();
            }
        }
    }
"
2257,Holidays related to Easter,"import java.text.DateFormatSymbols;
import java.util.*;

public class EasterRelatedHolidays {

    final static Map<String, Integer> holidayOffsets;

    static {
        holidayOffsets = new LinkedHashMap<>();
        holidayOffsets.put(""Easter"", 0);
        holidayOffsets.put(""Ascension"", 39);
        holidayOffsets.put(""Pentecost"", 10);
        holidayOffsets.put(""Trinity"", 7);
        holidayOffsets.put(""Corpus"", 4);
    }

    public static void main(String[] args) {
        System.out.println(""Christian holidays, related to Easter,""
                + "" for each centennial from 400 to 2100 CE:"");

        for (int y = 400; y <= 2100; y += 100)
            printEasterRelatedHolidays(y);

        System.out.println(""\nChristian holidays, related to Easter,""
                + "" for years from 2010 to 2020 CE:"");
        for (int y = 2010; y < 2021; y++)
            printEasterRelatedHolidays(y);
    }

    static void printEasterRelatedHolidays(int year) {
        final int a = year % 19;
        final int b = year / 100;
        final int c = year % 100;
        final int d = b / 4;
        final int e = b % 4;
        final int f = (b + 8) / 25;
        final int g = (b - f + 1) / 3;
        final int h = (19 * a + b - d - g + 15) % 30;
        final int i = c / 4;
        final int k = c % 4;
        final int l = (32 + 2 * e + 2 * i - h - k) % 7;
        final int m = (a + 11 * h + 22 * l) / 451;
        final int n = h + l - 7 * m + 114;
        final int month = n / 31 - 1;
        final int day = (n % 31) + 1;

        Calendar date = new GregorianCalendar(year, month, day);
        String[] months = new DateFormatSymbols(Locale.US).getShortMonths();

        System.out.printf(""%4d "", year);
        for (String hd : holidayOffsets.keySet()) {
            date.add(Calendar.DATE, holidayOffsets.get(hd));
            System.out.printf(""%s: %2d %s  "", hd,
                    date.get(Calendar.DAY_OF_MONTH),
                    months[date.get(Calendar.MONTH)]);
        }
        System.out.println();
    }
}
"
2272,Fraction reduction,"import java.util.ArrayList;
import java.util.Collections;
import java.util.HashMap;
import java.util.List;
import java.util.Map;

public class FractionReduction {

    public static void main(String[] args) {
        for ( int size = 2 ; size <= 5 ; size++ ) {
            reduce(size);
        }
    }
    
    private static void reduce(int numDigits) {
        System.out.printf(""Fractions with digits of length %d where cancellation is valid.  Examples:%n"", numDigits);
        
        
        int min = (int) Math.pow(10, numDigits-1);
        int max = (int) Math.pow(10, numDigits) - 1;
        List<Integer> values = new ArrayList<>();
        for ( int number = min ; number <= max ; number++ ) {
            if ( isValid(number) ) {
                values.add(number);
            }
        }
        
        Map<Integer,Integer> cancelCount = new HashMap<>(); 
        int size = values.size();
        int solutions = 0;
        for ( int nIndex = 0 ; nIndex < size - 1 ; nIndex++ ) {
            int numerator = values.get(nIndex);
            
            for ( int dIndex = nIndex + 1 ; dIndex < size ; dIndex++ ) {
                int denominator = values.get(dIndex);
                for ( int commonDigit : digitsInCommon(numerator, denominator) ) {
                    int numRemoved = removeDigit(numerator, commonDigit);
                    int denRemoved = removeDigit(denominator, commonDigit);
                    if ( numerator * denRemoved == denominator * numRemoved ) {
                        solutions++;
                        cancelCount.merge(commonDigit, 1, (v1, v2) -> v1 + v2);
                        if ( solutions <= 12 ) {
                            System.out.printf(""    When %d is removed, %d/%d = %d/%d%n"", commonDigit, numerator, denominator, numRemoved, denRemoved);
                        }
                    }
                }
            }
        }
        System.out.printf(""Number of fractions where cancellation is valid = %d.%n"", solutions);
        List<Integer> sorted = new ArrayList<>(cancelCount.keySet());
        Collections.sort(sorted);
        for ( int removed : sorted ) {
            System.out.printf(""    The digit %d was removed %d times.%n"", removed, cancelCount.get(removed));
        }
        System.out.println();
    }
    
    private static int[] powers = new int[] {1, 10, 100, 1000, 10000, 100000};
    
    
    private static int removeDigit(int n, int removed) {
        int m = 0;
        int pow = 0;
        while ( n > 0 ) {
            int r = n % 10;
            if ( r != removed ) {
                m = m + r*powers[pow];
                pow++;
            }
            n /= 10;
        }
        return m;
    }
        
    
    private static List<Integer> digitsInCommon(int n1, int n2) {
        int[] count = new int[10];
        List<Integer> common = new ArrayList<>();
        while ( n1 > 0 ) {
            int r = n1 % 10;
            count[r] += 1;
            n1 /= 10;
        }
        while ( n2 > 0 ) {
            int r = n2 % 10;
            if ( count[r] > 0 ) {
                common.add(r);
            }
            n2 /= 10;
        }
        return common;
    }
    
    
    private static boolean isValid(int num) {
        int[] count = new int[10];
        while ( num > 0 ) {
            int r = num % 10;
            if ( r == 0 || count[r] == 1 ) {
                return false;
            }
            count[r] = 1;
            num /= 10;
        }
        return true;
    }

}
"
2296,Anagrams_Deranged anagrams,"import java.io.File;
import java.io.IOException;
import java.nio.file.Files;
import java.util.ArrayList;
import java.util.Arrays;
import java.util.Comparator;
import java.util.HashMap;
import java.util.List;
import java.util.Map;
 
public class DerangedAnagrams {
 
    public static void main(String[] args) throws IOException {
        List<String> words = Files.readAllLines(new File(""unixdict.txt"").toPath());
        printLongestDerangedAnagram(words);
    }
 
    private static void printLongestDerangedAnagram(List<String> words) {
        words.sort(Comparator.comparingInt(String::length).reversed().thenComparing(String::toString));

        Map<String, ArrayList<String>> map = new HashMap<>();
        for (String word : words) {
            char[] chars = word.toCharArray();
            Arrays.sort(chars);
            String key = String.valueOf(chars);

            List<String> anagrams = map.computeIfAbsent(key, k -> new ArrayList<>());
            for (String anagram : anagrams) {
                if (isDeranged(word, anagram)) {
                    System.out.printf(""%s %s%n"", anagram, word);
                    return;
                }
            }
            anagrams.add(word);
        }
        System.out.println(""no result"");
    }

    private static boolean isDeranged(String word1, String word2) {
        for (int i = 0; i < word1.length(); i++) {
            if (word1.charAt(i) == word2.charAt(i)) {
                return false;
            }
        }
        return true;
    }
}
"
2363,Negative base numbers,"import java.util.List;
import java.util.Map;
import java.util.Objects;

public class NegativeBaseNumbers {
    private static final String DIGITS = ""0123456789ABCDEFGHIJKLMNOPQRSTUVWXYZabcdefghijklmnopqrstuvwxyz"";

    private static String encodeNegBase(long n, int b) {
        if (b < -62 || b > -1) throw new IllegalArgumentException(""Parameter b is out of bounds"");
        if (n == 0) return ""0"";
        StringBuilder out = new StringBuilder();
        long nn = n;
        while (nn != 0) {
            int rem = (int) (nn % b);
            nn /= b;
            if (rem < 0) {
                nn++;
                rem -= b;
            }
            out.append(DIGITS.charAt(rem));
        }
        out.reverse();
        return out.toString();
    }

    private static long decodeNegBase(String ns, int b) {
        if (b < -62 || b > -1) throw new IllegalArgumentException(""Parameter b is out of bounds"");
        if (Objects.equals(ns, ""0"")) return 0;
        long total = 0;
        long bb = 1;
        for (int i = ns.length() - 1; i >= 0; i--) {
            char c = ns.charAt(i);
            total += DIGITS.indexOf(c) * bb;
            bb *= b;
        }
        return total;
    }

    public static void main(String[] args) {
        List<Map.Entry<Long, Integer>> nbl = List.of(
                Map.entry(10L, -2),
                Map.entry(146L, -3),
                Map.entry(15L, -10),
                Map.entry(-4393346L, -62)
        );
        for (Map.Entry<Long, Integer> p : nbl) {
            String ns = encodeNegBase(p.getKey(), p.getValue());
            System.out.printf(""%12d encoded in base %-3d = %s\n"", p.getKey(), p.getValue(), ns);
            long n = decodeNegBase(ns, p.getValue());
            System.out.printf(""%12s decoded in base %-3d = %d\n\n"", ns, p.getValue(), n);
        }
    }
}
"
2388,Strange numbers,"import java.util.LinkedList;
import java.util.List;
import java.util.function.BiPredicate;
import java.util.stream.Collectors;
import java.util.stream.IntStream;

public class StrangeNumbers {
    private static List<Integer> digits(int n) {
        var result = new LinkedList<Integer>();
        while (n > 0) {
            var rem = n % 10;
            result.addFirst(rem);
            n /= 10;
        }
        return result;
    }

    private static boolean isStrange(int n) {
        BiPredicate<Integer, Integer> test = (a, b) -> {
            var abs = Math.abs(a - b);
            return abs == 2 || abs == 3 || abs == 5 || abs == 7;
        };

        var xs = digits(n);
        for (int i = 1; i < xs.size(); i++) {
            if (test.negate().test(xs.get(i - 1), xs.get(i))) {
                return false;
            }
        }
        return true;
    }

    public static void main(String[] args) {
        var xs = IntStream.rangeClosed(100, 500)
            .filter(StrangeNumbers::isStrange)
            .boxed()
            .collect(Collectors.toList());

        System.out.println(""Strange numbers in range [100..500]"");
        System.out.printf(""(Total: %d)\n\n"", xs.size());

        for (int i = 0; i < xs.size(); i++) {
            Integer x = xs.get(i);
            System.out.print(x);

            if ((i + 1) % 10 == 0) {
                System.out.println();
            } else {
                System.out.print(' ');
            }
        }
    }
}
"
2411,Shortest common supersequence,"public class ShortestCommonSuperSequence {
    private static boolean isEmpty(String s) {
        return null == s || s.isEmpty();
    }

    private static String scs(String x, String y) {
        if (isEmpty(x)) {
            return y;
        }
        if (isEmpty(y)) {
            return x;
        }

        if (x.charAt(0) == y.charAt(0)) {
            return x.charAt(0) + scs(x.substring(1), y.substring(1));
        }

        if (scs(x, y.substring(1)).length() <= scs(x.substring(1), y).length()) {
            return y.charAt(0) + scs(x, y.substring(1));
        } else {
            return x.charAt(0) + scs(x.substring(1), y);
        }
    }

    public static void main(String[] args) {
        System.out.println(scs(""abcbdab"", ""bdcaba""));
    }
}
"
2428,Queue_Usage,"import java.util.LinkedList;
import java.util.Queue;
...
Queue<Integer> queue = new LinkedList<Integer>();
System.out.println(queue.isEmpty());      

queue.add(1);
queue.add(2);
queue.add(3);
System.out.println(queue);                
System.out.println(queue.remove());       
System.out.println(queue);                
System.out.println(queue.isEmpty());      
"
2462,Random number generator (device),"import java.security.SecureRandom;

public class RandomExample {
  public static void main(String[] args) {
    SecureRandom rng = new SecureRandom();

    
    System.out.println(rng.nextInt());
  }
}
"
2495,Anti-primes,"public class Antiprime {

    static int countDivisors(int n) {
        if (n < 2) return 1;
        int count = 2; 
        for (int i = 2; i <= n/2; ++i) {
            if (n%i == 0) ++count;
        }
        return count;
    }

    public static void main(String[] args) {
        int maxDiv = 0, count = 0;
        System.out.println(""The first 20 anti-primes are:"");
        for (int n = 1; count < 20; ++n) {
            int d = countDivisors(n);
            if (d > maxDiv) {
                System.out.printf(""%d "", n);
                maxDiv = d;
                count++;
            }
        }
        System.out.println();
    }
}
"
2542,Towers of Hanoi,"public void move(int n, int from, int to, int via) {
  if (n == 1) {
    System.out.println(""Move disk from pole "" + from + "" to pole "" + to);
  } else {
    move(n - 1, from, via, to);
    move(1, from, to, via);
    move(n - 1, via, to, from);
  }
}
"
2570,Count in octal,"public class Count{
    public static void main(String[] args){
        for(int i = 0;i >= 0;i++){
            System.out.println(Integer.toOctalString(i)); 
        }
    }
}
"
2604,Extract file extension,"public class Test {
 
    public static void main(String[] args) {
        String[] filenames = { ""http:
                               ""CharacterModel.3DS"",
                               "".desktop"",
                               ""document"",
                               ""document.txt_backup"",
                               ""/etc/pam.d/login""
        };

        for (String filename : filenames) {
            String ext = ""null"";
            int idx = filename.lastIndexOf('.');
            if (idx != -1) {
                String tmp = filename.substring(idx);
                if (tmp.matches(""\\.[a-zA-Z0-9]+"")) {
                    ext = tmp;
                }
            }
            System.out.println(filename + "" -> "" + ext);
        }
    }
}
"
2658,Orbital elements,"public class OrbitalElements {
    private static class Vector {
        private double x, y, z;
 
        public Vector(double x, double y, double z) {
            this.x = x;
            this.y = y;
            this.z = z;
        }
 
        public Vector plus(Vector rhs) {
            return new Vector(x + rhs.x, y + rhs.y, z + rhs.z);
        }
 
        public Vector times(double s) {
            return new Vector(s * x, s * y, s * z);
        }
 
        public Vector div(double d) {
            return new Vector(x / d, y / d, z / d);
        }
 
        public double abs() {
            return Math.sqrt(x * x + y * y + z * z);
        }
 
        @Override
        public String toString() {
            return String.format(""(%.16f, %.16f, %.16f)"", x, y, z);
        }
    }
 
    private static Vector mulAdd(Vector v1, Double x1, Vector v2, Double x2) {
        return v1.times(x1).plus(v2.times(x2));
    }
 
    private static Vector[] rotate(Vector i, Vector j, double alpha) {
        return new Vector[]{
            mulAdd(i, Math.cos(alpha), j, Math.sin(alpha)),
            mulAdd(i, -Math.sin(alpha), j, Math.cos(alpha))
        };
    }
 
    private static Vector[] orbitalStateVectors(
        double semimajorAxis, double eccentricity, 
        double inclination, double longitudeOfAscendingNode, 
        double argumentOfPeriapsis, double trueAnomaly
    ) {
        Vector i = new Vector(1, 0, 0);
        Vector j = new Vector(0, 1, 0);
        Vector k = new Vector(0, 0, 1);
 
        Vector[] p = rotate(i, j, longitudeOfAscendingNode);
        i = p[0];
        j = p[1];
        p = rotate(j, k, inclination);
        j = p[0];
        p = rotate(i, j, argumentOfPeriapsis);
        i = p[0];
        j = p[1];
 
        double l = (eccentricity == 1.0) ? 2.0 : 1.0 - eccentricity * eccentricity;
        l *= semimajorAxis;
        double c = Math.cos(trueAnomaly);
        double s = Math.sin(trueAnomaly);
        double r = l / (1.0 + eccentricity * c);
        double rprime = s * r * r / l;
        Vector position = mulAdd(i, c, j, s).times(r);
        Vector speed = mulAdd(i, rprime * c - r * s, j, rprime * s + r * c);
        speed = speed.div(speed.abs());
        speed = speed.times(Math.sqrt(2.0 / r - 1.0 / semimajorAxis));
 
        return new Vector[]{position, speed};
    }
 
    public static void main(String[] args) {
        Vector[] ps = orbitalStateVectors(1.0, 0.1, 0.0, 355.0 / (113.0 * 6.0), 0.0, 0.0);
        System.out.printf(""Position : %s\n"", ps[0]);
        System.out.printf(""Speed : %s\n"", ps[1]);
    }
}
"
2674,Floyd's triangle,"public class Floyd {
	public static void main(String[] args){
		printTriangle(5);
		printTriangle(14);
	}
	
	private static void printTriangle(int n){
		System.out.println(n + "" rows:"");
		for(int rowNum = 1, printMe = 1, numsPrinted = 0;
				rowNum <= n; printMe++){
			int cols = (int)Math.ceil(Math.log10(n*(n-1)/2 + numsPrinted + 2));
			System.out.printf(""%""+cols+""d "", printMe);
			if(++numsPrinted == rowNum){
				System.out.println();
				rowNum++;
				numsPrinted = 0;
			}
		}
	}
}
"
2714,Calendar,"import java.text.*;
import java.util.*;

public class CalendarTask {

    public static void main(String[] args) {
        printCalendar(1969, 3);
    }

    static void printCalendar(int year, int nCols) {
        if (nCols < 1 || nCols > 12)
            throw new IllegalArgumentException(""Illegal column width."");

        Calendar date = new GregorianCalendar(year, 0, 1);

        int nRows = (int) Math.ceil(12.0 / nCols);
        int offs = date.get(Calendar.DAY_OF_WEEK) - 1;
        int w = nCols * 24;

        String[] monthNames = new DateFormatSymbols(Locale.US).getMonths();

        String[][] mons = new String[12][8];
        for (int m = 0; m < 12; m++) {

            String name = monthNames[m];
            int len = 11 + name.length() / 2;
            String format = MessageFormat.format(""%{0}s%{1}s"", len, 21 - len);

            mons[m][0] = String.format(format, name, """");
            mons[m][1] = "" Su Mo Tu We Th Fr Sa"";
            int dim = date.getActualMaximum(Calendar.DAY_OF_MONTH);

            for (int d = 1; d < 43; d++) {
                boolean isDay = d > offs && d <= offs + dim;
                String entry = isDay ? String.format("" %2s"", d - offs) : ""   "";
                if (d % 7 == 1)
                    mons[m][2 + (d - 1) / 7] = entry;
                else
                    mons[m][2 + (d - 1) / 7] += entry;
            }
            offs = (offs + dim) % 7;
            date.add(Calendar.MONTH, 1);
        }

        System.out.printf(""%"" + (w / 2 + 10) + ""s%n"", ""[Snoopy Picture]"");
        System.out.printf(""%"" + (w / 2 + 4) + ""s%n%n"", year);

        for (int r = 0; r < nRows; r++) {
            for (int i = 0; i < 8; i++) {
                for (int c = r * nCols; c < (r + 1) * nCols && c < 12; c++)
                    System.out.printf(""   %s"", mons[c][i]);
                System.out.println();
            }
            System.out.println();
        }
    }
}
"
2742,Random Latin squares,"import java.util.ArrayList;
import java.util.Collections;
import java.util.Iterator;
import java.util.List;
import java.util.Objects;

public class RandomLatinSquares {
    private static void printSquare(List<List<Integer>> latin) {
        for (List<Integer> row : latin) {
            Iterator<Integer> it = row.iterator();

            System.out.print(""["");
            if (it.hasNext()) {
                Integer col = it.next();
                System.out.print(col);
            }
            while (it.hasNext()) {
                Integer col = it.next();
                System.out.print("", "");
                System.out.print(col);
            }
            System.out.println(""]"");
        }
        System.out.println();
    }

    private static void latinSquare(int n) {
        if (n <= 0) {
            System.out.println(""[]"");
            return;
        }

        List<List<Integer>> latin = new ArrayList<>(n);
        for (int i = 0; i < n; ++i) {
            List<Integer> inner = new ArrayList<>(n);
            for (int j = 0; j < n; ++j) {
                inner.add(j);
            }
            latin.add(inner);
        }
        
        Collections.shuffle(latin.get(0));

        
        for (int i = 1; i < n - 1; ++i) {
            boolean shuffled = false;
            shuffling:
            while (!shuffled) {
                Collections.shuffle(latin.get(i));
                for (int k = 0; k < i; ++k) {
                    for (int j = 0; j < n; ++j) {
                        if (Objects.equals(latin.get(k).get(j), latin.get(i).get(j))) {
                            continue shuffling;
                        }
                    }
                }
                shuffled = true;
            }
        }

        
        for (int j = 0; j < n; ++j) {
            List<Boolean> used = new ArrayList<>(n);
            for (int i = 0; i < n; ++i) {
                used.add(false);
            }
            for (int i = 0; i < n - 1; ++i) {
                used.set(latin.get(i).get(j), true);
            }
            for (int k = 0; k < n; ++k) {
                if (!used.get(k)) {
                    latin.get(n - 1).set(j, k);
                    break;
                }
            }
        }

        printSquare(latin);
    }

    public static void main(String[] args) {
        latinSquare(5);
        latinSquare(5);
        latinSquare(10);
    }
}
"
2758,Sieve of Eratosthenes,"import java.util.LinkedList;

public class Sieve{
       public static LinkedList<Integer> sieve(int n){
               if(n < 2) return new LinkedList<Integer>();
               LinkedList<Integer> primes = new LinkedList<Integer>();
               LinkedList<Integer> nums = new LinkedList<Integer>();

               for(int i = 2;i <= n;i++){ 
                       nums.add(i);
               }

               while(nums.size() > 0){
                       int nextPrime = nums.remove();
                       for(int i = nextPrime * nextPrime;i <= n;i += nextPrime){
                               nums.removeFirstOccurrence(i);
                       }
                       primes.add(nextPrime);
               }
               return primes;
       }
}
"
2807,Sorting algorithms_Quicksort,"public static <E extends Comparable<? super E>> List<E> quickSort(List<E> arr) {
    if (arr.isEmpty())
        return arr;
    else {
        E pivot = arr.get(0);

        List<E> less = new LinkedList<E>();
        List<E> pivotList = new LinkedList<E>();
        List<E> more = new LinkedList<E>();

        
        for (E i: arr) {
            if (i.compareTo(pivot) < 0)
                less.add(i);
            else if (i.compareTo(pivot) > 0)
                more.add(i);
            else
                pivotList.add(i);
        }

        
        less = quickSort(less);
        more = quickSort(more);

        
        less.addAll(pivotList);
        less.addAll(more);
        return less;
    }
}
"
2828,String length,"String s = ""Hello, world!""; 
int byteCountUTF16 = s.getBytes(""UTF-16"").length; 
int byteCountUTF16LE = s.getBytes(""UTF-16LE"").length; 
int byteCountUTF8  = s.getBytes(""UTF-8"").length; 
"
2869,Send email,"import java.util.Properties;

import javax.mail.MessagingException;
import javax.mail.Session;
import javax.mail.Transport;
import javax.mail.Message.RecipientType;
import javax.mail.internet.InternetAddress;
import javax.mail.internet.MimeMessage;


public class Mail
{
 
 protected Session session;

 
 public Mail(String host)
 {
  Properties properties = new Properties();
  properties.put(""mail.smtp.host"", host);
  session = Session.getDefaultInstance(properties);
 }

 
 public void send(String from, String tos[], String ccs[], String subject,
        String text)
        throws MessagingException
 {
  MimeMessage message = new MimeMessage(session);
  message.setFrom(new InternetAddress(from));
  for (String to : tos)
   message.addRecipient(RecipientType.TO, new InternetAddress(to));
  for (String cc : ccs)
   message.addRecipient(RecipientType.TO, new InternetAddress(cc));
  message.setSubject(subject);
  message.setText(text);
  Transport.send(message);
 }
}
"
2902,Knapsack problem_Continuous,"package hu.pj.alg.test;

import hu.pj.alg.ContinuousKnapsack;
import hu.pj.obj.Item;
import java.util.*;
import java.text.*;

public class ContinousKnapsackForRobber {
    final private double tolerance = 0.0005;

    public ContinousKnapsackForRobber() {
        ContinuousKnapsack cok = new ContinuousKnapsack(15); 

        
        cok.add(""beef"",     3.8, 36); 
        cok.add(""pork"",     5.4, 43); 
        cok.add(""ham"",      3.6, 90); 
        cok.add(""greaves"",  2.4, 45); 
        cok.add(""flitch"",   4.0, 30); 
        cok.add(""brawn"",    2.5, 56); 
        cok.add(""welt"",     3.7, 67); 
        cok.add(""salami"",   3.0, 95); 
        cok.add(""sausage"",  5.9, 98); 

        
        List<Item> itemList = cok.calcSolution();

        
        if (cok.isCalculated()) {
            NumberFormat nf  = NumberFormat.getInstance();

            System.out.println(
                ""Maximal weight           = "" +
                nf.format(cok.getMaxWeight()) + "" kg""
            );
            System.out.println(
                ""Total weight of solution = "" +
                nf.format(cok.getSolutionWeight()) + "" kg""
            );
            System.out.println(
                ""Total value (profit)     = "" +
                nf.format(cok.getProfit())
            );
            System.out.println();
            System.out.println(
                ""You can carry the following materials "" +
                ""in the knapsack:""
            );
            for (Item item : itemList) {
                if (item.getInKnapsack() > tolerance) {
                    System.out.format(
                        ""%1$-10s %2$-15s %3$-15s \n"",
                        nf.format(item.getInKnapsack()) + "" kg "",
                        item.getName(),
                        ""(value = "" + nf.format(item.getInKnapsack() *
                                                (item.getValue() / item.getWeight())) + "")""
                    );
                }
            }
        } else {
            System.out.println(
                ""The problem is not solved. "" +
                ""Maybe you gave wrong data.""
            );
        }

    }

    public static void main(String[] args) {
        new ContinousKnapsackForRobber();
    }

} 
"
2920,Pointers and references," public class Foo { public int x = 0; }

 void somefunction() {
     Foo a; 
     a = new Foo(); 
     Foo b = a; 
     a.x = 5; 
     System.out.println(b.x); 
 }
"
2954,Bell numbers,"import java.util.ArrayList;
import java.util.List;

public class Bell {
    private static class BellTriangle {
        private List<Integer> arr;

        BellTriangle(int n) {
            int length = n * (n + 1) / 2;
            arr = new ArrayList<>(length);
            for (int i = 0; i < length; ++i) {
                arr.add(0);
            }

            set(1, 0, 1);
            for (int i = 2; i <= n; ++i) {
                set(i, 0, get(i - 1, i - 2));
                for (int j = 1; j < i; ++j) {
                    int value = get(i, j - 1) + get(i - 1, j - 1);
                    set(i, j, value);
                }
            }
        }

        private int index(int row, int col) {
            if (row > 0 && col >= 0 && col < row) {
                return row * (row - 1) / 2 + col;
            } else {
                throw new IllegalArgumentException();
            }
        }

        public int get(int row, int col) {
            int i = index(row, col);
            return arr.get(i);
        }

        public void set(int row, int col, int value) {
            int i = index(row, col);
            arr.set(i, value);
        }
    }

    public static void main(String[] args) {
        final int rows = 15;
        BellTriangle bt = new BellTriangle(rows);

        System.out.println(""First fifteen Bell numbers:"");
        for (int i = 0; i < rows; ++i) {
            System.out.printf(""%2d: %d\n"", i + 1, bt.get(i + 1, 0));
        }

        for (int i = 1; i <= 10; ++i) {
            System.out.print(bt.get(i, 0));
            for (int j = 1; j < i; ++j) {
                System.out.printf("", %d"", bt.get(i, j));
            }
            System.out.println();
        }
    }
}
"
2985,Gapful numbers,"import java.util.List;

public class GapfulNumbers {
    private static String commatize(long n) {
        StringBuilder sb = new StringBuilder(Long.toString(n));
        int le = sb.length();
        for (int i = le - 3; i >= 1; i -= 3) {
            sb.insert(i, ',');
        }
        return sb.toString();
    }

    public static void main(String[] args) {
        List<Long> starts = List.of((long) 1e2, (long) 1e6, (long) 1e7, (long) 1e9, (long) 7123);
        List<Integer> counts = List.of(30, 15, 15, 10, 25);
        for (int i = 0; i < starts.size(); ++i) {
            int count = 0;
            Long j = starts.get(i);
            long pow = 100;
            while (j >= pow * 10) {
                pow *= 10;
            }
            System.out.printf(""First %d gapful numbers starting at %s:\n"", counts.get(i), commatize(starts.get(i)));
            while (count < counts.get(i)) {
                long fl = (j / pow) * 10 + (j % 10);
                if (j % fl == 0) {
                    System.out.printf(""%d "", j);
                    count++;
                }
                j++;
                if (j >= 10 * pow) {
                    pow *= 10;
                }
            }
            System.out.println('\n');
        }
    }
}
"
3017,Determine if a string is numeric,"public boolean isNumeric(String input) {
  try {
    Integer.parseInt(input);
    return true;
  }
  catch (NumberFormatException e) {
    
    return false;
  }
}
"
3052,Polyspiral,"import java.awt.*;
import java.awt.event.ActionEvent;
import javax.swing.*;

public class PolySpiral extends JPanel {
    double inc = 0;

    public PolySpiral() {
        setPreferredSize(new Dimension(640, 640));
        setBackground(Color.white);

        new Timer(40, (ActionEvent e) -> {
            inc = (inc + 0.05) % 360;
            repaint();
        }).start();
    }

    void drawSpiral(Graphics2D g, int len, double angleIncrement) {

        double x1 = getWidth() / 2;
        double y1 = getHeight() / 2;
        double angle = angleIncrement;

        for (int i = 0; i < 150; i++) {

            g.setColor(Color.getHSBColor(i / 150f, 1.0f, 1.0f));

            double x2 = x1 + Math.cos(angle) * len;
            double y2 = y1 - Math.sin(angle) * len;
            g.drawLine((int) x1, (int) y1, (int) x2, (int) y2);
            x1 = x2;
            y1 = y2;

            len += 3;

            angle = (angle + angleIncrement) % (Math.PI * 2);
        }
    }

    @Override
    public void paintComponent(Graphics gg) {
        super.paintComponent(gg);
        Graphics2D g = (Graphics2D) gg;
        g.setRenderingHint(RenderingHints.KEY_ANTIALIASING,
                RenderingHints.VALUE_ANTIALIAS_ON);

        drawSpiral(g, 5, Math.toRadians(inc));
    }

    public static void main(String[] args) {
        SwingUtilities.invokeLater(() -> {
            JFrame f = new JFrame();
            f.setDefaultCloseOperation(JFrame.EXIT_ON_CLOSE);
            f.setTitle(""PolySpiral"");
            f.setResizable(true);
            f.add(new PolySpiral(), BorderLayout.CENTER);
            f.pack();
            f.setLocationRelativeTo(null);
            f.setVisible(true);
        });
    }
}
"
3081,Extend your language,"public class If2 {

    public static void if2(boolean firstCondition, boolean secondCondition,
                           Runnable bothTrue, Runnable firstTrue, Runnable secondTrue, Runnable noneTrue) {
        if (firstCondition)
            if (secondCondition)
                bothTrue.run();
            else firstTrue.run();
        else if (secondCondition)
            secondTrue.run();
        else noneTrue.run();
    }
}
"
3097,Input loop,"import java.io.InputStream;
import java.util.Scanner;

public class InputLoop {
    public static void main(String args[]) {
        
        InputStream source = System.in;

        

        Scanner in = new Scanner(source);
        while(in.hasNext()){
            String input = in.next(); 

            
            System.out.println(input);
        }
    }
}
"
3134,Globally replace text in several files,"import java.io.*;
import java.nio.file.*;

public class GloballyReplaceText {

    public static void main(String[] args) throws IOException {

        for (String fn : new String[]{""test1.txt"", ""test2.txt""}) {
            String s = new String(Files.readAllBytes(Paths.get(fn)));
            s = s.replace(""Goodbye London!"", ""Hello New York!"");
            try (FileWriter fw = new FileWriter(fn)) {
                fw.write(s);
            }
        }
    }
}
"
3166,Display a linear combination,"import java.util.Arrays;

public class LinearCombination {
    private static String linearCombo(int[] c) {
        StringBuilder sb = new StringBuilder();
        for (int i = 0; i < c.length; ++i) {
            if (c[i] == 0) continue;
            String op;
            if (c[i] < 0 && sb.length() == 0) {
                op = ""-"";
            } else if (c[i] < 0) {
                op = "" - "";
            } else if (c[i] > 0 && sb.length() == 0) {
                op = """";
            } else {
                op = "" + "";
            }
            int av = Math.abs(c[i]);
            String coeff = av == 1 ? """" : """" + av + ""*"";
            sb.append(op).append(coeff).append(""e("").append(i + 1).append(')');
        }
        if (sb.length() == 0) {
            return ""0"";
        }
        return sb.toString();
    }

    public static void main(String[] args) {
        int[][] combos = new int[][]{
            new int[]{1, 2, 3},
            new int[]{0, 1, 2, 3},
            new int[]{1, 0, 3, 4},
            new int[]{1, 2, 0},
            new int[]{0, 0, 0},
            new int[]{0},
            new int[]{1, 1, 1},
            new int[]{-1, -1, -1},
            new int[]{-1, -2, 0, -3},
            new int[]{-1},
        };
        for (int[] c : combos) {
            System.out.printf(""%-15s  ->  %s\n"", Arrays.toString(c), linearCombo(c));
        }
    }
}
"
3231,Order two numerical lists,"import java.util.Arrays;
import java.util.List;

public class ListOrder{
	public static boolean ordered(double[] first, double[] second){
		if(first.length == 0) return true;
		if(second.length == 0) return false;
		if(first[0] == second[0])
			return ordered(Arrays.copyOfRange(first, 1, first.length),
					Arrays.copyOfRange(second, 1, second.length));
		return first[0] < second[0];
	}
	
	public static <T extends Comparable<? super T>> boolean ordered(List<T> first, List<T> second){
		int i = 0;
		for(; i < first.size() && i < second.size();i++){
			int cmp = first.get(i).compareTo(second.get(i));
			if(cmp == 0) continue;
			if(cmp < 0) return true;
			return false;
		}
		return i == first.size();
	}
	
	public static boolean ordered2(double[] first, double[] second){
		int i = 0;
		for(; i < first.length && i < second.length;i++){
			if(first[i] == second[i]) continue;
			if(first[i] < second[i]) return true;
			return false;
		}
		return i == first.length;
	}
}
"
3275,Bernoulli numbers,"import org.apache.commons.math3.fraction.BigFraction;

public class BernoulliNumbers {

    public static void main(String[] args) {
        for (int n = 0; n <= 60; n++) {
            BigFraction b = bernouilli(n);
            if (!b.equals(BigFraction.ZERO))
                System.out.printf(""B(%-2d) = %-1s%n"", n , b);
        }
    }

    static BigFraction bernouilli(int n) {
        BigFraction[] A = new BigFraction[n + 1];
        for (int m = 0; m <= n; m++) {
            A[m] = new BigFraction(1, (m + 1));
            for (int j = m; j >= 1; j--)
                A[j - 1] = (A[j - 1].subtract(A[j])).multiply(new BigFraction(j));
        }
        return A[0];
    }
}
"
3293,Determine if two triangles overlap,"import java.util.function.BiFunction;

public class TriangleOverlap {
    private static class Pair {
        double first;
        double second;

        Pair(double first, double second) {
            this.first = first;
            this.second = second;
        }

        @Override
        public String toString() {
            return String.format(""(%s, %s)"", first, second);
        }
    }

    private static class Triangle {
        Pair p1, p2, p3;

        Triangle(Pair p1, Pair p2, Pair p3) {
            this.p1 = p1;
            this.p2 = p2;
            this.p3 = p3;
        }

        @Override
        public String toString() {
            return String.format(""Triangle: %s, %s, %s"", p1, p2, p3);
        }
    }

    private static double det2D(Triangle t) {
        Pair p1 = t.p1;
        Pair p2 = t.p2;
        Pair p3 = t.p3;
        return p1.first * (p2.second - p3.second)
            + p2.first * (p3.second - p1.second)
            + p3.first * (p1.second - p2.second);
    }

    private static void checkTriWinding(Triangle t, boolean allowReversed) {
        double detTri = det2D(t);
        if (detTri < 0.0) {
            if (allowReversed) {
                Pair a = t.p3;
                t.p3 = t.p2;
                t.p2 = a;
            } else throw new RuntimeException(""Triangle has wrong winding direction"");
        }
    }

    private static boolean boundaryCollideChk(Triangle t, double eps) {
        return det2D(t) < eps;
    }

    private static boolean boundaryDoesntCollideChk(Triangle t, double eps) {
        return det2D(t) <= eps;
    }

    private static boolean triTri2D(Triangle t1, Triangle t2) {
        return triTri2D(t1, t2, 0.0, false, true);
    }

    private static boolean triTri2D(Triangle t1, Triangle t2, double eps, boolean allowedReversed) {
        return triTri2D(t1, t2, eps, allowedReversed, true);
    }

    private static boolean triTri2D(Triangle t1, Triangle t2, double eps, boolean allowedReversed, boolean onBoundary) {
        
        checkTriWinding(t1, allowedReversed);
        checkTriWinding(t2, allowedReversed);
        
        BiFunction<Triangle, Double, Boolean> chkEdge = onBoundary ? TriangleOverlap::boundaryCollideChk : TriangleOverlap::boundaryDoesntCollideChk;
        Pair[] lp1 = new Pair[]{t1.p1, t1.p2, t1.p3};
        Pair[] lp2 = new Pair[]{t2.p1, t2.p2, t2.p3};

        
        for (int i = 0; i < 3; ++i) {
            int j = (i + 1) % 3;
            
            
            if (chkEdge.apply(new Triangle(lp1[i], lp1[j], lp2[0]), eps) &&
                chkEdge.apply(new Triangle(lp1[i], lp1[j], lp2[1]), eps) &&
                chkEdge.apply(new Triangle(lp1[i], lp1[j], lp2[2]), eps)) return false;
        }

        
        for (int i = 0; i < 3; ++i) {
            int j = (i + 1) % 3;
            
            
            if (chkEdge.apply(new Triangle(lp2[i], lp2[j], lp1[0]), eps) &&
                chkEdge.apply(new Triangle(lp2[i], lp2[j], lp1[1]), eps) &&
                chkEdge.apply(new Triangle(lp2[i], lp2[j], lp1[2]), eps)) return false;
        }

        
        return true;
    }

    public static void main(String[] args) {
        Triangle t1 = new Triangle(new Pair(0.0, 0.0), new Pair(5.0, 0.0), new Pair(0.0, 5.0));
        Triangle t2 = new Triangle(new Pair(0.0, 0.0), new Pair(5.0, 0.0), new Pair(0.0, 6.0));
        System.out.printf(""%s and\n%s\n"", t1, t2);
        if (triTri2D(t1, t2)) {
            System.out.println(""overlap"");
        } else {
            System.out.println(""do not overlap"");
        }

        
        t1 = new Triangle(new Pair(0.0, 0.0), new Pair(0.0, 5.0), new Pair(5.0, 0.0));
        t2 = t1;
        System.out.printf(""\n%s and\n%s\n"", t1, t2);
        if (triTri2D(t1, t2, 0.0, true)) {
            System.out.println(""overlap (reversed)"");
        } else {
            System.out.println(""do not overlap"");
        }

        t1 = new Triangle(new Pair(0.0, 0.0), new Pair(5.0, 0.0), new Pair(0.0, 5.0));
        t2 = new Triangle(new Pair(-10.0, 0.0), new Pair(-5.0, 0.0), new Pair(-1.0, 6.0));
        System.out.printf(""\n%s and\n%s\n"", t1, t2);
        if (triTri2D(t1, t2)) {
            System.out.println(""overlap"");
        } else {
            System.out.println(""do not overlap"");
        }

        t1.p3 = new Pair(2.5, 5.0);
        t2 = new Triangle(new Pair(0.0, 4.0), new Pair(2.5, -1.0), new Pair(5.0, 4.0));
        System.out.printf(""\n%s and\n%s\n"", t1, t2);
        if (triTri2D(t1, t2)) {
            System.out.println(""overlap"");
        } else {
            System.out.println(""do not overlap"");
        }

        t1 = new Triangle(new Pair(0.0, 0.0), new Pair(1.0, 1.0), new Pair(0.0, 2.0));
        t2 = new Triangle(new Pair(2.0, 1.0), new Pair(3.0, 0.0), new Pair(3.0, 2.0));
        System.out.printf(""\n%s and\n%s\n"", t1, t2);
        if (triTri2D(t1, t2)) {
            System.out.println(""overlap"");
        } else {
            System.out.println(""do not overlap"");
        }

        t2 = new Triangle(new Pair(2.0, 1.0), new Pair(3.0, -2.0), new Pair(3.0, 4.0));
        System.out.printf(""\n%s and\n%s\n"", t1, t2);
        if (triTri2D(t1, t2)) {
            System.out.println(""overlap"");
        } else {
            System.out.println(""do not overlap"");
        }

        t1 = new Triangle(new Pair(0.0, 0.0), new Pair(1.0, 0.0), new Pair(0.0, 1.0));
        t2 = new Triangle(new Pair(1.0, 0.0), new Pair(2.0, 0.0), new Pair(1.0, 1.1));
        System.out.printf(""\n%s and\n%s\n"", t1, t2);
        System.out.println(""which have only a single corner in contact, if boundary points collide"");
        if (triTri2D(t1, t2)) {
            System.out.println(""overlap"");
        } else {
            System.out.println(""do not overlap"");
        }

        System.out.printf(""\n%s and\n%s\n"", t1, t2);
        System.out.println(""which have only a single corner in contact, if boundary points do not collide"");
        if (triTri2D(t1, t2, 0.0, false, false)) {
            System.out.println(""overlap"");
        } else {
            System.out.println(""do not overlap"");
        }
    }
}
"
3325,Repeat a string,"String funny = ""ha"" * 5;
String stars = '*' * 80;
"
3345,Currying,"module CurryPower
    {
    @Inject Console console;
    void run()
        {
        function Int(Int, Int) divide = (x,y) -> x / y;

        function Int(Int) half = divide(_, 2);
        function Int(Int) partsOf120 = divide(120, _);

        console.print($|half of a dozen is {half(12)}
                       |half of 120 is {partsOf120(2)}
                       |a third is {partsOf120(3)}
                       |and a quarter is {partsOf120(4)}
                     );
        }
    }
"
3404,Yahoo! search interface,"import java.io.BufferedReader;
import java.io.IOException;
import java.io.InputStreamReader;
import java.net.MalformedURLException;
import java.net.URISyntaxException;
import java.net.URL;
import java.net.URLDecoder;
import java.net.URLEncoder;
import java.util.ArrayList;
import java.util.List;
import java.util.regex.Matcher;
import java.util.regex.Pattern;

class YahooSearch {
    private String query;
    
    private int page = 1;
    
    private static final Pattern pattern = Pattern.compile(
        ""<a class=\""yschttl spt\"" href=\""[^*]+?\\*\\*([^\""]+?)\"">(.+?)</a></h3>.*?<div class=\""(?:sm-abs|abstr)\"">(.+?)</div>"");

    public YahooSearch(String query) {
        this.query = query;
    }

    public List<YahooResult> search() throws MalformedURLException, URISyntaxException, IOException {
        
        
        StringBuilder searchUrl = new StringBuilder(""http:
        searchUrl.append(""p="").append(URLEncoder.encode(query, ""UTF-8""));
        if (page > 1) {searchUrl.append(""&b="").append((page - 1) * 10 + 1);}
        
        URL url = new URL(searchUrl.toString());
        List<YahooResult> result = new ArrayList<YahooResult>();
        StringBuilder sb = new StringBuilder();
        
        BufferedReader in = null;
        try {
            in = new BufferedReader(new InputStreamReader(url.openStream()));
            
            String line = in.readLine();
            while (line != null) {
                sb.append(line);
                line = in.readLine();
            }
        }
        catch (IOException ioe) {
            ioe.printStackTrace();
        }
        finally {
            try {in.close();} catch (Exception ignoreMe) {}
        }
        String searchResult = sb.toString();
        
        Matcher matcher = pattern.matcher(searchResult);
        while (matcher.find()) {
            
            String resultUrl = URLDecoder.decode(matcher.group(1), ""UTF-8"");
            String resultTitle = matcher.group(2).replaceAll(""</?b>"", """").replaceAll(""<wbr ?/?>"", """");
            String resultContent = matcher.group(3).replaceAll(""</?b>"", """").replaceAll(""<wbr ?/?>"", """");
            
            result.add(new YahooResult(resultUrl, resultTitle, resultContent));
        }
        return result;
    }

    public List<YahooResult> search(int page) throws MalformedURLException, URISyntaxException, IOException {
        
        this.page = page;
        return search();
    }

    public List<YahooResult> nextPage() throws MalformedURLException, URISyntaxException, IOException {
        
        page++;
        return search();
    }

    public List<YahooResult> previousPage() throws MalformedURLException, URISyntaxException, IOException {
        
        if (page > 1) {
            page--;
            return search();
        } else return new ArrayList<YahooResult>();
    }
}

class YahooResult {
    private URL url;
    private String title;
    private String content;

    public URL getUrl() {
        return url;
    }

    public void setUrl(URL url) {
        this.url = url;
    }

    public void setUrl(String url) throws MalformedURLException {
        this.url = new URL(url);
    }

    public String getTitle() {
        return title;
    }

    public void setTitle(String title) {
        this.title = title;
    }

    public String getContent() {
        return content;
    }

    public void setContent(String content) {
        this.content = content;
    }

    public YahooResult(URL url, String title, String content) {
        setUrl(url);
        setTitle(title);
        setContent(content);
    }

    public YahooResult(String url, String title, String content) throws MalformedURLException {
        setUrl(url);
        setTitle(title);
        setContent(content);
    }

    @Override
    public String toString() {
        StringBuilder sb = new StringBuilder();
        if (title != null) {
            sb.append("",title="").append(title);
        }
        if (url != null) {
            sb.append("",url="").append(url);
        }
        return sb.charAt(0) == ',' ? sb.substring(1) : sb.toString();
    }
}

public class TestYahooSearch {
    public static void main(String[] args) throws MalformedURLException, URISyntaxException, IOException {
        
        YahooSearch search = new YahooSearch(""Rosetta code"");
        
        List<YahooResult> results = search.search();
        
        for (YahooResult result : results) {
            System.out.println(result.toString());
        }
    }
}
"
3416,Determine if only one instance is running,"import java.io.IOException;
import java.net.InetAddress;
import java.net.ServerSocket;
import java.net.UnknownHostException;
 
public class SingletonApp
{
    private static final int PORT = 65000;  
    private static ServerSocket s;

    
    static {
        try {
            s = new ServerSocket(PORT, 10, InetAddress.getLocalHost());
        } catch (UnknownHostException e) {
            
        } catch (IOException e) {
            
            System.out.print(""Application is already running,"");
            System.out.println("" so terminating this instance."");
            System.exit(0);
        }
    }

    public static void main(String[] args) {
        System.out.print(""OK, only this instance is running"");
        System.out.println("" but will terminate in 10 seconds."");
        try {
            Thread.sleep(10000);
            if (s != null && !s.isClosed()) s.close();
        } catch (Exception e) {
            System.err.println(e);
        }
    }
}
"
3437,Statistics_Basic,"import static java.lang.Math.pow;
import static java.util.Arrays.stream;
import static java.util.stream.Collectors.joining;
import static java.util.stream.IntStream.range;

public class Test {
    static double[] meanStdDev(double[] numbers) {
        if (numbers.length == 0)
            return new double[]{0.0, 0.0};

        double sx = 0.0, sxx = 0.0;
        long n = 0;
        for (double x : numbers) {
            sx += x;
            sxx += pow(x, 2);
            n++;
        }
        return new double[]{sx / n, pow((n * sxx - pow(sx, 2)), 0.5) / n};
    }

    static String replicate(int n, String s) {
        return range(0, n + 1).mapToObj(i -> s).collect(joining());
    }

    static void showHistogram01(double[] numbers) {
        final int maxWidth = 50;
        long[] bins = new long[10];

        for (double x : numbers)
            bins[(int) (x * bins.length)]++;

        double maxFreq = stream(bins).max().getAsLong();

        for (int i = 0; i < bins.length; i++)
            System.out.printf("" %3.1f: %s%n"", i / (double) bins.length,
                    replicate((int) (bins[i] / maxFreq * maxWidth), ""*""));
        System.out.println();
    }

    public static void main(String[] a) {
        Locale.setDefault(Locale.US);
        for (int p = 1; p < 7; p++) {
            double[] n = range(0, (int) pow(10, p))
                    .mapToDouble(i -> Math.random()).toArray();

            System.out.println((int)pow(10, p) + "" numbers:"");
            double[] res = meanStdDev(n);
            System.out.printf("" Mean: %8.6f, SD: %8.6f%n"", res[0], res[1]);
            showHistogram01(n);
        }
    }
}
"
3460,N-smooth numbers,"import java.math.BigInteger;
import java.util.ArrayList;
import java.util.List;

public class NSmoothNumbers {

    public static void main(String[] args) {
        System.out.printf(""show the first 25 n-smooth numbers for n = 2 through n = 29%n"");
        int max = 25;
        List<BigInteger> primes = new ArrayList<>();
        for ( int n = 2 ; n <= 29 ; n++ ) {
            if ( isPrime(n) ) {
                primes.add(BigInteger.valueOf(n));
                System.out.printf(""The first %d %d-smooth numbers:%n"", max, n);
                BigInteger[] humble = nSmooth(max, primes.toArray(new BigInteger[0]));
                for ( int i = 0 ; i < max ; i++ ) {
                    System.out.printf(""%s "", humble[i]);
                }
                System.out.printf(""%n%n"");
            }
        }
        
        System.out.printf(""show three numbers starting with 3,000 for n-smooth numbers for n = 3 through n = 29%n"");
        int count = 3;
        max = 3000 + count - 1;
        primes = new ArrayList<>();
        primes.add(BigInteger.valueOf(2));
        for ( int n = 3 ; n <= 29 ; n++ ) {
            if ( isPrime(n) ) {
                primes.add(BigInteger.valueOf(n));
                System.out.printf(""The %d through %d %d-smooth numbers:%n"", max-count+1, max, n);
                BigInteger[] nSmooth = nSmooth(max, primes.toArray(new BigInteger[0]));
                for ( int i = max-count ; i < max ; i++ ) {
                    System.out.printf(""%s "", nSmooth[i]);
                }
                System.out.printf(""%n%n"");
            }
        }
        
        System.out.printf(""Show twenty numbers starting with 30,000 n-smooth numbers for n=503 through n=521%n"");
        count = 20;
        max = 30000 + count - 1;
        primes = new ArrayList<>();
        for ( int n = 2 ; n <= 521 ; n++ ) {
            if ( isPrime(n) ) {
                primes.add(BigInteger.valueOf(n));
                if ( n >= 503 && n <= 521 ) {
                    System.out.printf(""The %d through %d %d-smooth numbers:%n"", max-count+1, max, n);
                    BigInteger[] nSmooth = nSmooth(max, primes.toArray(new BigInteger[0]));
                    for ( int i = max-count ; i < max ; i++ ) {
                        System.out.printf(""%s "", nSmooth[i]);
                    }
                    System.out.printf(""%n%n"");
                }
            }
        }

    }

    private static final boolean isPrime(long test) {
        if ( test == 2 ) {
            return true;
        }
        if ( test % 2 == 0 ) return false;
        for ( long i = 3 ; i <= Math.sqrt(test) ; i += 2 ) {
            if ( test % i == 0 ) {
                return false;
            }
        }
        return true;
    }

    private static BigInteger[] nSmooth(int n, BigInteger[] primes) {
        int size = primes.length;
        BigInteger[] test = new BigInteger[size];
        for ( int i = 0 ; i < size ; i++ ) {
            test[i] = primes[i];
        }
        BigInteger[] results = new BigInteger[n];
        results[0] = BigInteger.ONE;
        
        int[] indexes = new int[size];
        for ( int i = 0 ; i < size ; i++ ) {
            indexes[i] = 0;
        }
        
        for ( int index = 1 ; index < n ; index++ ) {
            BigInteger min = test[0];
            for ( int i = 1 ; i < size ; i++ ) {
                min = min.min(test[i]);
            }
            results[index] = min;
            
            for ( int i = 0 ; i < size ; i++ ) {
                if ( results[index].compareTo(test[i]) == 0 ) {
                    indexes[i] = indexes[i] + 1;
                    test[i] = primes[i].multiply(results[indexes[i]]);
                }
            }
        }
        return results;
    }

}
"
3474,Rosetta Code_Count examples,"import java.util.ArrayList;
import ScreenScrape;

public class CountProgramExamples {
    private static final String baseURL = ""http:
    private static final String rootURL = ""http:
        + ""api.php?action=query&list=categorymembers""
        + ""&cmtitle=Category:Programming_Tasks&cmlimit=500&format=xml"";
    private static final String taskBegin = ""title=\"""";
    private static final String taskEnd = ""\"""";
    private static final String exmplBegin = ""<span class=\""tocnumber\"">"";
    private static final String exmplEnd = ""</span>"";
    private static final String editBegin = ""<span class=\""editsection\"">"";

    
    public static void main(String[] args) {
        int exTotal = 0;
        try {
            
            ArrayList<String> tasks = new ArrayList<String>();
            ScreenScrape ss = new ScreenScrape();
            String rootPage = ss.read(rootURL);
            while (rootPage.contains(taskBegin)) {
                rootPage = rootPage.substring(rootPage.indexOf(taskBegin)
                    + taskBegin.length());
                String title = rootPage.substring(0, rootPage.indexOf(taskEnd));
                if (!title.contains(""Category:"")) {
                    tasks.add(title);
                }
                rootPage = rootPage.substring(rootPage.indexOf(taskEnd));
            }
            
            for (String task : tasks) {
                String title = task.replaceAll(""&#039;"", ""'"");
                String taskPage = ss.read(baseURL + title.replaceAll("" "", ""_""));
                int exSubTot;
                if (taskPage.contains(exmplBegin)) {
                    int startPos = taskPage.lastIndexOf(exmplBegin)
                        + exmplBegin.length();
                    String countStr = taskPage.substring(startPos,
                        taskPage.indexOf(exmplEnd, startPos));
                    exSubTot = Integer
                        .parseInt(countStr.contains(""."") ? countStr
                            .substring(0, countStr.indexOf("".""))
                            : countStr);
                } else {
                    exSubTot = 0;
                    while (taskPage.contains(editBegin)) {
                        taskPage = taskPage.substring(taskPage
                            .indexOf(editBegin) + editBegin.length());
                        exSubTot++;
                    }
                }
                exTotal += exSubTot;
                System.out.println(title + "": "" + exSubTot + "" examples."");
            }
            
            System.out.println(""\nTotal: "" + exTotal + "" examples."");
        } catch (Exception e) {
            System.out.println(title);
            System.out.println(startPos + "":""
                + taskPage.indexOf(exmplEnd, startPos));
            System.out.println(taskPage);
            e.printStackTrace(System.out);
        }
    }
}
"
3485,Validate International Securities Identification Number,"public class ISIN {
 
    public static void main(String[] args) {
        String[] isins = {
            ""US0378331005"", 
            ""US0373831005"", 
            ""U50378331005"", 
            ""US03378331005"",
            ""AU0000XVGZA3"", 
            ""AU0000VXGZA3"", 
            ""FR0000988040""
        };
        for (String isin : isins)
            System.out.printf(""%s is %s\n"", isin, ISINtest(isin) ? ""valid"" : ""not valid"");
    }
 
    static boolean ISINtest(String isin) {
        isin = isin.trim().toUpperCase();
 
        if (!isin.matches(""^[A-Z]{2}[A-Z0-9]{9}\\d$""))
            return false;
 
        StringBuilder sb = new StringBuilder();
        for (char c : isin.substring(0, 12).toCharArray())
            sb.append(Character.digit(c, 36));
 
        return luhnTest(sb.toString());
    }

    static boolean luhnTest(String number) {
        int s1 = 0, s2 = 0;
        String reverse = new StringBuffer(number).reverse().toString();
        for (int i = 0; i < reverse.length(); i++){
            int digit = Character.digit(reverse.charAt(i), 10);
            
            if (i % 2 == 0){
                s1 += digit;
            } else { 
                s2 += 2 * digit;
                if(digit >= 5){
                    s2 -= 9;
                }
            }
        }
        return (s1 + s2) % 10 == 0;
    }
}
"
3511,CSV data manipulation,"import java.io.*;
import java.awt.Point;
import java.util.HashMap;
import java.util.Scanner;

public class CSV {

    private HashMap<Point, String> _map = new HashMap<Point, String>();
    private int _cols;
    private int _rows;

    public void open(File file) throws FileNotFoundException, IOException {
        open(file, ',');
    }

    public void open(File file, char delimiter)
            throws FileNotFoundException, IOException {
        Scanner scanner = new Scanner(file);
        scanner.useDelimiter(Character.toString(delimiter));

        clear();

        while(scanner.hasNextLine()) {
            String[] values = scanner.nextLine().split(Character.toString(delimiter));

            int col = 0;
            for ( String value: values ) {
                _map.put(new Point(col, _rows), value);
                _cols = Math.max(_cols, ++col);
            }
            _rows++;
        }
        scanner.close();
    }

    public void save(File file) throws IOException {
        save(file, ',');
    }

    public void save(File file, char delimiter) throws IOException {
        FileWriter fw = new FileWriter(file);
        BufferedWriter bw = new BufferedWriter(fw);

        for (int row = 0; row < _rows; row++) {
            for (int col = 0; col < _cols; col++) {
                Point key = new Point(col, row);
                if (_map.containsKey(key)) {
                    bw.write(_map.get(key));
                }

                if ((col + 1) < _cols) {
                    bw.write(delimiter);
                }
            }
            bw.newLine();
        }
        bw.flush();
        bw.close();
    }

    public String get(int col, int row) {
        String val = """";
        Point key = new Point(col, row);
        if (_map.containsKey(key)) {
            val = _map.get(key);
        }
        return val;
    }

    public void put(int col, int row, String value) {
        _map.put(new Point(col, row), value);
        _cols = Math.max(_cols, col+1);
        _rows = Math.max(_rows, row+1);
    }

    public void clear() {
        _map.clear();
        _cols = 0;
        _rows = 0;
    }

    public int rows() {
        return _rows;
    }

    public int cols() {
        return _cols;
    }

    public static void main(String[] args) {
        try {
            CSV csv = new CSV();

            csv.open(new File(""test_in.csv""));
            csv.put(0, 0, ""Column0"");
            csv.put(1, 1, ""100"");
            csv.put(2, 2, ""200"");
            csv.put(3, 3, ""300"");
            csv.put(4, 4, ""400"");
            csv.save(new File(""test_out.csv""));
        } catch (Exception e) {
        }
    }
}
"
3582,Real constants and functions,"Math.E; 
Math.PI; 
Math.sqrt(x); 
Math.log(x); 
Math.exp(x); 
Math.abs(x); 
Math.floor(x); 
Math.ceil(x); 
Math.pow(x,y); 
"
3610,Conway's Game of Life,"public class GameOfLife{
	public static void main(String[] args){
		String[] dish= {
				""_#_"",
				""_#_"",
				""_#_"",};
		int gens= 3;
		for(int i= 0;i < gens;i++){
			System.out.println(""Generation "" + i + "":"");
			print(dish);
			dish= life(dish);
		}
	}

	public static String[] life(String[] dish){
		String[] newGen= new String[dish.length];
		for(int row= 0;row < dish.length;row++){
			newGen[row]= """";
			for(int i= 0;i < dish[row].length();i++){
				String above= """";
				String same= """";
				String below= """";
				if(i == 0){
					
					
					above= (row == 0) ? null : dish[row - 1].substring(i,
									i + 2);
					same= dish[row].substring(i + 1, i + 2);
					
					
					below= (row == dish.length - 1) ? null : dish[row + 1]
									.substring(i, i + 2);
				}else if(i == dish[row].length() - 1){
					
					
					above= (row == 0) ? null : dish[row - 1].substring(i - 1,
									i + 1);
					same= dish[row].substring(i - 1, i);
					
					
					below= (row == dish.length - 1) ? null : dish[row + 1]
									.substring(i - 1, i + 1);
				}else{
					
					
					above= (row == 0) ? null : dish[row - 1].substring(i - 1,
									i + 2);
					same= dish[row].substring(i - 1, i)
									+ dish[row].substring(i + 1, i + 2);
					
					
					below= (row == dish.length - 1) ? null : dish[row + 1]
									.substring(i - 1, i + 2);
				}
				int neighbors= getNeighbors(above, same, below);
				if(neighbors < 2 || neighbors > 3){
					newGen[row]+= ""_"";
				}else if(neighbors == 3){
					newGen[row]+= ""#"";
				}else{
					newGen[row]+= dish[row].charAt(i);
				}
			}
		}
		return newGen;
	}

	public static int getNeighbors(String above, String same, String below){
		int ans= 0;
		if(above != null){
			for(char x: above.toCharArray()){
				if(x == '#') ans++;
			}
		}
		for(char x: same.toCharArray()){
			if(x == '#') ans++;
		}
		if(below != null){
			for(char x: below.toCharArray()){
				if(x == '#') ans++;
			}
		}
		return ans;
	}

	public static void print(String[] dish){
		for(String s: dish){
			System.out.println(s);
		}
	}
}
"
3633,Longest common subsequence,"public static String lcs(String a, String b){
    int aLen = a.length();
    int bLen = b.length();
    if(aLen == 0 || bLen == 0){
        return """";
    }else if(a.charAt(aLen-1) == b.charAt(bLen-1)){
        return lcs(a.substring(0,aLen-1),b.substring(0,bLen-1))
            + a.charAt(aLen-1);
    }else{
        String x = lcs(a, b.substring(0,bLen-1));
        String y = lcs(a.substring(0,aLen-1), b);
        return (x.length() > y.length()) ? x : y;
    }
}
"
3666,Determine if a string has all the same characters,"public class Main{
	public static void main(String[] args){
		String[] tests = {"""", ""   "", ""2"", ""333"", "".55"", ""tttTTT"", ""4444 444k""};
		for(String s:tests)
			analyze(s);
	}

	public static void analyze(String s){
		System.out.printf(""Examining [%s] which has a length of %d:\n"", s, s.length());
		if(s.length() > 1){
			char firstChar = s.charAt(0);
			int lastIndex = s.lastIndexOf(firstChar);
			if(lastIndex != 0){
				System.out.println(""\tNot all characters in the string are the same."");
				System.out.printf(""\t'%c' (0x%x) is different at position %d\n"", firstChar, (int) firstChar, lastIndex);
				return;
			}
		}
		System.out.println(""\tAll characters in the string are the same."");
	}
}
"
3702,Linux CPU utilization,"import java.io.File;
import java.io.FileNotFoundException;
import java.io.IOException;
import java.io.RandomAccessFile;
import java.text.NumberFormat;
import java.time.Duration;
import java.util.Timer;
import java.util.TimerTask;


public class Main {

    public static void main(String[] args) throws FileNotFoundException {
        
        final var period = Duration.ofSeconds(1);
        new Timer().schedule(new CpuUtilizationTask(), 0, period.toMillis());
    }

    
    static class CpuUtilizationTask extends TimerTask {

        private final String STAT_FILE_HEADER = ""cpu  "";
        private final NumberFormat percentFormatter;
        private final RandomAccessFile statPointer;
        long previousIdleTime = 0, previousTotalTime = 0;

        public CpuUtilizationTask() throws FileNotFoundException {
            this.percentFormatter = NumberFormat.getPercentInstance();
            percentFormatter.setMaximumFractionDigits(2);
            var statFile = new File(""/proc/stat"");
            
            this.statPointer = new RandomAccessFile(statFile, ""r"");
        }

        @Override
        public void run() {

            try {
                var values = statPointer.readLine()
                        .substring(STAT_FILE_HEADER.length())
                        .split("" "");

                
                var idleTime = Long.parseUnsignedLong(values[3]);
                var totalTime = 0L;
                for (String value : values) {
                    totalTime += Long.parseUnsignedLong(value);
                }

                var idleTimeDelta = idleTime - previousIdleTime;
                var totalTimeDelta = totalTime - previousTotalTime;
                var utilization = 1 - ((double) idleTimeDelta) / totalTimeDelta;

                
                System.out.println(percentFormatter.format(utilization));

                previousIdleTime = idleTime;
                previousTotalTime = totalTime;

                
                statPointer.seek(0);
            } catch (IOException ioException) {
                ioException.printStackTrace();
            }
        }

    }
}
"
3717,Write language name in 3D ASCII,"public class F5{
    char[]z={' ',' ','_','/',};
    long[][]f={
        {87381,87381,87381,87381,87381,87381,87381,},
        {349525,375733,742837,742837,375733,349525,349525,},
        {742741,768853,742837,742837,768853,349525,349525,},
        {349525,375733,742741,742741,375733,349525,349525,},
        {349621,375733,742837,742837,375733,349525,349525,},
        {349525,375637,768949,742741,375733,349525,349525,},
        {351157,374101,768949,374101,374101,349525,349525,},
        {349525,375733,742837,742837,375733,349621,351157,},
        {742741,768853,742837,742837,742837,349525,349525,},
        {181,85,181,181,181,85,85,},
        {1461,1365,1461,1461,1461,1461,2901,},
        {742741,744277,767317,744277,742837,349525,349525,},
        {181,181,181,181,181,85,85,},
        {1431655765,3149249365L,3042661813L,3042661813L,3042661813L,1431655765,1431655765,},
        {349525,768853,742837,742837,742837,349525,349525,},
        {349525,375637,742837,742837,375637,349525,349525,},
        {349525,768853,742837,742837,768853,742741,742741,},
        {349525,375733,742837,742837,375733,349621,349621,},
        {349525,744373,767317,742741,742741,349525,349525,},
        {349525,375733,767317,351157,768853,349525,349525,},
        {374101,768949,374101,374101,351157,349525,349525,},
        {349525,742837,742837,742837,375733,349525,349525,},
        {5592405,11883957,11883957,5987157,5616981,5592405,5592405,},
        {366503875925L,778827027893L,778827027893L,392374737749L,368114513237L,366503875925L,366503875925L,},
        {349525,742837,375637,742837,742837,349525,349525,},
        {349525,742837,742837,742837,375733,349621,375637,},
        {349525,768949,351061,374101,768949,349525,349525,},
        {375637,742837,768949,742837,742837,349525,349525,},
        {768853,742837,768853,742837,768853,349525,349525,},
        {375733,742741,742741,742741,375733,349525,349525,},
        {192213,185709,185709,185709,192213,87381,87381,},
        {1817525,1791317,1817429,1791317,1817525,1398101,1398101,},
        {768949,742741,768853,742741,742741,349525,349525,},
        {375733,742741,744373,742837,375733,349525,349525,},
        {742837,742837,768949,742837,742837,349525,349525,},
        {48053,23381,23381,23381,48053,21845,21845,},
        {349621,349621,349621,742837,375637,349525,349525,},
        {742837,744277,767317,744277,742837,349525,349525,},
        {742741,742741,742741,742741,768949,349525,349525,},
        {11883957,12278709,11908533,11883957,11883957,5592405,5592405,},
        {11883957,12277173,11908533,11885493,11883957,5592405,5592405,},
        {375637,742837,742837,742837,375637,349525,349525,},
        {768853,742837,768853,742741,742741,349525,349525,},
        {6010197,11885397,11909973,11885397,6010293,5592405,5592405,},
        {768853,742837,768853,742837,742837,349525,349525,},
        {375733,742741,375637,349621,768853,349525,349525,},
        {12303285,5616981,5616981,5616981,5616981,5592405,5592405,},
        {742837,742837,742837,742837,375637,349525,349525,},
        {11883957,11883957,11883957,5987157,5616981,5592405,5592405,},
        {3042268597L,3042268597L,3042661813L,1532713813,1437971797,1431655765,1431655765,},
        {11883957,5987157,5616981,5987157,11883957,5592405,5592405,},
        {11883957,5987157,5616981,5616981,5616981,5592405,5592405,},
        {12303285,5593941,5616981,5985621,12303285,5592405,5592405,},};
    public static void main(String[]a){
        new F5(a.length>0?a[0]:""Java"");}
    private F5(String s){
        StringBuilder[]o=new StringBuilder[7];
        for(int i=0;i<7;i++)o[i]=new StringBuilder();
        for(int i=0,l=s.length();i<l;i++){
            int c=s.charAt(i);
            if(65<=c&&c<=90)c-=39;
            else if(97<=c&&c<=122)c-=97;
            else c=-1;
            long[]d=f[++c];
            for(int j=0;j<7;j++){
                StringBuilder b=new StringBuilder();
                long v=d[j];
                while(v>0){
                    b.append(z[(int)(v&3)]);
                    v>>=2;}
                o[j].append(b.reverse().toString());}}
        for(int i=0;i<7;i++){
            for(int j=0;j<7-i;j++)
                System.out.print(' ');
            System.out.println(o[i]);}}}
"
3761,Element-wise operations,"import java.util.Arrays;
import java.util.HashMap;
import java.util.Map;
import java.util.function.BiFunction;
import java.util.stream.Stream;

@SuppressWarnings(""serial"")
public class ElementWiseOp {
	static final Map<String, BiFunction<Double, Double, Double>> OPERATIONS = new HashMap<String, BiFunction<Double, Double, Double>>() {
		{
			put(""add"", (a, b) -> a + b);
			put(""sub"", (a, b) -> a - b);
			put(""mul"", (a, b) -> a * b);
			put(""div"", (a, b) -> a / b);
			put(""pow"", (a, b) -> Math.pow(a, b));
			put(""mod"", (a, b) -> a % b);
		}
	};
	public static Double[][] scalarOp(String op, Double[][] matr, Double scalar) {
		BiFunction<Double, Double, Double> operation = OPERATIONS.getOrDefault(op, (a, b) -> a);
		Double[][] result = new Double[matr.length][matr[0].length];
		for (int i = 0; i < matr.length; i++) {
			for (int j = 0; j < matr[i].length; j++) {
				result[i][j] = operation.apply(matr[i][j], scalar);
			}
		}
		return result;
	}
	public static Double[][] matrOp(String op, Double[][] matr, Double[][] scalar) {
		BiFunction<Double, Double, Double> operation = OPERATIONS.getOrDefault(op, (a, b) -> a);
		Double[][] result = new Double[matr.length][Stream.of(matr).mapToInt(a -> a.length).max().getAsInt()];
		for (int i = 0; i < matr.length; i++) {
			for (int j = 0; j < matr[i].length; j++) {
				result[i][j] = operation.apply(matr[i][j], scalar[i % scalar.length][j
						% scalar[i % scalar.length].length]);
			}
		}
		return result;
	}
	public static void printMatrix(Double[][] matr) {
		Stream.of(matr).map(Arrays::toString).forEach(System.out::println);
	}
	public static void main(String[] args) {
		printMatrix(scalarOp(""mul"", new Double[][] {
				{ 1.0, 2.0, 3.0 }, 
				{ 4.0, 5.0, 6.0 }, 
				{ 7.0, 8.0, 9.0 }
		}, 3.0));

		printMatrix(matrOp(""div"", new Double[][] {
				{ 1.0, 2.0, 3.0 }, 
				{ 4.0, 5.0, 6.0 }, 
				{ 7.0, 8.0, 9.0 }
		}, new Double[][] {
				{ 1.0, 2.0}, 
				{ 3.0, 4.0} 
		}));
	}
}
"
3777,Constrained random points on a circle,"import java.util.Random;

public class FuzzyCircle {
	static final Random rnd = new Random();
	public static void main(String[] args){
		char[][] field = new char[31][31];
		for(int i = 0; i < field.length; i++){
			for(int j = 0; j < field[i].length; j++){
				field[i][j] = ' ';
			}
		}
		int pointsInDisc = 0;
		while(pointsInDisc < 100){
			int x = rnd.nextInt(31) - 15;
			int y = rnd.nextInt(31) - 15;
			double dist = Math.hypot(x, y);
			if(dist >= 10 && dist <= 15 && field[x + 15][y + 15] == ' '){
				field[x + 15][y + 15] = 'X';
				pointsInDisc++;
			}
		}
		for(char[] row:field){
			for(char space:row){
				System.out.print(space);
			}
			System.out.println();
		}
	}
}
"
3795,Remove lines from a file,"import java.io.BufferedReader;
import java.io.File;
import java.io.FileReader;
import java.io.FileWriter;

public class RemoveLines
{
	public static void main(String[] args)
	{
		
		String filename=""foobar.txt"";
		
		int startline=1;
		
		int numlines=2;
		
		RemoveLines now=new RemoveLines();
		now.delete(filename,startline,numlines);
	}
	void delete(String filename, int startline, int numlines)
	{
		try
		{
			BufferedReader br=new BufferedReader(new FileReader(filename));
			
			
			StringBuffer sb=new StringBuffer("""");
			
			
			int linenumber=1;
			String line;
			
			while((line=br.readLine())!=null)
			{
				
				if(linenumber<startline||linenumber>=startline+numlines)
					sb.append(line+""\n"");
				linenumber++;
			}
			if(startline+numlines>linenumber)
				System.out.println(""End of file reached."");
			br.close();
			
			FileWriter fw=new FileWriter(new File(filename));
			
			fw.write(sb.toString());
			fw.close();
		}
		catch (Exception e)
		{
			System.out.println(""Something went horribly wrong: ""+e.getMessage());
		}
	}
}
"
3840,Zero to the zero power,"System.out.println(Math.pow(0, 0));
"
3913,Generator_Exponential,"import java.util.function.LongSupplier;
import static java.util.stream.LongStream.generate;

public class GeneratorExponential implements LongSupplier {
    private LongSupplier source, filter;
    private long s, f;

    public GeneratorExponential(LongSupplier source, LongSupplier filter) {
        this.source = source;
        this.filter = filter;
        f = filter.getAsLong();
    }

    @Override
    public long getAsLong() {
        s = source.getAsLong();

        while (s == f) {
            s = source.getAsLong();
            f = filter.getAsLong();
        }

        while (s > f) {
            f = filter.getAsLong();
        }

        return s;
    }

    public static void main(String[] args) {
        generate(new GeneratorExponential(new SquaresGen(), new CubesGen()))
                .skip(20).limit(10)
                .forEach(n -> System.out.printf(""%d "", n));
    }
}

class SquaresGen implements LongSupplier {
    private long n;

    @Override
    public long getAsLong() {
        return n * n++;
    }
}

class CubesGen implements LongSupplier {
    private long n;

    @Override
    public long getAsLong() {
        return n * n * n++;
    }
}
"
3984,XML_DOM serialization,"import java.io.StringWriter;

import javax.xml.parsers.DocumentBuilder;
import javax.xml.parsers.DocumentBuilderFactory;
import javax.xml.parsers.ParserConfigurationException;
import javax.xml.transform.OutputKeys;
import javax.xml.transform.Transformer;
import javax.xml.transform.TransformerConfigurationException;
import javax.xml.transform.TransformerException;
import javax.xml.transform.TransformerFactory;
import javax.xml.transform.TransformerFactoryConfigurationError;
import javax.xml.transform.dom.DOMSource;
import javax.xml.transform.stream.StreamResult;

import org.w3c.dom.DOMImplementation;
import org.w3c.dom.Document;
import org.w3c.dom.Element;

public class RDOMSerialization {

  private Document domDoc;

  public RDOMSerialization() {
    return;
  }

  protected void buildDOMDocument() {

    DocumentBuilderFactory factory;
    DocumentBuilder builder;
    DOMImplementation impl;
    Element elmt1;
    Element elmt2;

    try {
      factory = DocumentBuilderFactory.newInstance();
      builder = factory.newDocumentBuilder();
      impl = builder.getDOMImplementation();
      domDoc = impl.createDocument(null, null, null);
      elmt1 = domDoc.createElement(""root"");
      elmt2 = domDoc.createElement(""element"");
      elmt2.setTextContent(""Some text here"");

      domDoc.appendChild(elmt1);
      elmt1.appendChild(elmt2);
    }
    catch (ParserConfigurationException ex) {
      ex.printStackTrace();
    }

    return;
  }

  protected void serializeXML() {

    DOMSource domSrc;
    Transformer txformer;
    StringWriter sw;
    StreamResult sr;

    try {
      domSrc = new DOMSource(domDoc);

      txformer = TransformerFactory.newInstance().newTransformer();
      txformer.setOutputProperty(OutputKeys.OMIT_XML_DECLARATION, ""no"");
      txformer.setOutputProperty(OutputKeys.METHOD, ""xml"");
      txformer.setOutputProperty(OutputKeys.ENCODING, ""UTF-8"");
      txformer.setOutputProperty(OutputKeys.INDENT, ""yes"");
      txformer.setOutputProperty(OutputKeys.STANDALONE, ""yes"");
      txformer.setOutputProperty(""{http:

      sw = new StringWriter();
      sr = new StreamResult(sw);

      txformer.transform(domSrc, sr);

      System.out.println(sw.toString());
    }
    catch (TransformerConfigurationException ex) {
      ex.printStackTrace();
    }
    catch (TransformerFactoryConfigurationError ex) {
      ex.printStackTrace();
    }
    catch (TransformerException ex) {
      ex.printStackTrace();
    }

    return;
  }

  public static void serializationDriver(String[] args) {

    RDOMSerialization lcl = new RDOMSerialization();
    lcl.buildDOMDocument();
    lcl.serializeXML();

    return;
  }

  public static void main(String[] args) {
    serializationDriver(args);
    return;
  }
}
"
4008,Multi-dimensional array,"public class MultiDimensionalArray {
    public static void main(String[] args) {
        
        int m = 1;
        int[][][][] a4 = new int[5][4][3][2];
        for (int i = 0; i < a4.length; ++i) {
            for (int j = 0; j < a4[0].length; ++j) {
                for (int k = 0; k < a4[0][0].length; ++k) {
                    for (int l = 0; l < a4[0][0][0].length; ++l) {
                        a4[i][j][k][l] = m++;
                    }
                }
            }
        }

        System.out.println(""First element = "" + a4[0][0][0][0]);  
        a4[0][0][0][0] = 121;                                     
        System.out.println();

        for (int i = 0; i < a4.length; ++i) {
            for (int j = 0; j < a4[0].length; ++j) {
                for (int k = 0; k < a4[0][0].length; ++k) {
                    for (int l = 0; l < a4[0][0][0].length; ++l) {
                        System.out.printf(""%4d"", a4[i][j][k][l]);
                    }
                }
            }
        }
    }
}
"
4027,Kronecker product,"package kronecker;


public class Product {
  
  public static int[][] product(final int[][] a, final int[][] b) {
    
    
    final int[][] c = new int[a.length*b.length][];
    
    
    for (int ix = 0; ix < c.length; ix++) {
      final int num_cols = a[0].length*b[0].length;
      c[ix] = new int[num_cols];
    }
    
    
    for (int ia = 0; ia < a.length; ia++) {
      for (int ja = 0; ja < a[ia].length; ja++) {
        
        for (int ib = 0; ib < b.length; ib++) {
          for (int jb = 0; jb < b[ib].length; jb++) {
             c[b.length*ia+ib][b[ib].length*ja+jb] = a[ia][ja] * b[ib][jb];
          }
        }
      }
    }

    
    return c;
  }

  
  public static void print_matrix(final int[][] m) {
    
    
    
    
    final String[][] sts = new String[m.length][];
    int max_length = 0;  
    for (int im = 0; im < m.length; im++) {
      sts[im] = new String[m[im].length];
      for (int jm = 0; jm < m[im].length; jm++) {
        final String st = String.valueOf(m[im][jm]);
        if (st.length() > max_length) {
          max_length = st.length();
        }
        sts[im][jm] = st;
      }
    }

    
    
    
    final String format = String.format(""%%%ds"", max_length);
    for (int im = 0; im < m.length; im++) {
      System.out.print(""|"");
      
      for (int jm = 0; jm < m[im].length - 1; jm++) {
        System.out.format(format, m[im][jm]);
        System.out.print("" "");
      }
      System.out.format(format, m[im][m[im].length - 1]);
      System.out.println(""|"");
    }
  }

  
  private static void test(final int[][] a, final int[][] b) {
    
    System.out.println(""Testing Kronecker product"");
    System.out.println(""Size of matrix a: "" + a.length + "" by "" + a[0].length);
    System.out.println(""Matrix a:"");
    print_matrix(a);
    System.out.println(""Size of matrix b: "" + b.length + "" by "" + b[0].length);
    System.out.println(""Matrix b:"");
    print_matrix(b);
    System.out.println(""Calculating matrix c as Kronecker product"");
    final int[][] c = product(a, b);
    System.out.println(""Size of matrix c: "" + c.length + "" by "" + c[0].length);
    System.out.println(""Matrix c:"");
    print_matrix(c);
  }

  
  private static void test1() {
    
    final int[][] a = new int[2][];  
    a[0] = new int[]{1, 2};
    a[1] = new int[]{3, 4};
    final int[][] b = new int[2][];  
    b[0] = new int[]{0, 5};
    b[1] = new int[]{6, 7};
    
    test(a, b);
  }

  
  private static void test2() {
    
    final int[][] a = new int[3][];  
    a[0] = new int[]{0, 1, 0};
    a[1] = new int[]{1, 1, 1};
    a[2] = new int[]{0, 1, 0};
    final int[][] b = new int[3][];  
    b[0] = new int[]{1, 1, 1, 1};
    b[1] = new int[]{1, 0, 0, 1};
    b[2] = new int[]{1, 1, 1, 1};
    
    test(a, b);
  }

  
  public static void main(final String[] args) {
    
    test1();
    test2();
  }

}
"
4049,Write to Windows event log,"import java.io.BufferedReader;
import java.io.IOException;
import java.io.InputStream;
import java.io.InputStreamReader;
import java.util.Locale;
import java.util.concurrent.TimeUnit;
import java.util.stream.Collectors;

public class WriteToWindowsEventLog {
    public static void main(String[] args) throws IOException, InterruptedException {
        String osName = System.getProperty(""os.name"").toUpperCase(Locale.ENGLISH);
        if (!osName.startsWith(""WINDOWS"")) {
            System.err.println(""Not windows"");
            return;
        }

        Process process = Runtime.getRuntime().exec(""EventCreate /t INFORMATION /id 123 /l APPLICATION /so Java /d \""Rosetta Code Example\"""");
        process.waitFor(10, TimeUnit.SECONDS);
        int exitValue = process.exitValue();
        System.out.printf(""Process exited with value %d\n"", exitValue);
        if (exitValue != 0) {
            InputStream errorStream = process.getErrorStream();
            String result = new BufferedReader(new InputStreamReader(errorStream))
                .lines()
                .collect(Collectors.joining(""\n""));
            System.err.println(result);
        }
    }
}
"
4072,Random numbers,"double[] list = new double[1000];
double mean = 1.0, std = 0.5;
Random rng = new Random();
for(int i = 0;i<list.length;i++) {
  list[i] = mean + std * rng.nextGaussian();
}
"
4100,Catalan numbers,"import java.math.BigInteger;
import java.util.ArrayList;
import java.util.HashMap;
import java.util.List;
import java.util.Map;

public class CatlanNumbers {

    public static void main(String[] args) {
        Catlan f1 = new Catlan1();
        Catlan f2 = new Catlan2();
        Catlan f3 = new Catlan3();
        System.out.printf(""           Formula 1     Formula 2     Formula 3%n"");
        for ( int n = 0 ; n <= 15 ; n++ ) {
             System.out.printf(""C(%2d) = %,12d  %,12d  %,12d%n"", n, f1.catlin(n), f2.catlin(n), f3.catlin(n));
        }
    }
    
    private static interface Catlan {
        public BigInteger catlin(long n);
    }
    
    private static class Catlan1 implements Catlan {

        
        @Override
        public BigInteger catlin(long n) {
            List<Long> numerator = new ArrayList<>();
            for ( long k = n+2 ; k <= 2*n ; k++ ) {
                numerator.add(k);
            }
            
            List<Long> denominator = new ArrayList<>();
            for ( long k = 2 ; k <= n ; k++ ) {
                denominator.add(k);
            }
            
            for ( int i = numerator.size()-1 ; i >= 0  ; i-- ) {
                for ( int j = denominator.size()-1 ; j >= 0  ; j-- ) {
                    if ( denominator.get(j) == 1 ) {
                        continue;
                    }
                    if ( numerator.get(i) % denominator.get(j) == 0 ) {
                        long val = numerator.get(i) / denominator.get(j);
                        numerator.set(i, val);
                        denominator.remove(denominator.get(j));
                        if ( val == 1 ) {
                            break;
                        }
                    }
                }
            }

            BigInteger catlin = BigInteger.ONE;
            for ( int i = 0 ; i < numerator.size() ; i++ ) {
                catlin = catlin.multiply(BigInteger.valueOf(numerator.get(i)));
            }
            for ( int i = 0 ; i < denominator.size() ; i++ ) {
                catlin = catlin.divide(BigInteger.valueOf(denominator.get(i)));
            }
            return catlin;
        }        
    }
    
    private static class Catlan2 implements Catlan {

        private static Map<Long,BigInteger> CACHE = new HashMap<>();
        static {
            CACHE.put(0L, BigInteger.ONE);
        }
        
        
        @Override
        public BigInteger catlin(long n) {
            if ( CACHE.containsKey(n) ) {
                return CACHE.get(n);
            }
            BigInteger catlin = BigInteger.ZERO;
            n--;
            for ( int i = 0 ; i <= n ; i++ ) {
                
                catlin = catlin.add(catlin(i).multiply(catlin(n-i)));
            }
            CACHE.put(n+1, catlin);
            return catlin;
        }
    }
    
    private static class Catlan3 implements Catlan {

        private static Map<Long,BigInteger> CACHE = new HashMap<>();
        static {
            CACHE.put(0L, BigInteger.ONE);
        }
        
        
        @Override
        public BigInteger catlin(long n) {
            if ( CACHE.containsKey(n) ) {
                return CACHE.get(n);
            }
            BigInteger catlin = BigInteger.valueOf(2).multiply(BigInteger.valueOf(2*n-1)).multiply(catlin(n-1)).divide(BigInteger.valueOf(n+1));
            CACHE.put(n, catlin);
            return catlin;
        }
    }

}
"
4123,Strange unique prime triplets,"import java.util.*;

public class StrangeUniquePrimeTriplets {
    public static void main(String[] args) {
        strangeUniquePrimeTriplets(30, true);
        strangeUniquePrimeTriplets(1000, false);
    }

    private static void strangeUniquePrimeTriplets(int limit, boolean verbose) {
        boolean[] sieve = primeSieve(limit * 3);
        List<Integer> primeList = new ArrayList<>();
        for (int p = 3; p < limit; p += 2) {
            if (sieve[p])
                primeList.add(p);
        }
        int n = primeList.size();
        
        int[] primes = new int[n];
        for (int i = 0; i < n; ++i)
            primes[i] = primeList.get(i);
        int count = 0;
        if (verbose)
            System.out.printf(""Strange unique prime triplets < %d:\n"", limit);
        for (int i = 0; i + 2 < n; ++i) {
            for (int j = i + 1; j + 1 < n; ++j) {
                int s = primes[i] + primes[j];
                for (int k = j + 1; k < n; ++k) {
                    int sum = s + primes[k];
                    if (sieve[sum]) {
                        ++count;
                        if (verbose)
                            System.out.printf(""%2d + %2d + %2d = %2d\n"", primes[i], primes[j], primes[k], sum);
                    }
                }
            }
        }
        System.out.printf(""\nCount of strange unique prime triplets < %d is %d.\n"", limit, count);
    }

    private static boolean[] primeSieve(int limit) {
        boolean[] sieve = new boolean[limit];
        Arrays.fill(sieve, true);
        if (limit > 0)
            sieve[0] = false;
        if (limit > 1)
            sieve[1] = false;
        for (int i = 4; i < limit; i += 2)
            sieve[i] = false;
        for (int p = 3; ; p += 2) {
            int q = p * p;
            if (q >= limit)
                break;
            if (sieve[p]) {
                int inc = 2 * p;
                for (; q < limit; q += inc)
                    sieve[q] = false;
            }
        }
        return sieve;
    }
}
"
4172,First 9 prime Fibonacci number,"import java.math.BigInteger;

public class PrimeFibonacciGenerator {
    private PrimeGenerator primeGen = new PrimeGenerator(10000, 200000);
    private BigInteger f0 = BigInteger.ZERO;
    private BigInteger f1 = BigInteger.ONE;
    private int index = 0;

    public static void main(String[] args) {
        PrimeFibonacciGenerator gen = new PrimeFibonacciGenerator();
        long start = System.currentTimeMillis();
        for (int i = 1; i <= 26; ++i) {
            BigInteger f = gen.next();
            System.out.printf(""%d: F(%d) = %s\n"", i, gen.index - 1, toString(f));
        }
        long finish = System.currentTimeMillis();
        System.out.printf(""elapsed time: %g seconds\n"", (finish - start)/1000.0);
    }

    private PrimeFibonacciGenerator() {
        for (int i = 0; i < 2; ++i)
            primeGen.nextPrime();
    }

    private BigInteger next() {
        for (;;) {
            if (index > 4) {
                int p = primeGen.nextPrime();
                for (; p > index; ++index)
                    nextFibonacci();
            }
            ++index;
            BigInteger f = nextFibonacci();
            if (f.isProbablePrime(30))
                return f;
        }
    }

    private BigInteger nextFibonacci() {
        BigInteger result = f0;
        BigInteger f = f0.add(f1);
        f0 = f1;
        f1 = f;
        return result;
    }

    private static String toString(BigInteger f) {
        String str = f.toString();
        if (str.length() > 40) {
            StringBuilder s = new StringBuilder(str.substring(0, 20));
            s.append(""..."");
            s.append(str.substring(str.length() - 20));
            s.append("" ("");
            s.append(str.length());
            s.append("" digits)"");
            str = s.toString();
        }
        return str;
    }
}
"
4195,Narcissist,"import java.io.BufferedReader;
import java.io.IOException;
import java.io.InputStreamReader;

public class Narcissist {
    private static final String SOURCE = ""import java.io.BufferedReader;%nimport java.io.IOException;%nimport java.io.InputStreamReader;%n%npublic class Narcissist {%n    private static final String SOURCE = %c%s%c;%n    private static final char QUOTE = 0x22;%n%n    public static void main(String[] args) throws IOException {%n        BufferedReader br = new BufferedReader(new InputStreamReader(System.in));%n        StringBuilder sb = new StringBuilder();%n%n        while (true) {%n            String line = br.readLine();%n            if (null == line) break;%n            sb.append(line).append(System.lineSeparator());%n        }%n%n        String program = String.format(SOURCE, QUOTE, SOURCE, QUOTE, QUOTE, QUOTE, QUOTE, QUOTE);%n        if (program.equals(sb.toString())) {%n            System.out.println(%caccept%c);%n        } else {%n            System.out.println(%creject%c);%n        }%n    }%n}%n"";
    private static final char QUOTE = 0x22;

    public static void main(String[] args) throws IOException {
        BufferedReader br = new BufferedReader(new InputStreamReader(System.in));
        StringBuilder sb = new StringBuilder();

        while (true) {
            String line = br.readLine();
            if (null == line) break;
            sb.append(line).append(System.lineSeparator());
        }

        String program = String.format(SOURCE, QUOTE, SOURCE, QUOTE, QUOTE, QUOTE, QUOTE, QUOTE);
        if (program.equals(sb.toString())) {
            System.out.println(""accept"");
        } else {
            System.out.println(""reject"");
        }
    }
}
"
4208,Snake and ladder,"import java.util.Map;
import java.util.Random;

public class Game {
    private static final Map<Integer, Integer> snl = Map.ofEntries(
        Map.entry(4, 14),
        Map.entry(9, 31),
        Map.entry(17, 7),
        Map.entry(20, 38),
        Map.entry(28, 84),
        Map.entry(40, 59),
        Map.entry(51, 67),
        Map.entry(54, 34),
        Map.entry(62, 19),
        Map.entry(63, 81),
        Map.entry(64, 60),
        Map.entry(71, 91),
        Map.entry(87, 24),
        Map.entry(93, 73),
        Map.entry(95, 75),
        Map.entry(99, 78)
    );
    private static final boolean sixesThrowAgain = true;
    private static Random rand = new Random();

    private static int turn(int player, int square) {
        int square2 = square;
        while (true) {
            int roll = rand.nextInt(6) + 1;
            System.out.printf(""Player %d, on square %d, rolls a %d"", player, square2, roll);
            if (square2 + roll > 100) {
                System.out.println("" but cannot move."");
            } else {
                square2 += roll;
                System.out.printf("" and moves to square %d\n"", square2);
                if (square2 == 100) return 100;
                Integer next = snl.getOrDefault(square2, square2);
                if (square2 < next) {
                    System.out.printf(""Yay! Landed on a ladder. Climb up to %d.\n"", next);
                    if (next == 100) return 100;
                    square2 = next;
                } else if (square2 > next) {
                    System.out.printf(""Oops! Landed on a snake. Slither down to %d.\n"", next);
                    square2 = next;
                }
            }
            if (roll < 6 || !sixesThrowAgain) return square2;
            System.out.println(""Rolled a 6 so roll again."");
        }
    }

    public static void main(String[] args) {
        
        int[] players = {1, 1, 1};
        while (true) {
            for (int i = 0; i < players.length; ++i) {
                int ns = turn(i + 1, players[i]);
                if (ns == 100) {
                    System.out.printf(""Player %d wins!\n"", i + 1);
                    return;
                }
                players[i] = ns;
                System.out.println();
            }
        }
    }
}
"
4251,Text processing_Max licenses in use,"import java.io.BufferedReader;
import java.io.FileNotFoundException;
import java.io.FileReader;
import java.io.IOException;
import java.util.LinkedList;

public class License {
  public static void main(String[] args) throws FileNotFoundException, IOException{
    BufferedReader in = new BufferedReader(new FileReader(args[0]));
    int max = Integer.MIN_VALUE;
    LinkedList<String> dates = new LinkedList<String>();
    String line;
    int count = 0;
    while((line = in.readLine()) != null){
      if(line.startsWith(""License OUT "")) count++;
      if(line.startsWith(""License IN "")) count--;
      if(count > max){
        max = count;
        String date = line.split("" "")[3];
        dates.clear();
        dates.add(date);
      }else if(count == max){
        String date = line.split("" "")[3];
        dates.add(date);
      }
    }
    System.out.println(""Max licenses out: ""+max);
    System.out.println(""At time(s): ""+dates);
  }
}
"
4277,String append,"String sa = ""Hello"";
sa += "", World!"";
System.out.println(sa);

StringBuilder ba = new StringBuilder();
ba.append(""Hello"");
ba.append("", World!"");
System.out.println(ba.toString());
"
4304,Lah numbers,"import java.math.BigInteger;
import java.util.HashMap;
import java.util.Map;

public class LahNumbers {

    public static void main(String[] args) {
        System.out.println(""Show the unsigned Lah numbers up to n = 12:"");
        for ( int n = 0 ; n <= 12 ; n++ ) {
            System.out.printf(""%5s"", n);
            for ( int k = 0 ; k <= n ; k++ ) {
                System.out.printf(""%12s"", lahNumber(n, k));
            }
            System.out.printf(""%n"");
        }
        
        System.out.println(""Show the maximum value of L(100, k):"");
        int n = 100;
        BigInteger max = BigInteger.ZERO;
        for ( int k = 0 ; k <= n ; k++ ) {
            max = max.max(lahNumber(n, k));
        }
        System.out.printf(""%s"", max);
    }
    
    private static Map<String,BigInteger> CACHE = new HashMap<>();
    
    private static BigInteger lahNumber(int n, int k) {
        String key = n + "","" + k;
        if ( CACHE.containsKey(key) ) {
            return CACHE.get(key);
        }
        
        
        BigInteger result;
        if ( n == 0 && k == 0 ) {
            result = BigInteger.ONE;
        }
        else if ( k == 0 ) {
            result = BigInteger.ZERO;
        }
        else if ( k > n ) {
            result = BigInteger.ZERO;
        }
        else if ( n == 1 && k == 1 ) {
            result = BigInteger.ONE;
        }
        else {
            result = BigInteger.valueOf(n-1+k).multiply(lahNumber(n-1,k)).add(lahNumber(n-1,k-1));
        }
        
        CACHE.put(key, result);
        
        return result;
    }

}
"
4342,Solve a Hidato puzzle,"import java.util.ArrayList;
import java.util.Collections;
import java.util.List;

public class Hidato {

    private static int[][] board;
    private static int[] given, start;

    public static void main(String[] args) {
        String[] input = {""_ 33 35 _ _ . . ."",
            ""_ _ 24 22 _ . . ."",
            ""_ _ _ 21 _ _ . ."",
            ""_ 26 _ 13 40 11 . ."",
            ""27 _ _ _ 9 _ 1 ."",
            "". . _ _ 18 _ _ ."",
            "". . . . _ 7 _ _"",
            "". . . . . . 5 _""};

        setup(input);
        printBoard();
        System.out.println(""\nFound:"");
        solve(start[0], start[1], 1, 0);
        printBoard();
    }

    private static void setup(String[] input) {
        

        String[][] puzzle = new String[input.length][];
        for (int i = 0; i < input.length; i++)
            puzzle[i] = input[i].split("" "");

        int nCols = puzzle[0].length;
        int nRows = puzzle.length;

        List<Integer> list = new ArrayList<>(nRows * nCols);

        board = new int[nRows + 2][nCols + 2];
        for (int[] row : board)
            for (int c = 0; c < nCols + 2; c++)
                row[c] = -1;

        for (int r = 0; r < nRows; r++) {
            String[] row = puzzle[r];
            for (int c = 0; c < nCols; c++) {
                String cell = row[c];
                switch (cell) {
                    case ""_"":
                        board[r + 1][c + 1] = 0;
                        break;
                    case ""."":
                        break;
                    default:
                        int val = Integer.parseInt(cell);
                        board[r + 1][c + 1] = val;
                        list.add(val);
                        if (val == 1)
                            start = new int[]{r + 1, c + 1};
                }
            }
        }
        Collections.sort(list);
        given = new int[list.size()];
        for (int i = 0; i < given.length; i++)
            given[i] = list.get(i);
    }

    private static boolean solve(int r, int c, int n, int next) {
        if (n > given[given.length - 1])
            return true;

        if (board[r][c] != 0 && board[r][c] != n)
            return false;

        if (board[r][c] == 0 && given[next] == n)
            return false;

        int back = board[r][c];
        if (back == n)
            next++;

        board[r][c] = n;
        for (int i = -1; i < 2; i++)
            for (int j = -1; j < 2; j++)
                if (solve(r + i, c + j, n + 1, next))
                    return true;

        board[r][c] = back;
        return false;
    }

    private static void printBoard() {
        for (int[] row : board) {
            for (int c : row) {
                if (c == -1)
                    System.out.print("" . "");
                else
                    System.out.printf(c > 0 ? ""%2d "" : ""__ "", c);
            }
            System.out.println();
        }
    }
}
"
4375,The Name Game,"import java.util.stream.Stream;

public class NameGame {
    private static void printVerse(String name) {
        StringBuilder sb = new StringBuilder(name.toLowerCase());
        sb.setCharAt(0, Character.toUpperCase(sb.charAt(0)));
        String x = sb.toString();
        String y = ""AEIOU"".indexOf(x.charAt(0)) > -1 ? x.toLowerCase() : x.substring(1);
        String b = ""b"" + y;
        String f = ""f"" + y;
        String m = ""m"" + y;
        switch (x.charAt(0)) {
            case 'B':
                b = y;
                break;
            case 'F':
                f = y;
                break;
            case 'M':
                m = y;
                break;
            default:
                
                break;
        }
        System.out.printf(""%s, %s, bo-%s\n"", x, x, b);
        System.out.printf(""Banana-fana fo-%s\n"", f);
        System.out.printf(""Fee-fi-mo-%s\n"", m);
        System.out.printf(""%s!\n\n"", x);
    }

    public static void main(String[] args) {
        Stream.of(""Gary"", ""Earl"", ""Billy"", ""Felix"", ""Mary"", ""Steve"").forEach(NameGame::printVerse);
    }
}
"
4417,Imaginary base numbers,"public class ImaginaryBaseNumber {
    private static class Complex {
        private Double real, imag;

        public Complex(double r, double i) {
            this.real = r;
            this.imag = i;
        }

        public Complex(int r, int i) {
            this.real = (double) r;
            this.imag = (double) i;
        }

        public Complex add(Complex rhs) {
            return new Complex(
                real + rhs.real,
                imag + rhs.imag
            );
        }

        public Complex times(Complex rhs) {
            return new Complex(
                real * rhs.real - imag * rhs.imag,
                real * rhs.imag + imag * rhs.real
            );
        }

        public Complex times(double rhs) {
            return new Complex(
                real * rhs,
                imag * rhs
            );
        }

        public Complex inv() {
            double denom = real * real + imag * imag;
            return new Complex(
                real / denom,
                -imag / denom
            );
        }

        public Complex unaryMinus() {
            return new Complex(-real, -imag);
        }

        public Complex divide(Complex rhs) {
            return this.times(rhs.inv());
        }

        
        public QuaterImaginary toQuaterImaginary() {
            if (real == 0.0 && imag == 0.0) return new QuaterImaginary(""0"");
            int re = real.intValue();
            int im = imag.intValue();
            int fi = -1;
            StringBuilder sb = new StringBuilder();
            while (re != 0) {
                int rem = re % -4;
                re /= -4;
                if (rem < 0) {
                    rem += 4;
                    re++;
                }
                sb.append(rem);
                sb.append(0);
            }
            if (im != 0) {
                Double f = new Complex(0.0, imag).divide(new Complex(0.0, 2.0)).real;
                im = ((Double) Math.ceil(f)).intValue();
                f = -4.0 * (f - im);
                int index = 1;
                while (im != 0) {
                    int rem = im % -4;
                    im /= -4;
                    if (rem < 0) {
                        rem += 4;
                        im++;
                    }
                    if (index < sb.length()) {
                        sb.setCharAt(index, (char) (rem + 48));
                    } else {
                        sb.append(0);
                        sb.append(rem);
                    }
                    index += 2;
                }
                fi = f.intValue();
            }
            sb.reverse();
            if (fi != -1) sb.append(""."").append(fi);
            while (sb.charAt(0) == '0') sb.deleteCharAt(0);
            if (sb.charAt(0) == '.') sb.insert(0, '0');
            return new QuaterImaginary(sb.toString());
        }

        @Override
        public String toString() {
            double real2 = real == -0.0 ? 0.0 : real;  
            double imag2 = imag == -0.0 ? 0.0 : imag;  
            String result = imag2 >= 0.0 ? String.format(""%.0f + %.0fi"", real2, imag2) : String.format(""%.0f - %.0fi"", real2, -imag2);
            result = result.replace("".0 "", "" "").replace("".0i"", ""i"").replace("" + 0i"", """");
            if (result.startsWith(""0 + "")) result = result.substring(4);
            if (result.startsWith(""0 - "")) result = result.substring(4);
            return result;
        }
    }

    private static class QuaterImaginary {
        private static final Complex TWOI = new Complex(0.0, 2.0);
        private static final Complex INVTWOI = TWOI.inv();

        private String b2i;

        public QuaterImaginary(String b2i) {
            if (b2i.equals("""") || !b2i.chars().allMatch(c -> ""0123."".indexOf(c) > -1) || b2i.chars().filter(c -> c == '.').count() > 1) {
                throw new RuntimeException(""Invalid Base 2i number"");
            }
            this.b2i = b2i;
        }

        public Complex toComplex() {
            int pointPos = b2i.indexOf(""."");
            int posLen = pointPos != -1 ? pointPos : b2i.length();
            Complex sum = new Complex(0, 0);
            Complex prod = new Complex(1, 0);

            for (int j = 0; j < posLen; ++j) {
                double k = b2i.charAt(posLen - 1 - j) - '0';
                if (k > 0.0) sum = sum.add(prod.times(k));
                prod = prod.times(TWOI);
            }
            if (pointPos != -1) {
                prod = INVTWOI;
                for (int j = posLen + 1; j < b2i.length(); ++j) {
                    double k = b2i.charAt(j) - '0';
                    if (k > 0.0) sum = sum.add(prod.times(k));
                    prod = prod.times(INVTWOI);
                }
            }

            return sum;
        }

        @Override
        public String toString() {
            return b2i;
        }
    }

    public static void main(String[] args) {
        String fmt = ""%4s -> %8s -> %4s"";
        for (int i = 1; i <= 16; ++i) {
            Complex c1 = new Complex(i, 0);
            QuaterImaginary qi = c1.toQuaterImaginary();
            Complex c2 = qi.toComplex();
            System.out.printf(fmt + ""     "", c1, qi, c2);
            c1 = c2.unaryMinus();
            qi = c1.toQuaterImaginary();
            c2 = qi.toComplex();
            System.out.printf(fmt, c1, qi, c2);
            System.out.println();
        }
        System.out.println();
        for (int i = 1; i <= 16; ++i) {
            Complex c1 = new Complex(0, i);
            QuaterImaginary qi = c1.toQuaterImaginary();
            Complex c2 = qi.toComplex();
            System.out.printf(fmt + ""     "", c1, qi, c2);
            c1 = c2.unaryMinus();
            qi = c1.toQuaterImaginary();
            c2 = qi.toComplex();
            System.out.printf(fmt, c1, qi, c2);
            System.out.println();
        }
    }
}
"
4444,N-queens problem,"public class NQueens {

  private static int[] b = new int[8];
  private static int s = 0;

  static boolean unsafe(int y) {
    int x = b[y];
    for (int i = 1; i <= y; i++) {
      int t = b[y - i];
      if (t == x ||
          t == x - i ||
          t == x + i) {
        return true;
      }
    }

    return false;
  }

  public static void putboard() {
    System.out.println(""\n\nSolution "" + (++s));
    for (int y = 0; y < 8; y++) {
      for (int x = 0; x < 8; x++) {
        System.out.print((b[y] == x) ? ""|Q"" : ""|_"");
      }
      System.out.println(""|"");
    }
  }

  public static void main(String[] args) {
    int y = 0;
    b[0] = -1;
    while (y >= 0) {
      do {
        b[y]++;
      } while ((b[y] < 8) && unsafe(y));
      if (b[y] < 8) {
        if (y < 7) {
          b[++y] = -1;
        } else {
          putboard();
        }
      } else {
        y--;
      }
    }
  }
}
"
4505,Abundant odd numbers,"import java.util.ArrayList;
import java.util.List;

public class AbundantOddNumbers {
    private static List<Integer> list = new ArrayList<>();
    private static List<Integer> result = new ArrayList<>();

    public static void main(String[] args) {
        System.out.println(""First 25: "");
        abundantOdd(1,100000, 25, false);

        System.out.println(""\n\nThousandth: "");
        abundantOdd(1,2500000, 1000, true);

        System.out.println(""\n\nFirst over 1bn:""); 
        abundantOdd(1000000001, 2147483647, 1, false);
    }
    private static void abundantOdd(int start, int finish, int listSize, boolean printOne) {
        for (int oddNum = start; oddNum < finish; oddNum += 2) {
            list.clear();
            for (int toDivide = 1; toDivide < oddNum; toDivide+=2) {
                if (oddNum % toDivide == 0)
                    list.add(toDivide);
            }
            if (sumList(list) > oddNum) {
                if(!printOne)
                    System.out.printf(""%5d <= %5d \n"",oddNum, sumList(list) );
                result.add(oddNum);
            }
            if(printOne && result.size() >= listSize)
                System.out.printf(""%5d <= %5d \n"",oddNum, sumList(list) );

            if(result.size() >= listSize) break;
        }
    }
    private static int sumList(List list) {
        int sum = 0;
        for (int i = 0; i < list.size(); i++) {
            String temp = list.get(i).toString();
            sum += Integer.parseInt(temp);
        }
        return sum;
    }
}
"
4537,Deepcopy,"import java.io.ByteArrayInputStream;
import java.io.ByteArrayOutputStream;
import java.io.ObjectInputStream;
import java.io.ObjectOutputStream;
import java.io.Serializable;

public class DeepCopy {

    public static void main(String[] args) {
        Person p1 = new Person(""Clark"", ""Kent"", new Address(""1 World Center"", ""Metropolis"", ""NY"", ""010101""));
        Person p2 = p1;
        
        System.out.printf(""Demonstrate shallow copy.  Both are the same object.%n"");
        System.out.printf(""Person p1 = %s%n"", p1);
        System.out.printf(""Person p2 = %s%n"", p2);
        System.out.printf(""Set city on person 2.  City on both objects is changed.%n"");
        p2.getAddress().setCity(""New York"");
        System.out.printf(""Person p1 = %s%n"", p1);
        System.out.printf(""Person p2 = %s%n"", p2);
        
        p1 = new Person(""Clark"", ""Kent"", new Address(""1 World Center"", ""Metropolis"", ""NY"", ""010101""));
        p2 = new Person(p1);
        System.out.printf(""%nDemonstrate copy constructor.  Object p2 is a deep copy of p1.%n"");
        System.out.printf(""Person p1 = %s%n"", p1);
        System.out.printf(""Person p2 = %s%n"", p2);
        System.out.printf(""Set city on person 2.  City on objects is different.%n"");
        p2.getAddress().setCity(""New York"");
        System.out.printf(""Person p1 = %s%n"", p1);
        System.out.printf(""Person p2 = %s%n"", p2);

        p2 = (Person) deepCopy(p1);
        System.out.printf(""%nDemonstrate serialization.  Object p2 is a deep copy of p1.%n"");
        System.out.printf(""Person p1 = %s%n"", p1);
        System.out.printf(""Person p2 = %s%n"", p2);
        System.out.printf(""Set city on person 2.  City on objects is different.%n"");
        p2.getAddress().setCity(""New York"");
        System.out.printf(""Person p1 = %s%n"", p1);
        System.out.printf(""Person p2 = %s%n"", p2);
        
        p2 = (Person) p1.clone();
        System.out.printf(""%nDemonstrate cloning.  Object p2 is a deep copy of p1.%n"");
        System.out.printf(""Person p1 = %s%n"", p1);
        System.out.printf(""Person p2 = %s%n"", p2);
        System.out.printf(""Set city on person 2.  City on objects is different.%n"");
        p2.getAddress().setCity(""New York"");
        System.out.printf(""Person p1 = %s%n"", p1);
        System.out.printf(""Person p2 = %s%n"", p2);
    }

    
    private static Object deepCopy(Object object) {
        try {
            ByteArrayOutputStream outputStream = new ByteArrayOutputStream();
            ObjectOutputStream outputStrm = new ObjectOutputStream(outputStream);
            outputStrm.writeObject(object);
            ByteArrayInputStream inputStream = new ByteArrayInputStream(outputStream.toByteArray());
            ObjectInputStream objInputStream = new ObjectInputStream(inputStream);
            return objInputStream.readObject();
        }
        catch (Exception e) {
            e.printStackTrace();
            return null;
        }
    }
    
    public static class Address implements Serializable, Cloneable {

        private static final long serialVersionUID = -7073778041809445593L;

        private String street;
        private String city;
        private String state;
        private String postalCode;
        public String getStreet() {
            return street;
        }
        public String getCity() {
            return city;
        }
        public void setCity(String city) {
            this.city = city;
        }
        public String getState() {
            return state;
        }
        public String getPostalCode() {
            return postalCode;
        }
        
        @Override
        public String toString() {
            return ""[street="" + street + "", city="" + city + "", state="" + state + "", code="" + postalCode + ""]"";
        }
        
        public Address(String s, String c, String st, String p) {
            street = s;
            city = c;
            state = st;
            postalCode = p;
        }
        
        
        public Address(Address add) {
            street    = add.street;
            city       = add.city;
            state      = add.state;
            postalCode = add.postalCode;
        }
        
        
        @Override
        public Object clone() {
            return new Address(this);
        }
        
    }
    
    public static class Person implements Serializable, Cloneable {
        private static final long serialVersionUID = -521810583786595050L;
        private String firstName;
        private String lastName;
        private Address address;
        public String getFirstName() {
            return firstName;
        }
        public String getLastName() {
            return lastName;
        }
        public Address getAddress() {
            return address;
        }

        @Override
        public String toString() {
            return ""[first name="" + firstName + "", last name="" + lastName + "", address="" + address + ""]"";
        }

        public Person(String fn, String ln, Address add) {
            firstName = fn;
            lastName = ln;
            address = add;
        }
        
        
        public Person(Person person) {
            firstName = person.firstName;
            lastName = person.lastName;
            address = new Address(person.address);  
        }
        
        
        @Override
        public Object clone() {
            return new Person(this);
        }
    }
}
"
4644,Continued fraction,"import static java.lang.Math.pow;
import java.util.*;
import java.util.function.Function;

public class Test {
    static double calc(Function<Integer, Integer[]> f, int n) {
        double temp = 0;

        for (int ni = n; ni >= 1; ni--) {
            Integer[] p = f.apply(ni);
            temp = p[1] / (double) (p[0] + temp);
        }
        return f.apply(0)[0] + temp;
    }

    public static void main(String[] args) {
        List<Function<Integer, Integer[]>> fList = new ArrayList<>();
        fList.add(n -> new Integer[]{n > 0 ? 2 : 1, 1});
        fList.add(n -> new Integer[]{n > 0 ? n : 2, n > 1 ? (n - 1) : 1});
        fList.add(n -> new Integer[]{n > 0 ? 6 : 3, (int) pow(2 * n - 1, 2)});

        for (Function<Integer, Integer[]> f : fList)
            System.out.println(calc(f, 200));
    }
}
"
4687,Permuted multiples,"import java.util.*;

public class PermutedMultiples {
    public static void main(String[] args) {
        for (int p = 100; ; p *= 10) {
            int max = (p * 10) / 6;
            for (int n = p + 2; n <= max; n += 3) {
                if (sameDigits(n)) {
                    System.out.printf("" n = %d\n"", n);
                    for (int i = 2; i <= 6; ++i)
                        System.out.printf(""%dn = %d\n"", i, n * i);
                    return;
                }
            }
        }
    }

    
    private static boolean sameDigits(int n) {
        int[] digits = getDigits(n);
        for (int i = 0, m = n; i < 5; ++i) {
            m += n;
            if (!Arrays.equals(getDigits(m), digits))
                return false;
        }
        return true;
    }

    private static int[] getDigits(int n) {
        int[] digits = new int[10];
        do {
            ++digits[n % 10];
            n /= 10;
        } while (n > 0);
        return digits;
    }
}
"
4700,Length of an arc between two angles,"public static double arcLength(double r, double a1, double a2){
    return (360.0 - Math.abs(a2-a1))*Math.PI/180.0 * r;
}
"
4712,World Cup group stage,"import java.util.Arrays;
 
public class GroupStage{
    
    static String[] games = {""12"", ""13"", ""14"", ""23"", ""24"", ""34""};
    static String results = ""000000"";

    private static boolean nextResult(){
        if(results.equals(""222222"")) return false;
        int res = Integer.parseInt(results, 3) + 1;
        results = Integer.toString(res, 3);
        while(results.length() < 6) results = ""0"" + results;	
        return true;
    }

    public static void main(String[] args){
        int[][] points = new int[4][10]; 		
        do{
            int[] records = {0,0,0,0};
            for(int i = 0; i < 6; i++){
                switch(results.charAt(i)){
                    case '2': records[games[i].charAt(0) - '1'] += 3; break;    
                    case '1':                                                   
                        records[games[i].charAt(0) - '1']++;
                        records[games[i].charAt(1) - '1']++;
                        break;
                    case '0': records[games[i].charAt(1) - '1'] += 3; break;    
                }
            }
            Arrays.sort(records);	
            points[0][records[0]]++;
            points[1][records[1]]++;
            points[2][records[2]]++;
            points[3][records[3]]++;
        }while(nextResult());
        System.out.println(""First place: "" + Arrays.toString(points[3]));
        System.out.println(""Second place: "" + Arrays.toString(points[2]));
        System.out.println(""Third place: "" + Arrays.toString(points[1]));
        System.out.println(""Fourth place: "" + Arrays.toString(points[0]));
    }
}
"
4739,Semordnilap,"import java.nio.file.*;
import java.util.*;

public class Semordnilap {

    public static void main(String[] args) throws Exception {
        List<String> lst = Files.readAllLines(Paths.get(""unixdict.txt""));
        Set<String> seen = new HashSet<>();
        int count = 0;
        for (String w : lst) {
            w = w.toLowerCase();
            String r = new StringBuilder(w).reverse().toString();
            if (seen.contains(r)) {
                if (count++ < 5)
                    System.out.printf(""%-10s %-10s\n"", w, r);
            } else seen.add(w);
        }
        System.out.println(""\nSemordnilap pairs found: "" + count);
    }
}
"
4775,Factorial,"module ShowFactorials
    {
    static <Value extends IntNumber> Value factorial(Value n)
        {
        assert:arg n >= Value.zero();
        return n <= Value.one() ? n : n * factorial(n-Value.one());
        }

    @Inject Console console;
    void run()
        {
        
        UInt128 bigNum = 34;
        console.print($""factorial({bigNum})={factorial(bigNum)}"");

        
        for (Int i : 10..-1)
            {
            console.print($""factorial({i})={factorial(i)}"");
            }
        }
    }
"
4803,String prepend,"
public class Prepend {
    public static void main(String[] args) {
        StringBuilder sb = new StringBuilder(""world"");
        sb.insert(0, ""Hello, "");
        System.out.println(sb);
    }
}
"
4829,Successive prime differences,"import java.util.ArrayList;
import java.util.Arrays;
import java.util.List;

public class SuccessivePrimeDifferences {
    private static Integer[] sieve(int limit) {
        List<Integer> primes = new ArrayList<>();
        primes.add(2);
        boolean[] c = new boolean[limit + 1];
        
        int p = 3;
        while (true) {
            int p2 = p * p;
            if (p2 > limit) {
                break;
            }
            for (int i = p2; i <= limit; i += 2 * p) {
                c[i] = true;
            }
            do {
                p += 2;
            } while (c[p]);
        }
        for (int i = 3; i <= limit; i += 2) {
            if (!c[i]) {
                primes.add(i);
            }
        }

        return primes.toArray(new Integer[0]);
    }

    private static List<List<Integer>> successivePrimes(Integer[] primes, Integer[] diffs) {
        List<List<Integer>> results = new ArrayList<>();
        int dl = diffs.length;
        outer:
        for (int i = 0; i < primes.length - dl; i++) {
            Integer[] group = new Integer[dl + 1];
            group[0] = primes[i];
            for (int j = i; j < i + dl; ++j) {
                if (primes[j + 1] - primes[j] != diffs[j - i]) {
                    continue outer;
                }
                group[j - i + 1] = primes[j + 1];
            }
            results.add(Arrays.asList(group));
        }
        return results;
    }

    public static void main(String[] args) {
        Integer[] primes = sieve(999999);
        Integer[][] diffsList = {{2}, {1}, {2, 2}, {2, 4}, {4, 2}, {6, 4, 2}};
        System.out.println(""For primes less than 1,000,000:-\n"");
        for (Integer[] diffs : diffsList) {
            System.out.printf(""  For differences of %s ->\n"", Arrays.toString(diffs));
            List<List<Integer>> sp = successivePrimes(primes, diffs);
            if (sp.isEmpty()) {
                System.out.println(""    No groups found"");
                continue;
            }
            System.out.printf(""    First group   = %s\n"", Arrays.toString(sp.get(0).toArray(new Integer[0])));
            System.out.printf(""    Last group    = %s\n"", Arrays.toString(sp.get(sp.size() - 1).toArray(new Integer[0])));
            System.out.printf(""    Number found  = %d\n"", sp.size());
            System.out.println();
        }
    }
}
"
4853,Menu,"public static String select(List<String> list, String prompt){
    if(list.size() == 0) return """";
    Scanner sc = new Scanner(System.in);
    String ret = null;
    do{
        for(int i=0;i<list.size();i++){
            System.out.println(i + "": ""+list.get(i));
        }
        System.out.print(prompt);
        int index = sc.nextInt();
        if(index >= 0 && index < list.size()){
            ret = list.get(index);
        }
    }while(ret == null);
    return ret;
}
"
4883,Subtractive generator,"import java.util.function.IntSupplier;
import static java.util.stream.IntStream.generate;

public class SubtractiveGenerator implements IntSupplier {
    static final int MOD = 1_000_000_000;
    private int[] state = new int[55];
    private int si, sj;

    public SubtractiveGenerator(int p1) {
        subrandSeed(p1);
    }

    void subrandSeed(int p1) {
        int p2 = 1;

        state[0] = p1 % MOD;
        for (int i = 1, j = 21; i < 55; i++, j += 21) {
            if (j >= 55)
                j -= 55;
            state[j] = p2;
            if ((p2 = p1 - p2) < 0)
                p2 += MOD;
            p1 = state[j];
        }

        si = 0;
        sj = 24;
        for (int i = 0; i < 165; i++)
            getAsInt();
    }

    @Override
    public int getAsInt() {
        if (si == sj)
            subrandSeed(0);

        if (si-- == 0)
            si = 54;
        if (sj-- == 0)
            sj = 54;

        int x = state[si] - state[sj];
        if (x < 0)
            x += MOD;

        return state[si] = x;
    }

    public static void main(String[] args) {
        generate(new SubtractiveGenerator(292_929)).limit(10)
                .forEach(System.out::println);
    }
}
"
4902,Kernighans large earthquake problem,"import java.io.BufferedReader;
import java.io.FileReader;

public class KernighansLargeEarthquakeProblem {

    public static void main(String[] args) throws Exception {
        try (BufferedReader reader  = new BufferedReader(new FileReader(""data.txt"")); ) {
            String inLine = null;
            while ( (inLine = reader.readLine()) != null ) {
                String[] split = inLine.split(""\\s+"");
                double magnitude = Double.parseDouble(split[2]);
                if ( magnitude > 6 ) {
                    System.out.println(inLine);
                }
            }
        }

    }

}
"
4942,Calculating the value of e,"public class CalculateE {
    public static final double EPSILON = 1.0e-15;

    public static void main(String[] args) {
        long fact = 1;
        double e = 2.0;
        int n = 2;
        double e0;
        do {
            e0 = e;
            fact *= n++;
            e += 1.0 / fact;
        } while (Math.abs(e - e0) >= EPSILON);
        System.out.printf(""e = %.15f\n"", e);
    }
}
"
4981,Password generator,"import java.util.*;

public class PasswordGenerator {
    final static Random rand = new Random();

    public static void main(String[] args) {
        int num, len;

        try {
            if (args.length != 2)
                throw new IllegalArgumentException();

            len = Integer.parseInt(args[0]);
            if (len < 4 || len > 16)
                throw new IllegalArgumentException();

            num = Integer.parseInt(args[1]);
            if (num < 1 || num > 10)
                throw new IllegalArgumentException();

            for (String pw : generatePasswords(num, len))
                System.out.println(pw);

        } catch (IllegalArgumentException e) {
            String s = ""Provide the length of the passwords (min 4, max 16) you ""
                    + ""want to generate,\nand how many (min 1, max 10)"";
            System.out.println(s);
        }
    }

    private static List<String> generatePasswords(int num, int len) {
        final String s = ""!\""#$%&'()*+,-./:;<=>?@[]^_{|}~"";

        List<String> result = new ArrayList<>();

        for (int i = 0; i < num; i++) {
            StringBuilder sb = new StringBuilder();
            sb.append(s.charAt(rand.nextInt(s.length())));
            sb.append((char) (rand.nextInt(10) + '0'));
            sb.append((char) (rand.nextInt(26) + 'a'));
            sb.append((char) (rand.nextInt(26) + 'A'));

            for (int j = 4; j < len; j++) {
                int r = rand.nextInt(93) + '!';
                if (r == 92 || r == 96) {
                    j--;
                } else {
                    sb.append((char) r);
                }
            }
            result.add(shuffle(sb));
        }
        return result;
    }

    public static String shuffle(StringBuilder sb) {
        int len = sb.length();
        for (int i = len - 1; i > 0; i--) {
            int r = rand.nextInt(i);
            char tmp = sb.charAt(i);
            sb.setCharAt(i, sb.charAt(r));
            sb.setCharAt(r, tmp);
        }
        return sb.toString();
    }
}
"
5004,Exceptions_Catch an exception thrown in a nested call,"class U0 extends Exception { }
class U1 extends Exception { }

public class ExceptionsTest {
    public static void foo() throws U1 {
        for (int i = 0; i <= 1; i++) {
            try {
                bar(i);
            } catch (U0 e) {
                System.out.println(""Function foo caught exception U0"");
            }
        }
    }

    public static void bar(int i) throws U0, U1 {
        baz(i); 
    }

    public static void baz(int i) throws U0, U1 {
        if (i == 0)
            throw new U0();
        else
            throw new U1();
    }

    public static void main(String[] args) throws U1 {
        foo();
    }
}
"
5023,JSON,"



grammar JSON ;
@members {
String Indent = """";
}
Number	:	(('0')|('-'? ('1'..'9') ('0'..'9')*)) ('.' ('0'..'9')+)? (('e'|'E') ('+'|'-')? ('0'..'9')+)?;
WS	:	(' ' | '\t' | '\r' |'\n') {skip();};
Tz	:	' ' .. '!' | '#' .. '[' | ']' .. '~';
Control	:	'\\' ('""'|'\\'|'/'|'b'|'f'|'n'|'r'|'t'|UCode);
UCode	:	'u' ('0'..'9'|'a'..'f'|'A'..'F') ('0'..'9'|'a'..'f'|'A'..'F') ('0'..'9'|'a'..'f'|'A'..'F') ('0'..'9'|'a'..'f'|'A'..'F');
Keyword	:	'true' | 'false' | 'null';
String	:	'""' (Control? Tz)* '""';
object	:       '{' {System.out.println(Indent + ""{Object}""); Indent += ""    "";} (pair (',' pair*)*)? '}' {Indent = Indent.substring(4);};
pair	:	e = String {System.out.println(Indent + ""{Property}\t"" + $e.text);} ':' value;
value	:	Number             {System.out.println(Indent + ""{Number}  \t"" + $Number.text);}
	|	object
	|	String             {System.out.println(Indent + ""{String}  \t"" + $String.text);}
	|	Keyword            {System.out.println(Indent + ""{Keyword} \t"" + $Keyword.text);}
	|	array;
array	:	'[' {System.out.println(Indent + ""Array""); Indent += ""    "";} (value (',' value)*)? ']' {Indent = Indent.substring(4);};
"
5076,Determine if a string is squeezable,"

public class StringSqueezable {

    public static void main(String[] args) {
        String[] testStrings = new String[] {
                """", 
                ""\""If I were two-faced, would I be wearing this one?\"" --- Abraham Lincoln "", 
                ""..1111111111111111111111111111111111111111111111111111111111111117777888"", 
                ""I never give 'em hell, I just tell the truth, and they think it's hell. "", 
                ""                                                    --- Harry S Truman  "",
                ""122333444455555666666777777788888888999999999"",
                ""The better the 4-wheel drive, the further you'll be from help when ya get stuck!"",
                ""headmistressship""};

        String[] testChar = new String[] {
                "" "", 
                ""-"", 
                ""7"", 
                ""."", 
                "" -r"",
                ""5"",
                ""e"",
                ""s""};
        for ( int testNum = 0 ; testNum < testStrings.length ; testNum++ ) {
            String s = testStrings[testNum];
            for ( char c : testChar[testNum].toCharArray() ) {
                String result = squeeze(s, c);
                System.out.printf(""use: '%c'%nold:  %2d <<<%s>>>%nnew:  %2d <<<%s>>>%n%n"", c, s.length(), s, result.length(), result);
            }
        }
    }
    
    private static String squeeze(String in, char include) {
        StringBuilder sb = new StringBuilder();
        for ( int i = 0 ; i < in.length() ; i++ ) {
            if ( i == 0 || in.charAt(i-1) != in.charAt(i) || (in.charAt(i-1) == in.charAt(i) && in.charAt(i) != include)) {
                sb.append(in.charAt(i));
            }
        }
        return sb.toString();
    }

}
"
5146,Line circle intersection,"import java.util.*;
import java.awt.geom.*;

public class LineCircleIntersection {
    public static void main(String[] args) {
        try {
            demo();
        } catch (Exception e) {
            e.printStackTrace();
        }
    }

    private static void demo() throws NoninvertibleTransformException {
        Point2D center = makePoint(3, -5);
        double radius = 3.0;
        System.out.println(""The intersection points (if any) between:"");
        System.out.println(""\n  A circle, center (3, -5) with radius 3, and:"");
        System.out.println(""\n    a line containing the points (-10, 11) and (10, -9) is/are:"");
        System.out.println(""     "" + toString(intersection(makePoint(-10, 11), makePoint(10, -9),
                            center, radius, false)));
        System.out.println(""\n    a segment starting at (-10, 11) and ending at (-11, 12) is/are"");
        System.out.println(""     "" + toString(intersection(makePoint(-10, 11), makePoint(-11, 12),
                            center, radius, true)));
        System.out.println(""\n    a horizontal line containing the points (3, -2) and (7, -2) is/are:"");
        System.out.println(""     "" + toString(intersection(makePoint(3, -2), makePoint(7, -2), center, radius, false)));
        center.setLocation(0, 0);
        radius = 4.0;
        System.out.println(""\n  A circle, center (0, 0) with radius 4, and:"");
        System.out.println(""\n    a vertical line containing the points (0, -3) and (0, 6) is/are:"");
        System.out.println(""     "" + toString(intersection(makePoint(0, -3), makePoint(0, 6),
                            center, radius, false)));
        System.out.println(""\n    a vertical segment starting at (0, -3) and ending at (0, 6) is/are:"");
        System.out.println(""     "" + toString(intersection(makePoint(0, -3), makePoint(0, 6),
                            center, radius, true)));
        center.setLocation(4, 2);
        radius = 5.0;
        System.out.println(""\n  A circle, center (4, 2) with radius 5, and:"");
        System.out.println(""\n    a line containing the points (6, 3) and (10, 7) is/are:"");
        System.out.println(""     "" + toString(intersection(makePoint(6, 3), makePoint(10, 7),
                            center, radius, false)));
        System.out.println(""\n    a segment starting at (7, 4) and ending at (11, 8) is/are:"");
        System.out.println(""     "" + toString(intersection(makePoint(7, 4), makePoint(11, 8),
                            center, radius, true)));
    }

    private static Point2D makePoint(double x, double y) {
        return new Point2D.Double(x, y);
    }

    
    
    
    
    
    
    
    
    public static List<Point2D> intersection(Point2D p1, Point2D p2, Point2D center,
            double radius, boolean isSegment) throws NoninvertibleTransformException {
        List<Point2D> result = new ArrayList<>();
        double dx = p2.getX() - p1.getX();
        double dy = p2.getY() - p1.getY();
        AffineTransform trans = AffineTransform.getRotateInstance(dx, dy);
        trans.invert();
        trans.translate(-center.getX(), -center.getY());
        Point2D p1a = trans.transform(p1, null);
        Point2D p2a = trans.transform(p2, null);
        double y = p1a.getY();
        double minX = Math.min(p1a.getX(), p2a.getX());
        double maxX = Math.max(p1a.getX(), p2a.getX());
        if (y == radius || y == -radius) {
            if (!isSegment || (0 <= maxX && 0 >= minX)) {
                p1a.setLocation(0, y);
                trans.inverseTransform(p1a, p1a);
                result.add(p1a);
            }
        } else if (y < radius && y > -radius) {
            double x = Math.sqrt(radius * radius - y * y);
            if (!isSegment || (-x <= maxX && -x >= minX)) {
                p1a.setLocation(-x, y);
                trans.inverseTransform(p1a, p1a);
                result.add(p1a);
            }
            if (!isSegment || (x <= maxX && x >= minX)) {
                p2a.setLocation(x, y);
                trans.inverseTransform(p2a, p2a);
                result.add(p2a);
            }
        }
        return result;
    }

    public static String toString(Point2D point) {
        return String.format(""(%g, %g)"", point.getX(), point.getY());
    }

    public static String toString(List<Point2D> points) {
        StringBuilder str = new StringBuilder(""["");
        for (int i = 0, n = points.size(); i < n; ++i) {
            if (i > 0)
                str.append("", "");
            str.append(toString(points.get(i)));
        }
        str.append(""]"");
        return str.toString();
    }
}
"
5161,Convert decimal number to rational,"import org.apache.commons.math3.fraction.BigFraction;

public class Test {

    public static void main(String[] args) {
        double[] n = {0.750000000, 0.518518000, 0.905405400, 0.142857143,
            3.141592654, 2.718281828, -0.423310825, 31.415926536};

        for (double d : n)
            System.out.printf(""%-12s : %s%n"", d, new BigFraction(d, 0.00000002D, 10000));
    }
}
"
5214,Symmetric difference,"Set<String> setA = new Set<String>{'John', 'Bob', 'Mary', 'Serena'};
Set<String> setB = new Set<String>{'Jim', 'Mary', 'John', 'Bob'};


Set<String> notInSetA = setB.clone();
notInSetA.removeAll(setA);

Set<String> notInSetB = setA.clone();
notInSetB.removeAll(setB);

Set<String> symmetricDifference = new Set<String>();
symmetricDifference.addAll(notInSetA);
symmetricDifference.addAll(notInSetB);


Set<String> union = setA.clone();
union.addAll(setB);

Set<String> intersection = setA.clone();
intersection.retainAll(setB);

Set<String> symmetricDifference2 = union.clone();
symmetricDifference2.removeAll(intersection);

System.debug('Not in set A: ' + notInSetA);
System.debug('Not in set B: ' + notInSetB);
System.debug('Symmetric Difference: ' + symmetricDifference);
System.debug('Symmetric Difference 2: ' + symmetricDifference2);
"
5239,Bitmap_Bresenham's line algorithm,"import java.awt.Color;
import java.awt.Dimension;
import java.awt.Graphics;
import javax.swing.JFrame;
import javax.swing.JPanel;
import javax.swing.SwingUtilities;
import javax.swing.WindowConstants;

public class Bresenham {

    public static void main(String[] args) {
        SwingUtilities.invokeLater(Bresenham::run);
    }

    private static void run() {
        JFrame f = new JFrame();
        f.setDefaultCloseOperation(WindowConstants.DISPOSE_ON_CLOSE);
        f.setTitle(""Bresenham"");

        f.getContentPane().add(new BresenhamPanel());
        f.pack();

        f.setLocationRelativeTo(null);
        f.setVisible(true);
    }
}

class BresenhamPanel extends JPanel {

    private final int pixelSize = 10;

    BresenhamPanel() {
        setPreferredSize(new Dimension(600, 500));
        setBackground(Color.WHITE);
    }

    @Override
    public void paintComponent(Graphics g) {
        super.paintComponent(g);

        int w = (getWidth() - 1) / pixelSize;
        int h = (getHeight() - 1) / pixelSize;
        int maxX = (w - 1) / 2;
        int maxY = (h - 1) / 2;
        int x1 = -maxX, x2 = maxX * -2 / 3, x3 = maxX * 2 / 3, x4 = maxX;
        int y1 = -maxY, y2 = maxY * -2 / 3, y3 = maxY * 2 / 3, y4 = maxY;

        drawLine(g, 0, 0, x3, y1); 
        drawLine(g, 0, 0, x4, y2); 
        drawLine(g, 0, 0, x4, y3); 
        drawLine(g, 0, 0, x3, y4); 
        drawLine(g, 0, 0, x2, y4); 
        drawLine(g, 0, 0, x1, y3); 
        drawLine(g, 0, 0, x1, y2); 
        drawLine(g, 0, 0, x2, y1); 
    }

    private void plot(Graphics g, int x, int y) {
        int w = (getWidth() - 1) / pixelSize;
        int h = (getHeight() - 1) / pixelSize;
        int maxX = (w - 1) / 2;
        int maxY = (h - 1) / 2;

        int borderX = getWidth() - ((2 * maxX + 1) * pixelSize + 1);
        int borderY = getHeight() - ((2 * maxY + 1) * pixelSize + 1);
        int left = (x + maxX) * pixelSize + borderX / 2;
        int top = (y + maxY) * pixelSize + borderY / 2;

        g.setColor(Color.black);
        g.drawOval(left, top, pixelSize, pixelSize);
    }

    private void drawLine(Graphics g, int x1, int y1, int x2, int y2) {
        
        int d = 0;

        int dx = Math.abs(x2 - x1);
        int dy = Math.abs(y2 - y1);

        int dx2 = 2 * dx; 
        int dy2 = 2 * dy; 

        int ix = x1 < x2 ? 1 : -1; 
        int iy = y1 < y2 ? 1 : -1;

        int x = x1;
        int y = y1;

        if (dx >= dy) {
            while (true) {
                plot(g, x, y);
                if (x == x2)
                    break;
                x += ix;
                d += dy2;
                if (d > dx) {
                    y += iy;
                    d -= dx2;
                }
            }
        } else {
            while (true) {
                plot(g, x, y);
                if (y == y2)
                    break;
                y += iy;
                d += dx2;
                if (d > dy) {
                    x += ix;
                    d -= dy2;
                }
            }
        }
    }
}
"
5259,Naming conventions,"

module shop.acme.com
    {
    
    const Point(Int x, Int y);
    enum Color {Red, Green, Blue}
    interface Callback
        {
        
        Boolean active;
        void onEvent(String event);
        void onError(Exception e);
        }

    
    String DefaultLogin = ""guest"";
    Int    MAX_QUANTITY = 100;

    
    interface Bag<Element>
            extends Iterable<Element>
        {
        void add(Element e);
        }
    }
"
5266,Mutual recursion,"import java.util.HashMap;
import java.util.Map;

public class MutualRecursion {

    public static void main(final String args[]) {
        int max = 20;
        System.out.printf(""First %d values of the Female sequence:  %n"", max);
        for (int i = 0; i < max; i++) {
            System.out.printf(""  f(%d) = %d%n"", i, f(i));
        }
        System.out.printf(""First %d values of the Male sequence:  %n"", max);
        for (int i = 0; i < 20; i++) {
            System.out.printf(""  m(%d) = %d%n"", i, m(i));
        }
    }

    private static Map<Integer,Integer> F_MAP = new HashMap<>();

    private static int f(final int n) {
        if ( F_MAP.containsKey(n) ) {
            return F_MAP.get(n);
        }
        int fn = n == 0 ? 1 : n - m(f(n - 1));
        F_MAP.put(n, fn);
        return fn;
    }

    private static Map<Integer,Integer> M_MAP = new HashMap<>();

    private static int m(final int n) {
        if ( M_MAP.containsKey(n) ) {
            return M_MAP.get(n);
        }
        int mn = n == 0 ? 0 : n - f(m(n - 1));
        M_MAP.put(n, mn);
        return mn;
    }
     

}
"
5328,QR decomposition,"import Jama.Matrix;
import Jama.QRDecomposition;

public class Decompose {
    public static void main(String[] args) {
        var matrix = new Matrix(new double[][] {
            {12, -51,   4},
            { 6, 167, -68},
            {-4,  24, -41},
        });

        var qr = new QRDecomposition(matrix);
        qr.getQ().print(10, 4);
        qr.getR().print(10, 4);
    }
}
"
5349,Loops_Do-while,"int val = 0;
do{
   val++;
   System.out.println(val);
}while(val % 6 != 0);
"
5383,Angle difference between two bearings,"public class AngleDifference {

    public static double getDifference(double b1, double b2) {
        double r = (b2 - b1) % 360.0;
        if (r < -180.0)
            r += 360.0;
        if (r >= 180.0)
            r -= 360.0;
        return r;
    }

    public static void main(String[] args) {
        System.out.println(""Input in -180 to +180 range"");
        System.out.println(getDifference(20.0, 45.0));
        System.out.println(getDifference(-45.0, 45.0));
        System.out.println(getDifference(-85.0, 90.0));
        System.out.println(getDifference(-95.0, 90.0));
        System.out.println(getDifference(-45.0, 125.0));
        System.out.println(getDifference(-45.0, 145.0));
        System.out.println(getDifference(-45.0, 125.0));
        System.out.println(getDifference(-45.0, 145.0));
        System.out.println(getDifference(29.4803, -88.6381));
        System.out.println(getDifference(-78.3251, -159.036));

        System.out.println(""Input in wider range"");
        System.out.println(getDifference(-70099.74233810938, 29840.67437876723));
        System.out.println(getDifference(-165313.6666297357, 33693.9894517456));
        System.out.println(getDifference(1174.8380510598456, -154146.66490124757));
        System.out.println(getDifference(60175.77306795546, 42213.07192354373));
    }
}
"
5417,Approximate equality,"public class Approximate {
    private static boolean approxEquals(double value, double other, double epsilon) {
        return Math.abs(value - other) < epsilon;
    }

    private static void test(double a, double b) {
        double epsilon = 1e-18;
        System.out.printf(""%f, %f => %s\n"", a, b, approxEquals(a, b, epsilon));
    }

    public static void main(String[] args) {
        test(100000000000000.01, 100000000000000.011);
        test(100.01, 100.011);
        test(10000000000000.001 / 10000.0, 1000000000.0000001000);
        test(0.001, 0.0010000001);
        test(0.000000000000000000000101, 0.0);
        test(Math.sqrt(2.0) * Math.sqrt(2.0), 2.0);
        test(-Math.sqrt(2.0) * Math.sqrt(2.0), -2.0);
        test(3.14159265358979323846, 3.14159265358979324);
    }
}
"
5461,Jewels and stones,"import java.util.HashSet;
import java.util.Set;

public class App {
    private static int countJewels(String stones, String jewels) {
        Set<Character> bag = new HashSet<>();
        for (char c : jewels.toCharArray()) {
            bag.add(c);
        }

        int count = 0;
        for (char c : stones.toCharArray()) {
            if (bag.contains(c)) {
                count++;
            }
        }

        return count;
    }

    public static void main(String[] args) {
        System.out.println(countJewels(""aAAbbbb"", ""aA""));
        System.out.println(countJewels(""ZZ"", ""z""));
    }
}
"
5492,Van der Corput sequence,"public class VanDerCorput{
	public static double vdc(int n){
		double vdc = 0;
		int denom = 1;
		while(n != 0){
			vdc += n % 2.0 / (denom *= 2);
			n /= 2;
		}
		return vdc;
	}
	
	public static void main(String[] args){
		for(int i = 0; i <= 10; i++){
			System.out.println(vdc(i));
		}
	}
}
"
5529,String matching,"""abcd"".startsWith(""ab"") 
""abcd"".endsWith(""zn"") 
""abab"".contains(""bb"") 
""abab"".contains(""ab"") 
int loc = ""abab"".indexOf(""bb"") 
loc = ""abab"".indexOf(""ab"") 
loc = ""abab"".indexOf(""ab"",loc+1) 
"
5564,Compiler_lexical analyzer,"

import java.io.File;
import java.io.FileNotFoundException;
import java.util.HashMap;
import java.util.Map;
import java.util.Scanner;

public class Lexer {
    private int line;
    private int pos;
    private int position;
    private char chr;
    private String s;
    
    Map<String, TokenType> keywords = new HashMap<>();
    
    static class Token {
        public TokenType tokentype;
        public String value;
        public int line;
        public int pos;
        Token(TokenType token, String value, int line, int pos) {
            this.tokentype = token; this.value = value; this.line = line; this.pos = pos;
        }
        @Override
        public String toString() {
            String result = String.format(""%5d  %5d %-15s"", this.line, this.pos, this.tokentype);
            switch (this.tokentype) {
                case Integer:
                    result += String.format(""  %4s"", value);
                    break;
                case Identifier:
                    result += String.format("" %s"", value);
                    break;
                case String:
                    result += String.format("" \""%s\"""", value);
                    break;
            }
            return result;
        }
    }
    
    static enum TokenType {
        End_of_input, Op_multiply,  Op_divide, Op_mod, Op_add, Op_subtract,
        Op_negate, Op_not, Op_less, Op_lessequal, Op_greater, Op_greaterequal,
        Op_equal, Op_notequal, Op_assign, Op_and, Op_or, Keyword_if,
        Keyword_else, Keyword_while, Keyword_print, Keyword_putc, LeftParen, RightParen,
        LeftBrace, RightBrace, Semicolon, Comma, Identifier, Integer, String
    }
    
    static void error(int line, int pos, String msg) {
        if (line > 0 && pos > 0) {
            System.out.printf(""%s in line %d, pos %d\n"", msg, line, pos);
        } else {
            System.out.println(msg);
        }
        System.exit(1);
    }

    Lexer(String source) {
        this.line = 1;
        this.pos = 0;
        this.position = 0;
        this.s = source;
        this.chr = this.s.charAt(0);
        this.keywords.put(""if"", TokenType.Keyword_if);
        this.keywords.put(""else"", TokenType.Keyword_else);
        this.keywords.put(""print"", TokenType.Keyword_print);
        this.keywords.put(""putc"", TokenType.Keyword_putc);
        this.keywords.put(""while"", TokenType.Keyword_while);
        
    }
    Token follow(char expect, TokenType ifyes, TokenType ifno, int line, int pos) {
        if (getNextChar() == expect) {
            getNextChar();
            return new Token(ifyes, """", line, pos);
        }
        if (ifno == TokenType.End_of_input) {
            error(line, pos, String.format(""follow: unrecognized character: (%d) '%c'"", (int)this.chr, this.chr));
        }
        return new Token(ifno, """", line, pos);
    }
    Token char_lit(int line, int pos) {
        char c = getNextChar(); 
        int n = (int)c;
        if (c == '\'') {
            error(line, pos, ""empty character constant"");
        } else if (c == '\\') {
            c = getNextChar();
            if (c == 'n') {
                n = 10;
            } else if (c == '\\') {
                n = '\\';
            } else {
                error(line, pos, String.format(""unknown escape sequence \\%c"", c));
            }
        }
        if (getNextChar() != '\'') {
            error(line, pos, ""multi-character constant"");
        }
        getNextChar();
        return new Token(TokenType.Integer, """" + n, line, pos);
    }
    Token string_lit(char start, int line, int pos) {
        String result = """";
        while (getNextChar() != start) {
            if (this.chr == '\u0000') {
                error(line, pos, ""EOF while scanning string literal"");
            }
            if (this.chr == '\n') {
                error(line, pos, ""EOL while scanning string literal"");
            }
            result += this.chr;
        }
        getNextChar();
        return new Token(TokenType.String, result, line, pos);
    }
    Token div_or_comment(int line, int pos) {
        if (getNextChar() != '*') {
            return new Token(TokenType.Op_divide, """", line, pos);
        }
        getNextChar();
        while (true) { 
            if (this.chr == '\u0000') {
                error(line, pos, ""EOF in comment"");
            } else if (this.chr == '*') {
                if (getNextChar() == '/') {
                    getNextChar();
                    return getToken();
                }
            } else {
                getNextChar();
            }
        }
    }
    Token identifier_or_integer(int line, int pos) {
        boolean is_number = true;
        String text = """";
        
        while (Character.isAlphabetic(this.chr) || Character.isDigit(this.chr) || this.chr == '_') {
            text += this.chr;
            if (!Character.isDigit(this.chr)) {
                is_number = false;
            }
            getNextChar();
        }
        
        if (text.equals("""")) {
            error(line, pos, String.format(""identifer_or_integer unrecognized character: (%d) %c"", (int)this.chr, this.chr));
        }
        
        if (Character.isDigit(text.charAt(0))) {
            if (!is_number) {
                error(line, pos, String.format(""invalid number: %s"", text));
            }
            return new Token(TokenType.Integer, text, line, pos);
        }
        
        if (this.keywords.containsKey(text)) {
            return new Token(this.keywords.get(text), """", line, pos);
        }
        return new Token(TokenType.Identifier, text, line, pos);
    }
    Token getToken() {
        int line, pos;
        while (Character.isWhitespace(this.chr)) {
            getNextChar();
        }
        line = this.line;
        pos = this.pos;
        
        switch (this.chr) {
            case '\u0000': return new Token(TokenType.End_of_input, """", this.line, this.pos);
            case '/': return div_or_comment(line, pos);
            case '\'': return char_lit(line, pos);
            case '<': return follow('=', TokenType.Op_lessequal, TokenType.Op_less, line, pos);
            case '>': return follow('=', TokenType.Op_greaterequal, TokenType.Op_greater, line, pos);
            case '=': return follow('=', TokenType.Op_equal, TokenType.Op_assign, line, pos);
            case '!': return follow('=', TokenType.Op_notequal, TokenType.Op_not, line, pos);
            case '&': return follow('&', TokenType.Op_and, TokenType.End_of_input, line, pos);
            case '|': return follow('|', TokenType.Op_or, TokenType.End_of_input, line, pos);
            case '""': return string_lit(this.chr, line, pos);
            case '{': getNextChar(); return new Token(TokenType.LeftBrace, """", line, pos);
            case '}': getNextChar(); return new Token(TokenType.RightBrace, """", line, pos);
            case '(': getNextChar(); return new Token(TokenType.LeftParen, """", line, pos);
            case ')': getNextChar(); return new Token(TokenType.RightParen, """", line, pos);
            case '+': getNextChar(); return new Token(TokenType.Op_add, """", line, pos);
            case '-': getNextChar(); return new Token(TokenType.Op_subtract, """", line, pos);
            case '*': getNextChar(); return new Token(TokenType.Op_multiply, """", line, pos);
            case '%': getNextChar(); return new Token(TokenType.Op_mod, """", line, pos);
            case ';': getNextChar(); return new Token(TokenType.Semicolon, """", line, pos);
            case ',': getNextChar(); return new Token(TokenType.Comma, """", line, pos);
            
            default: return identifier_or_integer(line, pos);
        }
    }
    
    char getNextChar() {
        this.pos++;
        this.position++;
        if (this.position >= this.s.length()) {
            this.chr = '\u0000';
            return this.chr;
        }
        this.chr = this.s.charAt(this.position);
        if (this.chr == '\n') {
            this.line++;
            this.pos = 0;
        }
        return this.chr;
    }

    void printTokens() {
        Token t;
        while ((t = getToken()).tokentype != TokenType.End_of_input) {
            System.out.println(t);
        }
        System.out.println(t);
    }
    public static void main(String[] args) {
        if (args.length > 0) {
            try {
                
                File f = new File(args[0]);
                Scanner s = new Scanner(f);
                String source = "" "";
                while (s.hasNext()) {
                    source += s.nextLine() + ""\n"";
                }
                Lexer l = new Lexer(source);
                l.printTokens();
            } catch(FileNotFoundException e) {
                error(-1, -1, ""Exception: "" + e.getMessage());
            }
        } else {
            error(-1, -1, ""No args"");
        }
    }
}
"
5579,Sudoku,"public class Sudoku
{
    private int mBoard[][];
    private int mBoardSize;
    private int mBoxSize;
    private boolean mRowSubset[][];
    private boolean mColSubset[][];
    private boolean mBoxSubset[][];
 
    public Sudoku(int board[][]) {
        mBoard = board;
        mBoardSize = mBoard.length;
        mBoxSize = (int)Math.sqrt(mBoardSize);
        initSubsets();
    }
 
    public void initSubsets() {
        mRowSubset = new boolean[mBoardSize][mBoardSize];
        mColSubset = new boolean[mBoardSize][mBoardSize];
        mBoxSubset = new boolean[mBoardSize][mBoardSize];
        for(int i = 0; i < mBoard.length; i++) {
            for(int j = 0; j < mBoard.length; j++) {
                int value = mBoard[i][j];
                if(value != 0) {
                    setSubsetValue(i, j, value, true);
                }
            }
        }
    }
 
    private void setSubsetValue(int i, int j, int value, boolean present) {
        mRowSubset[i][value - 1] = present;
        mColSubset[j][value - 1] = present;
        mBoxSubset[computeBoxNo(i, j)][value - 1] = present;
    }
 
    public boolean solve() {
        return solve(0, 0);
    }
 
    public boolean solve(int i, int j) {
        if(i == mBoardSize) {
            i = 0;
            if(++j == mBoardSize) {
                return true;
            }
        }
        if(mBoard[i][j] != 0) {
            return solve(i + 1, j);
        }
        for(int value = 1; value <= mBoardSize; value++) {
            if(isValid(i, j, value)) {
                mBoard[i][j] = value;
                setSubsetValue(i, j, value, true);
                if(solve(i + 1, j)) {
                    return true;
                }
                setSubsetValue(i, j, value, false);
            }
        }
 
        mBoard[i][j] = 0;
        return false;
    }
 
    private boolean isValid(int i, int j, int val) {
        val--;
        boolean isPresent = mRowSubset[i][val] || mColSubset[j][val] || mBoxSubset[computeBoxNo(i, j)][val];
        return !isPresent;
    }
 
    private int computeBoxNo(int i, int j) {
        int boxRow = i / mBoxSize;
        int boxCol = j / mBoxSize;
        return boxRow * mBoxSize + boxCol;
    }
 
    public void print() {
        for(int i = 0; i < mBoardSize; i++) {
            if(i % mBoxSize == 0) {
                System.out.println("" -----------------------"");
            }
            for(int j = 0; j < mBoardSize; j++) {
                if(j % mBoxSize == 0) {
                    System.out.print(""| "");
                }
                System.out.print(mBoard[i][j] != 0 ? ((Object) (Integer.valueOf(mBoard[i][j]))) : ""-"");
                System.out.print(' ');
            }
 
            System.out.println(""|"");
        }
 
        System.out.println("" -----------------------"");
    }

    public static void main(String[] args) {
        int[][] board = { 
            {8, 5, 0, 0, 0, 2, 4, 0, 0},
            {7, 2, 0, 0, 0, 0, 0, 0, 9},
            {0, 0, 4, 0, 0, 0, 0, 0, 0},
            {0, 0, 0, 1, 0, 7, 0, 0, 2},
            {3, 0, 5, 0, 0, 0, 9, 0, 0},
            {0, 4, 0, 0, 0, 0, 0, 0, 0},
            {0, 0, 0, 0, 8, 0, 0, 7, 0},
            {0, 1, 7, 0, 0, 0, 0, 0, 0},
            {0, 0, 0, 0, 3, 6, 0, 4, 0}
        };
        Sudoku s = new Sudoku(board);
        System.out.print(""Starting grid:\n"");
        s.print();        
        if (s.solve()) {
            System.out.print(""\nSolution:\n"");
            s.print();
        } else {
            System.out.println(""\nUnsolvable!"");
        }
    }
}
"
5607,Base64 encode data,"import java.io.ByteArrayInputStream;
import java.io.IOException;
import java.io.InputStream;
import java.net.URL;
import java.net.URLConnection;
import java.util.Arrays;

public class Base64 {

    private static final char[] alpha = ""ABCDEFGHIJKLMNOPQRSTUVWXYZabcdefghijklmnopqrstuvwxyz0123456789+/"".toCharArray();

    static String base64(InputStream is) throws IOException {
        StringBuilder sb = new StringBuilder();
        int blocks = 0;

        while (true) {
            int c0 = is.read();
            if (c0 == -1)
                break;
            int c1 = is.read();
            int c2 = is.read();

            int block = ((c0 & 0xFF) << 16) | ((Math.max(c1, 0) & 0xFF) << 8) | (Math.max(c2, 0) & 0xFF);

            sb.append(alpha[block >> 18 & 63]);
            sb.append(alpha[block >> 12 & 63]);
            sb.append(c1 == -1 ? '=' : alpha[block >> 6 & 63]);
            sb.append(c2 == -1 ? '=' : alpha[block & 63]);

            if (++blocks == 19) {
                blocks = 0;
                sb.append('\n');
            }
        }

        if (blocks > 0)
            sb.append('\n');

        return sb.toString();
    }

    private static void assertBase64(String expected, byte[] bytes) throws IOException {
        String actual = base64(new ByteArrayInputStream(bytes));
        if (!actual.equals(expected)) {
            throw new IllegalStateException(String.format(""Expected %s for %s, but got %s."",
                    expected, Arrays.toString(bytes), actual));
        }
    }

    private static void testBase64() throws IOException {
        assertBase64("""", new byte[]{});
        assertBase64(""AA==\n"", new byte[]{0});
        assertBase64(""AAA=\n"", new byte[]{0, 0});
        assertBase64(""AAAA\n"", new byte[]{0, 0, 0});
        assertBase64(""AAAAAA==\n"", new byte[]{0, 0, 0, 0});
        assertBase64(""/w==\n"", new byte[]{-1});
        assertBase64(""
        assertBase64(""
        assertBase64(""
    }

    public static void main(String[] args) throws IOException {
        testBase64();

        URLConnection conn = new URL(""http:
        conn.addRequestProperty(""User-Agent"", ""Mozilla""); 
        try (InputStream is = conn.getInputStream()) {
            System.out.println(base64(is));
        }
    }
}
"
5674,Rot-13,"import java.io.*;

public class Rot13 {

    public static void main(String[] args) throws IOException {
        if (args.length >= 1) {
            for (String file : args) {
                try (InputStream in = new BufferedInputStream(new FileInputStream(file))) {
                    rot13(in, System.out);
                }
            }
        } else {
            rot13(System.in, System.out);
        }
    }

    private static void rot13(InputStream in, OutputStream out) throws IOException {
        int ch;
        while ((ch = in.read()) != -1) {
            out.write(rot13((char) ch));
        }
    }

    private static char rot13(char ch) {
        if (ch >= 'A' && ch <= 'Z') {
            return (char) (((ch - 'A') + 13) % 26 + 'A');
        }
        if (ch >= 'a' && ch <= 'z') {
            return (char) (((ch - 'a') + 13) % 26 + 'a');
        }
        return ch;
    }
}
"
5710,Decision tables,"import java.io.BufferedReader;
import java.io.IOException;
import java.io.InputStreamReader;
import java.util.List;
import java.util.Objects;

public class DecisionTables {
    private static class Pair<T, U> {
        private final T t;
        private final U u;

        public static <T, U> Pair<T, U> of(T t, U u) {
            return new Pair<>(t, u);
        }

        public Pair(T t, U u) {
            this.t = t;
            this.u = u;
        }

        public T getFirst() {
            return t;
        }

        public U getSecond() {
            return u;
        }
    }

    private static final List<Pair<String, String>> conditions = List.of(
        Pair.of(""Printer prints"", ""NNNNYYYY""),
        Pair.of(""A red light is flashing"", ""YYNNYYNN""),
        Pair.of(""Printer is recognized by computer"", ""NYNYNYNY"")
    );

    private static final List<Pair<String, String>> actions = List.of(
        Pair.of(""Check the power cable"", ""NNYNNNNN""),
        Pair.of(""Check the printer-computer cable"", ""YNYNNNNN""),
        Pair.of(""Ensure printer software is installed"", ""YNYNYNYN""),
        Pair.of(""Check/replace ink"", ""YYNNNYNN""),
        Pair.of(""Check for paper jam"", ""NYNYNNNN"")
    );

    public static void main(String[] args) throws IOException {
        final int nc = conditions.size();
        final int na = actions.size();
        final int nr = conditions.get(0).getSecond().length();
        final int np = 7;

        BufferedReader br = new BufferedReader(new InputStreamReader(System.in));

        System.out.println(""Please answer the following questions with a y or n:"");
        final boolean[] answers = new boolean[nc];
        for (int c = 0; c < nc; ++c) {
            String input;
            do {
                System.out.printf(""  %s ? "", conditions.get(c).getFirst());
                input = br.readLine().toUpperCase();
            } while (!Objects.equals(input, ""Y"") && !Objects.equals(input, ""N""));
            answers[c] = Objects.equals(input, ""Y"");
        }
        System.out.println(""\nRecommended action(s)"");

        outer:
        for (int r = 0; r < nr; ++r) {
            for (int c = 0; c < nc; ++c) {
                char yn = answers[c] ? 'Y' : 'N';
                if (conditions.get(c).getSecond().charAt(r) != yn) {
                    continue outer;
                }
            }
            if (r == np) {
                System.out.println(""  None (no problem detected)"");
            } else {
                for (Pair<String, String> action : actions) {
                    if (action.getSecond().charAt(r) == 'Y') {
                        System.out.printf(""  %s\n"", action.getFirst());
                    }
                }
            }
            break;
        }
    }
}
"
5724,Count the coins,"import java.util.Arrays;
import java.math.BigInteger;

class CountTheCoins {
    private static BigInteger countChanges(int amount, int[] coins){
        final int n = coins.length;
        int cycle = 0;
        for (int c : coins)
            if (c <= amount && c >= cycle)
                cycle = c + 1;
        cycle *= n;
        BigInteger[] table = new BigInteger[cycle];
        Arrays.fill(table, 0, n, BigInteger.ONE);
        Arrays.fill(table, n, cycle, BigInteger.ZERO);

        int pos = n;
        for (int s = 1; s <= amount; s++) {
            for (int i = 0; i < n; i++) {
                if (i == 0 && pos >= cycle)
                    pos = 0;
                if (coins[i] <= s) {
                    final int q = pos - (coins[i] * n);
                    table[pos] = (q >= 0) ? table[q] : table[q + cycle];
                }
                if (i != 0)
                    table[pos] = table[pos].add(table[pos - 1]);
                pos++;
            }
        }

        return table[pos - 1];
    }

    public static void main(String[] args) {
        final int[][] coinsUsEu = {{100, 50, 25, 10, 5, 1},
                                   {200, 100, 50, 20, 10, 5, 2, 1}};

        for (int[] coins : coinsUsEu) {
            System.out.println(countChanges(     100,
                Arrays.copyOfRange(coins, 2, coins.length)));
            System.out.println(countChanges(  100000, coins));
            System.out.println(countChanges( 1000000, coins));
            System.out.println(countChanges(10000000, coins) + ""\n"");
        }
    }
}
"
5758,Vigenère cipher,"public class VigenereCipher {
    public static void main(String[] args) {
        String key = ""VIGENERECIPHER"";
        String ori = ""Beware the Jabberwock, my son! The jaws that bite, the claws that catch!"";
        String enc = encrypt(ori, key);
        System.out.println(enc);
        System.out.println(decrypt(enc, key));
    }

    static String encrypt(String text, final String key) {
        String res = """";
        text = text.toUpperCase();
        for (int i = 0, j = 0; i < text.length(); i++) {
            char c = text.charAt(i);
            if (c < 'A' || c > 'Z') continue;
            res += (char)((c + key.charAt(j) - 2 * 'A') % 26 + 'A');
            j = ++j % key.length();
        }
        return res;
    }

    static String decrypt(String text, final String key) {
        String res = """";
        text = text.toUpperCase();
        for (int i = 0, j = 0; i < text.length(); i++) {
            char c = text.charAt(i);
            if (c < 'A' || c > 'Z') continue;
            res += (char)((c - key.charAt(j) + 26) % 26 + 'A');
            j = ++j % key.length();
        }
        return res;
    }
}
"
5791,System time,"public class SystemTime{
    public static void main(String[] args){
        System.out.format(""%tc%n"", System.currentTimeMillis());
    }
}
"
5825,Card shuffles,"import java.util.Arrays;
import java.util.Collections;
import java.util.LinkedList;
import java.util.List;
import java.util.Random;

public class CardShuffles{

	private static final Random rand = new Random();

	public static <T> LinkedList<T> riffleShuffle(List<T> list, int flips){
		LinkedList<T> newList = new LinkedList<T>();

		newList.addAll(list);

		for(int n = 0; n < flips; n++){
			
			int cutPoint = newList.size() / 2 
				+ (rand.nextBoolean() ? -1 : 1 ) * rand.nextInt((int)(newList.size() * 0.1));

			
			List<T> left = new LinkedList<T>();
			left.addAll(newList.subList(0, cutPoint));
			List<T> right = new LinkedList<T>();
			right.addAll(newList.subList(cutPoint, newList.size()));

			newList.clear();

			while(left.size() > 0 && right.size() > 0){
				
				
				
				if(rand.nextDouble() >= ((double)left.size() / right.size()) / 2){
					newList.add(right.remove(0));
				}else{
					newList.add(left.remove(0));
				}
			}

			
			if(left.size() > 0) newList.addAll(left);
			if(right.size() > 0) newList.addAll(right);
		}
		return newList;
	}

	public static <T> LinkedList<T> overhandShuffle(List<T> list, int passes){
		LinkedList<T> mainHand = new LinkedList<T>();

		mainHand.addAll(list);
		for(int n = 0; n < passes; n++){
			LinkedList<T> otherHand = new LinkedList<T>();

			while(mainHand.size() > 0){
				
				int cutSize = rand.nextInt((int)(list.size() * 0.2)) + 1;

				LinkedList<T> temp = new LinkedList<T>();

				
				for(int i = 0; i < cutSize && mainHand.size() > 0; i++){
					temp.add(mainHand.remove());
				}

				
				if(rand.nextDouble()  >= 0.1){
					
					otherHand.addAll(0, temp);
				}else{
					
					otherHand.addAll(temp);
				}
			}

			
			mainHand = otherHand;
		}		
		return mainHand;
	}

	public static void main(String[] args){
		List<Integer> list = Arrays.asList(1,2,3,4,5,6,7,8,9,10,11,12,13,14,15,16,17,18,19,20);
		System.out.println(list);
		list = riffleShuffle(list, 10);
		System.out.println(list + ""\n"");

                list = Arrays.asList(1,2,3,4,5,6,7,8,9,10,11,12,13,14,15,16,17,18,19,20);
		System.out.println(list);
		list = riffleShuffle(list, 1);
		System.out.println(list + ""\n"");

		list = Arrays.asList(1,2,3,4,5,6,7,8,9,10,11,12,13,14,15,16,17,18,19,20);
		System.out.println(list);
		list = overhandShuffle(list, 10);
		System.out.println(list + ""\n"");

                list = Arrays.asList(1,2,3,4,5,6,7,8,9,10,11,12,13,14,15,16,17,18,19,20);
		System.out.println(list);
		list = overhandShuffle(list, 1);
		System.out.println(list + ""\n"");

		list = Arrays.asList(1,2,3,4,5,6,7,8,9,10,11,12,13,14,15,16,17,18,19,20);
		System.out.println(list);
		Collections.shuffle(list);
		System.out.println(list + ""\n"");
	}
}
"
5865,Fusc sequence,"public class FuscSequence {

    public static void main(String[] args) {
        System.out.println(""Show the first 61 fusc numbers (starting at zero) in a horizontal format"");
        for ( int n = 0 ; n < 61 ; n++ ) {
            System.out.printf(""%,d "", fusc[n]);
        }
        
        System.out.printf(""%n%nShow the fusc number (and its index) whose length is greater than any previous fusc number length.%n"");
        int start = 0;
        for (int i = 0 ; i <= 5 ; i++ ) {
            int val = i != 0 ? (int) Math.pow(10, i) : -1;
            for ( int j = start ; j < FUSC_MAX ; j++ ) {
                if ( fusc[j] > val ) {
                    System.out.printf(""fusc[%,d] = %,d%n"", j, fusc[j] );
                    start = j;
                    break;
                }
            }
        }
    }
    
    private static final int FUSC_MAX = 30000000;
    private static int[] fusc = new int[FUSC_MAX];

    static {
        fusc[0] = 0;
        fusc[1] = 1;
        for ( int n = 2 ; n < FUSC_MAX ; n++ ) {
            fusc[n] = (n % 2 == 0 ? fusc[n/2] : fusc[(n-1)/2] + fusc[(n+1)/2]);
        }
    }
}
"
5923,Josephus problem,"import java.util.ArrayList;

public class Josephus {
    public static int execute(int n, int k){
        int killIdx = 0;
        ArrayList<Integer> prisoners = new ArrayList<Integer>(n);
        for(int i = 0;i < n;i++){
            prisoners.add(i);
        }
        System.out.println(""Prisoners executed in order:"");
        while(prisoners.size() > 1){
            killIdx = (killIdx + k - 1) % prisoners.size();
            System.out.print(prisoners.get(killIdx) + "" "");
            prisoners.remove(killIdx);
        }
        System.out.println();
        return prisoners.get(0);
    }
    
    public static ArrayList<Integer> executeAllButM(int n, int k, int m){
        int killIdx = 0;
        ArrayList<Integer> prisoners = new ArrayList<Integer>(n);
        for(int i = 0;i < n;i++){
            prisoners.add(i);
        }
        System.out.println(""Prisoners executed in order:"");
        while(prisoners.size() > m){
            killIdx = (killIdx + k - 1) % prisoners.size();
            System.out.print(prisoners.get(killIdx) + "" "");
            prisoners.remove(killIdx);
        }
        System.out.println();
        return prisoners;
    }
    
    public static void main(String[] args){
        System.out.println(""Survivor: "" + execute(41, 3));
        System.out.println(""Survivors: "" + executeAllButM(41, 3, 3));
    }
}
"
5958,Concurrent computing,"import java.util.concurrent.CyclicBarrier;

public class Threads
{
  public static class DelayedMessagePrinter implements Runnable
  {
    private CyclicBarrier barrier;
    private String msg;
    
    public DelayedMessagePrinter(CyclicBarrier barrier, String msg)
    {
      this.barrier = barrier;
      this.msg = msg;
    }
    
    public void run()
    {
      try
      {  barrier.await();  }
      catch (Exception e)
      {  }
      System.out.println(msg);
    }
  }
  
  public static void main(String[] args)
  {
    CyclicBarrier barrier = new CyclicBarrier(3);
    new Thread(new DelayedMessagePrinter(barrier, ""Enjoy"")).start();
    new Thread(new DelayedMessagePrinter(barrier, ""Rosetta"")).start();
    new Thread(new DelayedMessagePrinter(barrier, ""Code"")).start();
  }
}
"
5979,Sorting algorithms_Cycle sort,"import java.util.Arrays;

public class CycleSort {

    public static void main(String[] args) {
        int[] arr = {5, 0, 1, 2, 2, 3, 5, 1, 1, 0, 5, 6, 9, 8, 0, 1};

        System.out.println(Arrays.toString(arr));

        int writes = cycleSort(arr);
        System.out.println(Arrays.toString(arr));
        System.out.println(""writes: "" + writes);
    }

    static int cycleSort(int[] a) {
        int writes = 0;

        for (int cycleStart = 0; cycleStart < a.length - 1; cycleStart++) {
            int val = a[cycleStart];

            
            
            int pos = cycleStart;
            for (int i = cycleStart + 1; i < a.length; i++)
                if (a[i] < val)
                    pos++;

            
            if (pos == cycleStart)
                continue;

            
            while (val == a[pos])
                pos++;

            
            int tmp = a[pos];
            a[pos] = val;
            val = tmp;
            writes++;

            
            
            while (pos != cycleStart) {
                pos = cycleStart;
                for (int i = cycleStart + 1; i < a.length; i++)
                    if (a[i] < val)
                        pos++;

                while (val == a[pos])
                    pos++;

                tmp = a[pos];
                a[pos] = val;
                val = tmp;
                writes++;
            }
        }
        return writes;
    }
}
"
6003,Apply a digital filter (direct form II transposed),"public class DigitalFilter {
    private static double[] filter(double[] a, double[] b, double[] signal) {
        double[] result = new double[signal.length];
        for (int i = 0; i < signal.length; ++i) {
            double tmp = 0.0;
            for (int j = 0; j < b.length; ++j) {
                if (i - j < 0) continue;
                tmp += b[j] * signal[i - j];
            }
            for (int j = 1; j < a.length; ++j) {
                if (i - j < 0) continue;
                tmp -= a[j] * result[i - j];
            }
            tmp /= a[0];
            result[i] = tmp;
        }
        return result;
    }

    public static void main(String[] args) {
        double[] a = new double[]{1.00000000, -2.77555756e-16, 3.33333333e-01, -1.85037171e-17};
        double[] b = new double[]{0.16666667, 0.5, 0.5, 0.16666667};

        double[] signal = new double[]{
            -0.917843918645, 0.141984778794, 1.20536903482, 0.190286794412,
            -0.662370894973, -1.00700480494, -0.404707073677, 0.800482325044,
            0.743500089861, 1.01090520172, 0.741527555207, 0.277841675195,
            0.400833448236, -0.2085993586, -0.172842103641, -0.134316096293,
            0.0259303398477, 0.490105989562, 0.549391221511, 0.9047198589
        };

        double[] result = filter(a, b, signal);
        for (int i = 0; i < result.length; ++i) {
            System.out.printf(""% .8f"", result[i]);
            System.out.print((i + 1) % 5 != 0 ? "", "" : ""\n"");
        }
    }
}
"
6055,Word frequency,"import java.io.IOException;
import java.nio.file.Files;
import java.nio.file.Path;
import java.nio.file.Paths;
import java.util.HashMap;
import java.util.List;
import java.util.Map;
import java.util.regex.Matcher;
import java.util.regex.Pattern;
import java.util.stream.Collectors;

public class WordCount {
    public static void main(String[] args) throws IOException {
        Path path = Paths.get(""135-0.txt"");
        byte[] bytes = Files.readAllBytes(path);
        String text = new String(bytes);
        text = text.toLowerCase();

        Pattern r = Pattern.compile(""\\p{javaLowerCase}+"");
        Matcher matcher = r.matcher(text);
        Map<String, Integer> freq = new HashMap<>();
        while (matcher.find()) {
            String word = matcher.group();
            Integer current = freq.getOrDefault(word, 0);
            freq.put(word, current + 1);
        }

        List<Map.Entry<String, Integer>> entries = freq.entrySet()
            .stream()
            .sorted((i1, i2) -> Integer.compare(i2.getValue(), i1.getValue()))
            .limit(10)
            .collect(Collectors.toList());

        System.out.println(""Rank  Word  Frequency"");
        System.out.println(""====  ====  ========="");
        int rank = 1;
        for (Map.Entry<String, Integer> entry : entries) {
            String word = entry.getKey();
            Integer count = entry.getValue();
            System.out.printf(""%2d    %-4s    %5d\n"", rank++, word, count);
        }
    }
}
"
6123,Semiprime,"import java.math.BigInteger;
import java.util.ArrayList;
import java.util.List;

public class SemiPrime{
	private static final BigInteger TWO = BigInteger.valueOf(2);
	 
	public static List<BigInteger> primeDecomp(BigInteger a){
	    
	    if(a.compareTo(TWO) < 0){
	        return null; 
	    }
	 
	    
	    List<BigInteger> result = new ArrayList<BigInteger>();
	    while(a.and(BigInteger.ONE).equals(BigInteger.ZERO)){
	        a = a.shiftRight(1);
	        result.add(TWO);
	    }
	 
	    
	    if(!a.equals(BigInteger.ONE)){
	        BigInteger b = BigInteger.valueOf(3);
	        while(b.compareTo(a) < 0){
	            if(b.isProbablePrime(10)){
	                BigInteger[] dr = a.divideAndRemainder(b);
	                if(dr[1].equals(BigInteger.ZERO)){
	                    result.add(b);
	                    a = dr[0];
	                }
	            }
	            b = b.add(TWO);
	        }
	        result.add(b); 
	    }
	    return result;
	}
	
	public static boolean isSemi(BigInteger x){
		List<BigInteger> decomp = primeDecomp(x);
		return decomp != null && decomp.size() == 2;
	}
	
	public static void main(String[] args){
		for(int i = 2; i <= 100; i++){
			if(isSemi(BigInteger.valueOf(i))){
				System.out.print(i + "" "");
			}
		}
		System.out.println();
		for(int i = 1675; i <= 1680; i++){
			if(isSemi(BigInteger.valueOf(i))){
				System.out.print(i + "" "");
			}
		}
	}
}
"
6157,Web scraping,"import java.io.BufferedReader;
import java.io.IOException;
import java.io.InputStreamReader;
import java.net.URL;
import java.net.URLConnection;


public class WebTime{
  public static void main(String[] args){
    try{
      URL address = new URL(
          ""http:
      URLConnection conn = address.openConnection();
      BufferedReader in = new BufferedReader(
          new InputStreamReader(conn.getInputStream()));
      String line;
      while(!(line = in.readLine()).contains(""UTC""));
      System.out.println(line.substring(4));
    }catch(IOException e){
      System.err.println(""error connecting to server."");
      e.printStackTrace();
    }
  }
}
"
6186,21 game,"import java.util.Random;
import java.util.Scanner;

public class TwentyOneGame {

    public static void main(String[] args) {
        new TwentyOneGame().run(true, 21, new int[] {1, 2, 3});
    }
    
    public void run(boolean computerPlay, int max, int[] valid) {
        String comma = """";
        for ( int i = 0 ; i < valid.length ; i++ ) {
            comma += valid[i];
            if ( i < valid.length - 2 && valid.length >= 3 ) {
                comma += "", "";
            }
            if ( i == valid.length - 2 ) {
                comma += "" or "";
            }
        }
        System.out.printf(""The %d game.%nEach player chooses to add %s to a running total.%n"" + 
                ""The player whose turn it is when the total reaches %d will win the game.%n"" + 
                ""Winner of the game starts the next game.  Enter q to quit.%n%n"", max, comma, max);
        int cGames = 0;
        int hGames = 0;
        boolean anotherGame = true;
        try (Scanner scanner = new Scanner(System.in);) {
            while ( anotherGame ) {
                Random r = new Random();
                int round = 0;
                int total = 0;
                System.out.printf(""Start game %d%n"", hGames + cGames + 1);
                DONE:
                    while ( true ) {
                        round++;
                        System.out.printf(""ROUND %d:%n%n"", round);
                        for ( int play = 0 ; play < 2 ; play++ ) {
                            if ( computerPlay ) {
                                int guess = 0;
                                
                                for ( int test : valid ) {
                                    if ( total + test == max ) {
                                        guess = test;
                                        break;
                                    }
                                }
                                
                                if ( guess == 0 ) {
                                    for ( int test : valid ) {
                                        if ( total + test >= max ) {
                                            guess = test;
                                            break;
                                        }
                                    }
                                }
                                if ( guess == 0 ) {
                                    guess = valid[r.nextInt(valid.length)];
                                }
                                total += guess;
                                System.out.printf(""The computer chooses %d%n"", guess);
                                System.out.printf(""Running total is now %d%n%n"", total);
                                if ( total >= max ) {
                                    break DONE;
                                }
                            }
                            else {
                                while ( true ) {
                                    System.out.printf(""Your choice among %s: "", comma);
                                    String line = scanner.nextLine();
                                    if ( line.matches(""^[qQ].*"") ) {
                                        System.out.printf(""Computer wins %d game%s, human wins %d game%s.  One game incomplete.%nQuitting.%n"", cGames, cGames == 1 ? """" : ""s"", hGames, hGames == 1 ? """" : ""s"");
                                        return;
                                    }
                                    try {
                                        int input = Integer.parseInt(line);
                                        boolean inputOk = false;
                                        for ( int test : valid ) {
                                            if ( input == test ) {
                                                inputOk = true;
                                                break;
                                            }
                                        }
                                        if ( inputOk ) {
                                            total += input;
                                            System.out.printf(""Running total is now %d%n%n"", total);
                                            if ( total >= max ) {
                                                break DONE;
                                            }
                                            break;
                                        }
                                        else {
                                            System.out.printf(""Invalid input - must be a number among %s.  Try again.%n"", comma);
                                        }
                                    }
                                    catch (NumberFormatException e) {
                                        System.out.printf(""Invalid input - must be a number among %s.  Try again.%n"", comma);
                                    }
                                }
                            }
                            computerPlay = !computerPlay;
                        }
                    }
                String win;
                if ( computerPlay ) {
                    win = ""Computer wins!!"";
                    cGames++;
                }
                else {
                    win = ""You win and probably had help from another computer!!"";
                    hGames++;
                }
                System.out.printf(""%s%n"", win);
                System.out.printf(""Computer wins %d game%s, human wins %d game%s%n%n"", cGames, cGames == 1 ? """" : ""s"", hGames, hGames == 1 ? """" : ""s"");
                while ( true ) {
                    System.out.printf(""Another game (y/n)? "");
                    String line = scanner.nextLine();
                    if ( line.matches(""^[yY]$"") ) {
                        
                        System.out.printf(""%n"");
                        break;
                    }
                    else if ( line.matches(""^[nN]$"") ) {
                        anotherGame = false;
                        System.out.printf(""Quitting.%n"");
                        break;
                    }
                    else {
                        System.out.printf(""Invalid input - must be a y or n.  Try again.%n"");
                    }
                }
            }
        }
    }

}
"
6253,Last Friday of each month,"import java.text.*;
import java.util.*;

public class LastFridays {

    public static void main(String[] args) throws Exception {
        int year = Integer.parseInt(args[0]);
        GregorianCalendar c = new GregorianCalendar(year, 0, 1);

        for (String mon : new DateFormatSymbols(Locale.US).getShortMonths()) {
            if (!mon.isEmpty()) {
                int totalDaysOfMonth = c.getActualMaximum(Calendar.DAY_OF_MONTH);
                c.set(Calendar.DAY_OF_MONTH, totalDaysOfMonth);

                int daysToRollBack = (c.get(Calendar.DAY_OF_WEEK) + 1) % 7;

                int day = totalDaysOfMonth - daysToRollBack;
                c.set(Calendar.DAY_OF_MONTH, day);

                System.out.printf(""%d %s %d\n"", year, mon, day);

                c.set(year, c.get(Calendar.MONTH) + 1, 1);
            }
        }
    }
}
"
6289,Ascending primes,"

package example.rossetacode.ascendingprimes;

import java.util.Arrays;

public class Program implements Runnable {

    public static void main(String[] args) {
        long t1 = System.nanoTime();
        new Program().run();
        long t2 = System.nanoTime();
        System.out.println(
                ""total time consumed = "" + (t2 - t1) * 1E-6 + "" milliseconds"");
    }

    public void run() {

        final int MAX_SIZE = 1000;
        final int[] queue = new int[MAX_SIZE];
        int begin = 0;
        int end = 0;

        for (int k = 1; k <= 9; k++) {
            queue[end++] = k;
        }

        while (begin < end) {
            int n = queue[begin++];
            for (int k = n % 10 + 1; k <= 9; k++) {
                queue[end++] = n * 10 + k;
            }
        }

        
        
        
        System.out.println(Arrays.stream(queue).filter(this::isPrime).boxed().toList());
    }

    private boolean isPrime(int n) {
        if (n == 2) {
            return true;
        }
        if (n == 1 || n % 2 == 0) {
            return false;
        }
        int root = (int) Math.sqrt(n);
        for (int k = 3; k <= root; k += 2) {
            if (n % k == 0) {
                return false;
            }
        }
        return true;
    }
}
"
6353,Keyboard input_Keypress check,"import java.awt.event.*;
import javax.swing.*;

public class Test extends JFrame {

    Test() {
        addKeyListener(new KeyAdapter() {
            @Override
            public void keyPressed(KeyEvent e) {
                int keyCode = e.getKeyCode();
                System.out.println(keyCode);
            }
        });
    }

    public static void main(String[] args) {
        SwingUtilities.invokeLater(() -> {
            Test f = new Test();
            f.setFocusable(true);
            f.setVisible(true);
        });
    }
}
"
6401,Loops_For with a specified step,"for(int i = 2; i <= 8;i += 2){
   System.out.print(i + "", "");
}
System.out.println(""who do we appreciate?"");
"
6451,Simple windowed application,"import java.awt.BorderLayout;
import java.awt.Dimension;
import java.awt.event.ActionEvent;
import java.awt.event.ActionListener;
import javax.swing.JButton;
import javax.swing.JFrame;
import javax.swing.JLabel;
import javax.swing.SwingUtilities;
public class Clicks extends JFrame{
	private long clicks = 0;

	public Clicks(){
		super(""Clicks"");
		JLabel label = new JLabel(""There have been no clicks yet"");
		JButton clicker = new JButton(""click me"");
		clicker.addActionListener(
			new ActionListener(){
				@Override
				public void actionPerformed(ActionEvent e) {
					label.setText(""There have been "" + (++clicks) + "" clicks"");
				}
			}
		);
		setLayout(new BorderLayout());
		add(label,BorderLayout.CENTER);
		add(clicker,BorderLayout.SOUTH);
		label.setPreferredSize(new Dimension(300,100));
		label.setHorizontalAlignment(JLabel.CENTER);
		pack();
		setDefaultCloseOperation(JFrame.EXIT_ON_CLOSE);
		setVisible(true);
	}
	public static void main(String[] args){
		SwingUtilities.invokeLater( 
			() -> new Clicks() 
		);
	}
}
"
6474,File size,"import java.io.File;

public class FileSize
{
    public static void main ( String[] args )
    {
        System.out.println(""input.txt  : "" + new File(""input.txt"").length() + "" bytes"");
        System.out.println(""/input.txt : "" + new File(""/input.txt"").length() + "" bytes"");
    }
}
"
6524,Sleep,"import java.util.InputMismatchException;
import java.util.Scanner;

public class Sleep {
    public static void main(final String[] args) throws InterruptedException {
        try {
            int ms = new Scanner(System.in).nextInt(); 
            System.out.println(""Sleeping..."");
            Thread.sleep(ms);
            System.out.println(""Awake!"");
        } catch (InputMismatchException inputMismatchException) {
            System.err.println(""Exception: "" + inputMismatchException);
        }
    }
}
"
6557,100 doors,"module OneHundredDoors
    {
    @Inject Console console;

    void run()
        {
        Boolean[] doors = new Boolean[100];
        for (Int pass : 0 ..< 100)
            {
            for (Int door = pass; door < 100; door += 1+pass)
                {
                doors[door] = !doors[door];
                }
            }

        console.print($""open doors: {doors.mapIndexed((d, i) -> d ? i+1 : 0).filter(i -> i > 0)}"");
        }
    }
"
6578,Averages_Mean time of day,"public class MeanTimeOfDay {
    
    static double meanAngle(double[] angles) {
        int len = angles.length;
        double sinSum = 0.0;
        for (int i = 0; i < len; i++) {
            sinSum += Math.sin(angles[i] * Math.PI / 180.0);
        }
 
        double cosSum = 0.0;
        for (int i = 0; i < len; i++) {
            cosSum += Math.cos(angles[i] * Math.PI / 180.0);
        }

        return Math.atan2(sinSum / len, cosSum / len) * 180.0 / Math.PI;
    }

    
    static int timeToSecs(String t) {
        int hours = Integer.parseInt(t.substring(0, 2));
        int mins  = Integer.parseInt(t.substring(3, 5));
        int secs  = Integer.parseInt(t.substring(6, 8));
        return 3600 * hours + 60 * mins + secs;
    }

    
    static double timeToDegrees(String t) {
        return timeToSecs(t) / 240.0;
    }

    static String degreesToTime(double d) {
        if (d < 0.0) d += 360.0;
        int secs  = (int)(d * 240.0);
        int hours = secs / 3600;
        int mins  = secs % 3600;
        secs = mins % 60;
        mins /= 60;
        return String.format(""%2d:%2d:%2d"", hours, mins, secs);
    }

    public static void main(String[] args) {
        String[] tm = {""23:00:17"", ""23:40:20"", ""00:12:45"", ""00:17:19""};
        double[] angles = new double[4];
        for (int i = 0; i < 4; i++) angles[i] = timeToDegrees(tm[i]);        
        double mean = meanAngle(angles);
        System.out.println(""Average time is : "" + degreesToTime(mean));
    }
}
"
6595,Synchronous concurrency,"import java.io.BufferedReader;
import java.io.FileReader;
import java.util.concurrent.atomic.AtomicBoolean;
import java.util.concurrent.atomic.AtomicLong;
import java.util.concurrent.BlockingQueue;
import java.util.concurrent.LinkedBlockingQueue;

class SynchronousConcurrency
{
  public static void main(String[] args) throws Exception
  {
    final AtomicLong lineCount = new AtomicLong(0);
    final BlockingQueue<String> queue = new LinkedBlockingQueue<String>();
    final String EOF = new String();
    
    final Thread writerThread = new Thread(new Runnable() {
        public void run()
        {
          long linesWrote = 0;
          while (true)
          {
            try
            {
              String line = queue.take();
              
              if (line == EOF)
                break;
              System.out.println(line);
              linesWrote++;
            }
            catch (InterruptedException ie)
            {  }
          }
          lineCount.set(linesWrote);
        }
      }
    );
    writerThread.start();
    
    
    BufferedReader br = new BufferedReader(new FileReader(""input.txt""));
    String line;
    while ((line = br.readLine()) != null)
      queue.put(line);
    br.close();
    queue.put(EOF);
    writerThread.join();
    
    System.out.println(""Line count: "" + lineCount.get());
    return;
  }
}
"
6617,Pascal matrix generation,"import static java.lang.System.out;
import java.util.List;
import java.util.function.Function;
import java.util.stream.*;
import static java.util.stream.Collectors.toList;
import static java.util.stream.IntStream.range;

public class PascalMatrix {
    static int binomialCoef(int n, int k) {
        int result = 1;
        for (int i = 1; i <= k; i++)
            result = result * (n - i + 1) / i;
        return result;
    }

    static List<IntStream> pascal(int n, Function<Integer, IntStream> f) {
        return range(0, n).mapToObj(i -> f.apply(i)).collect(toList());
    }

    static List<IntStream> pascalUpp(int n) {
        return pascal(n, i -> range(0, n).map(j -> binomialCoef(j, i)));
    }

    static List<IntStream> pascalLow(int n) {
        return pascal(n, i -> range(0, n).map(j -> binomialCoef(i, j)));
    }

    static List<IntStream> pascalSym(int n) {
        return pascal(n, i -> range(0, n).map(j -> binomialCoef(i + j, i)));
    }

    static void print(String label, List<IntStream> result) {
        out.println(""\n"" + label);
        for (IntStream row : result) {
            row.forEach(i -> out.printf(""%2d "", i));
            System.out.println();
        }
    }

    public static void main(String[] a) {
        print(""Upper: "", pascalUpp(5));
        print(""Lower: "", pascalLow(5));
        print(""Symmetric:"", pascalSym(5));
    }
}
"
6640,Draw a rotating cube,"import java.awt.*;
import java.awt.event.ActionEvent;
import static java.lang.Math.*;
import javax.swing.*;

public class RotatingCube extends JPanel {
    double[][] nodes = {{-1, -1, -1}, {-1, -1, 1}, {-1, 1, -1}, {-1, 1, 1},
    {1, -1, -1}, {1, -1, 1}, {1, 1, -1}, {1, 1, 1}};

    int[][] edges = {{0, 1}, {1, 3}, {3, 2}, {2, 0}, {4, 5}, {5, 7}, {7, 6},
    {6, 4}, {0, 4}, {1, 5}, {2, 6}, {3, 7}};

    public RotatingCube() {
        setPreferredSize(new Dimension(640, 640));
        setBackground(Color.white);

        scale(100);
        rotateCube(PI / 4, atan(sqrt(2)));

        new Timer(17, (ActionEvent e) -> {
            rotateCube(PI / 180, 0);
            repaint();
        }).start();
    }

    final void scale(double s) {
        for (double[] node : nodes) {
            node[0] *= s;
            node[1] *= s;
            node[2] *= s;
        }
    }

    final void rotateCube(double angleX, double angleY) {
        double sinX = sin(angleX);
        double cosX = cos(angleX);

        double sinY = sin(angleY);
        double cosY = cos(angleY);

        for (double[] node : nodes) {
            double x = node[0];
            double y = node[1];
            double z = node[2];

            node[0] = x * cosX - z * sinX;
            node[2] = z * cosX + x * sinX;

            z = node[2];

            node[1] = y * cosY - z * sinY;
            node[2] = z * cosY + y * sinY;
        }
    }

    void drawCube(Graphics2D g) {
        g.translate(getWidth() / 2, getHeight() / 2);

        for (int[] edge : edges) {
            double[] xy1 = nodes[edge[0]];
            double[] xy2 = nodes[edge[1]];
            g.drawLine((int) round(xy1[0]), (int) round(xy1[1]),
                    (int) round(xy2[0]), (int) round(xy2[1]));
        }

        for (double[] node : nodes) 
            g.fillOval((int) round(node[0]) - 4, (int) round(node[1]) - 4, 8, 8);        
    }

    @Override
    public void paintComponent(Graphics gg) {
        super.paintComponent(gg);
        Graphics2D g = (Graphics2D) gg;
        g.setRenderingHint(RenderingHints.KEY_ANTIALIASING,
                RenderingHints.VALUE_ANTIALIAS_ON);

        drawCube(g);
    }

    public static void main(String[] args) {
        SwingUtilities.invokeLater(() -> {
            JFrame f = new JFrame();
            f.setDefaultCloseOperation(JFrame.EXIT_ON_CLOSE);
            f.setTitle(""Rotating Cube"");
            f.setResizable(false);
            f.add(new RotatingCube(), BorderLayout.CENTER);
            f.pack();
            f.setLocationRelativeTo(null);
            f.setVisible(true);
        });
    }
}
"
6659,Hello world_Standard error,"public class Err{
   public static void main(String[] args){
      System.err.println(""Goodbye, World!"");
   }
}
"
6685,Strong and weak primes,"public class StrongAndWeakPrimes {

    private static int MAX = 10_000_000 + 1000;
    private static boolean[] primes = new boolean[MAX];

    public static void main(String[] args) {
        sieve();
        System.out.println(""First 36 strong primes:"");        
        displayStrongPrimes(36);
        for ( int n : new int[] {1_000_000, 10_000_000}) {
            System.out.printf(""Number of strong primes below %,d = %,d%n"", n, strongPrimesBelow(n));
        }
        System.out.println(""First 37 weak primes:"");        
        displayWeakPrimes(37);
        for ( int n : new int[] {1_000_000, 10_000_000}) {
            System.out.printf(""Number of weak primes below %,d = %,d%n"", n, weakPrimesBelow(n));
        }
    }

    private static int weakPrimesBelow(int maxPrime) {
        int priorPrime = 2;
        int currentPrime = 3;
        int count = 0;
        while ( currentPrime < maxPrime ) {
            int nextPrime = getNextPrime(currentPrime);
            if ( currentPrime * 2 < priorPrime + nextPrime ) {
                count++;
            }
            priorPrime = currentPrime;
            currentPrime = nextPrime;
        }
        return count;
    }

    private static void displayWeakPrimes(int maxCount) {
        int priorPrime = 2;
        int currentPrime = 3;
        int count = 0;
        while ( count < maxCount ) {
            int nextPrime = getNextPrime(currentPrime);
            if ( currentPrime * 2 < priorPrime + nextPrime) {
                count++;
                System.out.printf(""%d "", currentPrime);
            }
            priorPrime = currentPrime;
            currentPrime = nextPrime;
        }
        System.out.println();
    }

    private static int getNextPrime(int currentPrime) {
        int nextPrime = currentPrime + 2;
        while ( ! primes[nextPrime] ) {
            nextPrime += 2;
        }
        return nextPrime;
    }
    
    private static int strongPrimesBelow(int maxPrime) {
        int priorPrime = 2;
        int currentPrime = 3;
        int count = 0;
        while ( currentPrime < maxPrime ) {
            int nextPrime = getNextPrime(currentPrime);
            if ( currentPrime * 2 > priorPrime + nextPrime ) {
                count++;
            }
            priorPrime = currentPrime;
            currentPrime = nextPrime;
        }
        return count;
    }
    
    private static void displayStrongPrimes(int maxCount) {
        int priorPrime = 2;
        int currentPrime = 3;
        int count = 0;
        while ( count < maxCount ) {
            int nextPrime = getNextPrime(currentPrime);
            if ( currentPrime * 2 > priorPrime + nextPrime) {
                count++;
                System.out.printf(""%d "", currentPrime);
            }
            priorPrime = currentPrime;
            currentPrime = nextPrime;
        }
        System.out.println();
    }

    private static final void sieve() {
        
        for ( int i = 2 ; i < MAX ; i++ ) {
            primes[i] = true;            
        }
        for ( int i = 2 ; i < MAX ; i++ ) {
            if ( primes[i] ) {
                for ( int j = 2*i ; j < MAX ; j += i ) {
                    primes[j] = false;
                }
            }
        }
    }

}
"
6702,"Abbreviations, automatic","import java.io.IOException;
import java.nio.file.Files;
import java.nio.file.Path;
import java.nio.file.Paths;
import java.util.HashMap;
import java.util.List;
import java.util.Map;

public class Abbreviations {
    public static void main(String[] args) throws IOException {
        Path path = Paths.get(""days_of_week.txt"");
        List<String> readAllLines = Files.readAllLines(path);
        for (int i = 0; i < readAllLines.size(); i++) {
            String line = readAllLines.get(i);
            if (line.length() == 0) continue;

            String[] days = line.split("" "");
            if (days.length != 7) throw new RuntimeException(""There aren't 7 days on line "" + (i + 1));

            Map<String, Integer> temp = new HashMap<>();
            for (String day : days) {
                Integer count = temp.getOrDefault(day, 0);
                temp.put(day, count + 1);
            }
            if (temp.size() < 7) {
                System.out.print("" ∞  "");
                System.out.println(line);
                continue;
            }

            int len = 1;
            while (true) {
                temp.clear();
                for (String day : days) {
                    String sd;
                    if (len >= day.length()) {
                        sd = day;
                    } else {
                        sd = day.substring(0, len);
                    }
                    Integer count = temp.getOrDefault(sd, 0);
                    temp.put(sd, count + 1);
                }
                if (temp.size() == 7) {
                    System.out.printf(""%2d  %s\n"", len, line);
                    break;
                }
                len++;
            }
        }
    }
}
"
6747,Detect division by zero,"public static boolean infinity(double numer, double denom){
	return Double.isInfinite(numer/denom);
}
"
6822,Compare a list of strings,"import java.util.Arrays;

public class CompareListOfStrings {

    public static void main(String[] args) {
        String[][] arr = {{""AA"", ""AA"", ""AA"", ""AA""}, {""AA"", ""ACB"", ""BB"", ""CC""}};
        for (String[] a : arr) {
            System.out.println(Arrays.toString(a));
            System.out.println(Arrays.stream(a).distinct().count() < 2);
            System.out.println(Arrays.equals(Arrays.stream(a).distinct().sorted().toArray(), a));
        }
    }
}
"
6859,Ordered words,"import java.io.BufferedReader;
import java.io.FileReader;
import java.io.IOException;
import java.util.Arrays;
import java.util.Collections;
import java.util.Comparator;
import java.util.LinkedList;
import java.util.List;

public class Ordered {

	private static boolean isOrderedWord(String word){
		char[] sortedWord = word.toCharArray();
		Arrays.sort(sortedWord);
		return word.equals(new String(sortedWord));
	}
	
	public static void main(String[] args) throws IOException{
		List<String> orderedWords = new LinkedList<String>();
		BufferedReader in = new BufferedReader(new FileReader(args[0]));
		while(in.ready()){
			String word = in.readLine();
			if(isOrderedWord(word)) orderedWords.add(word);
		}
		in.close();
		
		Collections.<String>sort(orderedWords, new Comparator<String>() {
			@Override
			public int compare(String o1, String o2) {
				return new Integer(o2.length()).compareTo(o1.length());
			}
		});
		
		int maxLen = orderedWords.get(0).length();
		for(String word: orderedWords){
			if(word.length() == maxLen){
				System.out.println(word);
			}else{
				break;
			}
		}
	}
}
"
6889,FizzBuzz,"module FizzBuzz
    {
    void run()
        {
        @Inject Console console;
        for (Int x : 1..100)
            {
            console.print(switch (x % 3, x % 5)
                {
                case (0, 0): ""FizzBuzz"";
                case (0, _): ""Fizz"";
                case (_, 0): ""Buzz"";
                case (_, _): x.toString();
                });
            }
        }
    }
"
6907,Flatten a list,"import java.util.LinkedList;
import java.util.List;


public final class FlattenUtil {

	public static List<Object> flatten(List<?> list) {
		List<Object> retVal = new LinkedList<Object>();
		flatten(list, retVal);
		return retVal;
	}

	public static void flatten(List<?> fromTreeList, List<Object> toFlatList) {
		for (Object item : fromTreeList) {
			if (item instanceof List<?>) {
				flatten((List<?>) item, toFlatList);
			} else {
				toFlatList.add(item);
			}
		}
	}
}
"
6983,Exceptions,"
public class MyException extends Exception {
   
}


public class MyRuntimeException extends RuntimeException {}
"
7006,Parameterized SQL statement,"import java.sql.DriverManager;
import java.sql.Connection;
import java.sql.PreparedStatement;
 
public class DBDemo{
   private String protocol; 
   private String dbName;   
   private String username;
   private String password;

   PreparedStatement query;
 
   public int setUpAndExecPS(){
      try {
         Connection conn = DriverManager.getConnection(protocol + dbName, username, password);

         query = conn.prepareStatement(
            ""UPDATE players SET name = ?, score = ?, active = ? WHERE jerseyNum = ?"");
 
         query.setString(1, ""Smith, Steve"");
         query.setInt(2, 42);
         query.setBoolean(3, true);
         query.setInt(4, 99);
         
         return query.executeUpdate();
         
         

      } catch (Exception e) {
         e.printStackTrace();
      }

      return 0;
   }
}
"
7051,Named parameters,"module NamedParams
    {
    const Point(Int x, Int y)
        {
        Point with(Int? x=Null, Int? y=Null)
            {
            return new Point(x ?: this.x, y ?: this.y);
            }
        }

    @Inject Console console;

    void run()
        {
        Point origin = new Point(0, 0);
        console.print($""origin={origin}"");
        Point moveRight = origin.with(x=5);
        console.print($""moveRight(x=5)={moveRight}"");
        Point moveUp    = moveRight.with(y=3);
        console.print($""moveUp(y=3)={moveUp}"");
        }
    }
"
7083,Guess the number_With feedback,"import java.util.Random;
import java.util.Scanner;
public class Main
{
    public static void main(String[] args)
    {
        Scanner scan = new Scanner(System.in);
        Random random = new Random();
        long from = 1;
        long to = 100;
        int randomNumber = random.nextInt(to - from + 1) + from;
        int guessedNumber = 0;

        System.out.printf(""The number is between %d and %d.\n"", from, to);

        do
        {
            System.out.print(""Guess what the number is: "");
            guessedNumber = scan.nextInt();
            if (guessedNumber > randomNumber)
                System.out.println(""Your guess is too high!"");
            else if (guessedNumber < randomNumber)
                System.out.println(""Your guess is too low!"");
            else
                System.out.println(""You got it!"");
        } while (guessedNumber != randomNumber);
    }
}
"
7111,Best shuffle,"import java.util.Random;

public class BestShuffle {
    private final static Random rand = new Random();

    public static void main(String[] args) {
        String[] words = {""abracadabra"", ""seesaw"", ""grrrrrr"", ""pop"", ""up"", ""a""};
        for (String w : words)
            System.out.println(bestShuffle(w));
    }

    public static String bestShuffle(final String s1) {
        char[] s2 = s1.toCharArray();
        shuffle(s2);
        for (int i = 0; i < s2.length; i++) {
            if (s2[i] != s1.charAt(i))
                continue;
            for (int j = 0; j < s2.length; j++) {
                if (s2[i] != s2[j] && s2[i] != s1.charAt(j) && s2[j] != s1.charAt(i)) {
                    char tmp = s2[i];
                    s2[i] = s2[j];
                    s2[j] = tmp;
                    break;
                }
            }
        }
        return s1 + "" "" + new String(s2) + "" ("" + count(s1, s2) + "")"";
    }

    public static void shuffle(char[] text) {
        for (int i = text.length - 1; i > 0; i--) {
            int r = rand.nextInt(i + 1);
            char tmp = text[i];
            text[i] = text[r];
            text[r] = tmp;
        }
    }

    private static int count(final String s1, final char[] s2) {
        int count = 0;
        for (int i = 0; i < s2.length; i++)
            if (s1.charAt(i) == s2[i])
                count++;
        return count;
    }
}
"
7162,Integer overflow,"public class IntegerOverflow {
    public static void main(String[] args) {
        System.out.println(""Signed 32-bit:"");
        System.out.println(-(-2147483647 - 1));
        System.out.println(2000000000 + 2000000000);
        System.out.println(-2147483647 - 2147483647);
        System.out.println(46341 * 46341);
        System.out.println((-2147483647 - 1) / -1);
        System.out.println(""Signed 64-bit:"");
        System.out.println(-(-9223372036854775807L - 1));
        System.out.println(5000000000000000000L + 5000000000000000000L);
        System.out.println(-9223372036854775807L - 9223372036854775807L);
        System.out.println(3037000500L * 3037000500L);
        System.out.println((-9223372036854775807L - 1) / -1);
    }
}
"
7186,Permutations,"
module Permutations
    {
    static Int[][] permut(Int items)
        {
        if (items <= 1)
            {
            
            return items == 1 ? [[0]] : [];
            }

        
        
        Int[][] pattern = permut(items - 1);

        
        
        Int[][] result = new Int[][];
        for (Int prefix : 0 ..< items)
            {
            for (Int[] suffix : pattern)
                {
                result.add(new Int[items](i -> i == 0 ? prefix : (prefix + suffix[i-1] + 1) % items));
                }
            }
        return result;
        }

    void run()
        {
        @Inject Console console;
        console.print($""permut(3) = {permut(3)}"");
        }
    }
"
7210,Poker hand analyser,"import java.util.Arrays;
import java.util.Collections;
import java.util.HashSet;

public class PokerHandAnalyzer {

    final static String faces = ""AKQJT98765432"";
    final static String suits = ""HDSC"";
    final static String[] deck = buildDeck();

    public static void main(String[] args) {
        System.out.println(""Regular hands:\n"");
        for (String input : new String[]{""2H 2D 2S KS QD"",
            ""2H 5H 7D 8S 9D"",
            ""AH 2D 3S 4S 5S"",
            ""2H 3H 2D 3S 3D"",
            ""2H 7H 2D 3S 3D"",
            ""2H 7H 7D 7S 7C"",
            ""TH JH QH KH AH"",
            ""4H 4C KC 5D TC"",
            ""QC TC 7C 6C 4C"",
            ""QC TC 7C 7C TD""}) {
            System.out.println(analyzeHand(input.split("" "")));
        }

        System.out.println(""\nHands with wildcards:\n"");
        for (String input : new String[]{""2H 2D 2S KS WW"",
            ""2H 5H 7D 8S WW"",
            ""AH 2D 3S 4S WW"",
            ""2H 3H 2D 3S WW"",
            ""2H 7H 2D 3S WW"",
            ""2H 7H 7D WW WW"",
            ""TH JH QH WW WW"",
            ""4H 4C KC WW WW"",
            ""QC TC 7C WW WW"",
            ""QC TC 7H WW WW""}) {
            System.out.println(analyzeHandWithWildcards(input.split("" "")));
        }
    }

    private static Score analyzeHand(final String[] hand) {
        if (hand.length != 5)
            return new Score(""invalid hand: wrong number of cards"", -1, hand);

        if (new HashSet<>(Arrays.asList(hand)).size() != hand.length)
            return new Score(""invalid hand: duplicates"", -1, hand);

        int[] faceCount = new int[faces.length()];
        long straight = 0, flush = 0;
        for (String card : hand) {

            int face = faces.indexOf(card.charAt(0));
            if (face == -1)
                return new Score(""invalid hand: non existing face"", -1, hand);
            straight |= (1 << face);

            faceCount[face]++;

            if (suits.indexOf(card.charAt(1)) == -1)
                return new Score(""invalid hand: non-existing suit"", -1, hand);
            flush |= (1 << card.charAt(1));
        }

        
        while (straight % 2 == 0)
            straight >>= 1;

        
        boolean hasStraight = straight == 0b11111 || straight == 0b1111000000001;

        
        boolean hasFlush = (flush & (flush - 1)) == 0;

        if (hasStraight && hasFlush)
            return new Score(""straight-flush"", 9, hand);

        int total = 0;
        for (int count : faceCount) {
            if (count == 4)
                return new Score(""four-of-a-kind"", 8, hand);
            if (count == 3)
                total += 3;
            else if (count == 2)
                total += 2;
        }

        if (total == 5)
            return new Score(""full-house"", 7, hand);

        if (hasFlush)
            return new Score(""flush"", 6, hand);

        if (hasStraight)
            return new Score(""straight"", 5, hand);

        if (total == 3)
            return new Score(""three-of-a-kind"", 4, hand);

        if (total == 4)
            return new Score(""two-pair"", 3, hand);

        if (total == 2)
            return new Score(""one-pair"", 2, hand);

        return new Score(""high-card"", 1, hand);
    }

    private static WildScore analyzeHandWithWildcards(String[] hand) {
        if (Collections.frequency(Arrays.asList(hand), ""WW"") > 2)
            throw new IllegalArgumentException(""too many wildcards"");

        return new WildScore(analyzeHandWithWildcardsR(hand, null), hand.clone());
    }

    private static Score analyzeHandWithWildcardsR(String[] hand,
            Score best) {

        for (int i = 0; i < hand.length; i++) {
            if (hand[i].equals(""WW"")) {
                for (String card : deck) {
                    if (!Arrays.asList(hand).contains(card)) {
                        hand[i] = card;
                        best = analyzeHandWithWildcardsR(hand, best);
                    }
                }
                hand[i] = ""WW"";
                break;
            }
        }
        Score result = analyzeHand(hand);
        if (best == null || result.weight > best.weight)
            best = result;
        return best;
    }

    private static String[] buildDeck() {
        String[] dck = new String[suits.length() * faces.length()];
        int i = 0;
        for (char s : suits.toCharArray()) {
            for (char f : faces.toCharArray()) {
                dck[i] = """" + f + s;
                i++;
            }
        }
        return dck;
    }

    private static class Score {
        final int weight;
        final String name;
        final String[] hand;

        Score(String n, int w, String[] h) {
            weight = w;
            name = n;
            hand = h != null ? h.clone() : h;
        }

        @Override
        public String toString() {
            return Arrays.toString(hand) + "" "" + name;
        }
    }

    private static class WildScore {
        final String[] wild;
        final Score score;

        WildScore(Score s, String[] w) {
            score = s;
            wild = w;
        }

        @Override
        public String toString() {
            return String.format(""%s%n%s%n"", Arrays.toString(wild),
                    score.toString());
        }
    }
}
"
7267,Echo server,"import java.io.BufferedReader;
import java.io.IOException;
import java.io.InputStreamReader;
import java.io.OutputStreamWriter;
import java.io.PrintWriter;
import java.net.ServerSocket;
import java.net.Socket;
import java.nio.charset.Charset;
import java.nio.charset.StandardCharsets;

public class EchoServer {

    public static void main(String[] args) throws IOException {
        try (ServerSocket listener = new ServerSocket(12321)) {
            while (true) {
                Socket conn = listener.accept();
                Thread clientThread = new Thread(() -> handleClient(conn));
                clientThread.start();
            }
        }
    }

    private static void handleClient(Socket connArg) {
        Charset utf8 = StandardCharsets.UTF_8;

        try (Socket conn = connArg) {
            BufferedReader in = new BufferedReader(
                    new InputStreamReader(conn.getInputStream(), utf8));

            PrintWriter out = new PrintWriter(
                    new OutputStreamWriter(conn.getOutputStream(), utf8),
                    true);

            String line;
            while ((line = in.readLine()) != null) {
                out.println(line);
            }
        } catch (IOException e) {
            e.printStackTrace();
        }
    }
}
"
7293,Bitmap_Flood fill,"import java.awt.Color;
import java.awt.Point;
import java.awt.image.BufferedImage;
import java.util.Deque;
import java.util.LinkedList;

public class FloodFill {
  public void floodFill(BufferedImage image, Point node, Color targetColor, Color replacementColor) {
    int width = image.getWidth();
    int height = image.getHeight();
    int target = targetColor.getRGB();
    int replacement = replacementColor.getRGB();
    if (target != replacement) {
      Deque<Point> queue = new LinkedList<Point>();
      do {
        int x = node.x;
        int y = node.y;
        while (x > 0 && image.getRGB(x - 1, y) == target) {
          x--;
        }
        boolean spanUp = false;
        boolean spanDown = false;
        while (x < width && image.getRGB(x, y) == target) {
          image.setRGB(x, y, replacement);
          if (!spanUp && y > 0 && image.getRGB(x, y - 1) == target) {
            queue.add(new Point(x, y - 1));
            spanUp = true;
          } else if (spanUp && y > 0 && image.getRGB(x, y - 1) != target) {
            spanUp = false;
          }
          if (!spanDown && y < height - 1 && image.getRGB(x, y + 1) == target) {
            queue.add(new Point(x, y + 1));
            spanDown = true;
          } else if (spanDown && y < height - 1 && image.getRGB(x, y + 1) != target) {
            spanDown = false;
          }
          x++;
        }
      } while ((node = queue.pollFirst()) != null);
    }
  }
}
"
7310,Intersecting number wheels,"package intersectingNumberWheels;
import java.util.ArrayList;
import java.util.HashMap;
import java.util.List;
import java.util.Map;
import java.util.stream.IntStream;

public class WheelController {
	private static final String IS_NUMBER = ""[0-9]"";
	private static final int TWENTY = 20;
	private static Map<String, WheelModel> wheelMap;

	public static void advance(String wheel) {
		WheelModel w = wheelMap.get(wheel);
		if (w.list.get(w.position).matches(IS_NUMBER)) {
			w.printThePosition();
			w.advanceThePosition();
		} else {
			String wheelName = w.list.get(w.position);
			advance(wheelName);
			w.advanceThePosition();
		}
	}

	public static void run() {
		System.out.println(wheelMap);
		IntStream.rangeClosed(1, TWENTY).forEach(i -> advance(""A""));
		System.out.println();
		wheelMap.clear();
	}

	public static void main(String[] args) {
		wheelMap = new HashMap<>();
		wheelMap.put(""A"", new WheelModel(""A"", ""1"", ""2"", ""3""));
		run();
		wheelMap.put(""A"", new WheelModel(""A"", ""1"", ""B"", ""2""));
		wheelMap.put(""B"", new WheelModel(""B"", ""3"", ""4""));
		run();
		wheelMap.put(""A"", new WheelModel(""A"", ""1"", ""D"", ""D""));
		wheelMap.put(""D"", new WheelModel(""D"", ""6"", ""7"", ""8""));
		run();
		wheelMap.put(""A"", new WheelModel(""A"", ""1"", ""B"", ""C""));
		wheelMap.put(""B"", new WheelModel(""B"", ""3"", ""4""));
		wheelMap.put(""C"", new WheelModel(""C"", ""5"", ""B""));
		run();
	}

}

class WheelModel {
	String name;
	List<String> list;
	int position;
	int endPosition;
	private static final int INITIAL = 0;

	public WheelModel(String name, String... values) {
		super();

		this.name = name.toUpperCase();
		this.list = new ArrayList<>();
		for (String value : values) {
			list.add(value);
		}
		this.position = INITIAL;
		this.endPosition = this.list.size() - 1;
	}

	@Override
	public String toString() {
		return list.toString();
	}

	public void advanceThePosition() {
		if (this.position == this.endPosition) {
			this.position = INITIAL;
		} else {
			this.position++;
		}
	}

	public void printThePosition() {
		System.out.print("" "" + this.list.get(position));
	}
}
"
7343,Time a function,"import java.lang.management.ManagementFactory;
import java.lang.management.ThreadMXBean;

public class TimeIt {
	public static void main(String[] args) {
		final ThreadMXBean threadMX = ManagementFactory.getThreadMXBean();
		assert threadMX.isCurrentThreadCpuTimeSupported();
		threadMX.setThreadCpuTimeEnabled(true);
		
		long start, end;
		start = threadMX.getCurrentThreadCpuTime();
		countTo(100000000);
		end = threadMX.getCurrentThreadCpuTime();
		System.out.println(""Counting to 100000000 takes ""+(end-start)/1000000+""ms"");
		start = threadMX.getCurrentThreadCpuTime();
		countTo(1000000000L);
		end = threadMX.getCurrentThreadCpuTime();
		System.out.println(""Counting to 1000000000 takes ""+(end-start)/1000000+""ms"");
 
	}
 
	public static void countTo(long x){
		System.out.println(""Counting..."");
		for(long i=0;i<x;i++);
		System.out.println(""Done!"");
	}
}
"
7386,Euler's sum of powers conjecture,"public class eulerSopConjecture
{

    static final int    MAX_NUMBER = 250;

    public static void main( String[] args )
    {
        boolean found = false;
        long[]  fifth = new long[ MAX_NUMBER ];

        for( int i = 1; i <= MAX_NUMBER; i ++ )
        {
            long i2 =  i * i;
            fifth[ i - 1 ] = i2 * i2 * i;
        } 

        for( int a = 0; a < MAX_NUMBER && ! found ; a ++ )
        {
            for( int b = a; b < MAX_NUMBER && ! found ; b ++ )
            {
                for( int c = b; c < MAX_NUMBER && ! found ; c ++ )
                {
                    for( int d = c; d < MAX_NUMBER && ! found ; d ++ )
                    {
                        long sum  = fifth[a] + fifth[b] + fifth[c] + fifth[d];
                        int  e = java.util.Arrays.binarySearch( fifth, sum );
                        found  = ( e >= 0 );
                        if( found )
                        {
                            
                            System.out.print( (a+1) + ""^5 + ""
                                            + (b+1) + ""^5 + ""
                                            + (c+1) + ""^5 + ""
                                            + (d+1) + ""^5 = ""
                                            + (e+1) + ""^5""
                                            );
                        } 
                    } 
                } 
            } 
        } 
    } 

} 
"
7453,Text processing_2,"import java.util.*;
import java.util.regex.*;
import java.io.*;

public class DataMunging2 {

    public static final Pattern e = Pattern.compile(""\\s+"");

    public static void main(String[] args) {
        try {
            BufferedReader infile = new BufferedReader(new FileReader(args[0]));
            List<String> duplicates = new ArrayList<String>();
            Set<String> datestamps = new HashSet<String>(); 

            String eingabe;
            int all_ok = 0;
            while ((eingabe = infile.readLine()) != null) { 
                String[] fields = e.split(eingabe); 
                if (fields.length != 49) 
                    System.out.println(""Format not ok!"");
                if (datestamps.add(fields[0])) { 
                    int howoften = (fields.length - 1) / 2 ; 
                                                             
                    for (int n = 1; Integer.parseInt(fields[2*n]) >= 1; n++) {
                        if (n == howoften) {
                            all_ok++ ;
                            break ;
                        }
                    }
                } else {
                    duplicates.add(fields[0]); 
                }
            }
            infile.close();
            System.out.println(""The following "" + duplicates.size() + "" datestamps were duplicated:"");
            for (String x : duplicates)
                System.out.println(x);
            System.out.println(all_ok + "" records were complete and ok!"");
        } catch (IOException e) {
            System.err.println(""Can't open file "" + args[0]);
            System.exit(1);
        }
    }
}
"
7487,RSA code,"public static void main(String[] args) {
    
    BigInteger n = new BigInteger(""9516311845790656153499716760847001433441357"");
    BigInteger e = new BigInteger(""65537"");
    BigInteger d = new BigInteger(""5617843187844953170308463622230283376298685"");
    Charset c = Charsets.UTF_8;
    String plainText = ""Rosetta Code"";
    System.out.println(""PlainText : "" + plainText);
    byte[] bytes = plainText.getBytes();
    BigInteger plainNum = new BigInteger(bytes);
    System.out.println(""As number : "" + plainNum);
    BigInteger Bytes = new BigInteger(bytes);
    if (Bytes.compareTo(n) == 1) {
        System.out.println(""Plaintext is too long"");
        return;
    }
    BigInteger enc = plainNum.modPow(e, n);
    System.out.println(""Encoded: "" + enc);
    BigInteger dec = enc.modPow(d, n);
    System.out.println(""Decoded: "" + dec);
    String decText = new String(dec.toByteArray(), c);
    System.out.println(""As text: "" + decText);
}
"
7501,The Twelve Days of Christmas,"public class TwelveDaysOfChristmas {

    final static String[] gifts = {
        ""A partridge in a pear tree."", ""Two turtle doves and"",
        ""Three french hens"", ""Four calling birds"",
        ""Five golden rings"", ""Six geese a-laying"",
        ""Seven swans a-swimming"", ""Eight maids a-milking"",
        ""Nine ladies dancing"", ""Ten lords a-leaping"",
        ""Eleven pipers piping"", ""Twelve drummers drumming"",
        ""And a partridge in a pear tree."", ""Two turtle doves""
    };

    final static String[] days = {
        ""first"", ""second"", ""third"", ""fourth"", ""fifth"", ""sixth"", ""seventh"",
        ""eighth"", ""ninth"", ""tenth"", ""eleventh"", ""Twelfth""
    };

    public static void main(String[] args) {
        for (int i = 0; i < days.length; i++) {
            System.out.printf(""%nOn the %s day of Christmas%n"", days[i]);
            System.out.println(""My true love gave to me:"");
            for (int j = i; j >= 0; j--)
                System.out.println(gifts[i == 11 && j < 2 ? j + 12 : j]);
        }
    }
}
"
7523,Multiplicative order,"import java.math.BigInteger;
import java.util.ArrayList;
import java.util.List;

public class MultiplicativeOrder {
    private static final BigInteger ONE = BigInteger.ONE;
    private static final BigInteger TWO = BigInteger.valueOf(2);
    private static final BigInteger THREE = BigInteger.valueOf(3);
    private static final BigInteger TEN = BigInteger.TEN;

    private static class PExp {
        BigInteger prime;
        long exp;

        PExp(BigInteger prime, long exp) {
            this.prime = prime;
            this.exp = exp;
        }
    }

    private static void moTest(BigInteger a, BigInteger n) {
        if (!n.isProbablePrime(20)) {
            System.out.println(""Not computed. Modulus must be prime for this algorithm."");
            return;
        }
        if (a.bitLength() < 100) System.out.printf(""ord(%s)"", a);
        else System.out.print(""ord([big])"");
        if (n.bitLength() < 100) System.out.printf("" mod %s "", n);
        else System.out.print("" mod [big] "");
        BigInteger mob = moBachShallit58(a, n, factor(n.subtract(ONE)));
        System.out.println(""= "" + mob);
    }

    private static BigInteger moBachShallit58(BigInteger a, BigInteger n, List<PExp> pf) {
        BigInteger n1 = n.subtract(ONE);
        BigInteger mo = ONE;
        for (PExp pe : pf) {
            BigInteger y = n1.divide(pe.prime.pow((int) pe.exp));
            long o = 0;
            BigInteger x = a.modPow(y, n.abs());
            while (x.compareTo(ONE) > 0) {
                x = x.modPow(pe.prime, n.abs());
                o++;
            }
            BigInteger o1 = BigInteger.valueOf(o);
            o1 = pe.prime.pow(o1.intValue());
            o1 = o1.divide(mo.gcd(o1));
            mo = mo.multiply(o1);
        }
        return mo;
    }

    private static List<PExp> factor(BigInteger n) {
        List<PExp> pf = new ArrayList<>();
        BigInteger nn = n;
        Long e = 0L;
        while (!nn.testBit(e.intValue())) e++;
        if (e > 0L) {
            nn = nn.shiftRight(e.intValue());
            pf.add(new PExp(TWO, e));
        }
        BigInteger s = sqrt(nn);
        BigInteger d = THREE;
        while (nn.compareTo(ONE) > 0) {
            if (d.compareTo(s) > 0) d = nn;
            e = 0L;
            while (true) {
                BigInteger[] qr = nn.divideAndRemainder(d);
                if (qr[1].bitLength() > 0) break;
                nn = qr[0];
                e++;
            }
            if (e > 0L) {
                pf.add(new PExp(d, e));
                s = sqrt(nn);
            }
            d = d.add(TWO);
        }
        return pf;
    }

    private static BigInteger sqrt(BigInteger n) {
        BigInteger b = n;
        while (true) {
            BigInteger a = b;
            b = n.divide(a).add(a).shiftRight(1);
            if (b.compareTo(a) >= 0) return a;
        }
    }

    public static void main(String[] args) {
        moTest(BigInteger.valueOf(37), BigInteger.valueOf(3343));

        BigInteger b = TEN.pow(100).add(ONE);
        moTest(b, BigInteger.valueOf(7919));

        b = TEN.pow(1000).add(ONE);
        moTest(b, BigInteger.valueOf(15485863));

        b = TEN.pow(10000).subtract(ONE);
        moTest(b, BigInteger.valueOf(22801763489L));

        moTest(BigInteger.valueOf(1511678068), BigInteger.valueOf(7379191741L));
        moTest(BigInteger.valueOf(3047753288L), BigInteger.valueOf(2257683301L));
    }
}
"
7544,Inheritance_Multiple,"public interface Camera{
   
   
   
}
"
7558,Pernicious numbers,"public class Pernicious{
    
    public static boolean isPrime(int x){
        if(x < 2) return false;
        for(int i = 2; i < x; i++){
            if(x % i == 0) return false;
        }
        return true;
    }

    public static int popCount(long x){
        return Long.bitCount(x);
    }

    public static void main(String[] args){
        for(long i = 1, n = 0; n < 25; i++){
            if(isPrime(popCount(i))){
                System.out.print(i + "" "");
                n++;
            }
        }
        
        System.out.println();
        
        for(long i = 888888877; i <= 888888888; i++){
            if(isPrime(popCount(i))) System.out.print(i + "" "");
        }
    }
}
"
7578,Rename a file,"import java.io.File;
public class FileRenameTest {
   public static boolean renameFile(String oldname, String newname) {
       
       File file = new File(oldname);
   
       
       File file2 = new File(newname);
   
       
       boolean success = file.renameTo(file2);
       return success;
   }
   public static void test(String type, String oldname, String newname) {
       System.out.println(""The following "" + type + "" called "" + oldname +
           ( renameFile(oldname, newname) ? "" was renamed as "" : "" could not be renamed into "")
           + newname + "".""
       );
   }
   public static void main(String args[]) {
        test(""file"", ""input.txt"", ""output.txt"");
        test(""file"", File.separator + ""input.txt"", File.separator + ""output.txt"");
        test(""directory"", ""docs"", ""mydocs"");
        test(""directory"", File.separator + ""docs"" + File.separator, File.separator + ""mydocs"" + File.separator);
   }
}
"
7618,Search a list,"import java.util.List;
import java.util.Arrays;

List<String> haystack = Arrays.asList(""Zig"",""Zag"",""Wally"",""Ronald"",""Bush"",""Krusty"",""Charlie"",""Bush"",""Bozo"");

for (String needle : new String[]{""Washington"",""Bush""}) {
    int index = haystack.indexOf(needle);
    if (index < 0)
        System.out.println(needle + "" is not in haystack"");
    else
        System.out.println(index + "" "" + needle);
}
"
7648,HTTPS,"URL url = new URL(""https:
HttpsURLConnection connection = (HttpsURLConnection) url.openConnection();
Scanner scanner = new Scanner(connection.getInputStream());

while (scanner.hasNext()) {
    System.out.println(scanner.next());
}
"
7677,Abstract type,"public abstract class Abs {
    public abstract int method1(double value);
    protected abstract int method2(String name);
    int add(int a, int b) {
        return a + b;
    }
}
"
7708,Nim game,"import java.util.Scanner;

public class NimGame {

    public static void main(String[] args) {
        runGame(12);
    }
    
    private static void runGame(int tokens) {
        System.out.printf(""Nim game.%n%n"");

        Scanner in = new Scanner(System.in);;
        
        do {            
            boolean humanInputOk = false;
            int humanTokens = 0;
            while ( ! humanInputOk ) {
                System.out.printf(""Human takes how many tokens?  "");
                String input = in.next();
                try {
                    humanTokens = Integer.parseInt(input);
                    if ( humanTokens >= 1 && humanTokens <= 3 ) {
                        humanInputOk = true;
                    }
                    else {
                        System.out.printf(""Try a number between 1 and 3.%n"");
                    }
                }
                catch (NumberFormatException e) {
                    System.out.printf(""Invalid input.  Try a number between 1 and 3.%n"");
                }
            }
            
            tokens -= humanTokens;
            
            System.out.printf(""You take %d token%s.%n%d token%s remaining.%n%n"", humanTokens, humanTokens > 1 ? ""s"" : """", tokens, tokens != 1 ? ""s"" : """");
            if ( tokens == 0 ) {
                System.out.printf(""You win!!.%n%n"");
                break;
            }
            int computerTokens = 4 - humanTokens;
            tokens -= computerTokens;
            
            System.out.printf(""Computer takes %d token%s.%n%d token%s remaining.%n%n"", computerTokens, computerTokens != 1 ? ""s"" : """", tokens, tokens != 1 ? ""s"" : """");
            if ( tokens == 0 ) {
                System.out.printf(""Computer wins!!.%n%n"");
            }

        } while (tokens > 0);

        in.close();
    }

}
"
7744,Find the last Sunday of each month,"import java.util.Scanner;

public class LastSunday 
{
	static final String[] months={""January"",""February"",""March"",""April"",""May"",""June"",""July"",""August"",""September"",""October"",""November"",""December""};
	
	public static int[] findLastSunday(int year)
	{
		boolean isLeap = isLeapYear(year);
		
		int[] days={31,isLeap?29:28,31,30,31,30,31,31,30,31,30,31};
		int[] lastDay=new int[12];
		
		for(int m=0;i<12;i++)
		{
			int d;
			for(d=days[m]; getWeekDay(year,m,d)!=0; d--)
				;
			lastDay[m]=d;
		}
		
		return lastDay;
	}
	
	private static boolean isLeapYear(int year)
	{
		if(year%4==0)
		{
			if(year%100!=0)
				return true;
			else if (year%400==0)
				return true;
		}
		return false;
	}
	
	private static int getWeekDay(int y, int m, int d)
	{
		int f=y+d+3*m-1;
		m++;
		
		if(m<3)
			y--;
		else
			f-=(int)(0.4*m+2.3);
		
		f+=(int)(y/4)-(int)((y/100+1)*0.75);
		f%=7;
		
		return f;
	}
	
	private static void display(int year, int[] lastDay)
	{
		System.out.println(""\nYEAR: ""+year);
		for(int m=0;i<12;i++)
			System.out.println(months[m]+"": ""+lastDay[m]);
	}
	
	public static void main(String[] args) throws Exception
	{
		System.out.print(""Enter year: "");
		Scanner s=new Scanner(System.in);
		
		int y=Integer.parseInt(s.next());
		
		int[] lastDay = findLastSunday(y);
		display(y, lastDay);
		
		s.close();
	}
}
"
7784,Tonelli-Shanks algorithm,"import java.math.BigInteger;
import java.util.List;
import java.util.Map;
import java.util.function.BiFunction;
import java.util.function.Function;

public class TonelliShanks {
    private static final BigInteger ZERO = BigInteger.ZERO;
    private static final BigInteger ONE = BigInteger.ONE;
    private static final BigInteger TEN = BigInteger.TEN;
    private static final BigInteger TWO = BigInteger.valueOf(2);
    private static final BigInteger FOUR = BigInteger.valueOf(4);

    private static class Solution {
        private BigInteger root1;
        private BigInteger root2;
        private boolean exists;

        Solution(BigInteger root1, BigInteger root2, boolean exists) {
            this.root1 = root1;
            this.root2 = root2;
            this.exists = exists;
        }
    }

    private static Solution ts(Long n, Long p) {
        return ts(BigInteger.valueOf(n), BigInteger.valueOf(p));
    }

    private static Solution ts(BigInteger n, BigInteger p) {
        BiFunction<BigInteger, BigInteger, BigInteger> powModP = (BigInteger a, BigInteger e) -> a.modPow(e, p);
        Function<BigInteger, BigInteger> ls = (BigInteger a) -> powModP.apply(a, p.subtract(ONE).divide(TWO));

        if (!ls.apply(n).equals(ONE)) return new Solution(ZERO, ZERO, false);

        BigInteger q = p.subtract(ONE);
        BigInteger ss = ZERO;
        while (q.and(ONE).equals(ZERO)) {
            ss = ss.add(ONE);
            q = q.shiftRight(1);
        }

        if (ss.equals(ONE)) {
            BigInteger r1 = powModP.apply(n, p.add(ONE).divide(FOUR));
            return new Solution(r1, p.subtract(r1), true);
        }

        BigInteger z = TWO;
        while (!ls.apply(z).equals(p.subtract(ONE))) z = z.add(ONE);
        BigInteger c = powModP.apply(z, q);
        BigInteger r = powModP.apply(n, q.add(ONE).divide(TWO));
        BigInteger t = powModP.apply(n, q);
        BigInteger m = ss;

        while (true) {
            if (t.equals(ONE)) return new Solution(r, p.subtract(r), true);
            BigInteger i = ZERO;
            BigInteger zz = t;
            while (!zz.equals(BigInteger.ONE) && i.compareTo(m.subtract(ONE)) < 0) {
                zz = zz.multiply(zz).mod(p);
                i = i.add(ONE);
            }
            BigInteger b = c;
            BigInteger e = m.subtract(i).subtract(ONE);
            while (e.compareTo(ZERO) > 0) {
                b = b.multiply(b).mod(p);
                e = e.subtract(ONE);
            }
            r = r.multiply(b).mod(p);
            c = b.multiply(b).mod(p);
            t = t.multiply(c).mod(p);
            m = i;
        }
    }

    public static void main(String[] args) {
        List<Map.Entry<Long, Long>> pairs = List.of(
            Map.entry(10L, 13L),
            Map.entry(56L, 101L),
            Map.entry(1030L, 10009L),
            Map.entry(1032L, 10009L),
            Map.entry(44402L, 100049L),
            Map.entry(665820697L, 1000000009L),
            Map.entry(881398088036L, 1000000000039L)
        );

        for (Map.Entry<Long, Long> pair : pairs) {
            Solution sol = ts(pair.getKey(), pair.getValue());
            System.out.printf(""n = %s\n"", pair.getKey());
            System.out.printf(""p = %s\n"", pair.getValue());
            if (sol.exists) {
                System.out.printf(""root1 = %s\n"", sol.root1);
                System.out.printf(""root2 = %s\n"", sol.root2);
            } else {
                System.out.println(""No solution exists"");
            }
            System.out.println();
        }

        BigInteger bn = new BigInteger(""41660815127637347468140745042827704103445750172002"");
        BigInteger bp = TEN.pow(50).add(BigInteger.valueOf(577));
        Solution sol = ts(bn, bp);
        System.out.printf(""n = %s\n"", bn);
        System.out.printf(""p = %s\n"", bp);
        if (sol.exists) {
            System.out.printf(""root1 = %s\n"", sol.root1);
            System.out.printf(""root2 = %s\n"", sol.root2);
        } else {
            System.out.println(""No solution exists"");
        }
    }
}
"
7819,Stream merge,"import java.util.Iterator;
import java.util.List;
import java.util.Objects;

public class StreamMerge {
    private static <T extends Comparable<T>> void merge2(Iterator<T> i1, Iterator<T> i2) {
        T a = null, b = null;

        while (i1.hasNext() || i2.hasNext()) {
            if (null == a && i1.hasNext()) {
                a = i1.next();
            }
            if (null == b && i2.hasNext()) {
                b = i2.next();
            }

            if (null != a) {
                if (null != b) {
                    if (a.compareTo(b) < 0) {
                        System.out.print(a);
                        a = null;
                    } else {
                        System.out.print(b);
                        b = null;
                    }
                } else {
                    System.out.print(a);
                    a = null;
                }
            } else if (null != b) {
                System.out.print(b);
                b = null;
            }
        }

        if (null != a) {
            System.out.print(a);
        }
        if (null != b) {
            System.out.print(b);
        }
    }

    @SuppressWarnings(""unchecked"")
    @SafeVarargs
    private static <T extends Comparable<T>> void mergeN(Iterator<T>... iter) {
        Objects.requireNonNull(iter);
        if (iter.length == 0) {
            throw new IllegalArgumentException(""Must have at least one iterator"");
        }

        Object[] pa = new Object[iter.length];
        boolean done;

        do {
            done = true;

            for (int i = 0; i < iter.length; i++) {
                Iterator<T> t = iter[i];
                if (null == pa[i] && t.hasNext()) {
                    pa[i] = t.next();
                }
            }

            T min = null;
            int idx = -1;
            for (int i = 0; i < pa.length; ++i) {
                T t = (T) pa[i];
                if (null != t) {
                    if (null == min) {
                        min = t;
                        idx = i;
                        done = false;
                    } else if (t.compareTo(min) < 0) {
                        min = t;
                        idx = i;
                        done = false;
                    }
                }
            }
            if (idx != -1) {
                System.out.print(min);
                pa[idx] = null;
            }
        } while (!done);
    }

    public static void main(String[] args) {
        List<Integer> l1 = List.of(1, 4, 7, 10);
        List<Integer> l2 = List.of(2, 5, 8, 11);
        List<Integer> l3 = List.of(3, 6, 9, 12);

        merge2(l1.iterator(), l2.iterator());
        System.out.println();

        mergeN(l1.iterator(), l2.iterator(), l3.iterator());
        System.out.println();
        System.out.flush();
    }
}
"
7838,Smith numbers,"import java.util.*;

public class SmithNumbers {

    public static void main(String[] args) {
        for (int n = 1; n < 10_000; n++) {
            List<Integer> factors = primeFactors(n);
            if (factors.size() > 1) {
                int sum = sumDigits(n);
                for (int f : factors)
                    sum -= sumDigits(f);
                if (sum == 0)
                    System.out.println(n);
            }
        }
    }

    static List<Integer> primeFactors(int n) {
        List<Integer> result = new ArrayList<>();

        for (int i = 2; n % i == 0; n /= i)
            result.add(i);

        for (int i = 3; i * i <= n; i += 2) {
            while (n % i == 0) {
                result.add(i);
                n /= i;
            }
        }

        if (n != 1)
            result.add(n);

        return result;
    }

    static int sumDigits(int n) {
        int sum = 0;
        while (n > 0) {
            sum += (n % 10);
            n /= 10;
        }
        return sum;
    }
}
"
7875,Amicable pairs,"import java.util.Map;
import java.util.function.Function;
import java.util.stream.Collectors;
import java.util.stream.LongStream;

public class AmicablePairs {

    public static void main(String[] args) {
        int limit = 20_000;

        Map<Long, Long> map = LongStream.rangeClosed(1, limit)
                .parallel()
                .boxed()
                .collect(Collectors.toMap(Function.identity(), AmicablePairs::properDivsSum));

        LongStream.rangeClosed(1, limit)
                .forEach(n -> {
                    long m = map.get(n);
                    if (m > n && m <= limit && map.get(m) == n)
                        System.out.printf(""%s %s %n"", n, m);
                });
    }

    public static Long properDivsSum(long n) {
        return LongStream.rangeClosed(1, (n + 1) / 2).filter(i -> n % i == 0).sum();
    }
}
"
7894,Empty string,"String s = """";
if(s != null && s.isEmpty()){
   System.out.println(""s is empty"");
}else{
   System.out.println(""s is not empty"");
}
"
7958,Split a character string based on change of character,"package org.rosettacode;

import java.util.ArrayList;
import java.util.List;



public class SplitStringByCharacterChange {
    
    public static void main(String... args){
        for (String string : args){
            
            List<String> resultStrings = splitStringByCharacter(string);
            String output = formatList(resultStrings);
            System.out.println(output);
        }
    }
    
    
    public static List<String> splitStringByCharacter(String string){
        
        List<String> resultStrings = new ArrayList<>();
        StringBuilder currentString = new StringBuilder();
        
        for (int pointer = 0; pointer < string.length(); pointer++){
            
            currentString.append(string.charAt(pointer));
            
            if (pointer == string.length() - 1 
                    || currentString.charAt(0) != string.charAt(pointer + 1)) {
                resultStrings.add(currentString.toString());
                currentString = new StringBuilder();
            }
        }
        
        return resultStrings;
    }
    
    
    public static String formatList(List<String> list){
        
        StringBuilder output = new StringBuilder();
        
        for (int pointer = 0; pointer < list.size(); pointer++){
            output.append(list.get(pointer));
            
            if (pointer != list.size() - 1){
                output.append("", "");
            }
        }
        
        return output.toString();
    }
}
"
8004,Mandelbrot set,"import java.awt.Graphics;
import java.awt.image.BufferedImage;
import javax.swing.JFrame;

public class Mandelbrot extends JFrame {

    private final int MAX_ITER = 570;
    private final double ZOOM = 150;
    private BufferedImage I;
    private double zx, zy, cX, cY, tmp;

    public Mandelbrot() {
        super(""Mandelbrot Set"");
        setBounds(100, 100, 800, 600);
        setResizable(false);
        setDefaultCloseOperation(EXIT_ON_CLOSE);
        I = new BufferedImage(getWidth(), getHeight(), BufferedImage.TYPE_INT_RGB);
        for (int y = 0; y < getHeight(); y++) {
            for (int x = 0; x < getWidth(); x++) {
                zx = zy = 0;
                cX = (x - 400) / ZOOM;
                cY = (y - 300) / ZOOM;
                int iter = MAX_ITER;
                while (zx * zx + zy * zy < 4 && iter > 0) {
                    tmp = zx * zx - zy * zy + cX;
                    zy = 2.0 * zx * zy + cY;
                    zx = tmp;
                    iter--;
                }
                I.setRGB(x, y, iter | (iter << 8));
            }
        }
    }

    @Override
    public void paint(Graphics g) {
        g.drawImage(I, 0, 0, this);
    }

    public static void main(String[] args) {
        new Mandelbrot().setVisible(true);
    }
}
"
8036,Stem-and-leaf plot,"import java.util.Collections;
import java.util.LinkedList;
import java.util.List;
import java.util.Map;
import java.util.TreeMap;

public class StemAndLeaf {
	private static int[] data = { 12, 127, 28, 42, 39, 113, 42, 18, 44, 118,
			44, 37, 113, 124, 37, 48, 127, 36, 29, 31, 125, 139, 131, 115, 105,
			132, 104, 123, 35, 113, 122, 42, 117, 119, 58, 109, 23, 105, 63,
			27, 44, 105, 99, 41, 128, 121, 116, 125, 32, 61, 37, 127, 29, 113,
			121, 58, 114, 126, 53, 114, 96, 25, 109, 7, 31, 141, 46, 13, 27,
			43, 117, 116, 27, 7, 68, 40, 31, 115, 124, 42, 128, 52, 71, 118,
			117, 38, 27, 106, 33, 117, 116, 111, 40, 119, 47, 105, 57, 122,
			109, 124, 115, 43, 120, 43, 27, 27, 18, 28, 48, 125, 107, 114, 34,
			133, 45, 120, 30, 127, 31, 116, 146 };
	
	public static Map<Integer, List<Integer>> createPlot(int... data){
		Map<Integer, List<Integer>> plot = new TreeMap<Integer, List<Integer>>();
		int highestStem = -1; 
		for(int datum:data){
			int leaf = datum % 10;
			int stem = datum / 10; 
			if(stem > highestStem){
				highestStem = stem;
			}
			if(plot.containsKey(stem)){
				plot.get(stem).add(leaf);
			}else{
				LinkedList<Integer> list = new LinkedList<Integer>();
				list.add(leaf);
				plot.put(stem, list);
			}
		}
		if(plot.keySet().size() < highestStem + 1  ){
			for(int i = 0; i <= highestStem; i++){
				if(!plot.containsKey(i)){
					LinkedList<Integer> list = new LinkedList<Integer>();
					plot.put(i, list);
				}
			}
		}
		return plot;
	}
	
	public static void printPlot(Map<Integer, List<Integer>> plot){
		for(Map.Entry<Integer, List<Integer>> line : plot.entrySet()){
			Collections.sort(line.getValue());
			System.out.println(line.getKey() + "" | "" + line.getValue());
		}
	}
	
	public static void main(String[] args){
		Map<Integer, List<Integer>> plot = createPlot(data);
		printPlot(plot);
	}
}
"
8052,Arithmetic_Complex,"public class Complex {
    public final double real;
    public final double imag;

    public Complex() {
        this(0, 0);
    }

    public Complex(double r, double i) {
        real = r;
        imag = i;
    }

    public Complex add(Complex b) {
        return new Complex(this.real + b.real, this.imag + b.imag);
    }

    public Complex mult(Complex b) {
        
        return new Complex(this.real * b.real - this.imag * b.imag,
                this.real * b.imag + this.imag * b.real);
    }

    public Complex inv() {
        
        double denom = real * real + imag * imag;
        return new Complex(real / denom, -imag / denom);
    }

    public Complex neg() {
        return new Complex(-real, -imag);
    }

    public Complex conj() {
        return new Complex(real, -imag);
    }

    @Override
    public String toString() {
        return real + "" + "" + imag + "" * i"";
    }

    public static void main(String[] args) {
        Complex a = new Complex(Math.PI, -5); 
        Complex b = new Complex(-1, 2.5);
        System.out.println(a.neg());
        System.out.println(a.add(b));
        System.out.println(a.inv());
        System.out.println(a.mult(b));
        System.out.println(a.conj());
    }
}
"
8068,RPG attributes generator,"import java.util.List;
import java.util.Random;
import java.util.stream.Stream;

import static java.util.stream.Collectors.toList;

public class Rpg {

    private static final Random random = new Random();
 
    public static int genAttribute() {
        return random.ints(1, 6 + 1) 
            .limit(4) 
            .sorted() 
            .limit(3) 
            .sum();   
    }
 
    public static void main(String[] args) {
        while (true) {
            List<Integer> stats =
                Stream.generate(Rpg::genAttribute) 
                    .limit(6) 
                    .collect(toList()); 
            int sum = stats.stream().mapToInt(Integer::intValue).sum();
            long count = stats.stream().filter(v -> v >= 15).count();
            if (count >= 2 && sum >= 75) {
                System.out.printf(""The 6 random numbers generated are: %s\n"", stats);
                System.out.printf(""Their sum is %s and %s of them are >= 15\n"", sum, count);
                return;
            }      
        }
    }
}
"
8106,Grayscale image,"void convertToGrayscale(final BufferedImage image){
    for(int i=0; i<image.getWidth(); i++){
        for(int j=0; j<image.getHeight(); j++){
            int color = image.getRGB(i,j);

            int alpha = (color >> 24) & 255;
            int red = (color >> 16) & 255;
            int green = (color >> 8) & 255;
            int blue = (color) & 255;

            final int lum = (int)(0.2126 * red + 0.7152 * green + 0.0722 * blue);

            alpha = (alpha << 24);
            red = (lum << 16);
            green = (lum << 8);
            blue = lum;

            color = alpha + red + green + blue;

            image.setRGB(i,j,color);
        }
    }
}
"
8158,Character codes,"module CharacterCodes
    {
    @Inject Console console;
    void run()
        {
        for (Char char : ['\0', '\d', 'A', '$', '¢', '~', '˜'])
            {
            
            UInt32 codepoint = char.codepoint;

            
            Char fromCodePoint = codepoint.toChar();   

            console.print($|Character {char.quoted()}:\
                           | Unicode codepoint={char.codepoint},\
                           | ASCII={char.ascii},\
                           | UTF8 bytes={char.utf8()},\
                           | char from codepoint={fromCodePoint.quoted()}
                         );
            }
        }
    }
"
8193,Chowla numbers,"public class Chowla {

    public static void main(String[] args) {
        int[] chowlaNumbers = findChowlaNumbers(37);
        for (int i = 0; i < chowlaNumbers.length; i++) {
            System.out.printf(""chowla(%d) = %d%n"", (i+1), chowlaNumbers[i]);
        }
        System.out.println();

        int[][] primes = countPrimes(100, 10_000_000);
        for (int i = 0; i < primes.length; i++) {
            System.out.printf(Locale.US, ""There is %,d primes up to %,d%n"", primes[i][1], primes[i][0]);
        }
        System.out.println();

        int[] perfectNumbers = findPerfectNumbers(35_000_000);
        for (int i = 0; i < perfectNumbers.length; i++) {
            System.out.printf(""%d is a perfect number%n"", perfectNumbers[i]);
        }
        System.out.printf(Locale.US, ""There are %d perfect numbers < %,d%n"", perfectNumbers.length, 35_000_000);
    }

    public static int chowla(int n) {
        if (n < 0) throw new IllegalArgumentException(""n is not positive"");
        int sum = 0;
        for (int i = 2, j; i * i <= n; i++)
            if (n % i == 0) sum += i + (i == (j = n / i) ? 0 : j);
        return sum;
    }

    protected static int[][] countPrimes(int power, int limit) {
        int count = 0;
        int[][] num = new int[countMultiplicity(limit, power)][2];
        for (int n = 2, i=0;  n <= limit; n++) {
            if (chowla(n) == 0) count++;
            if (n % power == 0) {
                num[i][0] = power;
                num[i][1] = count;
                i++;
                power *= 10;
            }
        }
        return num;
    }

    protected static int countMultiplicity(int limit, int start) {
        int count = 0;
        int cur = limit;
        while(cur >= start) {
            count++;
            cur = cur/10;
        }
        return count;
    }

    protected static int[] findChowlaNumbers(int limit) {
        int[] num = new int[limit];
        for (int i = 0; i < limit; i++) {
            num[i] = chowla(i+1);
        }
        return num;
    }

    protected static int[] findPerfectNumbers(int limit) {
        int count = 0;
        int[] num = new int[count];

        int k = 2, kk = 3, p;
        while ((p = k * kk) < limit) {
            if (chowla(p) == p - 1) {
                num = increaseArr(num);
                num[count++] = p;
            }
            k = kk + 1;
            kk += k;
        }
        return num;
    }

    private static int[] increaseArr(int[] arr) {
        int[] tmp = new int[arr.length + 1];
        System.arraycopy(arr, 0, tmp, 0, arr.length);
        return tmp;
    }
}
"
8214,Doubly-linked list_Traversal,"package com.rosettacode;

import java.util.LinkedList;
import java.util.stream.Collectors;
import java.util.stream.IntStream;

public class DoubleLinkedListTraversing {

  public static void main(String[] args) {

    final LinkedList<String> doubleLinkedList =
        IntStream.range(1, 10)
            .mapToObj(String::valueOf)
            .collect(Collectors.toCollection(LinkedList::new));

    doubleLinkedList.iterator().forEachRemaining(System.out::print);
    System.out.println();
    doubleLinkedList.descendingIterator().forEachRemaining(System.out::print);
  }
}
"
8230,Penney's game,"import java.util.*;

public class PenneysGame {

    public static void main(String[] args) {
        Random rand = new Random();

        String compChoice = """", playerChoice;
        if (rand.nextBoolean()) {

            for (int i = 0; i < 3; i++)
                compChoice += ""HT"".charAt(rand.nextInt(2));
            System.out.printf(""Computer chooses %s%n"", compChoice);

            playerChoice = prompt(compChoice);

        } else {

            playerChoice = prompt(compChoice);

            compChoice = ""T"";
            if (playerChoice.charAt(1) == 'T')
                compChoice = ""H"";
            compChoice += playerChoice.substring(0, 2);
            System.out.printf(""Computer chooses %s%n"", compChoice);
        }

        String tossed = """";
        while (true) {
            tossed += ""HT"".charAt(rand.nextInt(2));
            System.out.printf(""Tossed %s%n"" , tossed);
            if (tossed.endsWith(playerChoice)) {
                System.out.println(""You win!"");
                break;
            }
            if (tossed.endsWith(compChoice)) {
                System.out.println(""Computer wins!"");
                break;
            }
        }
    }

    private static String prompt(String otherChoice) {
        Scanner sc = new Scanner(System.in);
        String s;
        do {
            System.out.print(""Choose a sequence: "");
            s = sc.nextLine().trim().toUpperCase();
        } while (!s.matches(""[HT]{3}"") || s.equals(otherChoice));
        return s;
    }
}
"
8259,Babbage problem,"public class Test {

    public static void main(String[] args) {

        
        int n = 0;

        
        do {

            
            n++;

        
        } while (n * n % 1000_000 != 269696);

        
        System.out.println(n);
    }
}
"
8280,Almost prime,"public class AlmostPrime {
    public static void main(String[] args) {
        for (int k = 1; k <= 5; k++) {
            System.out.print(""k = "" + k + "":"");

            for (int i = 2, c = 0; c < 10; i++) {
                if (kprime(i, k)) {
                    System.out.print("" "" + i);
                    c++;
                }
            }

            System.out.println("""");
        }
    }

    public static boolean kprime(int n, int k) {
        int f = 0;
        for (int p = 2; f < k && p * p <= n; p++) {
            while (n % p == 0) {
                n /= p;
                f++;
            }
        }
        return f + ((n > 1) ? 1 : 0) == k;
    }
}
"
8296,Secure temporary file,"import java.io.File;
import java.io.IOException;

public class CreateTempFile {
    public static void main(String[] args)  {
        try {
            
            File temp = File.createTempFile(""temp-file-name"", "".tmp"");
            System.out.println(""Temp file : "" + temp.getAbsolutePath());
        }
        catch(IOException e) {
            e.printStackTrace();
    	}
    }
}
"
8318,Vector,"import java.util.Locale;

public class Test {

    public static void main(String[] args) {
        System.out.println(new Vec2(5, 7).add(new Vec2(2, 3)));
        System.out.println(new Vec2(5, 7).sub(new Vec2(2, 3)));
        System.out.println(new Vec2(5, 7).mult(11));
        System.out.println(new Vec2(5, 7).div(2));
    }
}

class Vec2 {
    final double x, y;

    Vec2(double x, double y) {
        this.x = x;
        this.y = y;
    }

    Vec2 add(Vec2 v) {
        return new Vec2(x + v.x, y + v.y);
    }

    Vec2 sub(Vec2 v) {
        return new Vec2(x - v.x, y - v.y);
    }

    Vec2 div(double val) {
        return new Vec2(x / val, y / val);
    }

    Vec2 mult(double val) {
        return new Vec2(x * val, y * val);
    }

    @Override
    public String toString() {
        return String.format(Locale.US, ""[%s, %s]"", x, y);
    }
}
"
8338,Alternade words,"import java.io.*;
import java.util.*;

public class AlternadeWords {
    public static void main(String[] args) {
        try {
            Set<String> dictionary = new TreeSet<>();
            try (BufferedReader reader = new BufferedReader(new FileReader(""unixdict.txt""))) {
                String line;
                while ((line = reader.readLine()) != null)
                    dictionary.add(line);
            }
            StringBuilder word1 = new StringBuilder();
            StringBuilder word2 = new StringBuilder();
            for (String word : dictionary) {
                int length = word.length();
                if (length < 6)
                    continue;
                word1.setLength(0);
                word2.setLength(0);
                for (int i = 0; i < length; i += 2) {
                    word1.append(word.charAt(i));
                    if (i + 1 < length)
                        word2.append(word.charAt(i + 1));
                }
                String w1 = word1.toString();
                String w2 = word2.toString();
                if (dictionary.contains(w1) && dictionary.contains(w2))
                    System.out.printf(""%-10s%-6s%s\n"", word, w1, w2);
            }
        } catch (Exception e)  {
            e.printStackTrace();
        }
    }
}
"
8362,Readline interface,"import java.io.BufferedReader;
import java.io.IOException;
import java.io.InputStreamReader;
import java.util.HashMap;
import java.util.LinkedList;
import java.util.Map;

public class ReadlineInterface {
    private static LinkedList<String> histArr = new LinkedList<>();

    private static void hist() {
        if (histArr.isEmpty()) {
            System.out.println(""No history"");
        } else {
            histArr.forEach(cmd -> System.out.printf("" - %s\n"", cmd));
        }

        class Crutch {}
        histArr.add(Crutch.class.getEnclosingMethod().getName());
    }

    private static void hello() {
        System.out.println(""Hello World!"");

        class Crutch {}
        histArr.add(Crutch.class.getEnclosingMethod().getName());
    }

    private static void help() {
        System.out.println(""Available commands:"");
        System.out.println(""  hello"");
        System.out.println(""  hist"");
        System.out.println(""  exit"");
        System.out.println(""  help"");

        class Crutch {}
        histArr.add(Crutch.class.getEnclosingMethod().getName());
    }

    public static void main(String[] args) throws IOException {
        Map<String, Runnable> cmdMap = new HashMap<>();
        cmdMap.put(""help"", ReadlineInterface::help);
        cmdMap.put(""hist"", ReadlineInterface::hist);
        cmdMap.put(""hello"", ReadlineInterface::hello);

        BufferedReader in = new BufferedReader(new InputStreamReader(System.in));

        System.out.println(""Enter a command, type help for a listing."");
        while (true) {
            System.out.print("">"");
            String line = in.readLine();
            if (""exit"".equals(line)) {
                break;
            }

            cmdMap.getOrDefault(line, ReadlineInterface::help).run();
        }
    }
}
"
8378,Chaos game,"import java.awt.*;
import java.awt.event.*;
import java.util.*;
import javax.swing.*;
import javax.swing.Timer;

public class ChaosGame extends JPanel {
    static class ColoredPoint extends Point {
        int colorIndex;

        ColoredPoint(int x, int y, int idx) {
            super(x, y);
            colorIndex = idx;
        }
    }

    Stack<ColoredPoint> stack = new Stack<>();
    Point[] points = new Point[3];
    Color[] colors = {Color.red, Color.green, Color.blue};
    Random r = new Random();

    public ChaosGame() {
        Dimension dim = new Dimension(640, 640);
        setPreferredSize(dim);
        setBackground(Color.white);

        int margin = 60;
        int size = dim.width - 2 * margin;

        points[0] = new Point(dim.width / 2, margin);
        points[1] = new Point(margin, size);
        points[2] = new Point(margin + size, size);

        stack.push(new ColoredPoint(-1, -1, 0));

        new Timer(10, (ActionEvent e) -> {
            if (stack.size() < 50_000) {
                for (int i = 0; i < 1000; i++)
                    addPoint();
                repaint();
            }
        }).start();
    }

    private void addPoint() {
        try {
            int colorIndex = r.nextInt(3);
            Point p1 = stack.peek();
            Point p2 = points[colorIndex];
            stack.add(halfwayPoint(p1, p2, colorIndex));
        } catch (EmptyStackException e) {
            e.printStackTrace();
        }
    }

    void drawPoints(Graphics2D g) {
        for (ColoredPoint p : stack) {
            g.setColor(colors[p.colorIndex]);
            g.fillOval(p.x, p.y, 1, 1);
        }
    }

    ColoredPoint halfwayPoint(Point a, Point b, int idx) {
        return new ColoredPoint((a.x + b.x) / 2, (a.y + b.y) / 2, idx);
    }

    @Override
    public void paintComponent(Graphics gg) {
        super.paintComponent(gg);
        Graphics2D g = (Graphics2D) gg;
        g.setRenderingHint(RenderingHints.KEY_ANTIALIASING,
                RenderingHints.VALUE_ANTIALIAS_ON);

        drawPoints(g);
    }

    public static void main(String[] args) {
        SwingUtilities.invokeLater(() -> {
            JFrame f = new JFrame();
            f.setDefaultCloseOperation(JFrame.EXIT_ON_CLOSE);
            f.setTitle(""Chaos Game"");
            f.setResizable(false);
            f.add(new ChaosGame(), BorderLayout.CENTER);
            f.pack();
            f.setLocationRelativeTo(null);
            f.setVisible(true);
        });
    }
}
"
8409,Ranking methods,"import java.util.*;

public class RankingMethods {

    final static String[] input = {""44 Solomon"", ""42 Jason"", ""42 Errol"",
        ""41 Garry"", ""41 Bernard"", ""41 Barry"", ""39 Stephen""};

    public static void main(String[] args) {
        int len = input.length;

        Map<String, int[]> map = new TreeMap<>((a, b) -> b.compareTo(a));
        for (int i = 0; i < len; i++) {
            String key = input[i].split(""\\s+"")[0];
            int[] arr;
            if ((arr = map.get(key)) == null)
                arr = new int[]{i, 0};
            arr[1]++;
            map.put(key, arr);
        }
        int[][] groups = map.values().toArray(new int[map.size()][]);

        standardRanking(len, groups);
        modifiedRanking(len, groups);
        denseRanking(len, groups);
        ordinalRanking(len);
        fractionalRanking(len, groups);
    }

    private static void standardRanking(int len, int[][] groups) {
        System.out.println(""\nStandard ranking"");
        for (int i = 0, rank = 0, group = 0; i < len; i++) {
            if (group < groups.length && i == groups[group][0]) {
                rank = i + 1;
                group++;
            }
            System.out.printf(""%d %s%n"", rank, input[i]);
        }
    }

    private static void modifiedRanking(int len, int[][] groups) {
        System.out.println(""\nModified ranking"");
        for (int i = 0, rank = 0, group = 0; i < len; i++) {
            if (group < groups.length && i == groups[group][0])
                rank += groups[group++][1];
            System.out.printf(""%d %s%n"", rank, input[i]);
        }
    }

    private static void denseRanking(int len, int[][] groups) {
        System.out.println(""\nDense ranking"");
        for (int i = 0, rank = 0; i < len; i++) {
            if (rank < groups.length && i == groups[rank][0])
                rank++;
            System.out.printf(""%d %s%n"", rank, input[i]);
        }
    }

    private static void ordinalRanking(int len) {
        System.out.println(""\nOrdinal ranking"");
        for (int i = 0; i < len; i++)
            System.out.printf(""%d %s%n"", i + 1, input[i]);
    }

    private static void fractionalRanking(int len, int[][] groups) {
        System.out.println(""\nFractional ranking"");
        float rank = 0;
        for (int i = 0, tmp = 0, group = 0; i < len; i++) {
            if (group < groups.length && i == groups[group][0]) {
                tmp += groups[group++][1];
                rank = (i + 1 + tmp) / 2.0F;
            }
            System.out.printf(""%2.1f %s%n"", rank, input[i]);
        }
    }
}
"
8426,Truth table,"import java.util.ArrayList;
import java.util.HashMap;
import java.util.Iterator;
import java.util.LinkedHashSet;
import java.util.List;
import java.util.Map;
import java.util.Set;
import java.util.Stack;

public class TruthTable {
    public static void main( final String... args ) {
        System.out.println( new TruthTable( args ) );
    }

    private interface Operator {
        boolean evaluate( Stack<Boolean> s );
    }

    
    private static final Map<String,Operator> operators = new HashMap<String,Operator>() {{
        
        put( ""&"", stack -> Boolean.logicalAnd( stack.pop(), stack.pop() ) );
        put( ""|"", stack -> Boolean.logicalOr( stack.pop(), stack.pop() ) );
        put( ""!"", stack -> ! stack.pop() );
        put( ""^"", stack -> ! stack.pop().equals ( stack.pop() ) );
    }};

    private final List<String> variables;
    private final String[]     symbols;

    
    public TruthTable( final String... symbols ) {
        final Set<String> variables = new LinkedHashSet<>();

        for ( final String symbol : symbols ) {
            if ( ! operators.containsKey( symbol ) ) {
                variables.add( symbol );
            }
        }
        this.variables = new ArrayList<>( variables );
        this.symbols = symbols;
    }

    @Override
    public String toString () {
        final StringBuilder result = new StringBuilder();

        for ( final String variable : variables ) {
            result.append( variable ).append( ' ' );
        }
        result.append( ' ' );
        for ( final String symbol : symbols ) {
            result.append( symbol ).append ( ' ' );
        }
        result.append( '\n' );
        for ( final List<Boolean> values : enumerate( variables.size () ) ) {
            final Iterator<String> i = variables.iterator();

            for ( final Boolean value : values ) {
                result.append(
                    String.format(
                        ""%-"" + i.next().length() + ""c "",
                        value ? 'T' : 'F'
                    )
                );
            }
            result.append( ' ' )
                .append( evaluate( values ) ? 'T' : 'F' )
                .append( '\n' );
        }

        return result.toString ();
    }

    
    private static List<List<Boolean>> enumerate( final int size ) {
        if ( 1 == size )
            return new ArrayList<List<Boolean>>() {{
                add( new ArrayList<Boolean>() {{ add(false); }} );
                add( new ArrayList<Boolean>() {{ add(true);  }} );
            }};

        return new ArrayList<List<Boolean>>() {{
            for ( final List<Boolean> head : enumerate( size - 1 ) ) {
                add( new ArrayList<Boolean>( head ) {{ add(false); }} );
                add( new ArrayList<Boolean>( head ) {{ add(true);  }} );
            }
        }};
    }

    
    private boolean evaluate( final List<Boolean> enumeration ) {
        final Iterator<Boolean>   i      = enumeration.iterator();
        final Map<String,Boolean> values = new HashMap<>();
        final Stack<Boolean>      stack  = new Stack<>();

        variables.forEach ( v -> values.put( v, i.next() ) );
        for ( final String symbol : symbols ) {
            final Operator op = operators.get ( symbol );

            
            stack.push(
                null == op
                    ? values.get ( symbol )
                    : op.evaluate ( stack )
            );
        }
        return stack.pop();
    }
}
"
8465,Catalan numbers_Pascal's triangle,"public class Test {
    public static void main(String[] args) {
        int N = 15;
        int[] t = new int[N + 2];
        t[1] = 1;

        for (int i = 1; i <= N; i++) {

            for (int j = i; j > 1; j--)
                t[j] = t[j] + t[j - 1];

            t[i + 1] = t[i];

            for (int j = i + 1; j > 1; j--)
                t[j] = t[j] + t[j - 1];

            System.out.printf(""%d "", t[i + 1] - t[i]);
        }
    }
}
"
8503,Set of real numbers,"import java.util.Objects;
import java.util.function.Predicate;

public class RealNumberSet {
    public enum RangeType {
        CLOSED,
        BOTH_OPEN,
        LEFT_OPEN,
        RIGHT_OPEN,
    }

    public static class RealSet {
        private Double low;
        private Double high;
        private Predicate<Double> predicate;
        private double interval = 0.00001;

        public RealSet(Double low, Double high, Predicate<Double> predicate) {
            this.low = low;
            this.high = high;
            this.predicate = predicate;
        }

        public RealSet(Double start, Double end, RangeType rangeType) {
            this(start, end, d -> {
                switch (rangeType) {
                    case CLOSED:
                        return start <= d && d <= end;
                    case BOTH_OPEN:
                        return start < d && d < end;
                    case LEFT_OPEN:
                        return start < d && d <= end;
                    case RIGHT_OPEN:
                        return start <= d && d < end;
                    default:
                        throw new IllegalStateException(""Unhandled range type encountered."");
                }
            });
        }

        public boolean contains(Double d) {
            return predicate.test(d);
        }

        public RealSet union(RealSet other) {
            double low2 = Math.min(low, other.low);
            double high2 = Math.max(high, other.high);
            return new RealSet(low2, high2, d -> predicate.or(other.predicate).test(d));
        }

        public RealSet intersect(RealSet other) {
            double low2 = Math.min(low, other.low);
            double high2 = Math.max(high, other.high);
            return new RealSet(low2, high2, d -> predicate.and(other.predicate).test(d));
        }

        public RealSet subtract(RealSet other) {
            return new RealSet(low, high, d -> predicate.and(other.predicate.negate()).test(d));
        }

        public double length() {
            if (low.isInfinite() || high.isInfinite()) return -1.0; 
            if (high <= low) return 0.0;
            Double p = low;
            int count = 0;
            do {
                if (predicate.test(p)) count++;
                p += interval;
            } while (p < high);
            return count * interval;
        }

        public boolean isEmpty() {
            if (Objects.equals(high, low)) {
                return predicate.negate().test(low);
            }
            return length() == 0.0;
        }
    }

    public static void main(String[] args) {
        RealSet a = new RealSet(0.0, 1.0, RangeType.LEFT_OPEN);
        RealSet b = new RealSet(0.0, 2.0, RangeType.RIGHT_OPEN);
        RealSet c = new RealSet(1.0, 2.0, RangeType.LEFT_OPEN);
        RealSet d = new RealSet(0.0, 3.0, RangeType.RIGHT_OPEN);
        RealSet e = new RealSet(0.0, 1.0, RangeType.BOTH_OPEN);
        RealSet f = new RealSet(0.0, 1.0, RangeType.CLOSED);
        RealSet g = new RealSet(0.0, 0.0, RangeType.CLOSED);

        for (int i = 0; i <= 2; i++) {
            Double dd = (double) i;
            System.out.printf(""(0, 1] ∪ [0, 2) contains %d is %s\n"", i, a.union(b).contains(dd));
            System.out.printf(""[0, 2) ∩ (1, 2] contains %d is %s\n"", i, b.intersect(c).contains(dd));
            System.out.printf(""[0, 3) − (0, 1) contains %d is %s\n"", i, d.subtract(e).contains(dd));
            System.out.printf(""[0, 3) − [0, 1] contains %d is %s\n"", i, d.subtract(f).contains(dd));
            System.out.println();
        }

        System.out.printf(""[0, 0] is empty is %s\n"", g.isEmpty());
        System.out.println();

        RealSet aa = new RealSet(
            0.0, 10.0,
            x -> (0.0 < x && x < 10.0) && Math.abs(Math.sin(Math.PI * x * x)) > 0.5
        );
        RealSet bb = new RealSet(
            0.0, 10.0,
            x -> (0.0 < x && x < 10.0) && Math.abs(Math.sin(Math.PI * x)) > 0.5
        );
        RealSet cc = aa.subtract(bb);
        System.out.printf(""Approx length of A - B is %f\n"", cc.length());
    }
}
"
8523,Strip comments from a string,"import java.io.*;

public class StripLineComments{
    public static void main( String[] args ){
	if( args.length < 1 ){
	    System.out.println(""Usage: java StripLineComments StringToProcess"");
	}
	else{
	    String inputFile = args[0];
	    String input = """";
	    try{
		BufferedReader reader = new BufferedReader( new FileReader( inputFile ) );
		String line = """";
		while((line = reader.readLine()) != null){
		    System.out.println( line.split(""[#;]"")[0] );
		}
	    }
	    catch( Exception e ){
		e.printStackTrace();
	    }
	}
    }
}
"
8561,Loops_With multiple ranges,"import java.util.ArrayList;
import java.util.List;

public class LoopsWithMultipleRanges {

    private static long sum = 0;
    private static long prod = 1;
    
    public static void main(String[] args) {
        long x = 5;
        long y = -5;
        long z = -2;
        long one = 1;
        long three = 3;
        long seven = 7;
        
        List<Long> jList = new ArrayList<>();
        for ( long j = -three     ; j <= pow(3, 3)        ; j += three )  jList.add(j);
        for ( long j = -seven     ; j <= seven            ; j += x )      jList.add(j);
        for ( long j = 555        ; j <= 550-y            ; j += 1 )      jList.add(j);
        for ( long j = 22         ; j >= -28              ; j += -three ) jList.add(j);
        for ( long j = 1927       ; j <= 1939             ; j += 1 )      jList.add(j);
        for ( long j = x          ; j >= y                ; j += z )      jList.add(j);
        for ( long j = pow(11, x) ; j <= pow(11, x) + one ; j += 1 )      jList.add(j);

        List<Long> prodList = new ArrayList<>();
        for ( long j : jList ) {
            sum += Math.abs(j);
            if ( Math.abs(prod) < pow(2, 27) && j != 0 ) {
                prodList.add(j);
                prod *= j;
            }            
        }
        
        System.out.printf("" sum        = %,d%n"", sum);
        System.out.printf(""prod        = %,d%n"", prod);
        System.out.printf(""j values    = %s%n"", jList);
        System.out.printf(""prod values = %s%n"", prodList);
    }
    
    private static long pow(long base, long exponent) {
        return (long) Math.pow(base, exponent);
    }
    
}
"
8581,Partial function application,"import java.util.Arrays;

public class PartialApplication {
	interface IntegerFunction {
		int call(int arg);
	}

	
	static int[] fs(IntegerFunction f, int[] s) {
		int[] r = new int[s.length];
		for (int i = 0; i < s.length; i++)
			r[i] = f.call(s[i]);
		return r;		
	}

	interface SequenceFunction {
		int[] call(int[] arg);
	}

	
	
	static SequenceFunction fs(final IntegerFunction f) {
		return new SequenceFunction() {
			public int[] call(int[] s) {
				
				return fs(f, s);
			}
		};
	}

	static IntegerFunction f1 = new IntegerFunction() {
		public int call(int i) {
			return i * 2;
		}
	};

	static IntegerFunction f2 = new IntegerFunction() {
		public int call(int i) {
			return i * i;
		}
	};

	static SequenceFunction fsf1 = fs(f1); 

	static SequenceFunction fsf2 = fs(f2);

	public static void main(String[] args) {
		int[][] sequences = {
			{ 0, 1, 2, 3 },
			{ 2, 4, 6, 8 },
		};

		for (int[] array : sequences) {
			System.out.printf(
			    ""array: %s\n"" +
			    ""  fsf1(array): %s\n"" +
			    ""  fsf2(array): %s\n"",
			    Arrays.toString(array),
			    Arrays.toString(fsf1.call(array)),
			    Arrays.toString(fsf2.call(array)));
		}
	}
}
"
8594,String concatenation,"public class Str{
   public static void main(String[] args){
      String s = ""hello"";
      System.out.println(s + "" literal"");
      String s2 = s + "" literal"";
      System.out.println(s2);
   }
}
"
8618,Sockets,"import java.io.IOException;
import java.net.*;
public class SocketSend {
  public static void main(String args[]) throws IOException {
    sendData(""localhost"", ""hello socket world"");
  }

  public static void sendData(String host, String msg) throws IOException {
    Socket sock = new Socket( host, 256 );
    sock.getOutputStream().write(msg.getBytes());
    sock.getOutputStream().flush();
    sock.close();
  }
}
"
8654,Zeckendorf arithmetic,"import java.util.List;

public class Zeckendorf implements Comparable<Zeckendorf> {
    private static List<String> dig = List.of(""00"", ""01"", ""10"");
    private static List<String> dig1 = List.of("""", ""1"", ""10"");

    private String x;
    private int dVal = 0;
    private int dLen = 0;

    public Zeckendorf() {
        this(""0"");
    }

    public Zeckendorf(String x) {
        this.x = x;

        int q = 1;
        int i = x.length() - 1;
        dLen = i / 2;
        while (i >= 0) {
            dVal += (x.charAt(i) - '0') * q;
            q *= 2;
            i--;
        }
    }

    private void a(int n) {
        int i = n;
        while (true) {
            if (dLen < i) dLen = i;
            int j = (dVal >> (i * 2)) & 3;
            switch (j) {
                case 0:
                case 1:
                    return;
                case 2:
                    if (((dVal >> ((i + 1) * 2)) & 1) != 1) return;
                    dVal += 1 << (i * 2 + 1);
                    return;
                case 3:
                    int temp = 3 << (i * 2);
                    temp ^= -1;
                    dVal = dVal & temp;
                    b((i + 1) * 2);
                    break;
            }
            i++;
        }
    }

    private void b(int pos) {
        if (pos == 0) {
            Zeckendorf thiz = this;
            thiz.inc();
            return;
        }
        if (((dVal >> pos) & 1) == 0) {
            dVal += 1 << pos;
            a(pos / 2);
            if (pos > 1) a(pos / 2 - 1);
        } else {
            int temp = 1 << pos;
            temp ^= -1;
            dVal = dVal & temp;
            b(pos + 1);
            b(pos - (pos > 1 ? 2 : 1));
        }
    }

    private void c(int pos) {
        if (((dVal >> pos) & 1) == 1) {
            int temp = 1 << pos;
            temp ^= -1;
            dVal = dVal & temp;
            return;
        }
        c(pos + 1);
        if (pos > 0) {
            b(pos - 1);
        } else {
            Zeckendorf thiz = this;
            thiz.inc();
        }
    }

    public Zeckendorf inc() {
        dVal++;
        a(0);
        return this;
    }

    public void plusAssign(Zeckendorf other) {
        for (int gn = 0; gn < (other.dLen + 1) * 2; gn++) {
            if (((other.dVal >> gn) & 1) == 1) {
                b(gn);
            }
        }
    }

    public void minusAssign(Zeckendorf other) {
        for (int gn = 0; gn < (other.dLen + 1) * 2; gn++) {
            if (((other.dVal >> gn) & 1) == 1) {
                c(gn);
            }
        }
        while ((((dVal >> dLen * 2) & 3) == 0) || (dLen == 0)) {
            dLen--;
        }
    }

    public void timesAssign(Zeckendorf other) {
        Zeckendorf na = other.copy();
        Zeckendorf nb = other.copy();
        Zeckendorf nt;
        Zeckendorf nr = new Zeckendorf();
        for (int i = 0; i < (dLen + 1) * 2; i++) {
            if (((dVal >> i) & 1) > 0) {
                nr.plusAssign(nb);
            }
            nt = nb.copy();
            nb.plusAssign(na);
            na = nt.copy();
        }
        dVal = nr.dVal;
        dLen = nr.dLen;
    }

    private Zeckendorf copy() {
        Zeckendorf z = new Zeckendorf();
        z.dVal = dVal;
        z.dLen = dLen;
        return z;
    }

    @Override
    public int compareTo(Zeckendorf other) {
        return ((Integer) dVal).compareTo(other.dVal);
    }

    @Override
    public String toString() {
        if (dVal == 0) {
            return ""0"";
        }

        int idx = (dVal >> (dLen * 2)) & 3;
        StringBuilder stringBuilder = new StringBuilder(dig1.get(idx));
        for (int i = dLen - 1; i >= 0; i--) {
            idx = (dVal >> (i * 2)) & 3;
            stringBuilder.append(dig.get(idx));
        }
        return stringBuilder.toString();
    }

    public static void main(String[] args) {
        System.out.println(""Addition:"");
        Zeckendorf g = new Zeckendorf(""10"");
        g.plusAssign(new Zeckendorf(""10""));
        System.out.println(g);
        g.plusAssign(new Zeckendorf(""10""));
        System.out.println(g);
        g.plusAssign(new Zeckendorf(""1001""));
        System.out.println(g);
        g.plusAssign(new Zeckendorf(""1000""));
        System.out.println(g);
        g.plusAssign(new Zeckendorf(""10101""));
        System.out.println(g);

        System.out.println(""\nSubtraction:"");
        g = new Zeckendorf(""1000"");
        g.minusAssign(new Zeckendorf(""101""));
        System.out.println(g);
        g = new Zeckendorf(""10101010"");
        g.minusAssign(new Zeckendorf(""1010101""));
        System.out.println(g);

        System.out.println(""\nMultiplication:"");
        g = new Zeckendorf(""1001"");
        g.timesAssign(new Zeckendorf(""101""));
        System.out.println(g);
        g = new Zeckendorf(""101010"");
        g.plusAssign(new Zeckendorf(""101""));
        System.out.println(g);
    }
}
"
8671,Floyd-Warshall algorithm,"import static java.lang.String.format;
import java.util.Arrays;

public class FloydWarshall {

    public static void main(String[] args) {
        int[][] weights = {{1, 3, -2}, {2, 1, 4}, {2, 3, 3}, {3, 4, 2}, {4, 2, -1}};
        int numVertices = 4;

        floydWarshall(weights, numVertices);
    }

    static void floydWarshall(int[][] weights, int numVertices) {

        double[][] dist = new double[numVertices][numVertices];
        for (double[] row : dist)
            Arrays.fill(row, Double.POSITIVE_INFINITY);

        for (int[] w : weights)
            dist[w[0] - 1][w[1] - 1] = w[2];

        int[][] next = new int[numVertices][numVertices];
        for (int i = 0; i < next.length; i++) {
            for (int j = 0; j < next.length; j++)
                if (i != j)
                    next[i][j] = j + 1;
        }

        for (int k = 0; k < numVertices; k++)
            for (int i = 0; i < numVertices; i++)
                for (int j = 0; j < numVertices; j++)
                    if (dist[i][k] + dist[k][j] < dist[i][j]) {
                        dist[i][j] = dist[i][k] + dist[k][j];
                        next[i][j] = next[i][k];
                    }

        printResult(dist, next);
    }

    static void printResult(double[][] dist, int[][] next) {
        System.out.println(""pair     dist    path"");
        for (int i = 0; i < next.length; i++) {
            for (int j = 0; j < next.length; j++) {
                if (i != j) {
                    int u = i + 1;
                    int v = j + 1;
                    String path = format(""%d -> %d    %2d     %s"", u, v,
                            (int) dist[i][j], u);
                    do {
                        u = next[u - 1][v - 1];
                        path += "" -> "" + u;
                    } while (u != v);
                    System.out.println(path);
                }
            }
        }
    }
}
"
8696,Hello world_Graphical,"import javax.swing.*;
import java.awt.*;

public class OutputSwing {

    public static void main(String[] args) {

        SwingUtilities.invokeLater(new Runnable(){
            public void run() {
                JOptionPane.showMessageDialog (null, ""Goodbye, World!""); 
                JFrame frame = new JFrame(""Goodbye, World!"");            
                JTextArea text = new JTextArea(""Goodbye, World!"");       
                JButton button = new JButton(""Goodbye, World!"");         

                frame.setLayout(new FlowLayout());
                frame.add(button);
                frame.add(text);
                frame.pack();
                frame.setDefaultCloseOperation(JFrame.EXIT_ON_CLOSE);
                frame.setVisible(true);
            }
        });
    }
}
"
8739,Date format,"Datetime dtNow = datetime.now();
String strDt1 = dtNow.format('yyyy-MM-dd');
String strDt2 = dtNow.format('EEEE, MMMM dd, yyyy');
system.debug(strDt1); 
system.debug(strDt2); 
"
8773,Five weekends,"import java.util.Calendar;
import java.util.GregorianCalendar;

public class FiveFSS {
    private static boolean[] years = new boolean[201];
    private static int[] month31 = {Calendar.JANUARY, Calendar.MARCH, Calendar.MAY,
        Calendar.JULY, Calendar.AUGUST, Calendar.OCTOBER, Calendar.DECEMBER};

    public static void main(String[] args) {
        StringBuilder months = new StringBuilder();
        int numMonths = 0;
        for (int year = 1900; year <= 2100; year++) {
            for (int month : month31) {
                Calendar date = new GregorianCalendar(year, month, 1);
                if (date.get(Calendar.DAY_OF_WEEK) == Calendar.FRIDAY) {
                    years[year - 1900] = true;
                    numMonths++;
                    
                    months.append((date.get(Calendar.MONTH) + 1) + ""-"" + year +""\n"");
                }
            }
        }
        System.out.println(""There are ""+numMonths+"" months with five weekends from 1900 through 2100:"");
        System.out.println(months);
        System.out.println(""Years with no five-weekend months:"");
        for (int year = 1900; year <= 2100; year++) {
            if(!years[year - 1900]){
                System.out.println(year);
            }
        }
    }
}
"
8794,S-expressions,"package jfkbits;

import java.io.BufferedReader;
import java.io.IOException;
import java.io.Reader;
import java.io.StreamTokenizer;
import java.io.StringReader;
import java.util.Iterator;

public class LispTokenizer implements Iterator<Token>
{
    
    StreamTokenizer m_tokenizer;
    IOException m_ioexn;

    
    public LispTokenizer(String src)
    {
        this(new StringReader(src));
    }

    
    public LispTokenizer(Reader r)
    {
        if(r == null)
            r = new StringReader("""");
        BufferedReader buffrdr = new BufferedReader(r);
        m_tokenizer = new StreamTokenizer(buffrdr);
        m_tokenizer.resetSyntax(); 

        m_tokenizer.whitespaceChars(0, ' ');
        m_tokenizer.wordChars(' '+1,255);
        m_tokenizer.ordinaryChar('(');
        m_tokenizer.ordinaryChar(')');
        m_tokenizer.ordinaryChar('\'');
        m_tokenizer.commentChar(';');
        m_tokenizer.quoteChar('""');
    }

    public Token peekToken()
    {	
        if(m_ioexn != null)
            return null;
        try
        {
            m_tokenizer.nextToken();
        }
        catch(IOException e)
        {
            m_ioexn = e;
            return null;
        }
        if(m_tokenizer.ttype == StreamTokenizer.TT_EOF)
            return null;
        Token token = new Token(m_tokenizer);
        m_tokenizer.pushBack();
        return token;
    }

    public boolean hasNext()
    {
        if(m_ioexn != null)
            return false;
        try
        {
            m_tokenizer.nextToken();
        }
        catch(IOException e)
        {
            m_ioexn = e;
            return false;
        }
        if(m_tokenizer.ttype == StreamTokenizer.TT_EOF)
            return false;
        m_tokenizer.pushBack();
        return true;
    }

    
    public IOException getIOException()
    {
        return m_ioexn;
    }

    public Token next()
    {
        try
        {
            m_tokenizer.nextToken();
        }
        catch(IOException e)
        {
            m_ioexn = e;
            return null;
        }

        Token token = new Token(m_tokenizer);
        return token;
    }

    public void remove()
    {
    }
}
"
8810,Modular exponentiation,"import java.math.BigInteger;

public class PowMod {
    public static void main(String[] args){
        BigInteger a = new BigInteger(
      ""2988348162058574136915891421498819466320163312926952423791023078876139"");
        BigInteger b = new BigInteger(
      ""2351399303373464486466122544523690094744975233415544072992656881240319"");
        BigInteger m = new BigInteger(""10000000000000000000000000000000000000000"");
        
        System.out.println(a.modPow(b, m));
    }
}
"
8879,Multiple distinct objects,"Foo[] foos = new Foo[n]; 
for (int i = 0; i < foos.length; i++)
    foos[i] = new Foo();


Foo[] foos_WRONG = new Foo[n];
Arrays.fill(foos, new Foo());  
"
8917,Narcissistic decimal number,"public class Narc{
	public static boolean isNarc(long x){
		if(x < 0) return false;
		
		String xStr = Long.toString(x);
		int m = xStr.length();
		long sum = 0;
		
		for(char c : xStr.toCharArray()){
			sum += Math.pow(Character.digit(c, 10), m);
		}
		return sum == x;
	}

	public static void main(String[] args){
		for(long x = 0, count = 0; count < 25; x++){
			if(isNarc(x)){
				System.out.print(x + "" "");
				count++;
			}
		}
	}
}
"
8956,Parsing_RPN to infix conversion,"import java.util.Stack;

public class PostfixToInfix {

    public static void main(String[] args) {
        for (String e : new String[]{""3 4 2 * 1 5 - 2 3 ^ ^ / +"",
            ""1 2 + 3 4 + ^ 5 6 + ^""}) {
            System.out.printf(""Postfix : %s%n"", e);
            System.out.printf(""Infix : %s%n"", postfixToInfix(e));
            System.out.println();
        }
    }

    static String postfixToInfix(final String postfix) {

        class Expression {
            final static String ops = ""-+/*^"";

            String op, ex;
            int prec = 3;

            Expression(String e) {
                ex = e;
            }

            Expression(String e1, String e2, String o) {
                ex = String.format(""%s %s %s"", e1, o, e2);
                op = o;
                prec = ops.indexOf(o) / 2;
            }

            @Override
            public String toString() {
                return ex;
            }
        }

        Stack<Expression> expr = new Stack<>();

        for (String token : postfix.split(""\\s+"")) {
            char c = token.charAt(0);
            int idx = Expression.ops.indexOf(c);
            if (idx != -1 && token.length() == 1) {

                Expression r = expr.pop();
                Expression l = expr.pop();

                int opPrec = idx / 2;

                if (l.prec < opPrec || (l.prec == opPrec && c == '^'))
                    l.ex = '(' + l.ex + ')';

                if (r.prec < opPrec || (r.prec == opPrec && c != '^'))
                    r.ex = '(' + r.ex + ')';

                expr.push(new Expression(l.ex, r.ex, token));
            } else {
                expr.push(new Expression(token));
            }
            System.out.printf(""%s -> %s%n"", token, expr);
        }
        return expr.peek().ex;
    }
}
"
8979,Mouse position,"Point mouseLocation = MouseInfo.getPointerInfo().getLocation();
"
8998,Program name,"public class ScriptName {
	public static void main(String[] args) {
		String program = System.getProperty(""sun.java.command"").split("" "")[0];
		System.out.println(""Program: "" + program);
	}
}
"
9032,Resistor mesh,"import java.util.ArrayList;
import java.util.List;

public class ResistorMesh {
    private static final int S = 10;

    private static class Node {
        double v;
        int fixed;

        Node(double v, int fixed) {
            this.v = v;
            this.fixed = fixed;
        }
    }

    private static void setBoundary(List<List<Node>> m) {
        m.get(1).get(1).v = 1.0;
        m.get(1).get(1).fixed = 1;

        m.get(6).get(7).v = -1.0;
        m.get(6).get(7).fixed = -1;
    }

    private static double calcDiff(List<List<Node>> m, List<List<Node>> d, int w, int h) {
        double total = 0.0;
        for (int i = 0; i < h; ++i) {
            for (int j = 0; j < w; ++j) {
                double v = 0.0;
                int n = 0;
                if (i > 0) {
                    v += m.get(i - 1).get(j).v;
                    n++;
                }
                if (j > 0) {
                    v += m.get(i).get(j - 1).v;
                    n++;
                }
                if (i + 1 < h) {
                    v += m.get(i + 1).get(j).v;
                    n++;
                }
                if (j + 1 < w) {
                    v += m.get(i).get(j + 1).v;
                    n++;
                }
                v = m.get(i).get(j).v - v / n;
                d.get(i).get(j).v = v;
                if (m.get(i).get(j).fixed == 0) {
                    total += v * v;
                }
            }
        }
        return total;
    }

    private static double iter(List<List<Node>> m, int w, int h) {
        List<List<Node>> d = new ArrayList<>(h);
        for (int i = 0; i < h; ++i) {
            List<Node> t = new ArrayList<>(w);
            for (int j = 0; j < w; ++j) {
                t.add(new Node(0.0, 0));
            }
            d.add(t);
        }

        double[] cur = new double[3];
        double diff = 1e10;

        while (diff > 1e-24) {
            setBoundary(m);
            diff = calcDiff(m, d, w, h);
            for (int i = 0; i < h; ++i) {
                for (int j = 0; j < w; ++j) {
                    m.get(i).get(j).v -= d.get(i).get(j).v;
                }
            }
        }

        for (int i = 0; i < h; ++i) {
            for (int j = 0; j < w; ++j) {
                int k = 0;
                if (i != 0) k++;
                if (j != 0) k++;
                if (i < h - 1) k++;
                if (j < w - 1) k++;
                cur[m.get(i).get(j).fixed + 1] += d.get(i).get(j).v * k;
            }
        }

        return (cur[2] - cur[0]) / 2.0;
    }

    public static void main(String[] args) {
        List<List<Node>> mesh = new ArrayList<>(S);
        for (int i = 0; i < S; ++i) {
            List<Node> t = new ArrayList<>(S);
            for (int j = 0; j < S; ++j) {
                t.add(new Node(0.0, 0));
            }
            mesh.add(t);
        }

        double r = 2.0 / iter(mesh, S, S);
        System.out.printf(""R = %.15f"", r);
    }
}
"
9065,Pierpont primes,"import java.math.BigInteger;
import java.text.NumberFormat;
import java.util.ArrayList;
import java.util.List;

public class PierpontPrimes {

    public static void main(String[] args) {
        NumberFormat nf = NumberFormat.getNumberInstance();
        display(""First 50 Pierpont primes of the first kind:"", pierpontPrimes(50, true));
        display(""First 50 Pierpont primes of the second kind:"", pierpontPrimes(50, false));
        System.out.printf(""250th Pierpont prime of the first kind:     %s%n%n"", nf.format(pierpontPrimes(250, true).get(249)));
        System.out.printf(""250th Pierpont prime of the second kind: %s%n%n"", nf.format(pierpontPrimes(250, false).get(249)));
    }
    
    private static void display(String message, List<BigInteger> primes) {
        NumberFormat nf = NumberFormat.getNumberInstance();
        System.out.printf(""%s%n"", message);
        for ( int i = 1 ; i <= primes.size() ; i++ ) {
            System.out.printf(""%10s  "", nf.format(primes.get(i-1)));
            if ( i % 10 == 0 ) {
                System.out.printf(""%n"");
            }
        }
        System.out.printf(""%n"");
    }

    public static List<BigInteger> pierpontPrimes(int n, boolean first) {
        List<BigInteger> primes = new ArrayList<BigInteger>();
        if ( first ) {
            primes.add(BigInteger.valueOf(2));
            n -= 1;
        }

        BigInteger two = BigInteger.valueOf(2);
        BigInteger twoTest = two;
        BigInteger three = BigInteger.valueOf(3);
        BigInteger threeTest = three;
        int twoIndex = 0, threeIndex = 0;
        List<BigInteger> twoSmooth = new ArrayList<BigInteger>();

        BigInteger one = BigInteger.ONE;
        BigInteger mOne = BigInteger.valueOf(-1);
        int count = 0;
        while ( count < n ) {
            BigInteger min = twoTest.min(threeTest);
            twoSmooth.add(min);
            if ( min.compareTo(twoTest) == 0 ) {
                twoTest = two.multiply(twoSmooth.get(twoIndex));
                twoIndex++;
            }
            if ( min.compareTo(threeTest) == 0 ) {
                threeTest = three.multiply(twoSmooth.get(threeIndex));
                threeIndex++;
            }
            BigInteger test = min.add(first ? one : mOne);
            if ( test.isProbablePrime(10) ) {
                primes.add(test);
                count++;
            }
        }
        return primes;
    }
    
}
"
9081,MAC vendor lookup,"package com.jamesdonnell.MACVendor;

import java.io.BufferedReader;
import java.io.FileNotFoundException;
import java.io.IOException;
import java.io.InputStreamReader;
import java.net.HttpURLConnection;
import java.net.URL;


public class Lookup {
	
	private static final String baseURL = ""http:

	
	public static void main(String[] args) {
		for (String arguments : args)
			System.out.println(arguments + "": "" + get(arguments));
	}

	
	private static String get(String macAddress) {
		try {
			StringBuilder result = new StringBuilder();
			URL url = new URL(baseURL + macAddress);
			HttpURLConnection conn = (HttpURLConnection) url.openConnection();
			conn.setRequestMethod(""GET"");
			BufferedReader rd = new BufferedReader(new InputStreamReader(conn.getInputStream()));
			String line;
			while ((line = rd.readLine()) != null) {
				result.append(line);
			}
			rd.close();
			return result.toString();
		} catch (FileNotFoundException e) {
			
			return ""N/A"";
		} catch (IOException e) {
			
			return null;
		}
	}
}
"
9108,Averages_Pythagorean means,"import java.util.Arrays;
import java.util.List;

public class PythagoreanMeans {
    public static double arithmeticMean(List<Double> numbers) {
        if (numbers.isEmpty()) return Double.NaN;
        double mean = 0.0;
        for (Double number : numbers) {
            mean += number;
        }
        return mean / numbers.size();
    }

    public static double geometricMean(List<Double> numbers) {
        if (numbers.isEmpty()) return Double.NaN;
        double mean = 1.0;
        for (Double number : numbers) {
            mean *= number;
        }
        return Math.pow(mean, 1.0 / numbers.size());
    }

    public static double harmonicMean(List<Double> numbers) {
        if (numbers.isEmpty() || numbers.contains(0.0)) return Double.NaN;
        double mean = 0.0;
        for (Double number : numbers) {
            mean += (1.0 / number);
        }
        return numbers.size() / mean;
    }

    public static void main(String[] args) {
        Double[] array = {1.0, 2.0, 3.0, 4.0, 5.0, 6.0, 7.0, 8.0, 9.0, 10.0};
        List<Double> list = Arrays.asList(array);
        double arithmetic = arithmeticMean(list);
        double geometric = geometricMean(list);
        double harmonic = harmonicMean(list);
        System.out.format(""A = %f  G = %f  H = %f%n"", arithmetic, geometric, harmonic);
        System.out.format(""A >= G is %b, G >= H is %b%n"", (arithmetic >= geometric), (geometric >= harmonic));
    }
}
"
9138,Averages_Mean angle,"import java.util.Arrays;

public class AverageMeanAngle {

    public static void main(String[] args) {
        printAverageAngle(350.0, 10.0);
        printAverageAngle(90.0, 180.0, 270.0, 360.0);
        printAverageAngle(10.0, 20.0, 30.0);
        printAverageAngle(370.0);
        printAverageAngle(180.0);
    }

    private static void printAverageAngle(double... sample) {
        double meanAngle = getMeanAngle(sample);
        System.out.printf(""The mean angle of %s is %s%n"", Arrays.toString(sample), meanAngle);
    }

    public static double getMeanAngle(double... anglesDeg) {
        double x = 0.0;
        double y = 0.0;

        for (double angleD : anglesDeg) {
            double angleR = Math.toRadians(angleD);
            x += Math.cos(angleR);
            y += Math.sin(angleR);
        }
        double avgR = Math.atan2(y / anglesDeg.length, x / anglesDeg.length);
        return Math.toDegrees(avgR);
    }
}
"
9171,Phrase reversals,"import java.util.Arrays;

public class PhraseRev{
	private static String reverse(String x){
		return new StringBuilder(x).reverse().toString();
	}
	
	private static <T> T[] reverse(T[] x){
		T[] rev = Arrays.copyOf(x, x.length);
		for(int i = x.length - 1; i >= 0; i--){
			rev[x.length - 1 - i] = x[i];
		}
		return rev;
	}
	
	private static String join(String[] arr, String joinStr){
		StringBuilder joined = new StringBuilder();
		for(int i = 0; i < arr.length; i++){
			joined.append(arr[i]);
			if(i < arr.length - 1) joined.append(joinStr);
		}
		return joined.toString();
	}
	
	public static void main(String[] args){
		String str = ""rosetta code phrase reversal"";
		
		System.out.println(""Straight-up reversed: "" + reverse(str));
		String[] words = str.split("" "");
		for(int i = 0; i < words.length; i++){
			words[i] = reverse(words[i]);
		}
		System.out.println(""Reversed words: "" + join(words, "" ""));
		System.out.println(""Reversed word order: "" + join(reverse(str.split("" "")), "" ""));
	}
}
"
9202,Find largest left truncatable prime in a given base,"import java.math.BigInteger;
import java.util.*;

class LeftTruncatablePrime
{
  private static List<BigInteger> getNextLeftTruncatablePrimes(BigInteger n, int radix, int millerRabinCertainty)
  {
    List<BigInteger> probablePrimes = new ArrayList<BigInteger>();
    String baseString = n.equals(BigInteger.ZERO) ? """" : n.toString(radix);
    for (int i = 1; i < radix; i++)
    {
      BigInteger p = new BigInteger(Integer.toString(i, radix) + baseString, radix);
      if (p.isProbablePrime(millerRabinCertainty))
        probablePrimes.add(p);
    }
    return probablePrimes;
  }
  
  public static BigInteger getLargestLeftTruncatablePrime(int radix, int millerRabinCertainty)
  {
    List<BigInteger> lastList = null;
    List<BigInteger> list = getNextLeftTruncatablePrimes(BigInteger.ZERO, radix, millerRabinCertainty);
    while (!list.isEmpty())
    {
      lastList = list;
      list = new ArrayList<BigInteger>();
      for (BigInteger n : lastList)
        list.addAll(getNextLeftTruncatablePrimes(n, radix, millerRabinCertainty));
    }
    if (lastList == null)
      return null;
    Collections.sort(lastList);
    return lastList.get(lastList.size() - 1);
  }
  
  public static void main(String[] args)
  {
    if (args.length != 2) {
      System.err.println(""There must be exactly two command line arguments."");
      return;
    }
    int maxRadix;
    try {
      maxRadix = Integer.parseInt(args[0]);
      if (maxRadix < 3) throw new NumberFormatException(); 
    } catch (NumberFormatException e) {
      System.err.println(""Radix must be an integer greater than 2."");
      return;
    }
    int millerRabinCertainty;
    try {
      millerRabinCertainty = Integer.parseInt(args[1]);
    } catch (NumberFormatException e) {
      System.err.println(""Miiller-Rabin Certainty must be an integer."");
      return;
    }  
    for (int radix = 3; radix <= maxRadix; radix++)
    {
      BigInteger largest = getLargestLeftTruncatablePrime(radix, millerRabinCertainty);
      System.out.print(""n="" + radix + "": "");
      if (largest == null)
        System.out.println(""No left-truncatable prime"");
      else
        System.out.println(largest + "" (in base "" + radix + ""): "" + largest.toString(radix));
    }
  }
  
}
"
9220,Stack traces,"public class StackTracer {
    public static void printStackTrace() {
	StackTraceElement[] elems = Thread.currentThread().getStackTrace();

	System.out.println(""Stack trace:"");
	for (int i = elems.length-1, j = 2 ; i >= 3 ; i--, j+=2) {
	    System.out.printf(""%"" + j + ""s%s.%s%n"", """",
		    elems[i].getClassName(), elems[i].getMethodName());
	}
    }
}
"
9239,Brazilian numbers,"import java.math.BigInteger;
import java.util.List;

public class Brazilian {
    private static final List<Integer> primeList = List.of(
        2, 3, 5, 7, 9, 11, 13, 17, 19, 23, 29, 31, 37, 41, 43, 47, 53, 59, 61, 67, 71, 73, 79, 83, 89,
        97, 101, 103, 107, 109, 113, 127, 131, 137, 139, 149, 151, 157, 163, 167, 169, 173, 179, 181,
        191, 193, 197, 199, 211, 223, 227, 229, 233, 239, 241, 247, 251, 257, 263, 269, 271, 277, 281,
        283, 293, 299, 307, 311, 313, 317, 331, 337, 347, 349, 353, 359, 367, 373, 377, 379, 383, 389,
        397, 401, 403, 409, 419, 421, 431, 433, 439, 443, 449, 457, 461, 463, 467, 479, 481, 487, 491,
        499, 503, 509, 521, 523, 533, 541, 547, 557, 559, 563, 569, 571, 577, 587, 593, 599, 601, 607,
        611, 613, 617, 619, 631, 641, 643, 647, 653, 659, 661, 673, 677, 683, 689, 691, 701, 709, 719,
        727, 733, 739, 743, 751, 757, 761, 767, 769, 773, 787, 793, 797, 809, 811, 821, 823, 827, 829,
        839, 853, 857, 859, 863, 871, 877, 881, 883, 887, 907, 911, 919, 923, 929, 937, 941, 947, 949,
        953, 967, 971, 977, 983, 991, 997
    );

    public static boolean isPrime(int n) {
        if (n < 2) {
            return false;
        }

        for (Integer prime : primeList) {
            if (n == prime) {
                return true;
            }
            if (n % prime == 0) {
                return false;
            }
            if (prime * prime > n) {
                return true;
            }
        }

        BigInteger bi = BigInteger.valueOf(n);
        return bi.isProbablePrime(10);
    }

    private static boolean sameDigits(int n, int b) {
        int f = n % b;
        while ((n /= b) > 0) {
            if (n % b != f) {
                return false;
            }
        }
        return true;
    }

    private static boolean isBrazilian(int n) {
        if (n < 7) return false;
        if (n % 2 == 0) return true;
        for (int b = 2; b < n - 1; ++b) {
            if (sameDigits(n, b)) {
                return true;
            }
        }
        return false;
    }

    public static void main(String[] args) {
        for (String kind : List.of("""", ""odd "", ""prime "")) {
            boolean quiet = false;
            int bigLim = 99_999;
            int limit = 20;
            System.out.printf(""First %d %sBrazilian numbers:\n"", limit, kind);
            int c = 0;
            int n = 7;
            while (c < bigLim) {
                if (isBrazilian(n)) {
                    if (!quiet) System.out.printf(""%d "", n);
                    if (++c == limit) {
                        System.out.println(""\n"");
                        quiet = true;
                    }
                }
                if (quiet && !"""".equals(kind)) continue;
                switch (kind) {
                    case """":
                        n++;
                        break;
                    case ""odd "":
                        n += 2;
                        break;
                    case ""prime "":
                        do {
                            n += 2;
                        } while (!isPrime(n));
                        break;
                    default:
                        throw new AssertionError(""Oops"");
                }
            }
            if ("""".equals(kind)) {
                System.out.printf(""The %dth Brazilian number is: %d\n\n"", bigLim + 1, n);
            }
        }
    }
}
"
9278,Integer comparison,"import java.io.*;

public class compInt {
   public static void main(String[] args) {
       try {
           BufferedReader in = new BufferedReader(new InputStreamReader(System.in));

           int nbr1 = Integer.parseInt(in.readLine());
           int nbr2 = Integer.parseInt(in.readLine());

           if(nbr1<nbr2)
               System.out.println(nbr1 + "" is less than "" + nbr2);

           if(nbr1>nbr2)
                System.out.println(nbr1 + "" is greater than "" + nbr2);

           if(nbr1==nbr2)
                System.out.println(nbr1 + "" is equal to "" + nbr2);
       } catch(IOException e) { }
   }
}
"
9310,Non-decimal radices_Output,"public static void main(String args[]){
   for(int a= 0;a < 33;a++){
      System.out.println(Integer.toBinaryString(a));
      System.out.println(Integer.toOctalString(a));
      System.out.println(Integer.toHexString(a));
      
      

      System.out.printf(""%3o %2d %2x\n"",a ,a ,a); 
   }
}
"
9346,Longest common prefix,"public class LCP {
    public static String lcp(String... list){
        if(list == null) return """";
        String ret = """";
        int idx = 0;

        while(true){
            char thisLetter = 0;
            for(String word : list){
                if(idx == word.length()){ 
                    return ret;
                }
                if(thisLetter == 0){ 
                    thisLetter = word.charAt(idx);
                }
                if(thisLetter != word.charAt(idx)){ 
                    return ret;
                }
            }
            ret += thisLetter;
            idx++;
        }
    }
    
    public static void main(String[] args){
        System.out.println(lcp(""interspecies"",""interstellar"",""interstate""));
        System.out.println(lcp(""throne"",""throne""));
        System.out.println(lcp(""throne"",""dungeon""));
        System.out.println(lcp(""throne"","""",""throne""));
        System.out.println(lcp(""cheese""));
        System.out.println(lcp(""""));
        System.out.println(lcp(null));
        System.out.println(lcp(""prefix"",""suffix""));
        System.out.println(lcp(""foo"",""foobar""));
    }
}
"
9386,Shoelace formula for polygonal area,"import java.util.List;

public class ShoelaceFormula {
    private static class Point {
        int x, y;

        Point(int x, int y) {
            this.x = x;
            this.y = y;
        }

        @Override
        public String toString() {
            return String.format(""(%d, %d)"", x, y);
        }
    }

    private static double shoelaceArea(List<Point> v) {
        int n = v.size();
        double a = 0.0;
        for (int i = 0; i < n - 1; i++) {
            a += v.get(i).x * v.get(i + 1).y - v.get(i + 1).x * v.get(i).y;
        }
        return Math.abs(a + v.get(n - 1).x * v.get(0).y - v.get(0).x * v.get(n - 1).y) / 2.0;
    }

    public static void main(String[] args) {
        List<Point> v = List.of(
            new Point(3, 4),
            new Point(5, 11),
            new Point(12, 8),
            new Point(9, 5),
            new Point(5, 6)
        );
        double area = shoelaceArea(v);
        System.out.printf(""Given a polygon with vertices %s,%n"", v);
        System.out.printf(""its area is %f,%n"", area);
    }
}
"
9430,Factors of an integer,"public static TreeSet<Long> factors(long n)
{
 TreeSet<Long> factors = new TreeSet<Long>();
 factors.add(n);
 factors.add(1L);
 for(long test = n - 1; test >= Math.sqrt(n); test--)
  if(n % test == 0)
  {
   factors.add(test);
   factors.add(n / test);
  }
 return factors;
}
"
9462,Logical operations,"boolean a = true;
boolean b = false;
System.Debug('a AND b: ' + (a && b));
System.Debug('a OR b: ' + (a || b));
System.Debug('NOT a: ' + (!a));
System.Debug('a XOR b: ' + (a ^ b));
"
9500,Statistics_Normal distribution,"import static java.lang.Math.*;
import static java.util.Arrays.stream;
import java.util.Locale;
import java.util.function.DoubleSupplier;
import static java.util.stream.Collectors.joining;
import java.util.stream.DoubleStream;
import static java.util.stream.IntStream.range;

public class Test implements DoubleSupplier {

    private double mu, sigma;
    private double[] state = new double[2];
    private int index = state.length;

    Test(double m, double s) {
        mu = m;
        sigma = s;
    }

    static double[] meanStdDev(double[] numbers) {
        if (numbers.length == 0)
            return new double[]{0.0, 0.0};

        double sx = 0.0, sxx = 0.0;
        long n = 0;
        for (double x : numbers) {
            sx += x;
            sxx += pow(x, 2);
            n++;
        }

        return new double[]{sx / n, pow((n * sxx - pow(sx, 2)), 0.5) / n};
    }

    static String replicate(int n, String s) {
        return range(0, n + 1).mapToObj(i -> s).collect(joining());
    }

    static void showHistogram01(double[] numbers) {
        final int maxWidth = 50;
        long[] bins = new long[10];

        for (double x : numbers)
            bins[(int) (x * bins.length)]++;

        double maxFreq = stream(bins).max().getAsLong();

        for (int i = 0; i < bins.length; i++)
            System.out.printf("" %3.1f: %s%n"", i / (double) bins.length,
                    replicate((int) (bins[i] / maxFreq * maxWidth), ""*""));
        System.out.println();
    }

    @Override
    public double getAsDouble() {
        index++;
        if (index >= state.length) {
            double r = sqrt(-2 * log(random())) * sigma;
            double x = 2 * PI * random();
            state = new double[]{mu + r * sin(x), mu + r * cos(x)};
            index = 0;
        }
        return state[index];

    }

    public static void main(String[] args) {
        Locale.setDefault(Locale.US);
        double[] data = DoubleStream.generate(new Test(0.0, 0.5)).limit(100_000)
                .toArray();

        double[] res = meanStdDev(data);
        System.out.printf(""Mean: %8.6f, SD: %8.6f%n"", res[0], res[1]);

        showHistogram01(stream(data).map(a -> max(0.0, min(0.9999, a / 3 + 0.5)))
                .toArray());
    }
}
"
9517,Matrix with two diagonals,"package example.diagdiag;

public class Program {

    public static void main(String[] args) {
        DiagonalDiagonalMatrix A = new DiagonalDiagonalMatrix(7);
        System.out.println(A);
    }

}

class DiagonalDiagonalMatrix {

    final int n;
    private double[][] a = null;

    public Matrix(int n) {
        this.n = n;
    }

    public double get(int i, int j) {
        if (a == null) {
            return (i == j || i == n - j + 1) ? 1.0 : 0.0;
        } else {
            return a[i - 1][j - 1];
        }
    }















    @Override
    public String toString() {
        StringBuilder sb = new StringBuilder();
        for (int i = 1; i <= n; i++) {
            for (int j = 1; j <= n; j++) {
                sb.append('\t');
                sb.append(get(i, j));
            }
            sb.append('\n');
        }
        return sb.toString();
    }

}
"
9537,Top rank per group,"import java.io.File;
import java.util.*;

public class TopRankPerGroup {

    private static class Employee {
        final String name;
        final String id;
        final String department;
        final int salary;

        Employee(String[] rec) {
            name = rec[0];
            id = rec[1];
            salary = Integer.parseInt(rec[2]);
            department = rec[3];
        }

        @Override
        public String toString() {
            return String.format(""%s %s %d %s"", id, name, salary, department);
        }
    }

    public static void main(String[] args) throws Exception {
        int N = args.length > 0 ? Integer.parseInt(args[0]) : 3;

        Map<String, List<Employee>> records = new TreeMap<>();
        try (Scanner sc = new Scanner(new File(""data.txt""))) {
            while (sc.hasNextLine()) {
                String[] rec = sc.nextLine().trim().split("", "");

                List<Employee> lst = records.get(rec[3]);
                if (lst == null) {
                    lst = new ArrayList<>();
                    records.put(rec[3], lst);
                }
                lst.add(new Employee(rec));
            }
        }

        records.forEach((key, val) -> {
            System.out.printf(""%nDepartment %s%n"", key);
            val.stream()
                .sorted((a, b) -> Integer.compare(b.salary, a.salary))
                .limit(N).forEach(System.out::println);
        });
    }
}
"
9572,Just in time processing on a character stream,"import java.io.IOException;
import java.nio.charset.StandardCharsets;
import java.nio.file.Files;
import java.nio.file.Path;
import java.nio.file.Paths;
import java.util.ArrayList;
import java.util.List;
import java.util.function.Predicate;

public class Processing {
    private static class UserInput {
        private char formFeed;
        private char lineFeed;
        private char tab;
        private char space;

        private UserInput(char formFeed, char lineFeed, char tab, char space) {
            this.formFeed = formFeed;
            this.lineFeed = lineFeed;
            this.tab = tab;
            this.space = space;
        }

        char getFormFeed() {
            return formFeed;
        }

        char getLineFeed() {
            return lineFeed;
        }

        char getTab() {
            return tab;
        }

        char getSpace() {
            return space;
        }
    }

    private static List<UserInput> getUserInput() {
        String h = ""0 18 0 0 0 68 0 1 0 100 0 32 0 114 0 45 0 38 0 26 0 16 0 21 0 17 0 59 0 11 "" +
            ""0 29 0 102 0 0 0 10 0 50 0 39 0 42 0 33 0 50 0 46 0 54 0 76 0 47 0 84 2 28"";
        String[] s = h.split("" "");

        List<UserInput> uiList = new ArrayList<>();
        for (int idx = 0; idx + 3 < s.length; idx += 4) {
            char c0 = (char) Integer.parseInt(s[idx + 0]);
            char c1 = (char) Integer.parseInt(s[idx + 1]);
            char c2 = (char) Integer.parseInt(s[idx + 2]);
            char c3 = (char) Integer.parseInt(s[idx + 3]);

            UserInput userInput = new UserInput(c0, c1, c2, c3);
            uiList.add(userInput);
        }
        return uiList;
    }

    private static void decode(String fileName, List<UserInput> uiList) throws IOException {
        Path path = Paths.get(fileName);
        byte[] bytes = Files.readAllBytes(path);
        String text = new String(bytes, StandardCharsets.UTF_8);

        Predicate<UserInput> decode2 = (UserInput ui) -> {
            char f = 0;
            char l = 0;
            char t = 0;
            char s = 0;
            char ff = ui.getFormFeed();
            char lf = ui.getLineFeed();
            char tb = ui.getTab();
            char sp = ui.getSpace();

            for (char c : text.toCharArray()) {
                if (f == ff && l == lf && t == tb && s == sp) {
                    if (c == '!') {
                        return false;
                    }
                    System.out.print(c);
                    return true;
                }
                switch (c) {
                    case '\u000c':
                        f++;
                        l = 0;
                        t = 0;
                        s = 0;
                        break;
                    case '\n':
                        l++;
                        t = 0;
                        s = 0;
                        break;
                    case '\t':
                        t++;
                        s = 0;
                        break;
                    default:
                        s++;
                        break;
                }
            }

            return false;
        };

        for (UserInput ui : uiList) {
            if (!decode2.test(ui)) {
                break;
            }
        }
        System.out.println();
    }

    public static void main(String[] args) throws IOException {
        List<UserInput> uiList = getUserInput();
        decode(""theRaven.txt"", uiList);
    }
}
"
9594,Sorting algorithms_Counting sort,"public static void countingSort(int[] array, int min, int max){
	int[] count= new int[max - min + 1];
	for(int number : array){
		count[number - min]++;
	}
	int z= 0;
	for(int i= min;i <= max;i++){
		while(count[i - min] > 0){
			array[z]= i;
			z++;
			count[i - min]--;
		}
	}
}
"
9630,Find the intersection of a line with a plane,"public class LinePlaneIntersection {
    private static class Vector3D {
        private double x, y, z;

        Vector3D(double x, double y, double z) {
            this.x = x;
            this.y = y;
            this.z = z;
        }

        Vector3D plus(Vector3D v) {
            return new Vector3D(x + v.x, y + v.y, z + v.z);
        }

        Vector3D minus(Vector3D v) {
            return new Vector3D(x - v.x, y - v.y, z - v.z);
        }

        Vector3D times(double s) {
            return new Vector3D(s * x, s * y, s * z);
        }

        double dot(Vector3D v) {
            return x * v.x + y * v.y + z * v.z;
        }

        @Override
        public String toString() {
            return String.format(""(%f, %f, %f)"", x, y, z);
        }
    }

    private static Vector3D intersectPoint(Vector3D rayVector, Vector3D rayPoint, Vector3D planeNormal, Vector3D planePoint) {
        Vector3D diff = rayPoint.minus(planePoint);
        double prod1 = diff.dot(planeNormal);
        double prod2 = rayVector.dot(planeNormal);
        double prod3 = prod1 / prod2;
        return rayPoint.minus(rayVector.times(prod3));
    }

    public static void main(String[] args) {
        Vector3D rv = new Vector3D(0.0, -1.0, -1.0);
        Vector3D rp = new Vector3D(0.0, 0.0, 10.0);
        Vector3D pn = new Vector3D(0.0, 0.0, 1.0);
        Vector3D pp = new Vector3D(0.0, 0.0, 5.0);
        Vector3D ip = intersectPoint(rv, rp, pn, pp);
        System.out.println(""The ray intersects the plane at "" + ip);
    }
}
"
9671,SQL-based authentication,"import java.io.UnsupportedEncodingException;
import java.sql.Connection;
import java.sql.DriverManager;
import java.sql.PreparedStatement;
import java.sql.ResultSet;
import java.sql.SQLException;
import java.security.MessageDigest;
import java.security.NoSuchAlgorithmException;
import java.security.SecureRandom;
import java.math.BigInteger;


class UserManager {
    private Connection dbConnection;

    public UserManager() {
    }

    private String md5(String aString) throws NoSuchAlgorithmException, UnsupportedEncodingException {
        MessageDigest md;
        String hex;
        StringBuffer hexString;
        byte[] bytesOfMessage;
        byte[] theDigest;

        hexString = new StringBuffer();
        bytesOfMessage = aString.getBytes(""UTF-8"");
        md = MessageDigest.getInstance(""MD5"");
        theDigest = md.digest(bytesOfMessage);

        for (int i = 0; i < theDigest.length; i++) {
            hex = Integer.toHexString(0xff & theDigest[i]);
            if (hex.length() == 1) {
                hexString.append('0');
            }
            hexString.append(hex);
        }

        return hexString.toString();
    }

    public void connectDB(String host, int port, String db, String user, String password)
      throws ClassNotFoundException, SQLException {

        Class.forName(""com.mysql.jdbc.Driver"");

        this.dbConnection =  DriverManager.getConnection(""jdbc:mysql:
                                + host
                                + "":""
                                + port
                                + ""/""
                                + db, user, password);
    }

    public boolean createUser(String user, String password) {
        SecureRandom random;
        String insert;
        String salt;

        random = new SecureRandom();
        salt =  new BigInteger(130, random).toString(16);

        insert = ""INSERT INTO users ""
            + ""(username, pass_salt, pass_md5) ""
            + ""VALUES (?, ?, ?)"";

        try (PreparedStatement pstmt = this.dbConnection.prepareStatement(insert)) {
            pstmt.setString(1, user);
            pstmt.setString(2, salt);
            pstmt.setString(3, this.md5(salt + password));
            pstmt.executeUpdate();

            return true;
        } catch(NoSuchAlgorithmException | SQLException | UnsupportedEncodingException ex) {
            return false;
        }
    }

    public boolean authenticateUser(String user, String password) {
        String pass_md5;
        String pass_salt;
        String select;
        ResultSet res;

        select = ""SELECT pass_salt, pass_md5 FROM users WHERE username = ?"";
        res = null;

        try(PreparedStatement pstmt = this.dbConnection.prepareStatement(select)) {
            pstmt.setString(1, user);
            res = pstmt.executeQuery();

            res.next(); 

            pass_salt = res.getString(1);
            pass_md5 = res.getString(2);

            if (pass_md5.equals(this.md5(pass_salt + password))) {
                return true;
            } else {
                return false;
            }

        } catch(NoSuchAlgorithmException | SQLException | UnsupportedEncodingException ex) {
            return false;
        } finally {
            try {
                if (res instanceof ResultSet && !res.isClosed()) {
                    res.close();
                }
            } catch(SQLException ex) {
            }
        }
    }

    public void closeConnection() {
        try {
            this.dbConnection.close();
        } catch(NullPointerException | SQLException ex) {
        }
    }

    public static void main(String[] args) {
        UserManager um;

        um = new UserManager();
        try {
            um.connectDB(""localhost"", 3306, ""test"", ""root"", ""admin"");

            if (um.createUser(""johndoe"", ""test"")) {
                System.out.println(""User created"");
            }

            if (um.authenticateUser(""johndoe"", ""test"")) {
                System.out.println(""User authenticated"");
            }
        } catch(ClassNotFoundException | SQLException ex) {
            ex.printStackTrace();
        } finally {
            um.closeConnection();
        }
    }
}
"
9694,Implicit type conversion,"public class ImplicitTypeConversion{
   public static void main(String...args){
      System.out.println( ""Primitive conversions"" );
      byte  by = -1;
      short sh = by;
      int   in = sh;
      long  lo = in;
      System.out.println( ""byte value    -1         to 3 integral types:  "" + lo );

      float  fl = 0.1f;
      double db = fl;
      System.out.println( ""float value   0.1        to double:            "" + db );

      int    in2 = -1;
      float  fl2 = in2;
      double db2 = fl2;
      System.out.println( ""int value     -1         to float and double:  "" + db2 );

      int    in3 = Integer.MAX_VALUE;
      float  fl3 = in3;
      double db3 = fl3;
      System.out.println( ""int value     "" + Integer.MAX_VALUE + "" to float and double:  "" + db3 );

      char   ch  = 'a';
      int    in4 = ch;
      double db4 = in4;
      System.out.println( ""char value    '"" + ch + ""'        to int and double:    "" + db4 );

      System.out.println();
      System.out.println( ""Boxing and unboxing"" );
      Integer in5 = -1;
      int     in6 = in5;
      System.out.println( ""int  value    -1         to Integer and int:   "" + in6 );

      Double db5 = 0.1;
      double db6 = db5;
      System.out.println( ""double value  0.1        to Double and double: "" + db6 );
   }
}
"
9721,Strange plus numbers,"public class Strange {
    private static final boolean[] p = {
        false, false, true,  true,  false,
        true,  false, true,  false, false,
        false, true,  false, true,  false,
        false, false, true,  false
    };

    public static boolean isstrange(long n) {
        if (n < 10) return false;
        for (; n >= 10; n /= 10) {
            if (!p[(int)(n%10 + (n/10)%10)]) return false;
        }
        return true;
    }

    public static void main(String[] args) {
        long nMin = Long.parseLong(args[0]);
        long nMax = Long.parseLong(args[1]);
        int k = 0;
     
        for (long n = nMin; n <= nMax; n++) {
            if (isstrange(n)) {
                System.out.print(n + (++k%10 != 0 ? "" "" : ""\n""));
            }
        }
    }
}
"
9737,Hilbert curve,"

import java.util.ArrayList;
import java.util.Arrays;
import java.util.List;

public class HilbertCurve {
    public static class Point {
        public int x;
        public int y;
        
        public Point(int x, int y) {
            this.x = x;
            this.y = y;
        }
        
        public String toString() {
            return ""("" + x + "", "" + y + "")"";
        }
        
        
        public void rot(int n, boolean rx, boolean ry) {
            if (!ry) {
                if (rx) {
                    x = (n - 1) - x;
                    y = (n - 1) - y;
                }
        
                
                int t  = x;
                x = y;
                y = t;
            }
            
            return;
        }
        
        public int calcD(int n) {
            boolean rx, ry;
            int d = 0;
            for (int s = n >>> 1; s > 0; s >>>= 1) {
                rx = ((x & s) != 0);
                ry = ((y & s) != 0);
                d += s * s * ((rx ? 3 : 0) ^ (ry ? 1 : 0));
                rot(s, rx, ry);
            }
            
            return d;
        }
        
    }

    public static Point fromD(int n, int d) {
        Point p = new Point(0, 0);
        boolean rx, ry;
        int t = d;
        for (int s = 1; s < n; s <<= 1) {
            rx = ((t & 2) != 0);
            ry = (((t ^ (rx ? 1 : 0)) & 1) != 0);
            p.rot(s, rx, ry);
            p.x += (rx ? s : 0);
            p.y += (ry ? s : 0);
            t >>>= 2;
        }
        return p;
    }
    
    public static List<Point> getPointsForCurve(int n) {
        List<Point> points = new ArrayList<Point>();
        for (int d = 0; d < (n * n); d++) {
            Point p = fromD(n, d);
            points.add(p);
        }
        
        return points;
    }
    
    public static List<String> drawCurve(List<Point> points, int n) {
        char[][] canvas = new char[n][n * 3 - 2];
        for (char[] line : canvas) {
            Arrays.fill(line, ' ');
        }
        for (int i = 1; i < points.size(); i++) {
             Point lastPoint = points.get(i - 1);
            Point curPoint = points.get(i);
            int deltaX = curPoint.x - lastPoint.x;
            int deltaY = curPoint.y - lastPoint.y;
            if (deltaX == 0) {
                if (deltaY == 0) {
                    
                    throw new IllegalStateException(""Duplicate point, deltaX="" + deltaX + "", deltaY="" + deltaY);
                }
                
                int row = Math.max(curPoint.y, lastPoint.y);
                int col = curPoint.x * 3;
                canvas[row][col] = '|';
            }
            else {
                if (deltaY != 0) {
                    
                    throw new IllegalStateException(""Diagonal line, deltaX="" + deltaX + "", deltaY="" + deltaY);
                }
                
                int row = curPoint.y;
                int col = Math.min(curPoint.x, lastPoint.x) * 3 + 1;
                canvas[row][col] = '_';
                canvas[row][col + 1] = '_';
            }
            
        }
        List<String> lines = new ArrayList<String>();
        for (char[] row : canvas) {
            String line = new String(row);
            lines.add(line);
        }
        
        return lines;
    }
    
    public static void main(String... args) {
        for (int order = 1; order <= 5; order++) {
            int n = (1 << order);
            List<Point> points = getPointsForCurve(n);
            System.out.println(""Hilbert curve, order="" + order);
            List<String> lines = drawCurve(points, n);
            for (String line : lines) {
                System.out.println(line);
            }
            System.out.println();
        }
        return;
    }
}
"
9759,Subset sum problem,"public class SubsetSum {
    private static class Item {
        private String word;
        private int weight;

        public Item(String word, int weight) {
            this.word = word;
            this.weight = weight;
        }

        @Override
        public String toString() {
            return String.format(""(%s, %d)"", word, weight);
        }
    }

    private static Item[] items = new Item[]{
        new Item(""alliance"", -624),
        new Item(""archbishop"", -915),
        new Item(""balm"", 397),
        new Item(""bonnet"", 452),
        new Item(""brute"", 870),
        new Item(""centipede"", -658),
        new Item(""cobol"", 362),
        new Item(""covariate"", 590),
        new Item(""departure"", 952),
        new Item(""deploy"", 44),
        new Item(""diophantine"", 645),
        new Item(""efferent"", 54),
        new Item(""elysee"", -326),
        new Item(""eradicate"", 376),
        new Item(""escritoire"", 856),
        new Item(""exorcism"", -983),
        new Item(""fiat"", 170),
        new Item(""filmy"", -874),
        new Item(""flatworm"", 503),
        new Item(""gestapo"", 915),
        new Item(""infra"", -847),
        new Item(""isis"", -982),
        new Item(""lindholm"", 999),
        new Item(""markham"", 475),
        new Item(""mincemeat"", -880),
        new Item(""moresby"", 756),
        new Item(""mycenae"", 183),
        new Item(""plugging"", -266),
        new Item(""smokescreen"", 423),
        new Item(""speakeasy"", -745),
        new Item(""vein"", 813),
    };

    private static final int n = items.length;
    private static final int[] indices = new int[n];
    private static int count = 0;

    private static final int LIMIT = 5;

    private static void zeroSum(int i, int w) {
        if (i != 0 && w == 0) {
            for (int j = 0; j < i; ++j) {
                System.out.printf(""%s "", items[indices[j]]);
            }
            System.out.println(""\n"");
            if (count < LIMIT) count++;
            else return;
        }
        int k = (i != 0) ? indices[i - 1] + 1 : 0;
        for (int j = k; j < n; ++j) {
            indices[i] = j;
            zeroSum(i + 1, w + items[j].weight);
            if (count == LIMIT) return;
        }
    }

    public static void main(String[] args) {
        System.out.printf(""The weights of the following %d subsets add up to zero:\n\n"", LIMIT);
        zeroSum(0, 0);
    }
}
"
9789,Guess the number,"public class Guessing {
    public static void main(String[] args) throws NumberFormatException{
        int n = (int)(Math.random() * 10 + 1);
        System.out.print(""Guess the number between 1 and 10: "");
        while(Integer.parseInt(System.console().readLine()) != n){
            System.out.print(""Wrong! Guess again: "");
        }
        System.out.println(""Well guessed!"");
    }
}
"
9823,Numerical integration,"class NumericalIntegration
{

  interface FPFunction
  {
    double eval(double n);
  }
  
  public static double rectangularLeft(double a, double b, int n, FPFunction f)
  {
    return rectangular(a, b, n, f, 0);
  }
  
  public static double rectangularMidpoint(double a, double b, int n, FPFunction f)
  {
    return rectangular(a, b, n, f, 1);
  }
  
  public static double rectangularRight(double a, double b, int n, FPFunction f)
  {
    return rectangular(a, b, n, f, 2);
  }
  
  public static double trapezium(double a, double b, int n, FPFunction f)
  {
    double range = checkParamsGetRange(a, b, n);
    double nFloat = (double)n;
    double sum = 0.0;
    for (int i = 1; i < n; i++)
    {
      double x = a + range * (double)i / nFloat;
      sum += f.eval(x);
    }
    sum += (f.eval(a) + f.eval(b)) / 2.0;
    return sum * range / nFloat;
  }
  
  public static double simpsons(double a, double b, int n, FPFunction f)
  {
    double range = checkParamsGetRange(a, b, n);
    double nFloat = (double)n;
    double sum1 = f.eval(a + range / (nFloat * 2.0));
    double sum2 = 0.0;
    for (int i = 1; i < n; i++)
    {
      double x1 = a + range * ((double)i + 0.5) / nFloat;
      sum1 += f.eval(x1);
      double x2 = a + range * (double)i / nFloat;
      sum2 += f.eval(x2);
    }
    return (f.eval(a) + f.eval(b) + sum1 * 4.0 + sum2 * 2.0) * range / (nFloat * 6.0);
  }
  
  private static double rectangular(double a, double b, int n, FPFunction f, int mode)
  {
    double range = checkParamsGetRange(a, b, n);
    double modeOffset = (double)mode / 2.0;
    double nFloat = (double)n;
    double sum = 0.0;
    for (int i = 0; i < n; i++)
    {
      double x = a + range * ((double)i + modeOffset) / nFloat;
      sum += f.eval(x);
    }
    return sum * range / nFloat;
  }
  
  private static double checkParamsGetRange(double a, double b, int n)
  {
    if (n <= 0)
      throw new IllegalArgumentException(""Invalid value of n"");
    double range = b - a;
    if (range <= 0)
      throw new IllegalArgumentException(""Invalid range"");
    return range;
  }
  
  
  private static void testFunction(String fname, double a, double b, int n, FPFunction f)
  {
    System.out.println(""Testing function \"""" + fname + ""\"", a="" + a + "", b="" + b + "", n="" + n);
    System.out.println(""rectangularLeft: "" + rectangularLeft(a, b, n, f));
    System.out.println(""rectangularMidpoint: "" + rectangularMidpoint(a, b, n, f));
    System.out.println(""rectangularRight: "" + rectangularRight(a, b, n, f));
    System.out.println(""trapezium: "" + trapezium(a, b, n, f));
    System.out.println(""simpsons: "" + simpsons(a, b, n, f));
    System.out.println();
    return;
  }
  
  public static void main(String[] args)
  {
    testFunction(""x^3"", 0.0, 1.0, 100, new FPFunction() {
        public double eval(double n) {
          return n * n * n;
        }
      }
    );
    
    testFunction(""1/x"", 1.0, 100.0, 1000, new FPFunction() {
        public double eval(double n) {
          return 1.0 / n;
        }
      }
    );
    
    testFunction(""x"", 0.0, 5000.0, 5000000, new FPFunction() {
        public double eval(double n) {
          return n;
        }
      }
    );
    
    testFunction(""x"", 0.0, 6000.0, 6000000, new FPFunction() {
        public double eval(double n) {
          return n;
        }
      }
    );
    
    return;
  }
}
"
9854,Multifactorial,"public class MultiFact {
	private static long multiFact(long n, int deg){
		long ans = 1;
		for(long i = n; i > 0; i -= deg){
			ans *= i;
		}
		return ans;
	}
	
	public static void main(String[] args){
		for(int deg = 1; deg <= 5; deg++){
			System.out.print(""degree "" + deg + "":"");
			for(long n = 1; n <= 10; n++){
				System.out.print("" "" + multiFact(n, deg));
			}
			System.out.println();
		}
	}
}
"
9898,15 puzzle game,"package fifteenpuzzle;

import java.awt.*;
import java.awt.event.*;
import java.util.Random;
import javax.swing.*;

class FifteenPuzzle extends JPanel {

    private final int side = 4;
    private final int numTiles = side * side - 1;

    private final Random rand = new Random();
    private final int[] tiles = new int[numTiles + 1];
    private final int tileSize;
    private int blankPos;
    private final int margin;
    private final int gridSize;
    private boolean gameOver;

    private FifteenPuzzle() {
        final int dim = 640;

        margin = 80;
        tileSize = (dim - 2 * margin) / side;
        gridSize = tileSize * side;

        setPreferredSize(new Dimension(dim, dim + margin));
        setBackground(Color.WHITE);
        setForeground(new Color(0x6495ED)); 
        setFont(new Font(""SansSerif"", Font.BOLD, 60));

        gameOver = true;

        addMouseListener(new MouseAdapter() {
            @Override
            public void mousePressed(MouseEvent e) {
                if (gameOver) {
                    newGame();

                } else {

                    int ex = e.getX() - margin;
                    int ey = e.getY() - margin;

                    if (ex < 0 || ex > gridSize || ey < 0 || ey > gridSize) {
                        return;
                    }

                    int c1 = ex / tileSize;
                    int r1 = ey / tileSize;
                    int c2 = blankPos % side;
                    int r2 = blankPos / side;

                    int clickPos = r1 * side + c1;

                    int dir = 0;
                    if (c1 == c2 && Math.abs(r1 - r2) > 0) {
                        dir = (r1 - r2) > 0 ? 4 : -4;
                        
                    } else if (r1 == r2 && Math.abs(c1 - c2) > 0) {
                        dir = (c1 - c2) > 0 ? 1 : -1;
                    }

                    if (dir != 0) {
                        do {
                            int newBlankPos = blankPos + dir;
                            tiles[blankPos] = tiles[newBlankPos];
                            blankPos = newBlankPos;
                        } while (blankPos != clickPos);
                        tiles[blankPos] = 0;
                    }
                    
                    gameOver = isSolved();
                }
                repaint();
            }
        });

        newGame();
    }

    private void newGame() {
        do {
            reset();
            shuffle();
        } while (!isSolvable());
        gameOver = false;
    }

    private void reset() {
        for (int i = 0; i < tiles.length; i++) {
            tiles[i] = (i + 1) % tiles.length;
        }
        blankPos = tiles.length - 1;
    }

    private void shuffle() {
        
        
        int n = numTiles;
        while (n > 1) {
            int r = rand.nextInt(n--);
            int tmp = tiles[r];
            tiles[r] = tiles[n];
            tiles[n] = tmp;
        }
    }

    
    private boolean isSolvable() {
        int countInversions = 0;
        for (int i = 0; i < numTiles; i++) {
            for (int j = 0; j < i; j++) {
                if (tiles[j] > tiles[i]) {
                    countInversions++;
                }
            }
        }
        return countInversions % 2 == 0;
    }

    private boolean isSolved() {
        if (tiles[tiles.length - 1] != 0) {
            return false;
        }
        for (int i = numTiles - 1; i >= 0; i--) {
            if (tiles[i] != i + 1) {
                return false;
            }
        }
        return true;
    }

    private void drawGrid(Graphics2D g) {
        for (int i = 0; i < tiles.length; i++) {
            int r = i / side;
            int c = i % side;
            int x = margin + c * tileSize;
            int y = margin + r * tileSize;

            if (tiles[i] == 0) {
                if (gameOver) {
                    g.setColor(Color.GREEN);
                    drawCenteredString(g, ""\u2713"", x, y);
                }
                continue;
            }

            g.setColor(getForeground());
            g.fillRoundRect(x, y, tileSize, tileSize, 25, 25);
            g.setColor(Color.blue.darker());
            g.drawRoundRect(x, y, tileSize, tileSize, 25, 25);
            g.setColor(Color.WHITE);

            drawCenteredString(g, String.valueOf(tiles[i]), x, y);
        }
    }

    private void drawStartMessage(Graphics2D g) {
        if (gameOver) {
            g.setFont(getFont().deriveFont(Font.BOLD, 18));
            g.setColor(getForeground());
            String s = ""click to start a new game"";
            int x = (getWidth() - g.getFontMetrics().stringWidth(s)) / 2;
            int y = getHeight() - margin;
            g.drawString(s, x, y);
        }
    }

    private void drawCenteredString(Graphics2D g, String s, int x, int y) {
        FontMetrics fm = g.getFontMetrics();
        int asc = fm.getAscent();
        int des = fm.getDescent();

        x = x + (tileSize - fm.stringWidth(s)) / 2;
        y = y + (asc + (tileSize - (asc + des)) / 2);

        g.drawString(s, x, y);
    }

    @Override
    public void paintComponent(Graphics gg) {
        super.paintComponent(gg);
        Graphics2D g = (Graphics2D) gg;
        g.setRenderingHint(RenderingHints.KEY_ANTIALIASING,
                RenderingHints.VALUE_ANTIALIAS_ON);

        drawGrid(g);
        drawStartMessage(g);
    }

    public static void main(String[] args) {
        SwingUtilities.invokeLater(() -> {
            JFrame f = new JFrame();
            f.setDefaultCloseOperation(JFrame.EXIT_ON_CLOSE);
            f.setTitle(""Fifteen Puzzle"");
            f.setResizable(false);
            f.add(new FifteenPuzzle(), BorderLayout.CENTER);
            f.pack();
            f.setLocationRelativeTo(null);
            f.setVisible(true);
        });
    }
}
"
9969,Identity matrix,"public class PrintIdentityMatrix {

    public static void main(String[] args) {
        int n = 5;
        int[][] array = new int[n][n];

        IntStream.range(0, n).forEach(i -> array[i][i] = 1);

        Arrays.stream(array)
                .map((int[] a) -> Arrays.toString(a))
                .forEach(System.out::println);
    }
}
"
10031,Filter,"int[] array = {1, 2, 3, 4, 5 };
List<Integer> evensList = new ArrayList<Integer>();
for (int  i: array) {
    if (i % 2 == 0) evensList.add(i);
}
int[] evens = evensList.toArray(new int[0]);
"
10069,Roman numerals_Decode,"
grammar ParseRN ;

options {
	language = Java;
}
@members {
int rnValue;
int ONE;
}

parseRN:	({rnValue = 0;} rn NEWLINE {System.out.println($rn.text + "" = "" + rnValue);})*
	;
	
rn	:	(Thousand {rnValue += 1000;})* hundreds? tens? units?;

hundreds:	{ONE = 0;} (h9 | h5) {if (ONE > 3) System.out.println (""Too many hundreds"");};
h9	:	Hundred {ONE += 1;} (FiveHund {rnValue += 400;}| Thousand {rnValue += 900;}|{rnValue += 100;} (Hundred {rnValue += 100; ONE += 1;})*);
h5	:	FiveHund {rnValue += 500;} (Hundred {rnValue += 100; ONE += 1;})*;

tens	:	{ONE = 0;} (t9 | t5) {if (ONE > 3) System.out.println (""Too many tens"");};
t9	:	Ten {ONE += 1;} (Fifty {rnValue += 40;}| Hundred {rnValue += 90;}|{rnValue += 10;} (Ten {rnValue += 10; ONE += 1;})*);
t5	:	Fifty {rnValue += 50;} (Ten {rnValue += 10; ONE += 1;})*;
	
units	:	{ONE = 0;} (u9 | u5) {if (ONE > 3) System.out.println (""Too many ones"");};
u9	:	One {ONE += 1;} (Five {rnValue += 4;}| Ten {rnValue += 9;}|{rnValue += 1;} (One {rnValue += 1; ONE += 1;})*);
u5	:	Five {rnValue += 5;} (One {rnValue += 1; ONE += 1;})*;
	
One	:	'I';
Five	:	'V';
Ten	:	'X';
Fifty	:	'L';
Hundred:	'C';
FiveHund:	'D';
Thousand:	'M' ;
NEWLINE:	'\r'? '\n' ;
"
10135,Read entire file,"static Byte[] contentsOf(File file)
    {
    return file.contents;
    }
"
10160,HTTP,"import java.net.URI;
import java.net.http.HttpClient;
import java.net.http.HttpRequest;
import java.net.http.HttpResponse;
import java.nio.charset.Charset;

public class Main {
    public static void main(String[] args) {
        var request = HttpRequest.newBuilder(URI.create(""https:
                .GET()
                .build();

        HttpClient.newHttpClient()
                .sendAsync(request, HttpResponse.BodyHandlers.ofString(Charset.defaultCharset()))
                .thenApply(HttpResponse::body)
                .thenAccept(System.out::println)
                .join();
    }
}
"
10193,Isqrt (integer square root) of X,"import java.math.BigInteger;

public class Isqrt {
    private static BigInteger isqrt(BigInteger x) {
        if (x.compareTo(BigInteger.ZERO) < 0) {
            throw new IllegalArgumentException(""Argument cannot be negative"");
        }
        var q = BigInteger.ONE;
        while (q.compareTo(x) <= 0) {
            q = q.shiftLeft(2);
        }
        var z = x;
        var r = BigInteger.ZERO;
        while (q.compareTo(BigInteger.ONE) > 0) {
            q = q.shiftRight(2);
            var t = z;
            t = t.subtract(r);
            t = t.subtract(q);
            r = r.shiftRight(1);
            if (t.compareTo(BigInteger.ZERO) >= 0) {
                z = t;
                r = r.add(q);
            }
        }
        return r;
    }

    public static void main(String[] args) {
        System.out.println(""The integer square root of integers from 0 to 65 are:"");
        for (int i = 0; i <= 65; i++) {
            System.out.printf(""%s "", isqrt(BigInteger.valueOf(i)));
        }
        System.out.println();

        System.out.println(""The integer square roots of powers of 7 from 7^1 up to 7^73 are:"");
        System.out.println(""power                                    7 ^ power                                                 integer square root"");
        System.out.println(""----- --------------------------------------------------------------------------------- -----------------------------------------"");
        var pow7 = BigInteger.valueOf(7);
        var bi49 = BigInteger.valueOf(49);
        for (int i = 1; i < 74; i += 2) {
            System.out.printf(""%2d %,84d %,41d\n"", i, pow7, isqrt(pow7));
            pow7 = pow7.multiply(bi49);
        }
    }
}
"
10242,Box the compass,"public class BoxingTheCompass{
    private static String[] points = new String[32];
 
    public static void main(String[] args){
        buildPoints();
 
        double heading = 0;
 
        for(int i = 0; i<= 32;i++){
            heading = i * 11.25;
            switch(i % 3){
                case 1:
                    heading += 5.62;
                    break;
                case 2:
                    heading -= 5.62;
                    break;
                default:
            }
 
            System.out.printf(""%s\t%18s\t%s°\n"",(i % 32) + 1, initialUpper(getPoint(heading)), heading);
        }
    }
 
    private static void buildPoints(){
        String[] cardinal = {""north"", ""east"", ""south"", ""west""};
        String[] pointDesc = {""1"", ""1 by 2"", ""1-C"", ""C by 1"", ""C"", ""C by 2"", ""2-C"", ""2 by 1""};
 
        String str1, str2, strC;
 
        for(int i = 0;i <= 3;i++){
            str1 = cardinal[i];
            str2 = cardinal[(i + 1) % 4];
            strC = (str1.equals(""north"") || str1.equals(""south"")) ? (str1 + str2): (str2 + str1);
            for(int j = 0;j <= 7;j++){
                points[i * 8 + j] = pointDesc[j].replace(""1"", str1).replace(""2"", str2).replace(""C"", strC);
            }
        }
    }
 
    private static String initialUpper(String s){
        return s.substring(0, 1).toUpperCase() + s.substring(1);
    }
 
    private static String getPoint(double degrees){
        double testD = (degrees / 11.25) + 0.5;
        return points[(int)Math.floor(testD % 32)];
    }
}
"
10297,Continued fraction_Arithmetic_Construct from rational number,"import java.util.Iterator;
import java.util.List;
import java.util.Map;

public class ConstructFromRationalNumber {
    private static class R2cf implements Iterator<Integer> {
        private int num;
        private int den;

        R2cf(int num, int den) {
            this.num = num;
            this.den = den;
        }

        @Override
        public boolean hasNext() {
            return den != 0;
        }

        @Override
        public Integer next() {
            int div = num / den;
            int rem = num % den;
            num = den;
            den = rem;
            return div;
        }
    }

    private static void iterate(R2cf generator) {
        generator.forEachRemaining(n -> System.out.printf(""%d "", n));
        System.out.println();
    }

    public static void main(String[] args) {
        List<Map.Entry<Integer, Integer>> fracs = List.of(
                Map.entry(1, 2),
                Map.entry(3, 1),
                Map.entry(23, 8),
                Map.entry(13, 11),
                Map.entry(22, 7),
                Map.entry(-151, 77)
        );
        for (Map.Entry<Integer, Integer> frac : fracs) {
            System.out.printf(""%4d / %-2d = "", frac.getKey(), frac.getValue());
            iterate(new R2cf(frac.getKey(), frac.getValue()));
        }

        System.out.println(""\nSqrt(2) ->"");
        List<Map.Entry<Integer, Integer>> root2 = List.of(
                Map.entry(    14_142,     10_000),
                Map.entry(   141_421,    100_000),
                Map.entry( 1_414_214,  1_000_000),
                Map.entry(14_142_136, 10_000_000)
        );
        for (Map.Entry<Integer, Integer> frac : root2) {
            System.out.printf(""%8d / %-8d = "", frac.getKey(), frac.getValue());
            iterate(new R2cf(frac.getKey(), frac.getValue()));
        }

        System.out.println(""\nPi ->"");
        List<Map.Entry<Integer, Integer>> pi = List.of(
                Map.entry(         31,        10),
                Map.entry(        314,       100),
                Map.entry(      3_142,      1_000),
                Map.entry(     31_428,     10_000),
                Map.entry(    314_285,    100_000),
                Map.entry(  3_142_857,   1_000_000),
                Map.entry( 31_428_571,  10_000_000),
                Map.entry(314_285_714, 100_000_000)
        );
        for (Map.Entry<Integer, Integer> frac : pi) {
            System.out.printf(""%9d / %-9d = "", frac.getKey(), frac.getValue());
            iterate(new R2cf(frac.getKey(), frac.getValue()));
        }
    }
}
"
10327,Tree traversal,"import java.util.*;

public class TreeTraversal {

        static class Node<T> {
		T value;
		Node<T> left;
		Node<T> right;

		Node(T value) {
			this.value = value;
		}

		void visit() {
			System.out.print(this.value + "" "");
		}
	}

	static enum ORDER {
		PREORDER, INORDER, POSTORDER, LEVEL
	}
        
        static <T> void traverse(Node<T> node, ORDER order) {
		if (node == null) {
			return;
		}
		switch (order) {
		case PREORDER:
			node.visit();
			traverse(node.left, order);
			traverse(node.right, order);
			break;
		case INORDER:
			traverse(node.left, order);
			node.visit();
			traverse(node.right, order);
			break;
		case POSTORDER:
			traverse(node.left, order);
			traverse(node.right, order);
			node.visit();
			break;
		case LEVEL:
			Queue<Node<T>> queue = new LinkedList<>();
			queue.add(node);
			while(!queue.isEmpty()){
				Node<T> next = queue.remove();
				next.visit();
				if(next.left!=null)
					queue.add(next.left);
				if(next.right!=null)
					queue.add(next.right);
			}
		}
	}	

	public static void main(String[] args) {

		Node<Integer> one = new Node<Integer>(1);
		Node<Integer> two = new Node<Integer>(2);
		Node<Integer> three = new Node<Integer>(3);
		Node<Integer> four = new Node<Integer>(4);
		Node<Integer> five = new Node<Integer>(5);
		Node<Integer> six = new Node<Integer>(6);
		Node<Integer> seven = new Node<Integer>(7);
		Node<Integer> eight = new Node<Integer>(8);
		Node<Integer> nine = new Node<Integer>(9);
		
		one.left = two;
		one.right = three;
		two.left = four;
		two.right = five;
		three.left = six;
		four.left = seven;
		six.left = eight;
		six.right = nine;

		traverse(one, ORDER.PREORDER);
		System.out.println(); 
		traverse(one, ORDER.INORDER);
		System.out.println();
		traverse(one, ORDER.POSTORDER);
		System.out.println();
		traverse(one, ORDER.LEVEL);
		
	}
}
"
10361,Greatest common divisor,"public static long gcd(long a, long b){
   long factor= Math.min(a, b);
   for(long loop= factor;loop > 1;loop--){
      if(a % loop == 0 && b % loop == 0){
         return loop;
      }
   }
   return 1;
}
"
10395,Walk a directory_Non-recursively,"File dir = new File(""/foo/bar"");

String[] contents = dir.list();
for (String file : contents)
    if (file.endsWith("".mp3""))
        System.out.println(file);
"
10427,Zeckendorf number representation,"import java.util.*;

class Zeckendorf
{
  public static String getZeckendorf(int n)
  {
    if (n == 0)
      return ""0"";
    List<Integer> fibNumbers = new ArrayList<Integer>();
    fibNumbers.add(1);
    int nextFib = 2;
    while (nextFib <= n)
    {
      fibNumbers.add(nextFib);
      nextFib += fibNumbers.get(fibNumbers.size() - 2);
    }
    StringBuilder sb = new StringBuilder();
    for (int i = fibNumbers.size() - 1; i >= 0; i--)
    {
      int fibNumber = fibNumbers.get(i);
      sb.append((fibNumber <= n) ? ""1"" : ""0"");
      if (fibNumber <= n)
        n -= fibNumber;
    }
    return sb.toString();
  }
  
  public static void main(String[] args)
  {
    for (int i = 0; i <= 20; i++)
      System.out.println(""Z("" + i + "")="" + getZeckendorf(i));
  }
}
"
10463,Boolean values,"module GeorgeBoole
    {
    @Inject Console console;

    void run()
        {
        Boolean f = False;
        assert !f == True;

        
        
        assert True.and(False) == True & False == False;
        assert True.or(False)  == True | False == True;
        assert True.xor(False) == True ^ False == True;
        assert True.not() == ~True == False;

        console.print($""0==1 = {0==1}"");
        console.print($""!False = {!False}"");
        }
    }
"
10478,Stair-climbing puzzle,"public void stepUp() {
  while (!step()) stepUp();
}
"
10497,Dutch national flag problem,"import java.util.Arrays;
import java.util.Random;

public class DutchNationalFlag {
    enum DutchColors {
        RED, WHITE, BLUE
    }

    public static void main(String[] args){
        DutchColors[] balls = new DutchColors[12];
        DutchColors[] values = DutchColors.values();
        Random rand = new Random();

        for (int i = 0; i < balls.length; i++)
            balls[i]=values[rand.nextInt(values.length)];
        System.out.println(""Before: "" + Arrays.toString(balls));

        Arrays.sort(balls);
        System.out.println(""After:  "" + Arrays.toString(balls));

        boolean sorted = true;
        for (int i = 1; i < balls.length; i++ ){
            if (balls[i-1].compareTo(balls[i]) > 0){
                sorted=false;
                break;
            }
        }
        System.out.println(""Correctly sorted: "" + sorted);
    }
}
"
10544,Munching squares,"import java.awt.Color;
import java.awt.Graphics;

import javax.swing.JFrame;
import javax.swing.JPanel;

public class XorPattern extends JFrame{
    private JPanel xorPanel;

    public XorPattern(){
        xorPanel = new JPanel(){
            @Override
            public void paint(Graphics g) {
                for(int y = 0; y < getHeight();y++){
                    for(int x = 0; x < getWidth();x++){
                        g.setColor(new Color(0, (x ^ y) % 256, 0));
                        g.drawLine(x, y, x, y);
                    }
                }
            }
        };
        add(xorPanel);
        setSize(300, 300);
        setDefaultCloseOperation(JFrame.EXIT_ON_CLOSE);
        setVisible(true);
    }

    public static void main(String[] args){
        new XorPattern();
    }
}
"
10579,Wieferich primes,"import java.util.*;

public class WieferichPrimes {
    public static void main(String[] args) {
        final int limit = 5000;
        System.out.printf(""Wieferich primes less than %d:\n"", limit);
        for (Integer p : wieferichPrimes(limit))
            System.out.println(p);
    }    

    private static boolean[] primeSieve(int limit) {
        boolean[] sieve = new boolean[limit];
        Arrays.fill(sieve, true);
        if (limit > 0)
            sieve[0] = false;
        if (limit > 1)
            sieve[1] = false;
        for (int i = 4; i < limit; i += 2)
            sieve[i] = false;
        for (int p = 3; ; p += 2) {
            int q = p * p;
            if (q >= limit)
                break;
            if (sieve[p]) {
                int inc = 2 * p;
                for (; q < limit; q += inc)
                    sieve[q] = false;
            }
        }
        return sieve;
    }

    private static long modpow(long base, long exp, long mod) {
        if (mod == 1)
            return 0;
        long result = 1;
        base %= mod;
        for (; exp > 0; exp >>= 1) {
            if ((exp & 1) == 1)
                result = (result * base) % mod;
            base = (base * base) % mod;
        }
        return result;
    }

    private static List<Integer> wieferichPrimes(int limit) {
        boolean[] sieve = primeSieve(limit);
        List<Integer> result = new ArrayList<>();
        for (int p = 2; p < limit; ++p) {
            if (sieve[p] && modpow(2, p - 1, p * p) == 1)
                result.add(p);
        }
        return result;
    }
}
"
10596,Ternary logic,"public class Logic{
	public static enum Trit{
		TRUE, MAYBE, FALSE;
		
		public Trit and(Trit other){
			if(this == TRUE){
				return other;
			}else if(this == MAYBE){
				return (other == FALSE) ? FALSE : MAYBE;
			}else{
				return FALSE;
			}
		}
		
		public Trit or(Trit other){
			if(this == TRUE){
				return TRUE;
			}else if(this == MAYBE){
				return (other == TRUE) ? TRUE : MAYBE;
			}else{
				return other;
			}
		}
		
		public Trit tIf(Trit other){
			if(this == TRUE){
				return other;
			}else if(this == MAYBE){
				return (other == TRUE) ? TRUE : MAYBE;
			}else{
				return TRUE;
			}
		}
		
		public Trit not(){
			if(this == TRUE){
				return FALSE;
			}else if(this == MAYBE){
				return MAYBE;
			}else{
				return TRUE;
			}
		}
		
		public Trit equals(Trit other){
			if(this == TRUE){
				return other;
			}else if(this == MAYBE){
				return MAYBE;
			}else{
				return other.not();
			}
		}
	}
	public static void main(String[] args){
		for(Trit a:Trit.values()){
			System.out.println(""not "" + a + "": "" + a.not());
		}
		for(Trit a:Trit.values()){
			for(Trit b:Trit.values()){
				System.out.println(a+"" and ""+b+"": ""+a.and(b)+
						""\t ""+a+"" or ""+b+"": ""+a.or(b)+
						""\t ""+a+"" implies ""+b+"": ""+a.tIf(b)+
						""\t ""+a+"" = ""+b+"": ""+a.equals(b));
			}
		}
	}
}
"
10637,Percentage difference between images,"import java.awt.image.BufferedImage;
import java.io.File;
import java.io.IOException;
import javax.imageio.ImageIO;

public enum ImgDiffPercent {
    ;

    public static void main(String[] args) throws IOException {
        
        
        BufferedImage img1 = ImageIO.read(new File(""Lenna50.jpg""));
        BufferedImage img2 = ImageIO.read(new File(""Lenna100.jpg""));

        double p = getDifferencePercent(img1, img2);
        System.out.println(""diff percent: "" + p);
    }

    private static double getDifferencePercent(BufferedImage img1, BufferedImage img2) {
        int width = img1.getWidth();
        int height = img1.getHeight();
        int width2 = img2.getWidth();
        int height2 = img2.getHeight();
        if (width != width2 || height != height2) {
            throw new IllegalArgumentException(String.format(""Images must have the same dimensions: (%d,%d) vs. (%d,%d)"", width, height, width2, height2));
        }

        long diff = 0;
        for (int y = 0; y < height; y++) {
            for (int x = 0; x < width; x++) {
                diff += pixelDiff(img1.getRGB(x, y), img2.getRGB(x, y));
            }
        }
        long maxDiff = 3L * 255 * width * height;

        return 100.0 * diff / maxDiff;
    }

    private static int pixelDiff(int rgb1, int rgb2) {
        int r1 = (rgb1 >> 16) & 0xff;
        int g1 = (rgb1 >>  8) & 0xff;
        int b1 =  rgb1        & 0xff;
        int r2 = (rgb2 >> 16) & 0xff;
        int g2 = (rgb2 >>  8) & 0xff;
        int b2 =  rgb2        & 0xff;
        return Math.abs(r1 - r2) + Math.abs(g1 - g2) + Math.abs(b1 - b2);
    }
}
"
10652,Luhn test of credit card numbers,"public class Luhn {
    public static void main(String[] args) {
        System.out.println(luhnTest(""49927398716""));
        System.out.println(luhnTest(""49927398717""));
        System.out.println(luhnTest(""1234567812345678""));
        System.out.println(luhnTest(""1234567812345670""));
    }
    
    public static boolean luhnTest(String number){
        int s1 = 0, s2 = 0;
        String reverse = new StringBuffer(number).reverse().toString();
        for(int i = 0 ;i < reverse.length();i++){
            int digit = Character.digit(reverse.charAt(i), 10);
            if(i % 2 == 0){
                s1 += digit;
            }else{
                s2 += 2 * digit;
                if(digit >= 5){
                    s2 -= 9;
                }
            }
        }
        return (s1 + s2) % 10 == 0;
    }
}
"
10687,Deal cards for FreeCell,"import java.util.Arrays;

public class Shuffler {
	
	private int seed;
	
	private String[] deck = {
			""AC"", ""AD"", ""AH"", ""AS"",
			""2C"", ""2D"", ""2H"", ""2S"",
			""3C"", ""3D"", ""3H"", ""3S"",
			""4C"", ""4D"", ""4H"", ""4S"",
			""5C"", ""5D"", ""5H"", ""5S"",
			""6C"", ""6D"", ""6H"", ""6S"",
			""7C"", ""7D"", ""7H"", ""7S"",
			""8C"", ""8D"", ""8H"", ""8S"",
			""9C"", ""9D"", ""9H"", ""9S"",
			""TC"", ""TD"", ""TH"", ""TS"",
			""JC"", ""JD"", ""JH"", ""JS"",
			""QC"", ""QD"", ""QH"", ""QS"",
			""KC"", ""KD"", ""KH"", ""KS"",
	};
	
	private int random() {
		seed = (214013 * seed + 2531011) & Integer.MAX_VALUE;
		return seed >> 16;
	}
	
	
	private String[] getShuffledDeck() {
		String[] deck = Arrays.copyOf(this.deck, this.deck.length);
		for(int i = deck.length - 1; i > 0; i--) {
			int r = random() % (i + 1);
			String card = deck[r];
			deck[r] = deck[i];
			deck[i] = card;
		}
		return deck;
	}
	
	
	public void dealGame(int seed) {
		this.seed = seed;
		String[] shuffledDeck = getShuffledDeck();
		for(int count = 1, i = shuffledDeck.length - 1; i >= 0; count++, i--) {
			System.out.print(shuffledDeck[i]);
			if(count % 8 == 0) {
				System.out.println();
			} else {
				System.out.print("" "");
			}
		}
		System.out.println();
	}
	
	public static void main(String[] args) {
		Shuffler s = new Shuffler();
		s.dealGame(1);
		System.out.println();
		s.dealGame(617);
	}
	
}
"
10716,Comma quibbling,"public class Quibbler {

	public static String quibble(String[] words) {
		String qText = ""{"";
		for(int wIndex = 0; wIndex < words.length; wIndex++) {
			qText += words[wIndex] + (wIndex == words.length-1 ? """" : 
						  wIndex == words.length-2 ? "" and "" :
						  "", "";
		}
		qText += ""}"";
		return qText;
	}
	
	public static void main(String[] args) {
		System.out.println(quibble(new String[]{}));
		System.out.println(quibble(new String[]{""ABC""}));
		System.out.println(quibble(new String[]{""ABC"", ""DEF""}));
		System.out.println(quibble(new String[]{""ABC"", ""DEF"", ""G""}));
		System.out.println(quibble(new String[]{""ABC"", ""DEF"", ""G"", ""H""}));
	}
}
"
10779,Gaussian elimination,"import java.util.Locale;

public class GaussianElimination {
    public static double solve(double[][] a, double[][] b) {
        if (a == null || b == null || a.length == 0 || b.length == 0) {
            throw new IllegalArgumentException(""Invalid dimensions"");
        }
        
        int n = b.length, p = b[0].length;
        if (a.length != n || a[0].length != n) {
            throw new IllegalArgumentException(""Invalid dimensions"");
        }

        double det = 1.0;
        
        for (int i = 0; i < n - 1; i++) {
            int k = i;
            for (int j = i + 1; j < n; j++) {
                if (Math.abs(a[j][i]) > Math.abs(a[k][i])) {
                    k = j;
                }
            }
            
            if (k != i) {
                det = -det;
                
                for (int j = i; j < n; j++) {
                    double s = a[i][j];
                    a[i][j] = a[k][j];
                    a[k][j] = s;
                }

                for (int j = 0; j < p; j++) {
                    double s = b[i][j];
                    b[i][j] = b[k][j];
                    b[k][j] = s;
                }
            }
            
            for (int j = i + 1; j < n; j++) {
                double s = a[j][i] / a[i][i];
                for (k = i + 1; k < n; k++) {
                    a[j][k] -= s * a[i][k];
                }
                
                for (k = 0; k < p; k++) {
                    b[j][k] -= s * b[i][k];
                }
            }
        }
        
        for (int i = n - 1; i >= 0; i--) {
            for (int j = i + 1; j < n; j++) {
                double s = a[i][j];
                for (int k = 0; k < p; k++) {
                    b[i][k] -= s * b[j][k];
                }
            }
            double s = a[i][i];
            det *= s;
            for (int k = 0; k < p; k++) {
                b[i][k] /= s;
            }
        }
        
        return det;
    }
    
    public static void main(String[] args) {
        double[][] a = new double[][] {{4.0, 1.0, 0.0, 0.0, 0.0},
                                       {1.0, 4.0, 1.0, 0.0, 0.0},
                                       {0.0, 1.0, 4.0, 1.0, 0.0},
                                       {0.0, 0.0, 1.0, 4.0, 1.0},
                                       {0.0, 0.0, 0.0, 1.0, 4.0}};

        double[][] b = new double[][] {{1.0 / 2.0},
                                       {2.0 / 3.0},
                                       {3.0 / 4.0},
                                       {4.0 / 5.0},
                                       {5.0 / 6.0}};
                                       
        double[] x = {39.0 / 400.0,
                      11.0 / 100.0,
                      31.0 / 240.0,
                      37.0 / 300.0,
                      71.0 / 400.0};
                                       
        System.out.println(""det: "" + solve(a, b));
        

        for (int i = 0; i < 5; i++) {
            System.out.printf(Locale.US, ""%12.8f %12.4e\n"", b[i][0], b[i][0] - x[i]);
        }
    }
}
"
10836,ISBN13 check digit,"public static void main(){
        System.out.println(isISBN13(""978-1734314502""));
        System.out.println(isISBN13(""978-1734314509""));
        System.out.println(isISBN13(""978-1788399081""));
        System.out.println(isISBN13(""978-1788399083""));
    }
public static boolean isISBN13(String in){
        int pre = Integer.parseInt(in.substring(0,3));
        if (pre!=978)return false;
        String postStr = in.substring(4);
        if (postStr.length()!=10)return false;
        int post = Integer.parseInt(postStr);
        int sum = 38;
        for(int x = 0; x<10;x+=2)
        sum += (postStr.charAt(x)-48)*3 + ((postStr.charAt(x+1)-48));
        if(sum%10==0) return true;
        return false;
    }
"
10885,Thue-Morse,"public class ThueMorse {

    public static void main(String[] args) {
        sequence(6);
    }

    public static void sequence(int steps) {
        StringBuilder sb1 = new StringBuilder(""0"");
        StringBuilder sb2 = new StringBuilder(""1"");
        for (int i = 0; i < steps; i++) {
            String tmp = sb1.toString();
            sb1.append(sb2);
            sb2.append(tmp);
        }
        System.out.println(sb1);
    }
}
"
10951,Dot product,"public class DotProduct {
	
	public static void main(String[] args) {
		double[] a = {1, 3, -5};
		double[] b = {4, -2, -1};
		
		System.out.println(dotProd(a,b));
	}
	
	public static double dotProd(double[] a, double[] b){
		if(a.length != b.length){
			throw new IllegalArgumentException(""The dimensions have to be equal!"");
		}
		double sum = 0;
		for(int i = 0; i < a.length; i++){
			sum += a[i] * b[i];
		}
		return sum;
	}
}
"
11006,Topological sort,"import java.util.*;

public class TopologicalSort {

    public static void main(String[] args) {
        String s = ""std, ieee, des_system_lib, dw01, dw02, dw03, dw04, dw05,""
                + ""dw06, dw07, dware, gtech, ramlib, std_cell_lib, synopsys"";

        Graph g = new Graph(s, new int[][]{
            {2, 0}, {2, 14}, {2, 13}, {2, 4}, {2, 3}, {2, 12}, {2, 1},
            {3, 1}, {3, 10}, {3, 11},
            {4, 1}, {4, 10},
            {5, 0}, {5, 14}, {5, 10}, {5, 4}, {5, 3}, {5, 1}, {5, 11},
            {6, 1}, {6, 3}, {6, 10}, {6, 11},
            {7, 1}, {7, 10},
            {8, 1}, {8, 10},
            {9, 1}, {9, 10},
            {10, 1},
            {11, 1},
            {12, 0}, {12, 1},
            {13, 1}
        });

        System.out.println(""Topologically sorted order: "");
        System.out.println(g.topoSort());
    }
}

class Graph {
    String[] vertices;
    boolean[][] adjacency;
    int numVertices;

    public Graph(String s, int[][] edges) {
        vertices = s.split("","");
        numVertices = vertices.length;
        adjacency = new boolean[numVertices][numVertices];

        for (int[] edge : edges)
            adjacency[edge[0]][edge[1]] = true;
    }

    List<String> topoSort() {
        List<String> result = new ArrayList<>();
        List<Integer> todo = new LinkedList<>();

        for (int i = 0; i < numVertices; i++)
            todo.add(i);

        try {
            outer:
            while (!todo.isEmpty()) {
                for (Integer r : todo) {
                    if (!hasDependency(r, todo)) {
                        todo.remove(r);
                        result.add(vertices[r]);
                         
                        continue outer;
                    }
                }
                throw new Exception(""Graph has cycles"");
            }
        } catch (Exception e) {
            System.out.println(e);
            return null;
        }
        return result;
    }

    boolean hasDependency(Integer r, List<Integer> todo) {
        for (Integer c : todo) {
            if (adjacency[r][c])
                return true;
        }
        return false;
    }
}
"
11029,SEDOLs,"import java.util.Scanner;

public class SEDOL{
	public static void main(String[] args){
		Scanner sc = new Scanner(System.in);
		while(sc.hasNext()){
			String sedol = sc.next();
			System.out.println(sedol + getSedolCheckDigit(sedol));
		}
	}
	
	private static final int[] mult = {1, 3, 1, 7, 3, 9};
	
	public static int getSedolCheckDigit(String str){
	    if(!validateSedol(str)){
	    	System.err.println(""SEDOL strings must contain six characters with no vowels."");
	    	return -1;
	    }
	    str = str.toUpperCase();
	    int total = 0;
	    for(int i = 0;i < 6; i++){
	        char s = str.charAt(i);
	        total += Character.digit(s, 36) * mult[i];
	    }
	    return (10 - (total % 10)) % 10;
	}

	public static boolean validateSedol(String str){
		return (str.length() == 6) && !str.toUpperCase().matches("".*?[AEIOU].*?"");
	}
}
"
11098,Miller–Rabin primality test,"import java.math.BigInteger;

public class MillerRabinPrimalityTest {
  public static void main(String[] args) {
    BigInteger n = new BigInteger(args[0]);
    int certainty = Integer.parseInt(args[1]);
    System.out.println(n.toString() + "" is "" + (n.isProbablePrime(certainty) ? ""probably prime"" : ""composite""));
  }
}
"
11117,Loops_Wrong ranges,"import java.util.ArrayList;
import java.util.List;

public class LoopsWrongRanges {

    public static void main(String[] args) {
        runTest(new LoopTest(-2, 2, 1, ""Normal""));
        runTest(new LoopTest(-2, 2, 0, ""Zero increment""));
        runTest(new LoopTest(-2, 2, -1, ""Increments away from stop value""));
        runTest(new LoopTest(-2, 2, 10, ""First increment is beyond stop value""));
        runTest(new LoopTest(2, -2, 1, ""Start more than stop: positive increment""));
        runTest(new LoopTest(2, 2, 1, ""Start equal stop: positive increment""));
        runTest(new LoopTest(2, 2, -1, ""Start equal stop: negative increment""));
        runTest(new LoopTest(2, 2, 0, ""Start equal stop: zero increment""));
        runTest(new LoopTest(0, 0, 0, ""Start equal stop equal zero: zero increment""));
    }
    
    private static void runTest(LoopTest loopTest) {
        List<Integer> values = new ArrayList<>();
        for (int i = loopTest.start ; i <= loopTest.stop ; i += loopTest.increment ) {
            values.add(i);
            if ( values.size() >= 10 ) {
                break;
            }
        }
        System.out.printf(""%-45s %s%s%n"", loopTest.comment, values, values.size()==10 ? "" (loops forever)"" : """");
    }
    
    private static class LoopTest {
        int start;
        int stop;
        int increment;
        String comment;
        public LoopTest(int start, int stop, int increment, String comment) {
            this.start = start;
            this.stop = stop;
            this.increment = increment;
            this.comment = comment;
        }
    }

}
"
11157,Equilibrium index,"public class Equlibrium {
	public static void main(String[] args) {
		int[] sequence = {-7, 1, 5, 2, -4, 3, 0};
		equlibrium_indices(sequence);
	}

	public static void equlibrium_indices(int[] sequence){
		
		int totalSum = 0;
		for (int n : sequence) {
			totalSum += n;
		}
		
		int runningSum = 0;
		for (int i = 0; i < sequence.length; i++) {
			int n = sequence[i];
			if (totalSum - runningSum - n == runningSum) {
				System.out.println(i);
			}
			runningSum += n;
		}
	}
}
"
11209,Multisplit,"import java.util.*;

public class MultiSplit {

    public static void main(String[] args) {
        System.out.println(""Regex split:"");
        System.out.println(Arrays.toString(""a!===b=!=c"".split(""==|!=|="")));

        System.out.println(""\nManual split:"");
        for (String s : multiSplit(""a!===b=!=c"", new String[]{""=="", ""!="", ""=""}))
            System.out.printf(""\""%s\"" "", s);
    }

    static List<String> multiSplit(String txt, String[] separators) {
        List<String> result = new ArrayList<>();
        int txtLen = txt.length(), from = 0;

        for (int to = 0; to < txtLen; to++) {
            for (String sep : separators) {
                int sepLen = sep.length();
                if (txt.regionMatches(to, sep, 0, sepLen)) {
                    result.add(txt.substring(from, to));
                    from = to + sepLen;
                    to = from - 1; 
                    break;
                }
            }
        }
        if (from < txtLen)
            result.add(txt.substring(from));
        return result;
    }
}
"
11259,Archimedean spiral,"import java.awt.*;
import static java.lang.Math.*;
import javax.swing.*;

public class ArchimedeanSpiral extends JPanel {

    public ArchimedeanSpiral() {
        setPreferredSize(new Dimension(640, 640));
        setBackground(Color.white);
    }

    void drawGrid(Graphics2D g) {
        g.setColor(new Color(0xEEEEEE));
        g.setStroke(new BasicStroke(2));

        double angle = toRadians(45);

        int w = getWidth();
        int center = w / 2;
        int margin = 10;
        int numRings = 8;

        int spacing = (w - 2 * margin) / (numRings * 2);

        for (int i = 0; i < numRings; i++) {
            int pos = margin + i * spacing;
            int size = w - (2 * margin + i * 2 * spacing);
            g.drawOval(pos, pos, size, size);

            double ia = i * angle;
            int x2 = center + (int) (cos(ia) * (w - 2 * margin) / 2);
            int y2 = center - (int) (sin(ia) * (w - 2 * margin) / 2);

            g.drawLine(center, center, x2, y2);
        }
    }

    void drawSpiral(Graphics2D g) {
        g.setStroke(new BasicStroke(2));
        g.setColor(Color.orange);

        double degrees = toRadians(0.1);
        double center = getWidth() / 2;
        double end = 360 * 2 * 10 * degrees;
        double a = 0;
        double b = 20;
        double c = 1;

        for (double theta = 0; theta < end; theta += degrees) {
            double r = a + b * pow(theta, 1 / c);
            double x = r * cos(theta);
            double y = r * sin(theta);
            plot(g, (int) (center + x), (int) (center - y));
        }
    }

    void plot(Graphics2D g, int x, int y) {
        g.drawOval(x, y, 1, 1);
    }

    @Override
    public void paintComponent(Graphics gg) {
        super.paintComponent(gg);
        Graphics2D g = (Graphics2D) gg;
        g.setRenderingHint(RenderingHints.KEY_ANTIALIASING,
                RenderingHints.VALUE_ANTIALIAS_ON);

        drawGrid(g);
        drawSpiral(g);
    }

    public static void main(String[] args) {
        SwingUtilities.invokeLater(() -> {
            JFrame f = new JFrame();
            f.setDefaultCloseOperation(JFrame.EXIT_ON_CLOSE);
            f.setTitle(""Archimedean Spiral"");
            f.setResizable(false);
            f.add(new ArchimedeanSpiral(), BorderLayout.CENTER);
            f.pack();
            f.setLocationRelativeTo(null);
            f.setVisible(true);
        });
    }
}
"
11302,Forest fire,"import java.util.Arrays;
import java.util.LinkedList;
import java.util.List;

public class Fire {
	private static final char BURNING = 'w'; 
	private static final char TREE = 'T';
	private static final char EMPTY = '.';
	private static final double F = 0.2;
	private static final double P = 0.4;
	private static final double TREE_PROB = 0.5;
	
	private static List<String> process(List<String> land){
		List<String> newLand = new LinkedList<String>();
		for(int i = 0; i < land.size(); i++){
			String rowAbove, thisRow = land.get(i), rowBelow;
			if(i == 0){
				rowAbove = null;
				rowBelow = land.get(i + 1);
			}else if(i == land.size() - 1){
				rowBelow = null;
				rowAbove = land.get(i - 1);
			}else{
				rowBelow = land.get(i + 1);
				rowAbove = land.get(i - 1);
			}
			newLand.add(processRows(rowAbove, thisRow, rowBelow));
		}
		return newLand;
	}

	private static String processRows(String rowAbove, String thisRow,
			String rowBelow){
		String newRow = """";
		for(int i = 0; i < thisRow.length();i++){
			switch(thisRow.charAt(i)){
			case BURNING:
				newRow+= EMPTY;
				break;
			case EMPTY:
				newRow+= Math.random() < P ? TREE : EMPTY;
				break;
			case TREE:
				String neighbors = """";
				if(i == 0){
					neighbors+= rowAbove == null ? """" : rowAbove.substring(i, i + 2);
					neighbors+= thisRow.charAt(i + 1);
					neighbors+= rowBelow == null ? """" : rowBelow.substring(i, i + 2);
					if(neighbors.contains(Character.toString(BURNING))){
						newRow+= BURNING;
						break;
					}
				}else if(i == thisRow.length() - 1){
					neighbors+= rowAbove == null ? """" : rowAbove.substring(i - 1, i + 1);
					neighbors+= thisRow.charAt(i - 1);
					neighbors+= rowBelow == null ? """" : rowBelow.substring(i - 1, i + 1);
					if(neighbors.contains(Character.toString(BURNING))){
						newRow+= BURNING;
						break;
					}
				}else{
					neighbors+= rowAbove == null ? """" : rowAbove.substring(i - 1, i + 2);
					neighbors+= thisRow.charAt(i + 1);
					neighbors+= thisRow.charAt(i - 1);
					neighbors+= rowBelow == null ? """" : rowBelow.substring(i - 1, i + 2);
					if(neighbors.contains(Character.toString(BURNING))){
						newRow+= BURNING;
						break;
					}
				}
				newRow+= Math.random() < F ? BURNING : TREE;
			}
		}
		return newRow;
	}
	
	public static List<String> populate(int width, int height){
		List<String> land = new LinkedList<String>();
		for(;height > 0; height--){
			StringBuilder line = new StringBuilder(width);
			for(int i = width; i > 0; i--){
				line.append((Math.random() < TREE_PROB) ? TREE : EMPTY);
			}
			land.add(line.toString());
		}
		return land;
	}
	
	
	public static void processN(List<String> land, int n){
		for(int i = 0;i < n; i++){
			land = process(land);
		}
	}
	
	
	public static void processNPrint(List<String> land, int n){
		for(int i = 0;i < n; i++){
			land = process(land);
			print(land);
		}
	}
	
	
	public static void print(List<String> land){
		for(String row: land){
			System.out.println(row);
		}
		System.out.println();
	}
	
	public static void main(String[] args){
		List<String> land = Arrays.asList("".TTT.T.T.TTTT.T"",
				""T.T.T.TT..T.T.."",
				""TT.TTTT...T.TT."",
				""TTT..TTTTT.T..T"",
				"".T.TTT....TT.TT"",
				""...T..TTT.TT.T."",
				"".TT.TT...TT..TT"",
				"".TT.T.T..T.T.T."",
				""..TTT.TT.T..T.."",
				"".T....T.....TTT"",
				""T..TTT..T..T..."",
				""TTT....TTTTTT.T"",
				""......TwTTT...T"",
				""..T....TTTTTTTT"",
				"".T.T.T....TT..."");
		print(land);
		processNPrint(land, 10);
		
		System.out.println(""Random land test:"");
		
		land = populate(10, 10);
		print(land);
		processNPrint(land, 10);
	}
}
"
11336,Word wrap,"package rosettacode;

import java.util.StringTokenizer;

public class WordWrap 
{
    int defaultLineWidth=80;
    int defaultSpaceWidth=1;
    void minNumLinesWrap(String text)
    {
        minNumLinesWrap(text,defaultLineWidth);
    }
    void minNumLinesWrap(String text,int LineWidth)
    {
        StringTokenizer st=new StringTokenizer(text);
        int SpaceLeft=LineWidth;
        int SpaceWidth=defaultSpaceWidth;
        while(st.hasMoreTokens())
        {
            String word=st.nextToken();
            if((word.length()+SpaceWidth)>SpaceLeft)
            {
                System.out.print(""\n""+word+"" "");
                SpaceLeft=LineWidth-word.length();
            }
            else
            {
                System.out.print(word+"" "");
                SpaceLeft-=(word.length()+SpaceWidth);
            }
        }
    }
    public static void main(String[] args)
    {
        WordWrap now=new WordWrap();
        String wodehouse=""Old Mr MacFarland (_said Henry_) started the place fifteen years ago. He was a widower with one son and what you might call half a daughter. That's to say, he had adopted her. Katie was her name, and she was the child of a dead friend of his. The son's name was Andy. A little freckled nipper he was when I first knew him--one of those silent kids that don't say much and have as much obstinacy in them as if they were mules. Many's the time, in them days, I've clumped him on the head and told him to do something; and he didn't run yelling to his pa, same as most kids would have done, but just said nothing and went on not doing whatever it was I had told him to do. That was the sort of disposition Andy had, and it grew on him. Why, when he came back from Oxford College the time the old man sent for him--what I'm going to tell you about soon--he had a jaw on him like the ram of a battleship. Katie was the kid for my money. I liked Katie. We all liked Katie."";
        System.out.println(""DEFAULT:"");
        now.minNumLinesWrap(wodehouse);
        System.out.println(""\n\nLINEWIDTH=120"");
        now.minNumLinesWrap(wodehouse,120);
    }

}
"
11406,Sort a list of object identifiers,"package com.rosettacode;

import java.util.Comparator;
import java.util.stream.Stream;

public class OIDListSorting {

    public static void main(String[] args) {

        final String dot = ""\\."";

        final Comparator<String> oids_comparator = (o1, o2) -> {
            final String[] o1Numbers = o1.split(dot), o2Numbers = o2.split(dot);
            for (int i = 0; ; i++) {
                if (i == o1Numbers.length && i == o2Numbers.length)
                    return 0;
                if (i == o1Numbers.length)
                    return -1;
                if (i == o2Numbers.length)
                    return 1;
                final int nextO1Number = Integer.valueOf(o1Numbers[i]), nextO2Number = Integer.valueOf(o2Numbers[i]);
                final int result = Integer.compare(nextO1Number, nextO2Number);
                if (result != 0)
                    return result;
            }
        };

        Stream.of(""1.3.6.1.4.1.11.2.17.19.3.4.0.10"", ""1.3.6.1.4.1.11.2.17.5.2.0.79"", ""1.3.6.1.4.1.11.2.17.19.3.4.0.4"",
                  ""1.3.6.1.4.1.11150.3.4.0.1"", ""1.3.6.1.4.1.11.2.17.19.3.4.0.1"", ""1.3.6.1.4.1.11150.3.4.0"")
                .sorted(oids_comparator)
                .forEach(System.out::println);
    }
}
"
11430,Evolutionary algorithm,"import java.util.Random;

public class EvoAlgo {
  static final String target = ""METHINKS IT IS LIKE A WEASEL"";
  static final char[] possibilities = ""ABCDEFGHIJKLMNOPQRSTUVWXYZ "".toCharArray();
  static int C = 100; 
  static double minMutateRate = 0.09;
  static int perfectFitness = target.length();
  private static String parent;
  static Random rand = new Random();

  private static int fitness(String trial){
    int retVal = 0;
    for(int i = 0;i < trial.length(); i++){
      if (trial.charAt(i) == target.charAt(i)) retVal++;
    }
    return retVal;
  }

  private static double newMutateRate(){
    return (((double)perfectFitness - fitness(parent)) / perfectFitness * (1 - minMutateRate));
  }

  private static String mutate(String parent, double rate){
    String retVal = """";
    for(int i = 0;i < parent.length(); i++){
      retVal += (rand.nextDouble() <= rate) ?
        possibilities[rand.nextInt(possibilities.length)]:
        parent.charAt(i);
    }
    return retVal;
  }
  
  public static void main(String[] args){
    parent = mutate(target, 1);
    int iter = 0;
    while(!target.equals(parent)){
      double rate = newMutateRate();
      iter++;
      if(iter % 100 == 0){
        System.out.println(iter +"": ""+parent+ "", fitness: ""+fitness(parent)+"", rate: ""+rate);
      }
      String bestSpawn = null;
      int bestFit = 0;
      for(int i = 0; i < C; i++){
        String spawn = mutate(parent, rate);
        int fitness = fitness(spawn);
        if(fitness > bestFit){
          bestSpawn = spawn;
          bestFit = fitness;
        }
      }
      parent = bestFit > fitness(parent) ? bestSpawn : parent;
    }
    System.out.println(parent+"", ""+iter);
  }

}
"
11493,Active object,"
public class Integrator {

    public interface Function {
        double apply(double timeSinceStartInSeconds);
    }

    private final long start;
    private volatile boolean running;

    private Function func;
    private double t0;
    private double v0;
    private double sum;

    public Integrator(Function func) {
        this.start = System.nanoTime();
        setFunc(func);
        new Thread(this::integrate).start();
    }

    public void setFunc(Function func) {
        this.func = func;
        v0 = func.apply(0.0);
        t0 = 0;
    }

    public double getOutput() {
        return sum;
    }

    public void stop() {
        running = false;
    }

    private void integrate() {
        running = true;
        while (running) {
            try {
                Thread.sleep(1);
                update();
            } catch (InterruptedException e) {
                return;
            }
        }
    }

    private void update() {
        double t1 = (System.nanoTime() - start) / 1.0e9;
        double v1 = func.apply(t1);
        double rect = (t1 - t0) * (v0 + v1) / 2;
        this.sum += rect;
        t0 = t1;
        v0 = v1;
    }

    public static void main(String[] args) throws InterruptedException {
        Integrator integrator = new Integrator(t -> Math.sin(Math.PI * t));
        Thread.sleep(2000);

        integrator.setFunc(t -> 0.0);
        Thread.sleep(500);

        integrator.stop();
        System.out.println(integrator.getOutput());
    }
}
"
11517,"Sailors, coconuts and a monkey problem","public class Test {

    static boolean valid(int n, int nuts) {
        for (int k = n; k != 0; k--, nuts -= 1 + nuts / n)
            if (nuts % n != 1)
                return false;
        return nuts != 0 && (nuts % n == 0);
    }

    public static void main(String[] args) {
        int x = 0;
        for (int n = 2; n < 10; n++) {
            while (!valid(n, x))
                x++;
            System.out.printf(""%d: %d%n"", n, x);
        }
    }
}
"
11560,Numerical integration_Gauss-Legendre Quadrature,"import static java.lang.Math.*;
import java.util.function.Function;

public class Test {
    final static int N = 5;

    static double[] lroots = new double[N];
    static double[] weight = new double[N];
    static double[][] lcoef = new double[N + 1][N + 1];

    static void legeCoef() {
        lcoef[0][0] = lcoef[1][1] = 1;

        for (int n = 2; n <= N; n++) {

            lcoef[n][0] = -(n - 1) * lcoef[n - 2][0] / n;

            for (int i = 1; i <= n; i++) {
                lcoef[n][i] = ((2 * n - 1) * lcoef[n - 1][i - 1]
                        - (n - 1) * lcoef[n - 2][i]) / n;
            }
        }
    }

    static double legeEval(int n, double x) {
        double s = lcoef[n][n];
        for (int i = n; i > 0; i--)
            s = s * x + lcoef[n][i - 1];
        return s;
    }

    static double legeDiff(int n, double x) {
        return n * (x * legeEval(n, x) - legeEval(n - 1, x)) / (x * x - 1);
    }

    static void legeRoots() {
        double x, x1;
        for (int i = 1; i <= N; i++) {
            x = cos(PI * (i - 0.25) / (N + 0.5));
            do {
                x1 = x;
                x -= legeEval(N, x) / legeDiff(N, x);
            } while (x != x1);

            lroots[i - 1] = x;

            x1 = legeDiff(N, x);
            weight[i - 1] = 2 / ((1 - x * x) * x1 * x1);
        }
    }

    static double legeInte(Function<Double, Double> f, double a, double b) {
        double c1 = (b - a) / 2, c2 = (b + a) / 2, sum = 0;
        for (int i = 0; i < N; i++)
            sum += weight[i] * f.apply(c1 * lroots[i] + c2);
        return c1 * sum;
    }

    public static void main(String[] args) {
        legeCoef();
        legeRoots();

        System.out.print(""Roots: "");
        for (int i = 0; i < N; i++)
            System.out.printf("" %f"", lroots[i]);

        System.out.print(""\nWeight:"");
        for (int i = 0; i < N; i++)
            System.out.printf("" %f"", weight[i]);

        System.out.printf(""%nintegrating Exp(x) over [-3, 3]:%n\t%10.8f,%n""
                + ""compared to actual%n\t%10.8f%n"",
                legeInte(x -> exp(x), -3, 3), exp(3) - exp(-3));
    }
}
"
11577,Cholesky decomposition,"import java.util.Arrays;

public class Cholesky {
	public static double[][] chol(double[][] a){
		int m = a.length;
		double[][] l = new double[m][m]; 
		for(int i = 0; i< m;i++){
			for(int k = 0; k < (i+1); k++){
				double sum = 0;
				for(int j = 0; j < k; j++){
					sum += l[i][j] * l[k][j];
				}
				l[i][k] = (i == k) ? Math.sqrt(a[i][i] - sum) :
					(1.0 / l[k][k] * (a[i][k] - sum));
			}
		}
		return l;
	}
	
	public static void main(String[] args){
		double[][] test1 = {{25, 15, -5},
							{15, 18, 0},
							{-5, 0, 11}};
		System.out.println(Arrays.deepToString(chol(test1)));
		double[][] test2 = {{18, 22, 54, 42},
							{22, 70, 86, 62},
							{54, 86, 174, 134},
							{42, 62, 134, 106}};
		System.out.println(Arrays.deepToString(chol(test2)));
	}
}
"
11603,Nonoblock,"import java.util.*;
import static java.util.Arrays.stream;
import static java.util.stream.Collectors.toList;

public class Nonoblock {

    public static void main(String[] args) {
        printBlock(""21"", 5);
        printBlock("""", 5);
        printBlock(""8"", 10);
        printBlock(""2323"", 15);
        printBlock(""23"", 5);
    }

    static void printBlock(String data, int len) {
        int sumChars = data.chars().map(c -> Character.digit(c, 10)).sum();
        String[] a = data.split("""");

        System.out.printf(""%nblocks %s, cells %s%n"", Arrays.toString(a), len);
        if (len - sumChars <= 0) {
            System.out.println(""No solution"");
            return;
        }

        List<String> prep = stream(a).filter(x -> !"""".equals(x))
                .map(x -> repeat(Character.digit(x.charAt(0), 10), ""1""))
                .collect(toList());

        for (String r : genSequence(prep, len - sumChars + 1))
            System.out.println(r.substring(1));
    }

    
    static List<String> genSequence(List<String> ones, int numZeros) {
        if (ones.isEmpty())
            return Arrays.asList(repeat(numZeros, ""0""));

        List<String> result = new ArrayList<>();
        for (int x = 1; x < numZeros - ones.size() + 2; x++) {
            List<String> skipOne = ones.stream().skip(1).collect(toList());
            for (String tail : genSequence(skipOne, numZeros - x))
                result.add(repeat(x, ""0"") + ones.get(0) + tail);
        }
        return result;
    }

    static String repeat(int n, String s) {
        StringBuilder sb = new StringBuilder();
        for (int i = 0; i < n; i++)
            sb.append(s);
        return sb.toString();
    }
}
"
11632,Kolakoski sequence,"import java.util.Arrays;

public class Kolakoski {
    private static class Crutch {
        final int len;
        int[] s;
        int i;

        Crutch(int len) {
            this.len = len;
            s = new int[len];
            i = 0;
        }

        void repeat(int count) {
            for (int j = 0; j < count; j++) {
                if (++i == len) return;
                s[i] = s[i - 1];
            }
        }
    }

    private static int nextInCycle(final int[] self, int index) {
        return self[index % self.length];
    }

    private static int[] kolakoski(final int[] self, int len) {
        Crutch c = new Crutch(len);

        int k = 0;
        while (c.i < len) {
            c.s[c.i] = nextInCycle(self, k);
            if (c.s[k] > 1) {
                c.repeat(c.s[k] - 1);
            }
            if (++c.i == len) return c.s;
            k++;
        }
        return c.s;
    }

    private static boolean possibleKolakoski(final int[] self) {
        int[] rle = new int[self.length];
        int prev = self[0];
        int count = 1;
        int pos = 0;
        for (int i = 1; i < self.length; i++) {
            if (self[i] == prev) {
                count++;
            } else {
                rle[pos++] = count;
                count = 1;
                prev = self[i];
            }
        }
        
        for (int i = 0; i < pos; i++) {
            if (rle[i] != self[i]) {
                return false;
            }
        }
        return true;
    }

    public static void main(String[] args) {
        int[][] ias = new int[][]{
            new int[]{1, 2},
            new int[]{2, 1},
            new int[]{1, 3, 1, 2},
            new int[]{1, 3, 2, 1}
        };
        int[] lens = new int[]{20, 20, 30, 30};

        for (int i=0; i<ias.length; i++) {
            int len = lens[i];
            int[] kol = kolakoski(ias[i], len);

            System.out.printf(""First %d members of the sequence generated by %s: \n"", len, Arrays.toString(ias[i]));
            System.out.printf(""%s\n"", Arrays.toString(kol));
            System.out.printf(""Possible Kolakoski sequence? %s\n\n"", possibleKolakoski(kol));
        }
    }
}
"
11655,Balanced brackets,"module BalancedBrackets
    {
    Boolean balanced(String text)
        {
        Int depth = 0;
        for (Char ch : text)
            {
            switch (ch, depth)
                {
                case ('[', _):
                    ++depth;
                    break;
                case (']', 0):
                    return False;
                case (']', _):
                    --depth;
                    break;
                }
            }
        return depth==0;
        }

    @Inject Console console;
    void run()
        {
        String[] tests =
            [
            ""[]"",
            ""[][]"",
            ""[]][[]"",
            ""[[[]][]]"",
            ""][[[[]][]]"",
            ""[[[]][[]][]]"",
            ""]][[]][[[[][]]"",
            ""[[]]]][]][[][[[]"",
            ];
        Int longest = tests.map(s -> s.size).reduce(0, (max, len) -> max.maxOf(len));
        for (String test : tests)
            {
            console.print($""{test}{' ' * (longest-test.size)} {balanced(test) ? ""OK"" : ""NOT OK""}"");
            }
        }
    }
"
11706,Department numbers,"public class DepartmentNumbers {
    public static void main(String[] args) {
        System.out.println(""Police  Sanitation  Fire"");
        System.out.println(""------  ----------  ----"");
        int count = 0;
        for (int i = 2; i <= 6; i += 2) {
            for (int j = 1; j <= 7; ++j) {
                if (j == i) continue;
                for (int k = 1; k <= 7; ++k) {
                    if (k == i || k == j) continue;
                    if (i + j + k != 12) continue;
                    System.out.printf(""  %d         %d         %d\n"", i, j, k);
                    count++;
                }
            }
        }
        System.out.printf(""\n%d valid combinations"", count);
    }
}
"
11731,Trigonometric functions,"public class Trig {
        public static void main(String[] args) {
                
                double radians = Math.PI / 4;
                double degrees = 45.0;
                
                System.out.println(Math.sin(radians) + "" "" + Math.sin(Math.toRadians(degrees)));
                
                System.out.println(Math.cos(radians) + "" "" + Math.cos(Math.toRadians(degrees)));
                
                System.out.println(Math.tan(radians) + "" "" + Math.tan(Math.toRadians(degrees)));
                
                double arcsin = Math.asin(Math.sin(radians));
                System.out.println(arcsin + "" "" + Math.toDegrees(arcsin));
                
                double arccos = Math.acos(Math.cos(radians));
                System.out.println(arccos + "" "" + Math.toDegrees(arccos));
                
                double arctan = Math.atan(Math.tan(radians));
                System.out.println(arctan + "" "" + Math.toDegrees(arctan));
        }
}
"
11764,Text between,"public class textBetween
{
    
    static String textBetween(String thisText, String startString, String endString)
    {
    	String returnText = """";
    	int startIndex = 0;
    	int endIndex = 0;
    	
    	if (startString.equals(""start""))
    	{
    		startIndex = 0;
    	} else {
	    	startIndex = thisText.indexOf(startString);
	    	
	    	if (startIndex < 0) 
	        {
	        	return """";	        	
	        } else {
	        	startIndex = startIndex + startString.length();
	        }
    	}
        
    	if (endString.equals(""end""))
    	{
    		endIndex = thisText.length();
    	} else {
    		endIndex = thisText.indexOf(endString);
            
            if (endIndex <= 0) 
            {
            	return """";
            } else {

            }	
    	}
    	
    	returnText = thisText.substring(startIndex,endIndex);
    	
    	return returnText;
    } 

    
    public static void main(String[] args)
    {
    	String thisText = args[0];
    	String startDelimiter = args[1];
    	String endDelimiter = args[2];
    	
    	String returnText = """";
    	returnText = textBetween(thisText, startDelimiter, endDelimiter);
    	
        System.out.println(returnText);

    } 
    
} 
"
11786,4-rings or 4-squares puzzle,"import java.util.Arrays;

public class FourSquares {
    public static void main(String[] args) {
        fourSquare(1, 7, true, true);
        fourSquare(3, 9, true, true);
        fourSquare(0, 9, false, false);
    }

    private static void fourSquare(int low, int high, boolean unique, boolean print) {
        int count = 0;

        if (print) {
            System.out.println(""a b c d e f g"");
        }
        for (int a = low; a <= high; ++a) {
            for (int b = low; b <= high; ++b) {
                if (notValid(unique, a, b)) continue;

                int fp = a + b;
                for (int c = low; c <= high; ++c) {
                    if (notValid(unique, c, a, b)) continue;
                    for (int d = low; d <= high; ++d) {
                        if (notValid(unique, d, a, b, c)) continue;
                        if (fp != b + c + d) continue;

                        for (int e = low; e <= high; ++e) {
                            if (notValid(unique, e, a, b, c, d)) continue;
                            for (int f = low; f <= high; ++f) {
                                if (notValid(unique, f, a, b, c, d, e)) continue;
                                if (fp != d + e + f) continue;

                                for (int g = low; g <= high; ++g) {
                                    if (notValid(unique, g, a, b, c, d, e, f)) continue;
                                    if (fp != f + g) continue;

                                    ++count;
                                    if (print) {
                                        System.out.printf(""%d %d %d %d %d %d %d%n"", a, b, c, d, e, f, g);
                                    }
                                }
                            }
                        }
                    }
                }
            }
        }
        if (unique) {
            System.out.printf(""There are %d unique solutions in [%d, %d]%n"", count, low, high);
        } else {
            System.out.printf(""There are %d non-unique solutions in [%d, %d]%n"", count, low, high);
        }
    }

    private static boolean notValid(boolean unique, int needle, int... haystack) {
        return unique && Arrays.stream(haystack).anyMatch(p -> p == needle);
    }
}
"
11831,Averages_Simple moving average,"import java.util.LinkedList;
import java.util.Queue;

public class MovingAverage {
    private final Queue<Double> window = new LinkedList<Double>();
    private final int period;
    private double sum;

    public MovingAverage(int period) {
        assert period > 0 : ""Period must be a positive integer"";
        this.period = period;
    }

    public void newNum(double num) {
        sum += num;
        window.add(num);
        if (window.size() > period) {
            sum -= window.remove();
        }
    }

    public double getAvg() {
        if (window.isEmpty()) return 0.0; 
        return sum / window.size();
    }

    public static void main(String[] args) {
        double[] testData = {1, 2, 3, 4, 5, 5, 4, 3, 2, 1};
        int[] windowSizes = {3, 5};
        for (int windSize : windowSizes) {
            MovingAverage ma = new MovingAverage(windSize);
            for (double x : testData) {
                ma.newNum(x);
                System.out.println(""Next number = "" + x + "", SMA = "" + ma.getAvg());
            }
            System.out.println();
        }
    }
}
"
11847,Canonicalize CIDR,"import java.text.MessageFormat;
import java.text.ParseException;

public class CanonicalizeCIDR {
    public static void main(String[] args) {
        for (String test : TESTS) {
            try {
                CIDR cidr = new CIDR(test);
                System.out.printf(""%-18s -> %s\n"", test, cidr.toString());
            } catch (Exception ex) {
                System.err.printf(""Error parsing '%s': %s\n"", test, ex.getLocalizedMessage());
            }
        }
    }

    private static class CIDR {
        private CIDR(int address, int maskLength) {
            this.address = address;
            this.maskLength = maskLength;
        }

        private CIDR(String str) throws Exception {
            Object[] args = new MessageFormat(FORMAT).parse(str);
            int address = 0;
            for (int i = 0; i < 4; ++i) {
                int a = ((Number)args[i]).intValue();
                if (a < 0 || a > 255)
                    throw new Exception(""Invalid IP address"");
                address <<= 8;
                address += a;
            }
            int maskLength = ((Number)args[4]).intValue();
            if (maskLength < 1 || maskLength > 32)
                throw new Exception(""Invalid mask length"");
            int mask = ~((1 << (32 - maskLength)) - 1);
            this.address = address & mask;
            this.maskLength = maskLength;
        }

        public String toString() {
            int address = this.address;
            int d = address & 0xFF;
            address >>= 8;
            int c = address & 0xFF;
            address >>= 8;
            int b = address & 0xFF;
            address >>= 8;
            int a = address & 0xFF;
            Object[] args = { a, b, c, d, maskLength };
            return new MessageFormat(FORMAT).format(args);
        }

        private int address;
        private int maskLength;
        private static final String FORMAT = ""{0,number,integer}.{1,number,integer}.{2,number,integer}.{3,number,integer}/{4,number,integer}"";
    };

    private static final String[] TESTS = {
        ""87.70.141.1/22"",
        ""36.18.154.103/12"",
        ""62.62.197.11/29"",
        ""67.137.119.181/4"",
        ""161.214.74.21/24"",
        ""184.232.176.184/18""
    };
}
"
11875,Reverse a string,"String str = 'Hello World!';
str = str.reverse();
system.debug(str);
"
11906,Maze generation,"package org.rosettacode;

import java.util.Collections;
import java.util.Arrays;


public class MazeGenerator {
	private final int x;
	private final int y;
	private final int[][] maze;

	public MazeGenerator(int x, int y) {
		this.x = x;
		this.y = y;
		maze = new int[this.x][this.y];
		generateMaze(0, 0);
	}

	public void display() {
		for (int i = 0; i < y; i++) {
			
			for (int j = 0; j < x; j++) {
				System.out.print((maze[j][i] & 1) == 0 ? ""+---"" : ""+   "");
			}
			System.out.println(""+"");
			
			for (int j = 0; j < x; j++) {
				System.out.print((maze[j][i] & 8) == 0 ? ""|   "" : ""    "");
			}
			System.out.println(""|"");
		}
		
		for (int j = 0; j < x; j++) {
			System.out.print(""+---"");
		}
		System.out.println(""+"");
	}

	private void generateMaze(int cx, int cy) {
		DIR[] dirs = DIR.values();
		Collections.shuffle(Arrays.asList(dirs));
		for (DIR dir : dirs) {
			int nx = cx + dir.dx;
			int ny = cy + dir.dy;
			if (between(nx, x) && between(ny, y)
					&& (maze[nx][ny] == 0)) {
				maze[cx][cy] |= dir.bit;
				maze[nx][ny] |= dir.opposite.bit;
				generateMaze(nx, ny);
			}
		}
	}

	private static boolean between(int v, int upper) {
		return (v >= 0) && (v < upper);
	}

	private enum DIR {
		N(1, 0, -1), S(2, 0, 1), E(4, 1, 0), W(8, -1, 0);
		private final int bit;
		private final int dx;
		private final int dy;
		private DIR opposite;

		
		static {
			N.opposite = S;
			S.opposite = N;
			E.opposite = W;
			W.opposite = E;
		}

		private DIR(int bit, int dx, int dy) {
			this.bit = bit;
			this.dx = dx;
			this.dy = dy;
		}
	};

	public static void main(String[] args) {
		int x = args.length >= 1 ? (Integer.parseInt(args[0])) : 8;
		int y = args.length == 2 ? (Integer.parseInt(args[1])) : 8;
		MazeGenerator maze = new MazeGenerator(x, y);
		maze.display();
	}

}
"
11935,Palindrome detection,"public static boolean pali(String testMe){
	StringBuilder sb = new StringBuilder(testMe);
	return testMe.equals(sb.reverse().toString());
}
"
11961,Cuban primes,"public class CubanPrimes {

    private static int MAX = 1_400_000;
    private static boolean[] primes = new boolean[MAX];
    
    public static void main(String[] args) {
        preCompute();
        cubanPrime(200, true);
        for ( int i = 1 ; i <= 5 ; i++ ) {
            int max = (int) Math.pow(10, i);
            System.out.printf(""%,d-th cuban prime = %,d%n"", max, cubanPrime(max, false));
        }
    }
    
    private static long cubanPrime(int n, boolean display) {
        int count = 0;
        long result = 0;
        for ( long i = 0 ; count < n ; i++ ) {
            long test = 1l + 3 * i * (i+1);
            if ( isPrime(test) ) {
                count++;
                result = test;
                if ( display ) {
                    System.out.printf(""%10s%s"", String.format(""%,d"", test), count % 10 == 0 ? ""\n"" : """");
                }
            }
        }
        return result;
    }
    
    private static boolean isPrime(long n) {
        if ( n < MAX ) {
            return primes[(int)n];
        }
        int max = (int) Math.sqrt(n);
        for ( int i = 3 ; i <= max ; i++ ) {
            if ( primes[i] && n % i == 0 ) {
                return false;
            }
        }
        return true;
    }

    private static final void preCompute() {
        
        for ( int i = 2 ; i < MAX ; i++ ) {
            primes[i] = true;            
        }
        for ( int i = 2 ; i < MAX ; i++ ) {
            if ( primes[i] ) {
                for ( int j = 2*i ; j < MAX ; j += i ) {
                    primes[j] = false;
                }
            }
        }
    }
}
"
11976,Bitcoin_address validation,"import java.math.BigInteger;
import java.security.MessageDigest;
import java.security.NoSuchAlgorithmException;
import java.util.Arrays;

public class BitcoinAddressValidator {

    private static final String ALPHABET = ""123456789ABCDEFGHJKLMNPQRSTUVWXYZabcdefghijkmnopqrstuvwxyz"";

    public static boolean validateBitcoinAddress(String addr) {
        if (addr.length() < 26 || addr.length() > 35)
            return false;
        byte[] decoded = decodeBase58To25Bytes(addr);
        if (decoded == null)
            return false;

        byte[] hash1 = sha256(Arrays.copyOfRange(decoded, 0, 21));
        byte[] hash2 = sha256(hash1);

        return Arrays.equals(Arrays.copyOfRange(hash2, 0, 4), Arrays.copyOfRange(decoded, 21, 25));
    }

    private static byte[] decodeBase58To25Bytes(String input) {
        BigInteger num = BigInteger.ZERO;
        for (char t : input.toCharArray()) {
            int p = ALPHABET.indexOf(t);
            if (p == -1)
                return null;
            num = num.multiply(BigInteger.valueOf(58)).add(BigInteger.valueOf(p));
        }

        byte[] result = new byte[25];
        byte[] numBytes = num.toByteArray();
        System.arraycopy(numBytes, 0, result, result.length - numBytes.length, numBytes.length);
        return result;
    }

    private static byte[] sha256(byte[] data) {
        try {
            MessageDigest md = MessageDigest.getInstance(""SHA-256"");
            md.update(data);
            return md.digest();
        } catch (NoSuchAlgorithmException e) {
            throw new IllegalStateException(e);
        }
    }

    public static void main(String[] args) {
        assertBitcoin(""1AGNa15ZQXAZUgFiqJ2i7Z2DPU2J6hW62i"", true);
        assertBitcoin(""1AGNa15ZQXAZUgFiqJ2i7Z2DPU2J6hW62j"", false);
        assertBitcoin(""1Q1pE5vPGEEMqRcVRMbtBK842Y6Pzo6nK9"", true);
        assertBitcoin(""1AGNa15ZQXAZUgFiqJ2i7Z2DPU2J6hW62X"", false);
        assertBitcoin(""1ANNa15ZQXAZUgFiqJ2i7Z2DPU2J6hW62i"", false);
        assertBitcoin(""1A Na15ZQXAZUgFiqJ2i7Z2DPU2J6hW62i"", false);
        assertBitcoin(""BZbvjr"", false);
        assertBitcoin(""i55j"", false);
        assertBitcoin(""1AGNa15ZQXAZUgFiqJ2i7Z2DPU2J6hW62!"", false);
        assertBitcoin(""1AGNa15ZQXAZUgFiqJ2i7Z2DPU2J6hW62iz"", false);
        assertBitcoin(""1AGNa15ZQXAZUgFiqJ2i7Z2DPU2J6hW62izz"", false);
        assertBitcoin(""1Q1pE5vPGEEMqRcVRMbtBK842Y6Pzo6nJ9"", false);
        assertBitcoin(""1AGNa15ZQXAZUgFiqJ2i7Z2DPU2J6hW62I"", false);
    }

    private static void assertBitcoin(String address, boolean expected) {
        boolean actual = validateBitcoinAddress(address);
        if (actual != expected)
            throw new AssertionError(String.format(""Expected %s for %s, but got %s."", expected, address, actual));
    }
}
"
12014,Harshad or Niven series,"public class Harshad{
    private static long sumDigits(long n){
        long sum = 0;
        for(char digit:Long.toString(n).toCharArray()){
            sum += Character.digit(digit, 10);
        }
        return sum;
    }
    public static void main(String[] args){
        for(int count = 0, i = 1; count < 20;i++){
            if(i % sumDigits(i) == 0){
                System.out.println(i);
                count++;
            }
        }
        System.out.println();
        for(int i = 1001; ; i++){
            if(i % sumDigits(i) == 0){
                System.out.println(i);
                break;
            }
        }
    }
}
"
12037,Loops_N plus one half,"var out = System.out
for(i in 1..10) {
  if(i > 1) out.print("", "")
  out.print(i)
}
"
12072,10001th prime,"public class NthPrime {
    public static void main(String[] args) {
        System.out.printf(""The 10,001st prime is %,d.\n"", nthPrime(10001));
    }

    private static int nthPrime(int n) {
        assert n > 0;
        PrimeGenerator primeGen = new PrimeGenerator(10000, 100000);
        int prime = primeGen.nextPrime();
        while (--n > 0)
            prime = primeGen.nextPrime();
        return prime;
    }
}
"
12096,Heronian triangles,"import java.util.ArrayList;

public class Heron {
    public static void main(String[] args) {
        ArrayList<int[]> list = new ArrayList<>();

        for (int c = 1; c <= 200; c++) {
            for (int b = 1; b <= c; b++) {
                for (int a = 1; a <= b; a++) {

                    if (gcd(gcd(a, b), c) == 1 && isHeron(heronArea(a, b, c))){
                        int area = (int) heronArea(a, b, c);
                        list.add(new int[]{a, b, c, a + b + c, area});
                    }
                }
            }
        }
        sort(list);

        System.out.printf(""Number of primitive Heronian triangles with sides up ""
                + ""to 200: %d\n\nFirst ten when ordered by increasing area, then""
                + "" perimeter:\nSides       Perimeter   Area"", list.size());

        for (int i = 0; i < 10; i++) {
            System.out.printf(""\n%d x %d x %d   %d      %d"",
                    list.get(i)[0], list.get(i)[1], list.get(i)[2],
                    list.get(i)[3], list.get(i)[4]);
        }

        System.out.printf(""\n\nArea = 210\nSides        Perimeter   Area"");
        for (int i = 0; i < list.size(); i++) {
            if (list.get(i)[4] == 210)
                System.out.printf(""\n%d x %d x %d   %d      %d"",
                        list.get(i)[0], list.get(i)[1], list.get(i)[2],
                        list.get(i)[3], list.get(i)[4]);
        }
    }

    public static double heronArea(int a, int b, int c) {
        double s = (a + b + c) / 2f;
        return Math.sqrt(s * (s - a) * (s - b) * (s - c));
    }

    public static boolean isHeron(double h) {
        return h % 1 == 0 && h > 0;
    }

    public static int gcd(int a, int b) {
        int leftover = 1, dividend = a > b ? a : b, divisor = a > b ? b : a;
        while (leftover != 0) {
            leftover = dividend % divisor;
            if (leftover > 0) {
                dividend = divisor;
                divisor = leftover;
            }
        }
        return divisor;
    }

    public static void sort(ArrayList<int[]> list) {
        boolean swapped = true;
        int[] temp;
        while (swapped) {
            swapped = false;
            for (int i = 1; i < list.size(); i++) {
                if (list.get(i)[4] < list.get(i - 1)[4] ||
                        list.get(i)[4] == list.get(i - 1)[4] &&
                        list.get(i)[3] < list.get(i - 1)[3]) {
                    temp = list.get(i);
                    list.set(i, list.get(i - 1));
                    list.set(i - 1, temp);
                    swapped = true;
                }
            }
        }
    }
}
"
12146,Circles of given radius through two points,"import java.util.Objects;

public class Circles {
    private static class Point {
        private final double x, y;

        public Point(Double x, Double y) {
            this.x = x;
            this.y = y;
        }

        public double distanceFrom(Point other) {
            double dx = x - other.x;
            double dy = y - other.y;
            return Math.sqrt(dx * dx + dy * dy);
        }

        @Override
        public boolean equals(Object other) {
            if (this == other) return true;
            if (other == null || getClass() != other.getClass()) return false;
            Point point = (Point) other;
            return x == point.x && y == point.y;
        }

        @Override
        public String toString() {
            return String.format(""(%.4f, %.4f)"", x, y);
        }
    }

    private static Point[] findCircles(Point p1, Point p2, double r) {
        if (r < 0.0) throw new IllegalArgumentException(""the radius can't be negative"");
        if (r == 0.0 && p1 != p2) throw new IllegalArgumentException(""no circles can ever be drawn"");
        if (r == 0.0) return new Point[]{p1, p1};
        if (Objects.equals(p1, p2)) throw new IllegalArgumentException(""an infinite number of circles can be drawn"");
        double distance = p1.distanceFrom(p2);
        double diameter = 2.0 * r;
        if (distance > diameter) throw new IllegalArgumentException(""the points are too far apart to draw a circle"");
        Point center = new Point((p1.x + p2.x) / 2.0, (p1.y + p2.y) / 2.0);
        if (distance == diameter) return new Point[]{center, center};
        double mirrorDistance = Math.sqrt(r * r - distance * distance / 4.0);
        double dx = (p2.x - p1.x) * mirrorDistance / distance;
        double dy = (p2.y - p1.y) * mirrorDistance / distance;
        return new Point[]{
            new Point(center.x - dy, center.y + dx),
            new Point(center.x + dy, center.y - dx)
        };
    }

    public static void main(String[] args) {
        Point[] p = new Point[]{
            new Point(0.1234, 0.9876),
            new Point(0.8765, 0.2345),
            new Point(0.0000, 2.0000),
            new Point(0.0000, 0.0000)
        };
        Point[][] points = new Point[][]{
            {p[0], p[1]},
            {p[2], p[3]},
            {p[0], p[0]},
            {p[0], p[1]},
            {p[0], p[0]},
        };
        double[] radii = new double[]{2.0, 1.0, 2.0, 0.5, 0.0};
        for (int i = 0; i < radii.length; ++i) {
            Point p1 = points[i][0];
            Point p2 = points[i][1];
            double r = radii[i];
            System.out.printf(""For points %s and %s with radius %f\n"", p1, p2, r);
            try {
                Point[] circles = findCircles(p1, p2, r);
                Point c1 = circles[0];
                Point c2 = circles[1];
                if (Objects.equals(c1, c2)) {
                    System.out.printf(""there is just one circle with center at %s\n"", c1);
                } else {
                    System.out.printf(""there are two circles with centers at %s and %s\n"", c1, c2);
                }
            } catch (IllegalArgumentException ex) {
                System.out.println(ex.getMessage());
            }
            System.out.println();
        }
    }
}
"
12190,Combinations with repetitions,"import com.objectwave.utility.*;

public class MultiCombinationsTester {

    public MultiCombinationsTester() throws CombinatoricException {
        Object[] objects = {""iced"", ""jam"", ""plain""};
        
        
        
        MultiCombinations mc = new MultiCombinations(objects, 2);
        while (mc.hasMoreElements()) {
            for (int i = 0; i < mc.nextElement().length; i++) {
                System.out.print(mc.nextElement()[i].toString() + "" "");
            }
            System.out.println();
        }

        
        System.out.println(""----------"");
        System.out.println(""The ways to choose 3 items from 10 with replacement = "" + MultiCombinations.c(10, 3));
    } 

    public static void main(String[] args) throws CombinatoricException {
        new MultiCombinationsTester();
    }
} 
"
12230,Elementary cellular automaton,"import java.awt.*;
import java.awt.event.ActionEvent;
import javax.swing.*;
import javax.swing.Timer;

public class WolframCA extends JPanel {
    final int[] ruleSet = {30, 45, 50, 57, 62, 70, 73, 75, 86, 89, 90, 99,
        101, 105, 109, 110, 124, 129, 133, 135, 137, 139, 141, 164,170, 232};
    byte[][] cells;
    int rule = 0;

    public WolframCA() {
        Dimension dim = new Dimension(900, 450);
        setPreferredSize(dim);
        setBackground(Color.white);
        setFont(new Font(""SansSerif"", Font.BOLD, 28));

        cells = new byte[dim.height][dim.width];
        cells[0][dim.width / 2] = 1;

        new Timer(5000, (ActionEvent e) -> {
            rule++;
            if (rule == ruleSet.length)
                rule = 0;
            repaint();
        }).start();
    }

    private byte rules(int lhs, int mid, int rhs) {
        int idx = (lhs << 2 | mid << 1 | rhs);
        return (byte) (ruleSet[rule] >> idx & 1);
    }

    void drawCa(Graphics2D g) {
        g.setColor(Color.black);
        for (int r = 0; r < cells.length - 1; r++) {
            for (int c = 1; c < cells[r].length - 1; c++) {
                byte lhs = cells[r][c - 1];
                byte mid = cells[r][c];
                byte rhs = cells[r][c + 1];
                cells[r + 1][c] = rules(lhs, mid, rhs); 
                if (cells[r][c] == 1) {
                    g.fillRect(c, r, 1, 1);
                }
            }
        }
    }

    void drawLegend(Graphics2D g) {
        String s = String.valueOf(ruleSet[rule]);
        int sw = g.getFontMetrics().stringWidth(s);

        g.setColor(Color.white);
        g.fillRect(16, 5, 55, 30);

        g.setColor(Color.darkGray);
        g.drawString(s, 16 + (55 - sw) / 2, 30);
    }

    @Override
    public void paintComponent(Graphics gg) {
        super.paintComponent(gg);
        Graphics2D g = (Graphics2D) gg;
        g.setRenderingHint(RenderingHints.KEY_ANTIALIASING,
                RenderingHints.VALUE_ANTIALIAS_ON);

        drawCa(g);
        drawLegend(g);
    }

    public static void main(String[] args) {
        SwingUtilities.invokeLater(() -> {
            JFrame f = new JFrame();
            f.setDefaultCloseOperation(JFrame.EXIT_ON_CLOSE);
            f.setTitle(""Wolfram CA"");
            f.setResizable(false);
            f.add(new WolframCA(), BorderLayout.CENTER);
            f.pack();
            f.setLocationRelativeTo(null);
            f.setVisible(true);
        });
    }
}
"
12260,Averages_Mode,"import java.util.*;

public class Mode {
    public static <T> List<T> mode(List<? extends T> coll) {
        Map<T, Integer> seen = new HashMap<T, Integer>();
        int max = 0;
        List<T> maxElems = new ArrayList<T>();
        for (T value : coll) {
            if (seen.containsKey(value))
                seen.put(value, seen.get(value) + 1);
            else
                seen.put(value, 1);
            if (seen.get(value) > max) {
                max = seen.get(value);
                maxElems.clear();
                maxElems.add(value);
            } else if (seen.get(value) == max) {
                maxElems.add(value);
            }
        }
        return maxElems;
    }

    public static void main(String[] args) {
        System.out.println(mode(Arrays.asList(1, 3, 6, 6, 6, 6, 7, 7, 12, 12, 17))); 
        System.out.println(mode(Arrays.asList(1, 1, 2, 4, 4))); 
    }
}
"
12296,Day of the week,"import java.util.Calendar;
import java.util.Date;
import java.util.GregorianCalendar;

public class Yuletide{
	public static void main(String[] args) {
		for(int i = 2008;i<=2121;i++){
			Calendar cal = new GregorianCalendar(i, Calendar.DECEMBER,
					25);
			if(cal.get(Calendar.DAY_OF_WEEK)==Calendar.SUNDAY){
				System.out.println(cal.getTime());
			}
		}
	}
}
"
12325,Sorting algorithms_Gnome sort,"public static void gnomeSort(int[] a)
{
  int i=1;
  int j=2;
 
  while(i < a.length) {
    if ( a[i-1] <= a[i] ) {
      i = j; j++;
    } else {
      int tmp = a[i-1];
      a[i-1] = a[i];
      a[i--] = tmp;
      i = (i==0) ? j++ : i;
    }
  }
}
"
12354,Quaternion type,"public class Quaternion {
    private final double a, b, c, d;

    public Quaternion(double a, double b, double c, double d) {
        this.a = a;
        this.b = b;
        this.c = c;
        this.d = d;
    }
    public Quaternion(double r) {
        this(r, 0.0, 0.0, 0.0);
    }

    public double norm() {
        return Math.sqrt(a * a + b * b + c * c + d * d);
    }

    public Quaternion negative() {
        return new Quaternion(-a, -b, -c, -d);
    }

    public Quaternion conjugate() {
        return new Quaternion(a, -b, -c, -d);
    }

    public Quaternion add(double r) {
        return new Quaternion(a + r, b, c, d);
    }
    public static Quaternion add(Quaternion q, double r) {
        return q.add(r);
    }
    public static Quaternion add(double r, Quaternion q) {
        return q.add(r);
    }
    public Quaternion add(Quaternion q) {
        return new Quaternion(a + q.a, b + q.b, c + q.c, d + q.d);
    }
    public static Quaternion add(Quaternion q1, Quaternion q2) {
        return q1.add(q2);
    }

    public Quaternion times(double r) {
        return new Quaternion(a * r, b * r, c * r, d * r);
    }
    public static Quaternion times(Quaternion q, double r) {
        return q.times(r);
    }
    public static Quaternion times(double r, Quaternion q) {
        return q.times(r);
    }
    public Quaternion times(Quaternion q) {
        return new Quaternion(
            a * q.a - b * q.b - c * q.c - d * q.d,
            a * q.b + b * q.a + c * q.d - d * q.c,
            a * q.c - b * q.d + c * q.a + d * q.b,
            a * q.d + b * q.c - c * q.b + d * q.a
        );
    }
    public static Quaternion times(Quaternion q1, Quaternion q2) {
        return q1.times(q2);
    }

    @Override
    public boolean equals(Object obj) {
        if (!(obj instanceof Quaternion)) return false;
        final Quaternion other = (Quaternion) obj;
        if (Double.doubleToLongBits(this.a) != Double.doubleToLongBits(other.a)) return false;
        if (Double.doubleToLongBits(this.b) != Double.doubleToLongBits(other.b)) return false;
        if (Double.doubleToLongBits(this.c) != Double.doubleToLongBits(other.c)) return false;
        if (Double.doubleToLongBits(this.d) != Double.doubleToLongBits(other.d)) return false;
        return true;
    }
    @Override
    public String toString() {
        return String.format(""%.2f + %.2fi + %.2fj + %.2fk"", a, b, c, d).replaceAll(""\\+ -"", ""- "");
    }

    public String toQuadruple() {
        return String.format(""(%.2f, %.2f, %.2f, %.2f)"", a, b, c, d);
    }

    public static void main(String[] args) {
        Quaternion q = new Quaternion(1.0, 2.0, 3.0, 4.0);
        Quaternion q1 = new Quaternion(2.0, 3.0, 4.0, 5.0);
        Quaternion q2 = new Quaternion(3.0, 4.0, 5.0, 6.0);
        double r = 7.0;
        System.out.format(""q       = %s%n"", q);
        System.out.format(""q1      = %s%n"", q1);
        System.out.format(""q2      = %s%n"", q2);
        System.out.format(""r       = %.2f%n%n"", r);
        System.out.format(""\u2016q\u2016     = %.2f%n"", q.norm());
        System.out.format(""-q      = %s%n"", q.negative());
        System.out.format(""q*      = %s%n"", q.conjugate());
        System.out.format(""q + r   = %s%n"", q.add(r));
        System.out.format(""q1 + q2 = %s%n"", q1.add(q2));
        System.out.format(""q \u00d7 r   = %s%n"", q.times(r));
        Quaternion q1q2 = q1.times(q2);
        Quaternion q2q1 = q2.times(q1);
        System.out.format(""q1 \u00d7 q2 = %s%n"", q1q2);
        System.out.format(""q2 \u00d7 q1 = %s%n"", q2q1);
        System.out.format(""q1 \u00d7 q2 %s q2 \u00d7 q1%n"", (q1q2.equals(q2q1) ? ""="" : ""\u2260""));
    }
}
"
12399,Monte Carlo methods,"public class MC {
	public static void main(String[] args) {
		System.out.println(getPi(10000));
		System.out.println(getPi(100000));
		System.out.println(getPi(1000000));
		System.out.println(getPi(10000000));
		System.out.println(getPi(100000000));
		
	}
	public static double getPi(int numThrows){
		int inCircle= 0;
		for(int i= 0;i < numThrows;i++){
			
			
			double randX= (Math.random() * 2) - 1;
			double randY= (Math.random() * 2) - 1;
			
			double dist= Math.sqrt(randX * randX + randY * randY);
			
			if(dist < 1){
				inCircle++;
			}
		}
		return 4.0 * inCircle / numThrows;
	}
}
"
12426,Horner's rule for polynomial evaluation,"import java.util.ArrayList;
import java.util.Collections;
import java.util.List;

public class Horner {
    public static void main(String[] args){
        List<Double> coeffs = new ArrayList<Double>();
        coeffs.add(-19.0);
        coeffs.add(7.0);
        coeffs.add(-4.0);
        coeffs.add(6.0);
        System.out.println(polyEval(coeffs, 3));
    }

    public static double polyEval(List<Double> coefficients, double x) {
        Collections.reverse(coefficients);
        Double accumulator = coefficients.get(0);
        for (int i = 1; i < coefficients.size(); i++) {
            accumulator = (accumulator * x) + (Double) coefficients.get(i);
        }
        return accumulator;
    }
}
"
12478,Sorting algorithms_Cocktail sort,"public static void cocktailSort( int[] A ){
	boolean swapped;
	do {
		swapped = false;
		for (int i =0; i<=  A.length  - 2;i++) {
			if (A[ i ] > A[ i + 1 ]) {
				
				int temp = A[i];
				A[i] = A[i+1];
				A[i+1]=temp;
				swapped = true;
			}
		}
		if (!swapped) {
			
			break;
		}
		swapped = false;
		for (int i= A.length - 2;i>=0;i--) {
			if (A[ i ] > A[ i + 1 ]) {
				int temp = A[i];
				A[i] = A[i+1];
				A[i+1]=temp;
				swapped = true;
			}
		}
		
	} while (swapped);
}
"
12511,Gamma function,"public class GammaFunction {

	public double st_gamma(double x){
		return Math.sqrt(2*Math.PI/x)*Math.pow((x/Math.E), x);
	}
	
	public double la_gamma(double x){
		double[] p = {0.99999999999980993, 676.5203681218851, -1259.1392167224028,
			     	  771.32342877765313, -176.61502916214059, 12.507343278686905,
			     	  -0.13857109526572012, 9.9843695780195716e-6, 1.5056327351493116e-7};
		int g = 7;
		if(x < 0.5) return Math.PI / (Math.sin(Math.PI * x)*la_gamma(1-x));

		x -= 1;
		double a = p[0];
		double t = x+g+0.5;
		for(int i = 1; i < p.length; i++){
			a += p[i]/(x+i);
		}
		
		return Math.sqrt(2*Math.PI)*Math.pow(t, x+0.5)*Math.exp(-t)*a;
	}
	
	public static void main(String[] args) {
		GammaFunction test = new GammaFunction();
		System.out.println(""Gamma \t\tStirling \t\tLanczos"");
		for(double i = 1; i <= 20; i += 1){
			System.out.println("""" + i/10.0 + ""\t\t"" + test.st_gamma(i/10.0) + ""\t"" + test.la_gamma(i/10.0));
		}
	}
}
"
12532,Nested function,"module NestedFunction
    {
    static String makeList(String separator)
        {
        Int counter = 1;

        function String(String) makeItem = item -> $""{counter++}{separator}{item}\n"";

        return makeItem(""first"")
             + makeItem(""second"")
             + makeItem(""third"");
        }

    void run()
        {
        @Inject Console console;
        console.print(makeList("". ""));
        }
    }
"
12596,Matrix chain multiplication,"import java.util.Arrays;

public class MatrixChainMultiplication {

    public static void main(String[] args) {
        runMatrixChainMultiplication(new int[] {5, 6, 3, 1});
        runMatrixChainMultiplication(new int[] {1, 5, 25, 30, 100, 70, 2, 1, 100, 250, 1, 1000, 2});
        runMatrixChainMultiplication(new int[] {1000, 1, 500, 12, 1, 700, 2500, 3, 2, 5, 14, 10});
    }
    
    private static void runMatrixChainMultiplication(int[] dims) {
        System.out.printf(""Array Dimension  = %s%n"", Arrays.toString(dims));
        System.out.printf(""Cost             = %d%n"", matrixChainOrder(dims));
        System.out.printf(""Optimal Multiply = %s%n%n"", getOptimalParenthesizations());
    }

    private static int[][]cost;
    private static int[][]order;
    
    public static int matrixChainOrder(int[] dims) {
        int n = dims.length - 1;
        cost = new int[n][n];
        order = new int[n][n];

        for (int lenMinusOne = 1 ; lenMinusOne < n ; lenMinusOne++) {
            for (int i = 0; i < n - lenMinusOne; i++) {
                int j = i + lenMinusOne;
                cost[i][j] = Integer.MAX_VALUE;
                for (int k = i; k < j; k++) {
                    int currentCost = cost[i][k] + cost[k+1][j] + dims[i]*dims[k+1]*dims[j+1];
                    if (currentCost < cost[i][j]) {
                        cost[i][j] = currentCost;
                        order[i][j] = k;
                    }
                }
            }
        }
        return cost[0][n-1];
    }

    private static String getOptimalParenthesizations() {
        return getOptimalParenthesizations(order, 0, order.length - 1);
    }
    
    private static String getOptimalParenthesizations(int[][]s, int i, int j) {
        if (i == j) {
            return String.format(""%c"", i+65);
        }
        else {
            StringBuilder sb = new StringBuilder();
            sb.append(""("");
            sb.append(getOptimalParenthesizations(s, i, s[i][j]));
            sb.append("" * "");
            sb.append(getOptimalParenthesizations(s, s[i][j] + 1, j));
            sb.append("")"");
            return sb.toString();
        }
    }

}
"
12623,Square but not cube,"public class SquaresCubes {
    public static boolean isPerfectCube(long n) {
        long c = (long)Math.cbrt((double)n);
        return ((c * c * c) == n);
    }
    
    public static void main(String... args) {
        long n = 1;
        int squareOnlyCount = 0;
        int squareCubeCount = 0;
        while ((squareOnlyCount < 30) || (squareCubeCount < 3)) {
            long sq = n * n;
            if (isPerfectCube(sq)) {
                squareCubeCount++;
                System.out.println(""Square and cube: "" + sq);
            }
            else {
                squareOnlyCount++;
                System.out.println(""Square: "" + sq);
            }
            n++;
        }
    }
}
"
12645,Currency,"import java.math.*;
import java.util.*;

public class Currency {
    final static String taxrate = ""7.65"";

    enum MenuItem {

        Hamburger(""5.50""), Milkshake(""2.86"");

        private MenuItem(String p) {
            price = new BigDecimal(p);
        }

        public final BigDecimal price;
    }

    public static void main(String[] args) {
        Locale.setDefault(Locale.ENGLISH);

        MathContext mc = MathContext.DECIMAL128;

        Map<MenuItem, BigDecimal> order = new HashMap<>();
        order.put(MenuItem.Hamburger, new BigDecimal(""4000000000000000""));
        order.put(MenuItem.Milkshake, new BigDecimal(""2""));

        BigDecimal subtotal = BigDecimal.ZERO;
        for (MenuItem it : order.keySet())
            subtotal = subtotal.add(it.price.multiply(order.get(it), mc));

        BigDecimal tax = new BigDecimal(taxrate, mc);
        tax = tax.divide(new BigDecimal(""100""), mc);
        tax = subtotal.multiply(tax, mc);

        System.out.printf(""Subtotal: %20.2f%n"", subtotal);
        System.out.printf(""     Tax: %20.2f%n"", tax);
        System.out.printf(""   Total: %20.2f%n"", subtotal.add(tax));
    }
}
"
12670,Terminal control_Ringing the terminal bell,"public class Bell{
    public static void main(String[] args){
        java.awt.Toolkit.getDefaultToolkit().beep();

        

        System.out.println((char)7);
    }
}
"
12689,Find the missing permutation,"import java.util.ArrayList;

import com.google.common.base.Joiner;
import com.google.common.collect.ImmutableSet;
import com.google.common.collect.Lists;

public class FindMissingPermutation {
	public static void main(String[] args) {
		Joiner joiner = Joiner.on("""").skipNulls();
		ImmutableSet<String> s = ImmutableSet.of(""ABCD"", ""CABD"", ""ACDB"",
				""DACB"", ""BCDA"", ""ACBD"", ""ADCB"", ""CDAB"", ""DABC"", ""BCAD"", ""CADB"",
				""CDBA"", ""CBAD"", ""ABDC"", ""ADBC"", ""BDCA"", ""DCBA"", ""BACD"", ""BADC"",
				""BDAC"", ""CBDA"", ""DBCA"", ""DCAB"");

		for (ArrayList<Character> cs : Utils.Permutations(Lists.newArrayList(
				'A', 'B', 'C', 'D')))
			if (!s.contains(joiner.join(cs)))
				System.out.println(joiner.join(cs));
	}
}
"
12748,Nth root,"public static double nthroot(int n, double A) {
	return nthroot(n, A, .001);
}
public static double nthroot(int n, double A, double p) {
	if(A < 0) {
		System.err.println(""A < 0"");
		return -1;
	} else if(A == 0) {
		return 0;
	}
	double x_prev = A;
	double x = A / n;  
	while(Math.abs(x - x_prev) > p) {
		x_prev = x;
		x = ((n - 1.0) * x + A / Math.pow(x, n - 1.0)) / n;
	}
	return x;
}
"
12783,Empty directory,"import java.nio.file.Paths;

public static boolean isEmptyDir(String dirName){
    return Paths.get(dirName).toFile().listFiles().length == 0;
}
"
12848,Make directory path,"import java.io.File;

public interface Test {

    public static void main(String[] args) {
        try {
            File f = new File(""C:/parent/test"");
            if (f.mkdirs())
                System.out.println(""path successfully created"");
        } catch (Exception e) {
            e.printStackTrace();
        }
    }
}
"
12871,Population count,"import java.math.BigInteger;

public class PopCount {
    public static void main(String[] args) {
	{ 
	    System.out.print(""32-bit integer: "");
	    int n = 1;
	    for (int i = 0; i < 20; i++) {
		System.out.printf(""%d "", Integer.bitCount(n));
		n *= 3;
	    }
	    System.out.println();
	}
	{ 
	    System.out.print(""64-bit integer: "");
	    long n = 1;
	    for (int i = 0; i < 30; i++) {
		System.out.printf(""%d "", Long.bitCount(n));
		n *= 3;
	    }
	    System.out.println();
	}
	{ 
	    System.out.print(""big integer   : "");
	    BigInteger n = BigInteger.ONE;
	    BigInteger three = BigInteger.valueOf(3);
	    for (int i = 0; i < 30; i++) {
		System.out.printf(""%d "", n.bitCount());
		n = n.multiply(three);
	    }
	    System.out.println();
	}

	int[] od = new int[30];
	int ne = 0, no = 0;
	System.out.print(""evil   : "");
	for (int n = 0; ne+no < 60; n++) {
	    if ((Integer.bitCount(n) & 1) == 0) {
		if (ne < 30) {
		    System.out.printf(""%d "", n);
		    ne++;
		}
	    } else {
		if (no < 30) {
		    od[no++] = n;
		}
	    }
	}
	System.out.println();
	System.out.print(""odious : "");
	for (int n : od) {
	    System.out.printf(""%d "", n);
	}
	System.out.println();
    }
}
"
12974,Test a function,"import static ExampleClass.pali; 
import static ExampleClass.rPali; 
import org.junit.*;
public class PalindromeTest extends junit.framework.TestCase {
    @Before
    public void setUp(){
        
        
    }
    @After
    public void tearDown(){
        
        
    }

    
    @Test
    public void testNonrecursivePali() throws Exception {
        assertTrue(pali(""abcba""));
        assertTrue(pali(""aa""));
        assertTrue(pali(""a""));
        assertTrue(pali(""""));
        assertFalse(pali(""ab""));
        assertFalse(pali(""abcdba""));
    }
    
    @Test
    public void testRecursivePali() throws Exception {
        assertTrue(rPali(""abcba""));
        assertTrue(rPali(""aa""));
        assertTrue(rPali(""a""));
        assertTrue(rPali(""""));
        assertFalse(rPali(""ab""));
        assertFalse(rPali(""abcdba""));
    }

    
    @Test(expected=WhateverException.class)
    public void except(){
        
    }
}
"
12998,Cantor set,"public class App {
    private static final int WIDTH = 81;
    private static final int HEIGHT = 5;

    private static char[][] lines;
    static {
        lines = new char[HEIGHT][WIDTH];
        for (int i = 0; i < HEIGHT; i++) {
            for (int j = 0; j < WIDTH; j++) {
                lines[i][j] = '*';
            }
        }
    }

    private static void cantor(int start, int len, int index) {
        int seg = len / 3;
        if (seg == 0) return;
        for (int i = index; i < HEIGHT; i++) {
            for (int j = start + seg; j < start + seg * 2; j++) {
                lines[i][j] = ' ';
            }
        }
        cantor(start, seg, index + 1);
        cantor(start + seg * 2, seg, index + 1);
    }

    public static void main(String[] args) {
        cantor(0, WIDTH, 1);
        for (int i = 0; i < HEIGHT; i++) {
            for (int j = 0; j < WIDTH; j++) {
                System.out.print(lines[i][j]);
            }
            System.out.println();
        }
    }
}
"
13021,Introspection,"public class VersCheck {
	public static void main(String[] args) {
		String vers = System.getProperty(""java.version"");
		vers = vers.substring(0,vers.indexOf('.')) + ""."" +  
			vers.substring(vers.indexOf('.')+1,vers.lastIndexOf('.'));
		if(Double.parseDouble(vers) >= 1.5){
			System.out.println(""YAY!"");
		}else{
			System.err.println(""Must use Java >=1.5"");
		}
	}
}
"
13052,Even or odd,"public static boolean isEven(int i){
    return (i & 1) == 0;
}
"
13138,Vampire number,"import java.util.Arrays;
import java.util.HashSet;

public class VampireNumbers{
    private static int numDigits(long num){
        return Long.toString(Math.abs(num)).length();
    }

    private static boolean fangCheck(long orig, long fang1, long fang2){
        if(Long.toString(fang1).endsWith(""0"") && Long.toString(fang2).endsWith(""0"")) return false;

        int origLen = numDigits(orig);
        if(numDigits(fang1) != origLen / 2 || numDigits(fang2) != origLen / 2) return false;

        byte[] origBytes = Long.toString(orig).getBytes();
        byte[] fangBytes = (Long.toString(fang1) + Long.toString(fang2)).getBytes();
        Arrays.sort(origBytes);
        Arrays.sort(fangBytes);
        return Arrays.equals(origBytes, fangBytes);
    }

    public static void main(String[] args){
        HashSet<Long> vamps = new HashSet<Long>();
        for(long i = 10; vamps.size() <= 25; i++ ){
            if((numDigits(i) % 2) != 0) {i = i * 10 - 1; continue;}
            for(long fang1 = 2; fang1 <= Math.sqrt(i) + 1; fang1++){
                if(i % fang1 == 0){
                    long fang2 = i / fang1;
                    if(fangCheck(i, fang1, fang2) && fang1 <= fang2){
                        vamps.add(i);
                        System.out.println(i + "": ["" + fang1 + "", "" + fang2 +""]"");
                    }
                }
            }
        }
        Long[] nums = {16758243290880L, 24959017348650L, 14593825548650L};
        for(Long i : nums){
            for(long fang1 = 2; fang1 <= Math.sqrt(i) + 1; fang1++){
                if(i % fang1 == 0){
                    long fang2 = i / fang1;
                    if(fangCheck(i, fang1, fang2) && fang1 <= fang2){
                        System.out.println(i + "": ["" + fang1 + "", "" + fang2 +""]"");
                    }
                }
            }
        }
    }
}
"
13154,Euler's identity,"public class EulerIdentity {

    public static void main(String[] args) {
        System.out.println(""e ^ (i*Pi) + 1 = "" + (new Complex(0, Math.PI).exp()).add(new Complex(1, 0)));
    }

    public static class Complex {

        private double x, y;
        
        public Complex(double re, double im) {
            x = re;
            y = im;
        }
        
        public Complex exp() {
            double exp = Math.exp(x);
            return new Complex(exp * Math.cos(y), exp * Math.sin(y));
        }
        
        public Complex add(Complex a) {
            return new Complex(x + a.x, y + a.y);
        }
        
        @Override
        public String toString() {
            return x + "" + "" + y + ""i"";
        }
    }
}
"
13186,Magic 8-ball,"import java.util.Random;
import java.util.Scanner;

public class MagicEightBall {

    public static void main(String[] args) {
        new MagicEightBall().run();
    }
    
    private static String[] ANSWERS = new String[] {""It is certain."", ""It is decidedly so."", ""Without a doubt."", ""Yes - definitely."",
            ""You may rely on it."", ""As I see it, yes."", ""Most likely."", ""Outlook good."", ""Yes."", ""Signs point to yes."",
            ""Reply hazy, try again."", ""Ask again later."", ""Better not tell you now."", ""Cannot predict now."", ""Concentrate and ask again."",
            ""Don't count on it."", ""My reply is no."", ""My sources say no."", ""Outlook not so good."", ""Very doubtful. ""};

    public void run() {
        Random random = new Random();
        System.out.printf(""Hello.  The Magic 8 Ball knows all.  Type your question.%n%n"");
        try ( Scanner in = new Scanner(System.in); ) {
            System.out.printf(""?  "");
            while ( (in.nextLine()).length() > 0 ) {
                System.out.printf(""8 Ball Response:  %s%n"", ANSWERS[random.nextInt(ANSWERS.length)]);
                System.out.printf(""?  "");
            }
        }
        System.out.printf(""%n8 Ball Done.  Bye."");
    }
}
"
13211,Chaocipher,"import java.util.Arrays;

public class Chaocipher {
    private enum Mode {
        ENCRYPT,
        DECRYPT
    }

    private static final String L_ALPHABET = ""HXUCZVAMDSLKPEFJRIGTWOBNYQ"";
    private static final String R_ALPHABET = ""PTLNBQDEOYSFAVZKGJRIHWXUMC"";

    private static int indexOf(char[] a, char c) {
        for (int i = 0; i < a.length; ++i) {
            if (a[i] == c) {
                return i;
            }
        }
        return -1;
    }

    private static String exec(String text, Mode mode) {
        return exec(text, mode, false);
    }

    private static String exec(String text, Mode mode, Boolean showSteps) {
        char[] left = L_ALPHABET.toCharArray();
        char[] right = R_ALPHABET.toCharArray();
        char[] eText = new char[text.length()];
        char[] temp = new char[26];

        for (int i = 0; i < text.length(); ++i) {
            if (showSteps) {
                System.out.printf(""%s  %s\n"", new String(left), new String(right));
            }
            int index;
            if (mode == Mode.ENCRYPT) {
                index = indexOf(right, text.charAt(i));
                eText[i] = left[index];
            } else {
                index = indexOf(left, text.charAt(i));
                eText[i] = right[index];
            }
            if (i == text.length() - 1) {
                break;
            }

            

            if (26 - index >= 0) System.arraycopy(left, index, temp, 0, 26 - index);
            System.arraycopy(left, 0, temp, 26 - index, index);
            char store = temp[1];
            System.arraycopy(temp, 2, temp, 1, 12);
            temp[13] = store;
            left = Arrays.copyOf(temp, temp.length);

            

            if (26 - index >= 0) System.arraycopy(right, index, temp, 0, 26 - index);
            System.arraycopy(right, 0, temp, 26 - index, index);
            store = temp[0];
            System.arraycopy(temp, 1, temp, 0, 25);
            temp[25] = store;
            store = temp[2];
            System.arraycopy(temp, 3, temp, 2, 11);
            temp[13] = store;
            right = Arrays.copyOf(temp, temp.length);
        }

        return new String(eText);
    }

    public static void main(String[] args) {
        String plainText = ""WELLDONEISBETTERTHANWELLSAID"";
        System.out.printf(""The original plaintext is : %s\n"", plainText);
        System.out.println(""\nThe left and right alphabets after each permutation during encryption are:"");
        String cipherText = exec(plainText, Mode.ENCRYPT, true);
        System.out.printf(""\nThe cipher text is : %s\n"", cipherText);
        String plainText2 = exec(cipherText, Mode.DECRYPT);
        System.out.printf(""\nThe recovered plaintext is : %s\n"", plainText2);
    }
}
"
13263,A+B,"import java.util.Scanner;

public class Sum2 {
    public static void main(String[] args) {
        Scanner in = new Scanner(System.in); 
        System.out.println(in.nextInt() + in.nextInt()); 
    }
}
"
13334,Arithmetic_Rational,"public class BigRationalFindPerfectNumbers {
    public static void main(String[] args) {
        int MAX_NUM = 1 << 19;
        System.out.println(""Searching for perfect numbers in the range [1, "" + (MAX_NUM - 1) + ""]"");

        BigRational TWO = BigRational.valueOf(2);
        for (int i = 1; i < MAX_NUM; i++) {
            BigRational reciprocalSum = BigRational.ONE;
            if (i > 1)
                reciprocalSum = reciprocalSum.add(BigRational.valueOf(i).reciprocal());
            int maxDivisor = (int) Math.sqrt(i);
            if (maxDivisor >= i)
                maxDivisor--;

            for (int divisor = 2; divisor <= maxDivisor; divisor++) {
                if (i % divisor == 0) {
                    reciprocalSum = reciprocalSum.add(BigRational.valueOf(divisor).reciprocal());
                    int dividend = i / divisor;
                    if (divisor != dividend)
                        reciprocalSum = reciprocalSum.add(BigRational.valueOf(dividend).reciprocal());
                }
            }
            if (reciprocalSum.equals(TWO))
                System.out.println(String.valueOf(i) + "" is a perfect number"");
        }
    }
}
"
13346,Horizontal sundial calculations,"import java.util.Scanner;

public class Sundial {
    public static void main(String[] args) {
        double lat, slat, lng, ref;
        Scanner sc = new Scanner(System.in);

        System.out.print(""Enter latitude: "");
        lat = sc.nextDouble();
        System.out.print(""Enter longitude: "");
        lng = sc.nextDouble();
        System.out.print(""Enter legal meridian: "");
        ref = sc.nextDouble();
        System.out.println();

        slat = Math.sin(Math.toRadians(lat));
        System.out.printf(""sine of latitude: %.3f\n"", slat);
        System.out.printf(""diff longitude: %.3f\n\n"", lng - ref);

        System.out.printf(""Hour, sun hour angle, dial hour line angle from 6am to 6pm\n"");

        for (int h = -6; h <= 6; h++) {
            double hla, hra, hraRad;
            hra = 15.0 * h;
            hra = hra - lng + ref;
            hraRad = Math.toRadians(hra);
            hla = Math.toDegrees(Math.atan2(Math.sin(hraRad)*Math.sin(Math.toRadians(lat)), Math.cos(hraRad)));
            System.out.printf(""HR= %3d;  \t  HRA=%7.3f;  \t  HLA= %7.3f\n"",
                    h, hra, hla);
        }
    }
}
"
13380,Catamorphism,"import java.util.stream.Stream;

public class ReduceTask {

    public static void main(String[] args) {
        System.out.println(Stream.of(1, 2, 3, 4, 5).mapToInt(i -> i).sum());
        System.out.println(Stream.of(1, 2, 3, 4, 5).reduce(1, (a, b) -> a * b));
    }
}
"
13417,URL decoding,"import java.io.UnsupportedEncodingException;
import java.net.URLDecoder;

public class Main
{
    public static void main(String[] args) throws UnsupportedEncodingException
    {
        String encoded = ""http%3A%2F%2Ffoo%20bar%2F"";
        String normal = URLDecoder.decode(encoded, ""utf-8"");
        System.out.println(normal);
    }
}
"
13464,Handle a signal,"import sun.misc.Signal;
import sun.misc.SignalHandler;

public class ExampleSignalHandler {
    public static void main(String... args) throws InterruptedException {
        final long start = System.nanoTime();
        Signal.handle(new Signal(""INT""), new SignalHandler() {
            public void handle(Signal sig) {
                System.out.format(""\nProgram execution took %f seconds\n"", (System.nanoTime() - start) / 1e9f);
                System.exit(0);
            }
        });
        int counter = 0;
        while(true) {
            System.out.println(counter++);
            Thread.sleep(500);
        }
    }
}
"
13496,Fibonacci sequence,"public static long itFibN(int n)
{
 if (n < 2)
  return n;
 long ans = 0;
 long n1 = 0;
 long n2 = 1;
 for(n--; n > 0; n--)
 {
  ans = n1 + n2;
  n1 = n2;
  n2 = ans;
 }
 return ans;
}
"
13533,Loops_While,"int i = 1024;
while(i > 0){
   System.out.println(i);
   i >>= 1; 
}
"
13564,Sum of a series,"public class Sum{
    public static double f(double x){
       return 1/(x*x);
    }
 
    public static void main(String[] args){
       double start = 1;
       double end = 1000;
       double sum = 0;
 
       for(double x = start;x <= end;x++) sum += f(x);
 
       System.out.println(""Sum of f(x) from "" + start + "" to "" + end +"" is "" + sum);
    }
}
"
13599,Egyptian division,"import java.util.ArrayList;
import java.util.List;

public class EgyptianDivision {

    
    public static void main(String[] args) {

        divide(580, 34);

    }

    
    public static void divide(int dividend, int divisor) {

        List<Integer> powersOf2 = new ArrayList<>();
        List<Integer> doublings = new ArrayList<>();

        
        int line = 0;
        while ((Math.pow(2, line) * divisor) <= dividend) { 
            int powerOf2 = (int) Math.pow(2, line);
            powersOf2.add(powerOf2);
            doublings.add(powerOf2 * divisor);
            line++;
        }

        int answer = 0;
        int accumulator = 0;

        
        for (int i = powersOf2.size() - 1; i >= 0; i--) {
            if (accumulator + doublings.get(i) <= dividend) {
                accumulator += doublings.get(i);
                answer += powersOf2.get(i);
            }
        }

        System.out.println(String.format(""%d, remainder %d"", answer, dividend - accumulator));
    }
}
"
13623,Sorting algorithms_Comb sort,"public static <E extends Comparable<? super E>> void sort(E[] input) {
    int gap = input.length;
    boolean swapped = true;
    while (gap > 1 || swapped) {
        if (gap > 1) {
            gap = (int) (gap / 1.3);
        }
        swapped = false;
        for (int i = 0; i + gap < input.length; i++) {
            if (input[i].compareTo(input[i + gap]) > 0) {
                E t = input[i];
                input[i] = input[i + gap];
                input[i + gap] = t;
                swapped = true;
            }
        }
    }
}
"
13669,Last letter-first letter,"
final class LastLetterFirstLetter {
    static int maxPathLength = 0;
    static int maxPathLengthCount = 0;
    static final StringBuffer maxPathExample = new StringBuffer(500);

    static final String[] names = {""audino"", ""bagon"", ""baltoy"", ""banette"",
        ""bidoof"", ""braviary"", ""bronzor"", ""carracosta"", ""charmeleon"",
        ""cresselia"", ""croagunk"", ""darmanitan"", ""deino"", ""emboar"",
        ""emolga"", ""exeggcute"", ""gabite"", ""girafarig"", ""gulpin"",
        ""haxorus"", ""heatmor"", ""heatran"", ""ivysaur"", ""jellicent"",
        ""jumpluff"", ""kangaskhan"", ""kricketune"", ""landorus"", ""ledyba"",
        ""loudred"", ""lumineon"", ""lunatone"", ""machamp"", ""magnezone"",
        ""mamoswine"", ""nosepass"", ""petilil"", ""pidgeotto"", ""pikachu"",
        ""pinsir"", ""poliwrath"", ""poochyena"", ""porygon2"", ""porygonz"",
        ""registeel"", ""relicanth"", ""remoraid"", ""rufflet"", ""sableye"",
        ""scolipede"", ""scrafty"", ""seaking"", ""sealeo"", ""silcoon"",
        ""simisear"", ""snivy"", ""snorlax"", ""spoink"", ""starly"", ""tirtouga"",
        ""trapinch"", ""treecko"", ""tyrogue"", ""vigoroth"", ""vulpix"",
        ""wailord"", ""wartortle"", ""whismur"", ""wingull"", ""yamask""};

    static void recursive(String[] part, int offset) {
        if (offset > maxPathLength) {
            maxPathLength = offset;
            maxPathLengthCount = 1;
        } else if (offset == maxPathLength) {
            maxPathLengthCount++;
            maxPathExample.setLength(0);
            for (int i = 0; i < offset; i++) {
                maxPathExample.append((i % 5 == 0 ? ""\n  "" : "" ""));
                maxPathExample.append(part[i]);
            }
        }
        final char lastChar = part[offset - 1].charAt(part[offset - 1].length()-1);
        for (int i = offset; i < part.length; i++) {
            if (part[i].charAt(0) == lastChar) {
                String tmp = names[offset];
                names[offset] = names[i];
                names[i] = tmp;
                recursive(names, offset+1);
                names[i] = names[offset];
                names[offset] = tmp;
            }
        }
    }

    public static void main(String[] args) {
        for (int i = 0; i < names.length; i++) {
            String tmp = names[0];
            names[0] = names[i];
            names[i] = tmp;
            recursive(names, 1);
            names[i] = names[0];
            names[0] = tmp;
       }
       System.out.println(""maximum path length        : "" + maxPathLength);
       System.out.println(""paths of that length       : "" + maxPathLengthCount);
       System.out.println(""example path of that length:"" + maxPathExample);
    }
}
"
13693,Langton's ant,"import java.awt.Color;
import java.awt.Graphics;

import javax.swing.JFrame;
import javax.swing.JPanel;

public class Langton extends JFrame{
	private JPanel planePanel;
	private static final int ZOOM = 4;
	
	public Langton(final boolean[][] plane){
		planePanel = new JPanel(){
			@Override
			public void paint(Graphics g) {
				for(int y = 0; y < plane.length;y++){
					for(int x = 0; x < plane[0].length;x++){
						g.setColor(plane[y][x] ? Color.BLACK : Color.WHITE);
						g.fillRect(x * ZOOM, y * ZOOM, ZOOM, ZOOM);
					}
				}
				
				g.setColor(Color.GREEN);
				g.fillRect(plane[0].length / 2 * ZOOM,
				           plane.length / 2 * ZOOM, ZOOM/2, ZOOM/2);
			}
		};
		planePanel.setSize(plane[0].length - 1, plane.length - 1);
		add(planePanel);
		setSize(ZOOM * plane[0].length, ZOOM * plane.length + 30);
		setDefaultCloseOperation(JFrame.EXIT_ON_CLOSE);
		setVisible(true);
	}
	
	public static void main(String[] args){
		new Langton(runAnt(100, 100));
	}

	private static boolean[][] runAnt(int height, int width){
		boolean[][] plane = new boolean[height][width];
		int antX = width/2, antY = height/2;
		int xChange = 0, yChange = -1; 
		while(antX < width && antY < height && antX >= 0 && antY >= 0){
			if(plane[antY][antX]){
				
				if(xChange == 0){ 
					xChange = yChange;
					yChange = 0;
				}else{ 
					yChange = -xChange;
					xChange = 0;
				}
			}else{
				
				if(xChange == 0){ 
					xChange = -yChange;
					yChange = 0;
				}else{ 
					yChange = xChange;
					xChange = 0;
				}
			}
			plane[antY][antX] = !plane[antY][antX];
			antX += xChange;
			antY += yChange;
		}
		return plane;
	}
}
"
13721,Anagrams,"import java.net.*;
import java.io.*;
import java.util.*;
 
public class WordsOfEqChars {
    public static void main(String[] args) throws IOException {
        URL url = new URL(""http:
        InputStreamReader isr = new InputStreamReader(url.openStream());
        BufferedReader reader = new BufferedReader(isr);

        Map<String, Collection<String>> anagrams = new HashMap<String, Collection<String>>();
        String word;
        int count = 0;
        while ((word = reader.readLine()) != null) {
            char[] chars = word.toCharArray();
            Arrays.sort(chars);
            String key = new String(chars);
            if (!anagrams.containsKey(key))
                anagrams.put(key, new ArrayList<String>());
            anagrams.get(key).add(word);
            count = Math.max(count, anagrams.get(key).size());
        }

        reader.close();

        for (Collection<String> ana : anagrams.values())
            if (ana.size() >= count)
                System.out.println(ana);
    }   
}
"
13754,Program termination,"if(problem){
   System.exit(integerErrorCode); 
   
   
   
}
"
13768,Sum data type,"import java.util.Arrays;

public class SumDataType {

    public static void main(String[] args) {
        for ( ObjectStore<?> e : Arrays.asList(new ObjectStore<String>(""String""), new ObjectStore<Integer>(23), new ObjectStore<Float>(new Float(3.14159))) ) {
            System.out.println(""Object : "" + e);
        }
    }
    
    public static class ObjectStore<T> {
        private T object;
        public ObjectStore(T object) {
            this.object = object;
        }
        @Override
        public String toString() {
            return ""value ["" + object.toString() + ""], type = "" + object.getClass();
        }
    }

}
"
13783,Input_Output for pairs of numbers,"import java.util.Scanner;

public class Main {

	public static int doStuff(int a, int b){
	    int sum = a+b;
	    return sum;
	}

	public static void main(String[] args) {
		Scanner in = new Scanner(System.in);

		int n = in.nextInt();
		for(int i=0; i<n; i++){
			int a = in.nextInt();
			int b= in.nextInt();
			int result = doStuff(a, b);
			System.out.println(result);
		}
	}
}
"
13800,Function definition,"module MultiplyExample
    {
    static <Value extends Number> Value multiply(Value n1, Value n2)
        {
        return n1 * n2;
        }

    void run()
        {
        (Int i1, Int i2) = (7, 3);
        Int i3 = multiply(i1, i2);
        (Double d1, Double d2) = (2.7182818, 3.1415);
        Double d3 = multiply(d1, d2);
        @Inject Console console;
        console.print($""{i1}*{i2}={i3}, {d1}*{d2}={d3}"");
        }
    }
"
13822,Self numbers,"public class SelfNumbers {
    private static final int MC = 103 * 1000 * 10000 + 11 * 9 + 1;
    private static final boolean[] SV = new boolean[MC + 1];

    private static void sieve() {
        int[] dS = new int[10_000];
        for (int a = 9, i = 9999; a >= 0; a--) {
            for (int b = 9; b >= 0; b--) {
                for (int c = 9, s = a + b; c >= 0; c--) {
                    for (int d = 9, t = s + c; d >= 0; d--) {
                        dS[i--] = t + d;
                    }
                }
            }
        }
        for (int a = 0, n = 0; a < 103; a++) {
            for (int b = 0, d = dS[a]; b < 1000; b++, n += 10000) {
                for (int c = 0, s = d + dS[b] + n; c < 10000; c++) {
                    SV[dS[c] + s++] = true;
                }
            }
        }
    }

    public static void main(String[] args) {
        sieve();
        System.out.println(""The first 50 self numbers are:"");
        for (int i = 0, count = 0; count <= 50; i++) {
            if (!SV[i]) {
                count++;
                if (count <= 50) {
                    System.out.printf(""%d "", i);
                } else {
                    System.out.printf(""%n%n       Index     Self number%n"");
                }
            }
        }
        for (int i = 0, limit = 1, count = 0; i < MC; i++) {
            if (!SV[i]) {
                if (++count == limit) {
                    System.out.printf(""%,12d   %,13d%n"", count, i);
                    limit *= 10;
                }
            }
        }
    }
}
"
13840,Gauss-Jordan matrix inversion,"

import java.util.Random;

public class GaussJordan {
    public static void main(String[] args) {
        int rows = 5;
        Matrix m = new Matrix(rows, rows);
        Random r = new Random();
        for (int row = 0; row < rows; ++row) {
            for (int column = 0; column < rows; ++column)
                m.set(row, column, r.nextDouble());
        }
        System.out.println(""Matrix:"");
        m.print();
        System.out.println(""Inverse:"");
        Matrix inv = m.inverse();
        inv.print();
        System.out.println(""Product of matrix and inverse:"");
        Matrix.product(m, inv).print();
    }
}
"
13884,Closures_Value capture,"import java.util.function.Supplier;
import java.util.ArrayList;

public class ValueCapture {
    public static void main(String[] args) {
	ArrayList<Supplier<Integer>> funcs = new ArrayList<>();
	for (int i = 0; i < 10; i++) {
	    int j = i;
	    funcs.add(() -> j * j);
	}

	Supplier<Integer> foo = funcs.get(3);
	System.out.println(foo.get()); 
    }
}
"
13897,Remove vowels from a string,"public static String removeVowelse(String str){
    String re = """";
    char c;
    for(int x = 0; x<str.length(); x++){
        c = str.charAt(x);
        if(!(c=='a'||c=='e'||c=='i'||c=='o'||c=='u'))
        re+=c;
    }
    return re;
}
"
13925,Faulhaber's formula,"import java.util.Arrays;
import java.util.stream.IntStream;

public class FaulhabersFormula {
    private static long gcd(long a, long b) {
        if (b == 0) {
            return a;
        }
        return gcd(b, a % b);
    }

    private static class Frac implements Comparable<Frac> {
        private long num;
        private long denom;

        public static final Frac ZERO = new Frac(0, 1);
        public static final Frac ONE = new Frac(1, 1);

        public Frac(long n, long d) {
            if (d == 0) throw new IllegalArgumentException(""d must not be zero"");
            long nn = n;
            long dd = d;
            if (nn == 0) {
                dd = 1;
            } else if (dd < 0) {
                nn = -nn;
                dd = -dd;
            }
            long g = Math.abs(gcd(nn, dd));
            if (g > 1) {
                nn /= g;
                dd /= g;
            }
            num = nn;
            denom = dd;
        }

        public Frac plus(Frac rhs) {
            return new Frac(num * rhs.denom + denom * rhs.num, rhs.denom * denom);
        }

        public Frac unaryMinus() {
            return new Frac(-num, denom);
        }

        public Frac minus(Frac rhs) {
            return this.plus(rhs.unaryMinus());
        }

        public Frac times(Frac rhs) {
            return new Frac(this.num * rhs.num, this.denom * rhs.denom);
        }

        @Override
        public int compareTo(Frac o) {
            double diff = toDouble() - o.toDouble();
            return Double.compare(diff, 0.0);
        }

        @Override
        public boolean equals(Object obj) {
            return null != obj && obj instanceof Frac && this.compareTo((Frac) obj) == 0;
        }

        @Override
        public String toString() {
            if (denom == 1) {
                return Long.toString(num);
            }
            return String.format(""%d/%d"", num, denom);
        }

        private double toDouble() {
            return (double) num / denom;
        }
    }

    private static Frac bernoulli(int n) {
        if (n < 0) throw new IllegalArgumentException(""n may not be negative or zero"");
        Frac[] a = new Frac[n + 1];
        Arrays.fill(a, Frac.ZERO);
        for (int m = 0; m <= n; ++m) {
            a[m] = new Frac(1, m + 1);
            for (int j = m; j >= 1; --j) {
                a[j - 1] = a[j - 1].minus(a[j]).times(new Frac(j, 1));
            }
        }
        
        if (n != 1) return a[0];
        return a[0].unaryMinus();
    }

    private static int binomial(int n, int k) {
        if (n < 0 || k < 0 || n < k) throw new IllegalArgumentException();
        if (n == 0 || k == 0) return 1;
        int num = IntStream.rangeClosed(k + 1, n).reduce(1, (a, b) -> a * b);
        int den = IntStream.rangeClosed(2, n - k).reduce(1, (acc, i) -> acc * i);
        return num / den;
    }

    private static void faulhaber(int p) {
        System.out.printf(""%d : "", p);
        Frac q = new Frac(1, p + 1);
        int sign = -1;
        for (int j = 0; j <= p; ++j) {
            sign *= -1;
            Frac coeff = q.times(new Frac(sign, 1)).times(new Frac(binomial(p + 1, j), 1)).times(bernoulli(j));
            if (Frac.ZERO.equals(coeff)) continue;
            if (j == 0) {
                if (!Frac.ONE.equals(coeff)) {
                    if (Frac.ONE.unaryMinus().equals(coeff)) {
                        System.out.print(""-"");
                    } else {
                        System.out.print(coeff);
                    }
                }
            } else {
                if (Frac.ONE.equals(coeff)) {
                    System.out.print("" + "");
                } else if (Frac.ONE.unaryMinus().equals(coeff)) {
                    System.out.print("" - "");
                } else if (coeff.compareTo(Frac.ZERO) > 0) {
                    System.out.printf("" + %s"", coeff);
                } else {
                    System.out.printf("" - %s"", coeff.unaryMinus());
                }
            }
            int pwr = p + 1 - j;
            if (pwr > 1)
                System.out.printf(""n^%d"", pwr);
            else
                System.out.print(""n"");
        }
        System.out.println();
    }

    public static void main(String[] args) {
        for (int i = 0; i <= 9; ++i) {
            faulhaber(i);
        }
    }
}
"
13953,ABC problem,"static Boolean canMakeWord(List<String> src_blocks, String word) {
    if (String.isEmpty(word)) {
        return true;
    }

    List<String> blocks = new List<String>();
    for (String block : src_blocks) {
        blocks.add(block.toUpperCase());
    }
    
    for (Integer i = 0; i < word.length(); i++) {
        Integer blockIndex = -1;
        String c = word.mid(i, 1).toUpperCase();
        
        for (Integer j = 0; j < blocks.size(); j++) {
            if (blocks.get(j).contains(c)) {
                blockIndex = j;
                break;
            }
        }
        
        if (blockIndex == -1) {
            return false;
        } else {
            blocks.remove(blockIndex);
        }
    }
        
    return true;
}

List<String> blocks = new List<String>{
    'BO', 'XK', 'DQ', 'CP', 'NA',
    'GT', 'RE', 'TG', 'QD', 'FS', 
    'JW', 'HU', 'VI', 'AN', 'OB', 
    'ER', 'FS', 'LY', 'PC', 'ZM'
};
System.debug('"""": ' + canMakeWord(blocks, ''));
System.debug('""A"": ' + canMakeWord(blocks, 'A'));
System.debug('""BARK"": ' + canMakeWord(blocks, 'BARK'));
System.debug('""book"": ' + canMakeWord(blocks, 'book'));
System.debug('""treat"": ' + canMakeWord(blocks, 'treat'));
System.debug('""COMMON"": ' + canMakeWord(blocks, 'COMMON'));
System.debug('""SQuAd"": ' + canMakeWord(blocks, 'SQuAd'));
System.debug('""CONFUSE"": ' + canMakeWord(blocks, 'CONFUSE'));
"
14008,9 billion names of God the integer,"import java.math.BigInteger;
import java.util.*;
import static java.util.Arrays.asList;
import static java.util.stream.Collectors.toList;
import static java.util.stream.IntStream.range;
import static java.lang.Math.min;

public class Test {

    static List<BigInteger> cumu(int n) {
        List<List<BigInteger>> cache = new ArrayList<>();
        cache.add(asList(BigInteger.ONE));

        for (int L = cache.size(); L < n + 1; L++) {
            List<BigInteger> r = new ArrayList<>();
            r.add(BigInteger.ZERO);
            for (int x = 1; x < L + 1; x++)
                r.add(r.get(r.size() - 1).add(cache.get(L - x).get(min(x, L - x))));
            cache.add(r);
        }
        return cache.get(n);
    }

    static List<BigInteger> row(int n) {
        List<BigInteger> r = cumu(n);
        return range(0, n).mapToObj(i -> r.get(i + 1).subtract(r.get(i)))
                .collect(toList());
    }

    public static void main(String[] args) {
        System.out.println(""Rows:"");
        for (int x = 1; x < 11; x++)
            System.out.printf(""%2d: %s%n"", x, row(x));

        System.out.println(""\nSums:"");
        for (int x : new int[]{23, 123, 1234}) {
            List<BigInteger> c = cumu(x);
            System.out.printf(""%s %s%n"", x, c.get(c.size() - 1));
        }
    }
}
"
14056,Balanced ternary,"
public class BalancedTernary 
{
	public static void main(String[] args)
	{
 		BTernary a=new BTernary(""+-0++0+"");
		BTernary b=new BTernary(-436);
		BTernary c=new BTernary(""+-++-"");
		
		System.out.println(""a=""+a.intValue());
		System.out.println(""b=""+b.intValue());
		System.out.println(""c=""+c.intValue());
		System.out.println();
		
		
		BTernary result=a.mul(b.sub(c));
		
		System.out.println(""result= ""+result+"" ""+result.intValue());
	}
	
	
	public static class BTernary
	{
		String value;
		public BTernary(String s)
		{
			int i=0;
			while(s.charAt(i)=='0')
				i++;
			this.value=s.substring(i);
		}
		public BTernary(int v)
		{
			this.value="""";
			this.value=convertToBT(v);
		}
		
		private String convertToBT(int v)
		{
			if(v<0)
				return flip(convertToBT(-v));
			if(v==0)
				return """";
			int rem=mod3(v);
			if(rem==0)
				return convertToBT(v/3)+""0"";
			if(rem==1)
				return convertToBT(v/3)+""+"";
			if(rem==2)
				return convertToBT((v+1)/3)+""-"";
			return ""You can't see me"";
		}
		private String flip(String s)
		{
			String flip="""";
			for(int i=0;i<s.length();i++)
			{
				if(s.charAt(i)=='+')
					flip+='-';
				else if(s.charAt(i)=='-')
					flip+='+';
				else
					flip+='0';
			}
			return flip;
		}
		private int mod3(int v)
		{
			if(v>0)
				return v%3;
			v=v%3;
			return (v+3)%3;
		}
		
		public int intValue()
		{
			int sum=0;
			String s=this.value;
			for(int i=0;i<s.length();i++)
			{
				char c=s.charAt(s.length()-i-1);
				int dig=0;
				if(c=='+')
					dig=1;
				else if(c=='-')
					dig=-1;
				sum+=dig*Math.pow(3, i);
			}
			return sum;
		}
		
		
		public BTernary add(BTernary that)
		{
			String a=this.value;
			String b=that.value;
			
			String longer=a.length()>b.length()?a:b;
			String shorter=a.length()>b.length()?b:a;
			
			while(shorter.length()<longer.length())
				shorter=0+shorter;
			
			a=longer;
			b=shorter;
			
			char carry='0';
			String sum="""";
			for(int i=0;i<a.length();i++)
			{
				int place=a.length()-i-1;
				String digisum=addDigits(a.charAt(place),b.charAt(place),carry);
				if(digisum.length()!=1)
					carry=digisum.charAt(0);
				else
					carry='0';
				sum=digisum.charAt(digisum.length()-1)+sum;
			}
			sum=carry+sum;
			
			return new BTernary(sum);
		}
		private String addDigits(char a,char b,char carry)
		{
			String sum1=addDigits(a,b);
			String sum2=addDigits(sum1.charAt(sum1.length()-1),carry);
			
			if(sum1.length()==1)
				return sum2;
			if(sum2.length()==1)
				return sum1.charAt(0)+sum2;
			return sum1.charAt(0)+"""";
		}
		private String addDigits(char a,char b)
		{
			String sum="""";
			if(a=='0')
				sum=b+"""";
			else if (b=='0')
				sum=a+"""";
			else if(a=='+')
			{
				if(b=='+')
					sum=""+-"";
				else
					sum=""0"";
			}
			else
			{
				if(b=='+')
					sum=""0"";
				else
					sum=""-+"";
			}
			return sum;
		}
		
		public BTernary neg()
		{
			return new BTernary(flip(this.value));
		}
		
		public BTernary sub(BTernary that)
		{
			return this.add(that.neg());
		}
		
		public BTernary mul(BTernary that)
		{
			BTernary one=new BTernary(1);
			BTernary zero=new BTernary(0);
			BTernary mul=new BTernary(0);
			
			int flipflag=0;
			if(that.compareTo(zero)==-1)
			{
				that=that.neg();
				flipflag=1;
			}
			for(BTernary i=new BTernary(1);i.compareTo(that)<1;i=i.add(one))
				mul=mul.add(this);
			
			if(flipflag==1)
				mul=mul.neg();
			return mul;
		}
		
		public boolean equals(BTernary that)
		{
			return this.value.equals(that.value);
		}
		public int compareTo(BTernary that)
		{
			if(this.intValue()>that.intValue())
				return 1;
			else if(this.equals(that))
				return 0;
			 return -1;
		}
		
		public String toString()
		{
			return value;
		}
	}
}
"
14098,Minimum positive multiple in base 10 using only 0 and 1,"import java.math.BigInteger;
import java.util.ArrayList;
import java.util.List;



public class MinimumNumberOnlyZeroAndOne {

    public static void main(String[] args) {
        for ( int n : getTestCases() ) {
            BigInteger result = getA004290(n);
            System.out.printf(""A004290(%d) = %s = %s * %s%n"", n, result, n, result.divide(BigInteger.valueOf(n)));
        }
    }
    
    private static List<Integer> getTestCases() {
        List<Integer> testCases = new ArrayList<>();
        for ( int i = 1 ; i <= 10 ; i++ ) {
            testCases.add(i);
        }
        for ( int i = 95 ; i <= 105 ; i++ ) {
            testCases.add(i);
        }
        for (int i : new int[] {297, 576, 594, 891, 909, 999, 1998, 2079, 2251, 2277, 2439, 2997, 4878} ) {
            testCases.add(i);
        }
        return testCases;
    }
    
    private static BigInteger getA004290(int n) {
        if ( n == 1 ) {
            return BigInteger.valueOf(1);
        }
        int[][] L = new int[n][n];
        for ( int i = 2 ; i < n ; i++ ) {
            L[0][i] = 0;
        }
        L[0][0] = 1;
        L[0][1] = 1;
        int m = 0;
        BigInteger ten = BigInteger.valueOf(10);
        BigInteger nBi = BigInteger.valueOf(n);
        while ( true ) {
            m++;
            
            if ( L[m-1][mod(ten.pow(m).negate(), nBi).intValue()] == 1 ) {
                break;
            }
            L[m][0] = 1;
            for ( int k = 1 ; k < n ; k++ ) {
                
                L[m][k] = Math.max(L[m-1][k], L[m-1][mod(BigInteger.valueOf(k).subtract(ten.pow(m)), nBi).intValue()]);
            }
            
        }
        
        
        BigInteger r = ten.pow(m);
        BigInteger k = mod(r.negate(), nBi);
        for ( int j = m-1 ; j >= 1 ; j-- ) {
            if ( L[j-1][k.intValue()] == 0 ) {
                
                
                r = r.add(ten.pow(j));
                k = mod(k.subtract(ten.pow(j)), nBi);
            }
        }
        if ( k.compareTo(BigInteger.ONE) == 0 ) {
            r = r.add(BigInteger.ONE);
        }
        return r;
    }

    private static BigInteger mod(BigInteger m, BigInteger n) {
        BigInteger result = m.mod(n);
        if ( result.compareTo(BigInteger.ZERO) < 0 ) {
            result = result.add(n);
        }
        return result;
    }

    @SuppressWarnings(""unused"")
    private static int mod(int m, int n) {
        int result = m % n;
        if ( result < 0 ) {
            result += n;
        }
        return result;
    }
    
    @SuppressWarnings(""unused"")
    private static int pow(int base, int exp) {
        return (int) Math.pow(base, exp);
    }
}
"
14122,Mersenne primes,"import java.math.BigInteger;

public class MersennePrimes {
    private static final int MAX = 20;

    private static final BigInteger ONE = BigInteger.ONE;
    private static final BigInteger TWO = BigInteger.valueOf(2);

    private static boolean isPrime(int n) {
        if (n < 2) return false;
        if (n % 2 == 0) return n == 2;
        if (n % 3 == 0) return n == 3;
        int d = 5;
        while (d * d <= n) {
            if (n % d == 0) return false;
            d += 2;
            if (n % d == 0) return false;
            d += 4;
        }
        return true;
    }

    public static void main(String[] args) {
        int count = 0;
        int p = 2;
        while (true) {
            BigInteger m = TWO.shiftLeft(p - 1).subtract(ONE);
            if (m.isProbablePrime(10)) {
                System.out.printf(""2 ^ %d - 1\n"", p);
                if (++count == MAX) break;
            }
            
            do {
                p = (p > 2) ? p + 2 : 3;
            } while (!isPrime(p));
        }
    }
}
"
14191,Nimber arithmetic,"import java.util.function.IntBinaryOperator;

public class Nimber {
    public static void main(String[] args) {
        printTable(15, '+', (x, y) -> nimSum(x, y));
        System.out.println();
        printTable(15, '*', (x, y) -> nimProduct(x, y));
        System.out.println();

        int a = 21508, b = 42689;
        System.out.println(a + "" + "" + b +  "" = "" + nimSum(a, b));
        System.out.println(a + "" * "" + b +  "" = "" + nimProduct(a, b));
    }

    
    public static int nimSum(int x, int y) {
        return x ^ y;
    }

    
    public static int nimProduct(int x, int y) {
        if (x < 2 || y < 2)
            return x * y;
        int h = hpo2(x);
        if (x > h)
            return nimProduct(h, y) ^ nimProduct(x ^ h, y);
        if (hpo2(y) < y)
            return nimProduct(y, x);
        int xp = lhpo2(x), yp = lhpo2(y);
        int comp = xp & yp;
        if (comp == 0)
            return x * y;
        h = hpo2(comp);
        return nimProduct(nimProduct(x >> h, y >> h), 3 << (h - 1));
    }

    
    private static int hpo2(int n) {
        return n & -n;
    }
    
    
    private static int lhpo2(int n) {
        int q = 0, m = hpo2(n);
        for (; m % 2 == 0; m >>= 1, ++q) {}
        return q;
    }

    private static void printTable(int n, char op, IntBinaryOperator func) {
        System.out.print("" "" + op + "" |"");
        for (int a = 0; a <= n; ++a)
            System.out.printf(""%3d"", a);
        System.out.print(""\n--- -"");
        for (int a = 0; a <= n; ++a)
            System.out.print(""---"");
        System.out.println();
        for (int b = 0; b <= n; ++b) {
            System.out.printf(""%2d |"", b);
            for (int a = 0; a <= n; ++a)
                System.out.printf(""%3d"", func.applyAsInt(a, b));
            System.out.println();
        }
    }
}
"
14199,Loop over multiple arrays simultaneously,"module LoopOverMultipleArrays
    {
    @Inject Console console;

    void run()
        {
        Char[]   chars   = ['a', 'b', 'c'];
        String[] strings = [""A"", ""B"", ""C""];
        Int[]    ints    = [ 1,   2,   3 ];

        console.print(""Using array indexing:"");
        for (Int i = 0, Int longest = chars.size.maxOf(strings.size.maxOf(ints.size)); i < longest; ++i)
            {
            console.print($|{i < chars.size   ? chars[i].toString() : """"}\
                           |{i < strings.size ? strings[i]          : """"}\
                           |{i < ints.size    ? ints[i].toString()  : """"}
                         );
            }

        console.print(""\nUsing array iterators:"");
        val charIter   = chars.iterator();
        val stringIter = strings.iterator();
        val intIter    = ints.iterator();
        while (True)
            {
            StringBuffer buf = new StringBuffer();
            if (Char ch := charIter.next())
                {
                buf.add(ch);
                }
            if (String s := stringIter.next())
                {
                s.appendTo(buf);
                }
            if (Int n := intIter.next())
                {
                n.appendTo(buf);
                }
            if (buf.size == 0)
                {
                break;
                }
            console.print(buf);
            }
        }
    }
"
14264,Cycle detection,"import java.util.function.*;
import static java.util.stream.IntStream.*;

public class CycleDetection {

    public static void main(String[] args) {
        brent(i -> (i * i + 1) % 255, 3);
    }

    static void brent(IntUnaryOperator f, int x0) {
        int cycleLength;
        int hare = x0;
        FOUND:
        for (int power = 1; ; power *= 2) {
            int tortoise = hare;
            for (int i = 1; i <= power; i++) {
                hare = f.applyAsInt(hare);
                 if (tortoise == hare) {
                    cycleLength = i;
                    break FOUND;
                }
            }
        }

        hare = x0;
        for (int i = 0; i < cycleLength; i++)
            hare = f.applyAsInt(hare);

        int cycleStart = 0;
        for (int tortoise = x0; tortoise != hare; cycleStart++) {
            tortoise = f.applyAsInt(tortoise);
            hare = f.applyAsInt(hare);
        }

        printResult(x0, f, cycleLength, cycleStart);
    }

    static void printResult(int x0, IntUnaryOperator f, int len, int start) {
        System.out.printf(""Cycle length: %d%nCycle: "", len);
        iterate(x0, f).skip(start).limit(len)
                .forEach(n -> System.out.printf(""%s "", n));
    }
}
"
14292,Binary search,"public class BinarySearchIterative {

    public static int binarySearch(int[] nums, int check) {
        int hi = nums.length - 1;
        int lo = 0;
        while (hi >= lo) {
            int guess = (lo + hi) >>> 1;  
            if (nums[guess] > check) {
                hi = guess - 1;
            } else if (nums[guess] < check) {
                lo = guess + 1;
            } else {
                return guess;
            }
        }
        return -1;
    }

    public static void main(String[] args) {
        int[] haystack = {1, 5, 6, 7, 8, 11};
        int needle = 5;
        int index = binarySearch(haystack, needle);
        if (index == -1) {
            System.out.println(needle + "" is not in the array"");
        } else {
            System.out.println(needle + "" is at index "" + index);
        }
    }
}
"
14322,Power set,"public static ArrayList<String> getpowerset(int a[],int n,ArrayList<String> ps)
    {
        if(n<0)
        {
            return null;
        }
        if(n==0)
        {
            if(ps==null)
                ps=new ArrayList<String>();
            ps.add("" "");
            return ps;
        }
        ps=getpowerset(a, n-1, ps);
        ArrayList<String> tmp=new ArrayList<String>();
        for(String s:ps)
        {
            if(s.equals("" ""))
                tmp.add(""""+a[n-1]);
            else
                tmp.add(s+a[n-1]);
        }
        ps.addAll(tmp);
        return ps;
    }
"
14354,Determine if a string is collapsible,"

public class StringCollapsible {

    public static void main(String[] args) {
        for ( String s : new String[] {
              """", 
              ""\""If I were two-faced, would I be wearing this one?\"" --- Abraham Lincoln "", 
              ""..1111111111111111111111111111111111111111111111111111111111111117777888"", 
              ""I never give 'em hell, I just tell the truth, and they think it's hell. "", 
              ""                                                    --- Harry S Truman  "",
              ""122333444455555666666777777788888888999999999"",
              ""The better the 4-wheel drive, the further you'll be from help when ya get stuck!"",
              ""headmistressship""}) {
            String result = collapse(s);
            System.out.printf(""old:  %2d <<<%s>>>%nnew:  %2d <<<%s>>>%n%n"", s.length(), s, result.length(), result);
        }
    }
    
    private static String collapse(String in) {
        StringBuilder sb = new StringBuilder();
        for ( int i = 0 ; i < in.length() ; i++ ) {
            if ( i == 0 || in.charAt(i-1) != in.charAt(i) ) {
                sb.append(in.charAt(i));
            }
        }
        return sb.toString();
    }

}
"
14417,Pan base non-primes,"public class PanBaseNonPrimes {
    public static void main(String[] args) {
        System.out.printf(""First 50 prime pan-base composites:\n"");
        int count = 0;
        for (long n = 2; count < 50; ++n) {
            if (isPanBaseNonPrime(n)) {
                ++count;
                System.out.printf(""%3d%c"", n, count % 10 == 0 ? '\n' : ' ');
            }
        }
    
        System.out.printf(""\nFirst 20 odd prime pan-base composites:\n"");
        count = 0;
        for (long n = 3; count < 20; n += 2) {
            if (isPanBaseNonPrime(n)) {
                ++count;
                System.out.printf(""%3d%c"", n, count % 10 == 0 ? '\n' : ' ');
            }
        }
    
        final long limit = 10000;
        count = 0;
        int odd = 0;
        for (long n = 2; n <= limit; ++n) {
            if (isPanBaseNonPrime(n)) {
                ++count;
                if (n % 2 == 1)
                    ++odd;
            }
        }
    
        System.out.printf(""\nCount of pan-base composites up to and including %d: %d\n"",
                            limit, count);
        double percent = 100.0 * odd / count;
        System.out.printf(""Percent odd  up to and including %d: %f\n"",
                            limit, percent);
        System.out.printf(""Percent even up to and including %d: %f\n"",
                            limit, 100.0 - percent);
    }

    private static boolean isPanBaseNonPrime(long n) {
        if (n < 10)
            return !isPrime(n);
        if (n > 10 && n % 10 == 0)
            return true;
        byte[] d = new byte[20];
        int count = digits(n, d);
        byte max_digit = 0;
        for (int i = 0; i < count; ++i) {
            if (max_digit < d[i])
                max_digit = d[i];
        }
        for (long base = max_digit + 1; base <= n; ++base) {
            if (isPrime(fromDigits(d, count, base)))
                return false;
        }
        return true;
    }

    private static final long[] WHEEL = {4, 2, 4, 2, 4, 6, 2, 6};

    private static boolean isPrime(long n) {
        if (n < 2)
            return false;
        if (n % 2 == 0)
            return n == 2;
        if (n % 3 == 0)
            return n == 3;
        if (n % 5 == 0)
            return n == 5;
        for (long p = 7;;) {
            for (int i = 0; i < 8; ++i) {
                if (p * p > n)
                    return true;
                if (n % p == 0)
                    return false;
                p += WHEEL[i];
            }
        }
    }

    
    private static int digits(long n, byte[] d) {
        int count = 0;
        for (; n > 0 && count < d.length; n /= 10, ++count)
            d[count] = (byte)(n % 10);
        return count;
    }

    
    private static long fromDigits(byte[] a, int count, long base) {
        long n = 0;
        while (count-- > 0)
            n = n * base + a[count];
        return n;
    }
}
"
14420,Permutations_Derangements,"import java.util.ArrayList;
import java.util.Arrays;
import java.util.List;

public class Derangement {

    public static void main(String[] args) {
        System.out.println(""derangements for n = 4\n"");
        for (Object d  : (ArrayList)(derangements(4, false)[0])) {
            System.out.println(Arrays.toString((int[])d));
        }
        
        System.out.println(""\ntable of n vs counted vs calculated derangements\n"");
        for (int i = 0; i < 10; i++) {
            int d = ((Integer)derangements(i, true)[1]).intValue();
            System.out.printf(""%d  %-7d %-7d\n"", i, d, subfact(i));
        }
        
        System.out.printf (""\n!20 = %20d\n"", subfact(20L));
    }

    static Object[] derangements(int n, boolean countOnly) {
        int[] seq = iota(n);
        int[] ori = Arrays.copyOf(seq, n);
        long tot = fact(n);

        List<int[]> all = new ArrayList<int[]>();
        int cnt = n == 0 ? 1 : 0;

        while (--tot > 0) {
            int j = n - 2;
            while (seq[j] > seq[j + 1]) {
                j--;
            }
            int k = n - 1;
            while (seq[j] > seq[k]) {
                k--;
            }
            swap(seq, k, j);

            int r = n - 1;
            int s = j + 1;
            while (r > s) {
                swap(seq, s, r);
                r--;
                s++;
            }

            j = 0;
            while (j < n && seq[j] != ori[j]) {
                j++;
            }
            if (j == n) {
                if (countOnly) {
                    cnt++;
                } else {
                    all.add(Arrays.copyOf(seq, n));
                }
            }
        }
        return new Object[]{all, cnt};
    }

    static long fact(long n) {
        long result = 1;
        for (long i = 2; i <= n; i++) {
            result *= i;
        }
        return result;
    }

    static long subfact(long n) {
        if (0 <= n && n <= 2) {
            return n != 1 ? 1 : 0;
        }
        return (n - 1) * (subfact(n - 1) + subfact(n - 2));
    }

    static void swap(int[] arr, int lhs, int rhs) {
        int tmp = arr[lhs];
        arr[lhs] = arr[rhs];
        arr[rhs] = tmp;
    }

    static int[] iota(int n) {
        if (n < 0) {
            throw new IllegalArgumentException(""iota cannot accept < 0"");
        }
        int[] r = new int[n];
        for (int i = 0; i < n; i++) {
            r[i] = i;
        }
        return r;
    }
}
"
14443,IBAN,"import java.math.BigInteger;
import java.util.*;

public class IBAN {
    private static final String DEFSTRS = """"
            + ""AL28 AD24 AT20 AZ28 BE16 BH22 BA20 BR29 BG22 ""
            + ""HR21 CY28 CZ24 DK18 DO28 EE20 FO18 FI18 FR27 GE22 DE22 GI23 ""
            + ""GL18 GT28 HU28 IS26 IE22 IL23 IT27 KZ20 KW30 LV21 LB28 LI21 ""
            + ""LT20 LU20 MK19 MT31 MR27 MU30 MC27 MD24 ME22 NL18 NO15 PK24 ""
            + ""PS29 PL28 PT25 RO24 SM27 SA24 RS22 SK24 SI19 ES24 SE24 CH21 ""
            + ""TN24 TR26 AE23 GB22 VG24 GR27 CR21"";
    private static final Map<String, Integer> DEFINITIONS = new HashMap<>();

    static {
        for (String definition : DEFSTRS.split("" ""))
            DEFINITIONS.put(definition.substring(0, 2), Integer.parseInt(definition.substring(2)));
    }

    public static void main(String[] args) {
        String[] ibans = {
                ""GB82 WEST 1234 5698 7654 32"",
                ""GB82 TEST 1234 5698 7654 32"",
                ""GB81 WEST 1234 5698 7654 32"",
                ""SA03 8000 0000 6080 1016 7519"",
                ""CH93 0076 2011 6238 5295 7"",
                ""XX00 0000"",
                """",
                ""DE"",
                ""DE13 äöü_ 1234 1234 1234 12""};
        for (String iban : ibans)
            System.out.printf(""%s is %s.%n"", iban, validateIBAN(iban) ? ""valid"" : ""not valid"");
    }

    static boolean validateIBAN(String iban) {
        iban = iban.replaceAll(""\\s"", """").toUpperCase(Locale.ROOT);

        int len = iban.length();
        if (len < 4 || !iban.matches(""[0-9A-Z]+"") || DEFINITIONS.getOrDefault(iban.substring(0, 2), 0) != len)
            return false;

        iban = iban.substring(4) + iban.substring(0, 4);

        StringBuilder sb = new StringBuilder();
        for (int i = 0; i < len; i++)
            sb.append(Character.digit(iban.charAt(i), 36));

        BigInteger bigInt = new BigInteger(sb.toString());

        return bigInt.mod(BigInteger.valueOf(97)).intValue() == 1;
    }
}
"
14495,Safe primes and unsafe primes,"public class SafePrimes {
    public static void main(String... args) {
        
        int SIEVE_SIZE = 10_000_000;
        boolean[] isComposite = new boolean[SIEVE_SIZE];
        
        isComposite[0] = true;
        isComposite[1] = true;
        for (int n = 2; n < SIEVE_SIZE; n++) {
            if (isComposite[n]) {
                continue;
            }
            for (int i = n * 2; i < SIEVE_SIZE; i += n) {
                isComposite[i] = true;
            }
        }
        
        int oldSafePrimeCount = 0;
        int oldUnsafePrimeCount = 0;
        int safePrimeCount = 0;
        int unsafePrimeCount = 0;
        StringBuilder safePrimes = new StringBuilder();
        StringBuilder unsafePrimes = new StringBuilder();
        int safePrimesStrCount = 0;
        int unsafePrimesStrCount = 0;
        for (int n = 2; n < SIEVE_SIZE; n++) {
            if (n == 1_000_000) {
                oldSafePrimeCount = safePrimeCount;
                oldUnsafePrimeCount = unsafePrimeCount;
            }
            if (isComposite[n]) {
                continue;
            }
            boolean isUnsafe = isComposite[(n - 1) >>> 1];
            if (isUnsafe) {
                if (unsafePrimeCount < 40) {
                    if (unsafePrimeCount > 0) {
                        unsafePrimes.append("", "");
                    }
                    unsafePrimes.append(n);
                    unsafePrimesStrCount++;
                }
                unsafePrimeCount++;
            }
            else {
                if (safePrimeCount < 35) {
                    if (safePrimeCount > 0) {
                        safePrimes.append("", "");
                    }
                    safePrimes.append(n);
                    safePrimesStrCount++;
                }
                safePrimeCount++;
            }
        }
        
        System.out.println(""First "" + safePrimesStrCount + "" safe primes: "" + safePrimes.toString());
        System.out.println(""Number of safe primes below 1,000,000: "" + oldSafePrimeCount);
        System.out.println(""Number of safe primes below 10,000,000: "" + safePrimeCount);
        System.out.println(""First "" + unsafePrimesStrCount + "" unsafe primes: "" + unsafePrimes.toString());
        System.out.println(""Number of unsafe primes below 1,000,000: "" + oldUnsafePrimeCount);
        System.out.println(""Number of unsafe primes below 10,000,000: "" + unsafePrimeCount);
        
        return;
    }
}
"
14519,Nice primes,"public class NicePrimes {
    private static boolean isPrime(long n) {
        if (n < 2) {
            return false;
        }
        if (n % 2 == 0L) {
            return n == 2L;
        }
        if (n % 3 == 0L) {
            return n == 3L;
        }

        var p = 5L;
        while (p * p <= n) {
            if (n % p == 0L) {
                return false;
            }
            p += 2;
            if (n % p == 0L) {
                return false;
            }
            p += 4;
        }
        return true;
    }

    private static long digitalRoot(long n) {
        if (n == 0) {
            return 0;
        }
        return 1 + (n - 1) % 9;
    }

    public static void main(String[] args) {
        final long from = 500;
        final long to = 1000;
        int count = 0;

        System.out.printf(""Nice primes between %d and %d%n"", from, to);
        long n = from;
        while (n < to) {
            if (isPrime(digitalRoot(n)) && isPrime(n)) {
                count++;
                System.out.print(n);
                if (count % 10 == 0) {
                    System.out.println();
                } else {
                    System.out.print(' ');
                }
            }

            n++;
        }
        System.out.println();
        System.out.printf(""%d nice primes found.%n"", count);
    }
}
"
14540,Birthday problem,"import static java.util.Arrays.stream;
import java.util.Random;

public class Test {

    static double equalBirthdays(int nSharers, int groupSize, int nRepetitions) {
        Random rand = new Random(1);

        int eq = 0;

        for (int i = 0; i < nRepetitions; i++) {
            int[] group = new int[365];
            for (int j = 0; j < groupSize; j++)
                group[rand.nextInt(group.length)]++;
            eq += stream(group).anyMatch(c -> c >= nSharers) ? 1 : 0;
        }

        return (eq * 100.0) / nRepetitions;
    }

    public static void main(String[] a) {

        int groupEst = 2;

        for (int sharers = 2; sharers < 6; sharers++) {
            
            int groupSize = groupEst + 1;
            while (equalBirthdays(sharers, groupSize, 100) < 50.0)
                groupSize++;

            
            int inf = (int) (groupSize - (groupSize - groupEst) / 4.0);
            for (int gs = inf; gs < groupSize + 999; gs++) {
                double eq = equalBirthdays(sharers, groupSize, 250);
                if (eq > 50.0) {
                    groupSize = gs;
                    break;
                }
            }

            
            for (int gs = groupSize - 1; gs < groupSize + 999; gs++) {
                double eq = equalBirthdays(sharers, gs, 50_000);
                if (eq > 50.0) {
                    groupEst = gs;
                    System.out.printf(""%d independent people in a group of ""
                            + ""%s share a common birthday. (%5.1f)%n"",
                            sharers, gs, eq);
                    break;
                }
            }
        }
    }
}
"
14566,Non-decimal radices_Input,"Scanner sc = new Scanner(System.in); 
sc.useRadix(base); 
sc.nextInt(); 
"
14602,Attractive numbers,"public class Attractive {

    static boolean is_prime(int n) {
        if (n < 2) return false;
        if (n % 2 == 0) return n == 2;
        if (n % 3 == 0) return n == 3;
        int d = 5;
        while (d *d <= n) {
            if (n % d == 0) return false;
            d += 2;
            if (n % d == 0) return false;
            d += 4;
        }
        return true;
    }

    static int count_prime_factors(int n) {
        if (n == 1) return 0;
        if (is_prime(n)) return 1;
        int count = 0, f = 2;
        while (true) {
            if (n % f == 0) {
                count++;
                n /= f;
                if (n == 1) return count;
                if (is_prime(n)) f = n;
            }
            else if (f >= 3) f += 2;
            else f = 3;
        }
    }

    public static void main(String[] args) {
        final int max = 120;
        System.out.printf(""The attractive numbers up to and including %d are:\n"", max);
        for (int i = 1, count = 0; i <= max; ++i) {
            int n = count_prime_factors(i);
            if (is_prime(n)) {
                System.out.printf(""%4d"", i);
                if (++count % 20 == 0) System.out.println();
            }
        }
        System.out.println();
    }
}
"
14628,Stable marriage problem,"import java.util.*;

public class Stable {
    static List<String> guys = Arrays.asList(
            new String[]{
        ""abe"", ""bob"", ""col"", ""dan"", ""ed"", ""fred"", ""gav"", ""hal"", ""ian"", ""jon""});
    static List<String> girls = Arrays.asList(
            new String[]{
        ""abi"", ""bea"", ""cath"", ""dee"", ""eve"", ""fay"", ""gay"", ""hope"", ""ivy"", ""jan""});
    static Map<String, List<String>> guyPrefers =
            new HashMap<String, List<String>>(){{
        put(""abe"",
            Arrays.asList(""abi"", ""eve"", ""cath"", ""ivy"", ""jan"", ""dee"", ""fay"",
            ""bea"", ""hope"", ""gay""));
        put(""bob"",
            Arrays.asList(""cath"", ""hope"", ""abi"", ""dee"", ""eve"", ""fay"", ""bea"",
            ""jan"", ""ivy"", ""gay""));
        put(""col"",
            Arrays.asList(""hope"", ""eve"", ""abi"", ""dee"", ""bea"", ""fay"", ""ivy"",
            ""gay"", ""cath"", ""jan""));
        put(""dan"",
            Arrays.asList(""ivy"", ""fay"", ""dee"", ""gay"", ""hope"", ""eve"", ""jan"",
            ""bea"", ""cath"", ""abi""));
        put(""ed"",
            Arrays.asList(""jan"", ""dee"", ""bea"", ""cath"", ""fay"", ""eve"", ""abi"",
            ""ivy"", ""hope"", ""gay""));
        put(""fred"",
            Arrays.asList(""bea"", ""abi"", ""dee"", ""gay"", ""eve"", ""ivy"", ""cath"",
            ""jan"", ""hope"", ""fay""));
        put(""gav"",
            Arrays.asList(""gay"", ""eve"", ""ivy"", ""bea"", ""cath"", ""abi"", ""dee"",
            ""hope"", ""jan"", ""fay""));
        put(""hal"",
            Arrays.asList(""abi"", ""eve"", ""hope"", ""fay"", ""ivy"", ""cath"", ""jan"",
            ""bea"", ""gay"", ""dee""));
        put(""ian"",
            Arrays.asList(""hope"", ""cath"", ""dee"", ""gay"", ""bea"", ""abi"", ""fay"",
            ""ivy"", ""jan"", ""eve""));
        put(""jon"",
            Arrays.asList(""abi"", ""fay"", ""jan"", ""gay"", ""eve"", ""bea"", ""dee"",
            ""cath"", ""ivy"", ""hope""));
    }};
    static Map<String, List<String>> girlPrefers =
            new HashMap<String, List<String>>(){{
        put(""abi"",
            Arrays.asList(""bob"", ""fred"", ""jon"", ""gav"", ""ian"", ""abe"", ""dan"",
            ""ed"", ""col"", ""hal""));
        put(""bea"",
            Arrays.asList(""bob"", ""abe"", ""col"", ""fred"", ""gav"", ""dan"", ""ian"",
            ""ed"", ""jon"", ""hal""));
        put(""cath"",
            Arrays.asList(""fred"", ""bob"", ""ed"", ""gav"", ""hal"", ""col"", ""ian"",
            ""abe"", ""dan"", ""jon""));
        put(""dee"",
            Arrays.asList(""fred"", ""jon"", ""col"", ""abe"", ""ian"", ""hal"", ""gav"",
            ""dan"", ""bob"", ""ed""));
        put(""eve"",
            Arrays.asList(""jon"", ""hal"", ""fred"", ""dan"", ""abe"", ""gav"", ""col"",
            ""ed"", ""ian"", ""bob""));
        put(""fay"",
            Arrays.asList(""bob"", ""abe"", ""ed"", ""ian"", ""jon"", ""dan"", ""fred"",
            ""gav"", ""col"", ""hal""));
        put(""gay"",
            Arrays.asList(""jon"", ""gav"", ""hal"", ""fred"", ""bob"", ""abe"", ""col"",
            ""ed"", ""dan"", ""ian""));
        put(""hope"",
            Arrays.asList(""gav"", ""jon"", ""bob"", ""abe"", ""ian"", ""dan"", ""hal"",
            ""ed"", ""col"", ""fred""));
        put(""ivy"",
            Arrays.asList(""ian"", ""col"", ""hal"", ""gav"", ""fred"", ""bob"", ""abe"",
            ""ed"", ""jon"", ""dan""));
        put(""jan"",
            Arrays.asList(""ed"", ""hal"", ""gav"", ""abe"", ""bob"", ""jon"", ""col"",
            ""ian"", ""fred"", ""dan""));
    }};
    public static void main(String[] args){
        Map<String, String> matches = match(guys, guyPrefers, girlPrefers);
        for(Map.Entry<String, String> couple:matches.entrySet()){
            System.out.println(
                    couple.getKey() + "" is engaged to "" + couple.getValue());
        }
        if(checkMatches(guys, girls, matches, guyPrefers, girlPrefers)){
            System.out.println(""Marriages are stable"");
        }else{
            System.out.println(""Marriages are unstable"");
        }
        String tmp = matches.get(girls.get(0));
        matches.put(girls.get(0), matches.get(girls.get(1)));
        matches.put(girls.get(1), tmp);
        System.out.println(
                girls.get(0) +"" and "" + girls.get(1) + "" have switched partners"");
        if(checkMatches(guys, girls, matches, guyPrefers, girlPrefers)){
            System.out.println(""Marriages are stable"");
        }else{
            System.out.println(""Marriages are unstable"");
        }
    }

    private static Map<String, String> match(List<String> guys,
            Map<String, List<String>> guyPrefers,
            Map<String, List<String>> girlPrefers){
        Map<String, String> engagedTo = new TreeMap<String, String>();
        List<String> freeGuys = new LinkedList<String>();
        freeGuys.addAll(guys);
        while(!freeGuys.isEmpty()){
            String thisGuy = freeGuys.remove(0); 
            List<String> thisGuyPrefers = guyPrefers.get(thisGuy);
            for(String girl:thisGuyPrefers){
                if(engagedTo.get(girl) == null){
                    engagedTo.put(girl, thisGuy); 
                    break;
                }else{
                    String otherGuy = engagedTo.get(girl);
                    List<String> thisGirlPrefers = girlPrefers.get(girl);
                    if(thisGirlPrefers.indexOf(thisGuy) <
                            thisGirlPrefers.indexOf(otherGuy)){
                        
                        engagedTo.put(girl, thisGuy);
                        freeGuys.add(otherGuy);
                        break;
                    }
                }
            }
        }
        return engagedTo;
    }

    private static boolean checkMatches(List<String> guys, List<String> girls,
            Map<String, String> matches, Map<String, List<String>> guyPrefers,
            Map<String, List<String>> girlPrefers) {
        if(!matches.keySet().containsAll(girls)){
            return false;
        }

        if(!matches.values().containsAll(guys)){
            return false;
        }

        Map<String, String> invertedMatches = new TreeMap<String, String>();
        for(Map.Entry<String, String> couple:matches.entrySet()){
            invertedMatches.put(couple.getValue(), couple.getKey());
        }

        for(Map.Entry<String, String> couple:matches.entrySet()){
            List<String> shePrefers = girlPrefers.get(couple.getKey());
            List<String> sheLikesBetter = new LinkedList<String>();
            sheLikesBetter.addAll(shePrefers.subList(0, shePrefers.indexOf(couple.getValue())));
            List<String> hePrefers = guyPrefers.get(couple.getValue());
            List<String> heLikesBetter = new LinkedList<String>();
            heLikesBetter.addAll(hePrefers.subList(0, hePrefers.indexOf(couple.getKey())));

            for(String guy : sheLikesBetter){
                String guysFinace = invertedMatches.get(guy);
                List<String> thisGuyPrefers = guyPrefers.get(guy);
                if(thisGuyPrefers.indexOf(guysFinace) >
                        thisGuyPrefers.indexOf(couple.getKey())){
                    System.out.printf(""%s likes %s better than %s and %s""
                            + "" likes %s better than their current partner\n"",
                       couple.getKey(), guy, couple.getValue(),
                       guy, couple.getKey());
                    return false;
                }
            }

            for(String girl : heLikesBetter){
                String girlsFinace = matches.get(girl);
                List<String> thisGirlPrefers = girlPrefers.get(girl);
                if(thisGirlPrefers.indexOf(girlsFinace) >
                        thisGirlPrefers.indexOf(couple.getValue())){
                    System.out.printf(""%s likes %s better than %s and %s""
                            + "" likes %s better than their current partner\n"",
                       couple.getValue(), girl, couple.getKey(),
                       girl, couple.getValue());
                    return false;
                }
            }
        }
        return true;
    }
}
"
14632,Old lady swallowed a fly,"public class OldLadySwallowedAFly {

    final static String[] data = {
        ""_ha _c _e _p,/Quite absurd_f_p;_`cat,/Fancy that_fcat;_j`dog,/What a hog""
        + ""_fdog;_l`pig,/Her mouth_qso big_fpig;_d_r,/She just opened her throat_f_""
        + ""r;_icow,/_mhow she_ga cow;_k_o,/It_qrather wonky_f_o;_a_o_bcow,_khorse..""
        + ""./She's dead, of course!/"", ""_a_p_b_e "", ""/S_t "", "" to catch the "", ""fly,/Bu""
        + ""t _mwhy s_t fly,/Perhaps she'll die!
        + ""t wr_nj_ntickled inside her;_aspider_b_c"", "", to_s a "", ""_sed "", ""There_qan""
        + "" old lady who_g"", ""_a_r_bpig,_d"", ""_acat_b_p,_"", ""_acow_b_r,_i"", ""_adog_bcat""
        + "",_j"", ""I don't know "", ""iggled and "", ""donkey"", ""bird"", "" was "", ""goat"", "" swal""
        + ""low"", ""he_gthe""};

    static boolean oldLady(String part, boolean s) {
        for (char c : part.toCharArray()) {
            if (s)
                s = oldLady(data[c - '_'], false);
            else if (c == '_')
                s = true;
            else
                System.out.print(c == '/' ? '\n' : c);
        }
        return s;
    }

    public static void main(String[] args) {
        oldLady(data[0], false);
    }
}
"
14669,Haversine formula,"public class Haversine {
    public static final double R = 6372.8; 

    public static double haversine(double lat1, double lon1, double lat2, double lon2) {
        lat1 = Math.toRadians(lat1);
        lat2 = Math.toRadians(lat2);
        double dLat = lat2 - lat1;
        double dLon = Math.toRadians(lon2 - lon1);

        double a = Math.pow(Math.sin(dLat / 2), 2) + Math.pow(Math.sin(dLon / 2), 2) * Math.cos(lat1) * Math.cos(lat2);
        double c = 2 * Math.asin(Math.sqrt(a));
        return R * c;
    }

    public static void main(String[] args) {
        System.out.println(haversine(36.12, -86.67, 33.94, -118.40));
    }
}
"
14736,Lucas-Lehmer test,"import java.math.BigInteger;
public class Mersenne
{

    public static boolean isPrime(int p) {
        if (p == 2)
            return true;
        else if (p <= 1 || p % 2 == 0)
            return false;
        else {
            int to = (int)Math.sqrt(p);
            for (int i = 3; i <= to; i += 2)
                if (p % i == 0)
                    return false;
            return true;
        }
    }

    public static boolean isMersennePrime(int p) {
        if (p == 2)
            return true;
        else {
            BigInteger m_p = BigInteger.ONE.shiftLeft(p).subtract(BigInteger.ONE);
            BigInteger s = BigInteger.valueOf(4);
            for (int i = 3; i <= p; i++)
                s = s.multiply(s).subtract(BigInteger.valueOf(2)).mod(m_p);
            return s.equals(BigInteger.ZERO);
        }
    }

    
    public static void main(String[] args) {
        int upb;
        if (args.length == 0)
            upb = 500;
        else
            upb = Integer.parseInt(args[0]);

        System.out.print("" Finding Mersenne primes in M[2.."" + upb + ""]:\nM2 "");
        for (int p = 3; p <= upb; p += 2)
            if (isPrime(p) && isMersennePrime(p))
                System.out.print("" M"" + p);
        System.out.println();
    }
}
"
14758,File modification time,"import java.io.File;
import java.util.Date;
public class FileModificationTimeTest {
   public static void test(String type, File file) {
       long t = file.lastModified();
       System.out.println(""The following "" + type + "" called "" + file.getPath() +
            (t == 0 ? "" does not exist."" : "" was modified at "" + new Date(t).toString() )
       );
       System.out.println(""The following "" + type + "" called "" + file.getPath() + 
            (!file.setLastModified(System.currentTimeMillis()) ? "" does not exist."" : "" was modified to current time."" )
       );
       System.out.println(""The following "" + type + "" called "" + file.getPath() + 
            (!file.setLastModified(t) ? "" does not exist."" : "" was modified to previous time."" )
       );
   }
   public static void main(String args[]) {
       test(""file"", new File(""output.txt""));
       test(""directory"", new File(""docs""));
   }
}
"
14791,Polynomial regression,"import java.util.Arrays;
import java.util.function.IntToDoubleFunction;
import java.util.stream.IntStream;

public class PolynomialRegression {
    private static void polyRegression(int[] x, int[] y) {
        int n = x.length;
        double xm = Arrays.stream(x).average().orElse(Double.NaN);
        double ym = Arrays.stream(y).average().orElse(Double.NaN);
        double x2m = Arrays.stream(x).map(a -> a * a).average().orElse(Double.NaN);
        double x3m = Arrays.stream(x).map(a -> a * a * a).average().orElse(Double.NaN);
        double x4m = Arrays.stream(x).map(a -> a * a * a * a).average().orElse(Double.NaN);
        double xym = 0.0;
        for (int i = 0; i < x.length && i < y.length; ++i) {
            xym += x[i] * y[i];
        }
        xym /= Math.min(x.length, y.length);
        double x2ym = 0.0;
        for (int i = 0; i < x.length && i < y.length; ++i) {
            x2ym += x[i] * x[i] * y[i];
        }
        x2ym /= Math.min(x.length, y.length);

        double sxx = x2m - xm * xm;
        double sxy = xym - xm * ym;
        double sxx2 = x3m - xm * x2m;
        double sx2x2 = x4m - x2m * x2m;
        double sx2y = x2ym - x2m * ym;

        double b = (sxy * sx2x2 - sx2y * sxx2) / (sxx * sx2x2 - sxx2 * sxx2);
        double c = (sx2y * sxx - sxy * sxx2) / (sxx * sx2x2 - sxx2 * sxx2);
        double a = ym - b * xm - c * x2m;

        IntToDoubleFunction abc = (int xx) -> a + b * xx + c * xx * xx;

        System.out.println(""y = "" + a + "" + "" + b + ""x + "" + c + ""x^2"");
        System.out.println("" Input  Approximation"");
        System.out.println("" x   y     y1"");
        for (int i = 0; i < n; ++i) {
            System.out.printf(""%2d %3d  %5.1f\n"", x[i], y[i], abc.applyAsDouble(x[i]));
        }
    }

    public static void main(String[] args) {
        int[] x = IntStream.range(0, 11).toArray();
        int[] y = new int[]{1, 6, 17, 34, 57, 86, 121, 162, 209, 262, 321};
        polyRegression(x, y);
    }
}
"
14817,Runge-Kutta method,"import static java.lang.Math.*;
import java.util.function.BiFunction;

public class RungeKutta {

    static void runge(BiFunction<Double, Double, Double> yp_func, double[] t,
            double[] y, double dt) {

        for (int n = 0; n < t.length - 1; n++) {
            double dy1 = dt * yp_func.apply(t[n], y[n]);
            double dy2 = dt * yp_func.apply(t[n] + dt / 2.0, y[n] + dy1 / 2.0);
            double dy3 = dt * yp_func.apply(t[n] + dt / 2.0, y[n] + dy2 / 2.0);
            double dy4 = dt * yp_func.apply(t[n] + dt, y[n] + dy3);
            t[n + 1] = t[n] + dt;
            y[n + 1] = y[n] + (dy1 + 2.0 * (dy2 + dy3) + dy4) / 6.0;
        }
    }

    static double calc_err(double t, double calc) {
        double actual = pow(pow(t, 2.0) + 4.0, 2) / 16.0;
        return abs(actual - calc);
    }

    public static void main(String[] args) {
        double dt = 0.10;
        double[] t_arr = new double[101];
        double[] y_arr = new double[101];
        y_arr[0] = 1.0;

        runge((t, y) -> t * sqrt(y), t_arr, y_arr, dt);

        for (int i = 0; i < t_arr.length; i++)
            if (i % 10 == 0)
                System.out.printf(""y(%.1f) = %.8f Error: %.6f%n"",
                        t_arr[i], y_arr[i],
                        calc_err(t_arr[i], y_arr[i]));
    }
}
"
14838,Monty Hall problem,"import java.util.Random;
public class Monty{
	public static void main(String[] args){
		int switchWins = 0;
		int stayWins = 0;
		Random gen = new Random();
		for(int plays = 0;plays < 32768;plays++ ){
			int[] doors = {0,0,0};
			doors[gen.nextInt(3)] = 1;
			int choice = gen.nextInt(3); 
			int shown; 
			do{
				shown = gen.nextInt(3);
			
			}while(doors[shown] == 1 || shown == choice);
			
			stayWins += doors[choice];
			
			
			switchWins += doors[3 - choice - shown];
		}
		System.out.println(""Switching wins "" + switchWins + "" times."");
		System.out.println(""Staying wins "" + stayWins + "" times."");
	}
}
"
14864,Color of a screen pixel,"public static Color getColorAt(int x, int y){
   return new Robot().getPixelColor(x, y);
}
"
14897,Count in factors,"public class CountingInFactors{ 
    public static void main(String[] args){
        for(int i = 1; i<= 10; i++){
            System.out.println(i + "" = ""+ countInFactors(i));
        }
 
        for(int i = 9991; i <= 10000; i++){
        	System.out.println(i + "" = ""+ countInFactors(i));
        }
    }
 
    private static String countInFactors(int n){
        if(n == 1) return ""1"";
 
        StringBuilder sb = new StringBuilder();
 
        n = checkFactor(2, n, sb);
        if(n == 1) return sb.toString();
 
        n = checkFactor(3, n, sb);
        if(n == 1) return sb.toString();
 
        for(int i = 5; i <= n; i+= 2){
            if(i % 3 == 0)continue;
 
            n = checkFactor(i, n, sb);
            if(n == 1)break;
        }
 
        return sb.toString();
    }
 
    private static int checkFactor(int mult, int n, StringBuilder sb){
        while(n % mult == 0 ){
            if(sb.length() > 0) sb.append("" x "");
            sb.append(mult);
            n /= mult;
        }
        return n;
    }
}
"
14915,I before E except after C,"import java.io.BufferedReader;
import java.io.FileReader;

public class IbeforeE 
{
	public static void main(String[] args)
	{
		IbeforeE now=new IbeforeE();
		String wordlist=""unixdict.txt"";
		if(now.isPlausibleRule(wordlist))
			System.out.println(""Rule is plausible."");
		else
			System.out.println(""Rule is not plausible."");
	}
	boolean isPlausibleRule(String filename)
	{
		int truecount=0,falsecount=0;
		try
		{
			BufferedReader br=new BufferedReader(new FileReader(filename));
			String word;
			while((word=br.readLine())!=null)
			{
				if(isPlausibleWord(word))
					truecount++;
				else if(isOppPlausibleWord(word))
					falsecount++;
			}
			br.close();
		}
		catch(Exception e)
		{
			System.out.println(""Something went horribly wrong: ""+e.getMessage());
		}
		
		System.out.println(""Plausible count: ""+truecount);
		System.out.println(""Implausible count: ""+falsecount);
		if(truecount>2*falsecount)
			return true;
		return false;
	}
	boolean isPlausibleWord(String word)
	{
		if(!word.contains(""c"")&&word.contains(""ie""))
			return true;
		else if(word.contains(""cei""))
			return true;
		return false;
	}
	boolean isOppPlausibleWord(String word)
	{
		if(!word.contains(""c"")&&word.contains(""ei""))
			return true;
		else if(word.contains(""cie""))
			return true;
		return false;
	}
}
"
14958,Binary digits,"module BinaryDigits
    {
    @Inject Console console;
    void run()
        {
        Int[] tests = [0, 1, 5, 50, 9000];

        Int longestInt = tests.map(n -> n.estimateStringLength()).reduce(0, (max, len) -> max.maxOf(len));
        Int longestBin = tests.map(n -> (64-n.leadingZeroCount).maxOf(1)).reduce(0, (max, len) -> max.maxOf(len));

        function String(Int) num = n ->
            {
            Int indent = longestInt - n.estimateStringLength();
            return $""{' ' * indent}{n}"";
            };

        function String(Int) bin = n ->
            {
            Int index  = n.leadingZeroCount.minOf(63);
            Int indent = index - (64 - longestBin);
            val bits   = n.toBitArray()[index ..< 64];
            return $""{' ' * indent}{bits.toString().substring(2)}"";
            };

        for (Int test : tests)
            {
            console.print($""The decimal value {num(test)} should produce an output of {bin(test)}"");
            }
        }
    }
"
14975,Singly-linked list_Element insertion,"void insertNode(Node<T> anchor_node, Node<T> new_node)
{
    new_node.next = anchor_node.next;
    anchor_node.next = new_node;
}
"
15008,Chebyshev coefficients,"import static java.lang.Math.*;
import java.util.function.Function;

public class ChebyshevCoefficients {

    static double map(double x, double min_x, double max_x, double min_to,
            double max_to) {
        return (x - min_x) / (max_x - min_x) * (max_to - min_to) + min_to;
    }

    static void chebyshevCoef(Function<Double, Double> func, double min,
            double max, double[] coef) {

        int N = coef.length;

        for (int i = 0; i < N; i++) {

            double m = map(cos(PI * (i + 0.5f) / N), -1, 1, min, max);
            double f = func.apply(m) * 2 / N;

            for (int j = 0; j < N; j++) {
                coef[j] += f * cos(PI * j * (i + 0.5f) / N);
            }
        }
    }

    public static void main(String[] args) {
        final int N = 10;
        double[] c = new double[N];
        double min = 0, max = 1;
        chebyshevCoef(x -> cos(x), min, max, c);

        System.out.println(""Coefficients:"");
        for (double d : c)
            System.out.println(d);
    }
}
"
15091,Sum to 100,"
package rosettacode;

import java.io.PrintStream;
import java.util.Arrays;
import java.util.Collections;
import java.util.HashMap;
import java.util.HashSet;
import java.util.Iterator;
import java.util.Map;
import java.util.Set;

public class SumTo100 implements Runnable {

    public static void main(String[] args) {
        new SumTo100().run();
    }

    void print(int givenSum) {
        Expression expression = new Expression();
        for (int i = 0; i < Expression.NUMBER_OF_EXPRESSIONS; i++, expression.next()) {
            if (expression.toInt() == givenSum) {
                expression.print();
            }
        }
    }

    void comment(String commentString) {
        System.out.println();
        System.out.println(commentString);
        System.out.println();
    }

    @Override
    public void run() {
        final Stat stat = new Stat();

        comment(""Show all solutions that sum to 100"");
        final int givenSum = 100;
        print(givenSum);

        comment(""Show the sum that has the maximum number of solutions"");
        final int maxCount = Collections.max(stat.sumCount.keySet());
        int maxSum;
        Iterator<Integer> it = stat.sumCount.get(maxCount).iterator();
        do {
            maxSum = it.next();
        } while (maxSum < 0);
        System.out.println(maxSum + "" has "" + maxCount + "" solutions"");

        comment(""Show the lowest positive number that can't be expressed"");
        int value = 0;
        while (stat.countSum.containsKey(value)) {
            value++;
        }
        System.out.println(value);

        comment(""Show the ten highest numbers that can be expressed"");
        final int n = stat.countSum.keySet().size();
        final Integer[] sums = stat.countSum.keySet().toArray(new Integer[n]);
        Arrays.sort(sums);
        for (int i = n - 1; i >= n - 10; i--) {
            print(sums[i]);
        }
    }

    private static class Expression {

        private final static int NUMBER_OF_DIGITS = 9;
        private final static byte ADD = 0;
        private final static byte SUB = 1;
        private final static byte JOIN = 2;

        final byte[] code = new byte[NUMBER_OF_DIGITS];
        final static int NUMBER_OF_EXPRESSIONS = 2 * 3 * 3 * 3 * 3 * 3 * 3 * 3 * 3;

        Expression next() {
            for (int i = 0; i < NUMBER_OF_DIGITS; i++) {
                if (++code[i] > JOIN) {
                    code[i] = ADD;
                } else {
                    break;
                }
            }
            return this;
        }

        int toInt() {
            int value = 0;
            int number = 0;
            int sign = (+1);
            for (int digit = 1; digit <= 9; digit++) {
                switch (code[NUMBER_OF_DIGITS - digit]) {
                    case ADD:
                        value += sign * number;
                        number = digit;
                        sign = (+1);
                        break;
                    case SUB:
                        value += sign * number;
                        number = digit;
                        sign = (-1);
                        break;
                    case JOIN:
                        number = 10 * number + digit;
                        break;
                }
            }
            return value + sign * number;
        }

        @Override
        public String toString() {
            StringBuilder s = new StringBuilder(2 * NUMBER_OF_DIGITS + 1);
            for (int digit = 1; digit <= NUMBER_OF_DIGITS; digit++) {
                switch (code[NUMBER_OF_DIGITS - digit]) {
                    case ADD:
                        if (digit > 1) {
                            s.append('+');
                        }
                        break;
                    case SUB:
                        s.append('-');
                        break;
                }
                s.append(digit);
            }
            return s.toString();
        }

        void print() {
            print(System.out);
        }

        void print(PrintStream printStream) {
            printStream.format(""%9d"", this.toInt());
            printStream.println("" = "" + this);
        }
    }

    private static class Stat {

        final Map<Integer, Integer> countSum = new HashMap<>();
        final Map<Integer, Set<Integer>> sumCount = new HashMap<>();

        Stat() {
            Expression expression = new Expression();
            for (int i = 0; i < Expression.NUMBER_OF_EXPRESSIONS; i++, expression.next()) {
                int sum = expression.toInt();
                countSum.put(sum, countSum.getOrDefault(sum, 0) + 1);
            }
            for (Map.Entry<Integer, Integer> entry : countSum.entrySet()) {
                Set<Integer> set;
                if (sumCount.containsKey(entry.getValue())) {
                    set = sumCount.get(entry.getValue());
                } else {
                    set = new HashSet<>();
                }
                set.add(entry.getKey());
                sumCount.put(entry.getValue(), set);
            }
        }
    }
}
"
15131,Bitmap_Midpoint circle algorithm,"import java.awt.Color;

public class MidPointCircle {
	private BasicBitmapStorage image;

	public MidPointCircle(final int imageWidth, final int imageHeight) {
		this.image = new BasicBitmapStorage(imageWidth, imageHeight);
	}

	private void drawCircle(final int centerX, final int centerY, final int radius) {
		int d = (5 - r * 4)/4;
		int x = 0;
		int y = radius;
		Color circleColor = Color.white;

		do {
			image.setPixel(centerX + x, centerY + y, circleColor);
			image.setPixel(centerX + x, centerY - y, circleColor);
			image.setPixel(centerX - x, centerY + y, circleColor);
			image.setPixel(centerX - x, centerY - y, circleColor);
			image.setPixel(centerX + y, centerY + x, circleColor);
			image.setPixel(centerX + y, centerY - x, circleColor);
			image.setPixel(centerX - y, centerY + x, circleColor);
			image.setPixel(centerX - y, centerY - x, circleColor);
			if (d < 0) {
				d += 2 * x + 1;
			} else {
				d += 2 * (x - y) + 1;
				y--;
			}
			x++;
		} while (x <= y);

	}
}
"
15142,Soloway's recurring rainfall,"class recurringrainfall
{ 
	private static int GetNextInt()
	{
		while (true)
		{
			System.out.print(""Enter rainfall int, 99999 to quit: "");
			String input = System.console().readLine();
        
			try
			{
				int n = Integer.parseInt(input);
				return n;
			}
			catch (Exception e)
			{
				System.out.println(""Invalid input"");
			}
		}
	}
	
    private static void recurringRainfall() {
		float currentAverage = 0;
		int currentEntryNumber = 0;
		
		while (true) {
			int entry = GetNextInt();
			
			if (entry == 99999)
				return;
			
			currentEntryNumber++;
			currentAverage = currentAverage + ((float)1/currentEntryNumber)*entry - ((float)1/currentEntryNumber)*currentAverage;
			
			System.out.println(""New Average: "" + currentAverage);
		}
    }
    
    public static void main(String args[]) { 
        recurringRainfall();
    } 
}
"
15155,Sum and product of an array,"public class SumProd
{
 public static void main(final String[] args)
 {
  int sum = 0;
  int prod = 1;
  int[] arg = {1,2,3,4,5};
  for (int i : arg)
  {
   sum += i;
   prod *= i;
  }
 }
}
"
15187,Strip whitespace from a string_Top and tail,"public class Trims{
    public static String ltrim(String s) {
        int i = 0;
        while (i < s.length() && Character.isWhitespace(s.charAt(i))) {
            i++;
        }
        return s.substring(i);
    }

    public static String rtrim(String s) {
        int i = s.length() - 1;
        while (i > 0 && Character.isWhitespace(s.charAt(i))) {
            i--;
        }
        return s.substring(0, i + 1);
    }

    public static String trim(String s) {
    	return rtrim(ltrim(s));
    }

    public static void main(String[] args) {
        String s = "" \t \r \n String with spaces \u2009 \t  \r  \n  "";
        System.out.printf(""[%s]\n"", ltrim(s));
        System.out.printf(""[%s]\n"", rtrim(s));
        System.out.printf(""[%s]\n"", trim(s));
    }
}
"
15217,Mian-Chowla sequence,"import java.util.Arrays;

public class MianChowlaSequence {

    public static void main(String[] args) {
        long start = System.currentTimeMillis();
        System.out.println(""First 30 terms of the Mian–Chowla sequence."");
        mianChowla(1, 30);
        System.out.println(""Terms 91 through 100 of the Mian–Chowla sequence."");
        mianChowla(91, 100);
        long end = System.currentTimeMillis();
        System.out.printf(""Elapsed = %d ms%n"", (end-start));
    }

    private static void mianChowla(int minIndex, int maxIndex) {
        int [] sums = new int[1];
        int [] chowla = new int[maxIndex+1];
        sums[0] = 2;
        chowla[0] = 0;
        chowla[1] = 1;
        if ( minIndex == 1 ) {
            System.out.printf(""%d "", 1);
        }
        int chowlaLength = 1;
        for ( int n = 2 ; n <= maxIndex ; n++ ) {

            
            int test = chowla[n - 1];
            
            int[] sumsNew = Arrays.copyOf(sums, sums.length + n);
            int sumNewLength = sums.length;
            int savedsSumNewLength = sumNewLength;
            
            
            boolean found = false;
            while ( ! found ) {
                test++;
                found = true;
                sumNewLength = savedsSumNewLength;
                
                for ( int j = 0 ; j <= chowlaLength ; j++ ) {
                    int testSum = (j == 0 ? test : chowla[j]) + test;
                    boolean duplicate = false;
                    
                    
                    for ( int k = 0 ; k < sumNewLength ; k++ ) {
                        if ( sumsNew[k] == testSum ) {
                            duplicate = true;
                            break;
                        }
                    }
                    if ( ! duplicate ) {
                        
                        sumsNew[sumNewLength] = testSum;
                        sumNewLength++;
                    }
                    else {
                        
                        found = false;
                        break;
                    }
                }
            }
            
            
            chowla[n] = test;
            chowlaLength++;            
            sums = sumsNew;
            if ( n >= minIndex ) {
                System.out.printf(""%d %s"", chowla[n], (n==maxIndex ? ""\n"" : """"));
            }
        }
    }

}
"
15230,Sudan function,"

public class Main {

  private static int F(int n,int x,int y) {
  	if (n == 0) {
    	return x + y;
  	}
 
 	 else if (y == 0) {
    	return x;
  	}
 
  	return F(n - 1, F(n, x, y - 1), F(n, x, y - 1) + y);
 }

  public static void main(String[] args) {
    System.out.println(""F(1,3,3) = "" + F(1,3,3));
  }
}
"
15253,Copy a string,"String src = ""Hello"";
String newAlias = src;
String strCopy = new String(src);




"
15367,Hostname,"import java.net.*;
class DiscoverHostName {
 public static void main(final String[] args) {
  try {
   System.out.println(InetAddress.getLocalHost().getHostName());
  } catch (UnknownHostException e) { 
  }
 }
}
"
15387,Greatest element of a list,"public static float max(float[] values) throws NoSuchElementException {
    if (values.length == 0)
        throw new NoSuchElementException();
    float themax = values[0];
    for (int idx = 1; idx < values.length; ++idx) {
        if (values[idx] > themax)
            themax = values[idx];
    }
    return themax;
}
"
15423,Variadic function,"module VariadicFunction
    {
    void show(String[] strings)
        {
        @Inject Console console;
        strings.forEach(s -> console.print(s));
        }

    void run()
        {
        show([""hello"", ""world""]);

        String s1 = ""not"";
        String s2 = ""a"";
        String s3 = ""constant"";
        String s4 = ""literal"";
        show([s1, s2, s3, s4]);
        }
    }
"
15458,Call a function in a shared library,"

import java.util.Collections;
import java.util.Random;

public class TrySort {
    static boolean useC;
    static {
	try {
	    System.loadLibrary(""TrySort"");
	    useC = true;
	} catch(UnsatisfiedLinkError e) {
	    useC = false;
	}
    }
    
    static native void sortInC(int[] ary);
    
    static class IntList extends java.util.AbstractList<Integer> {
	int[] ary;
	IntList(int[] ary) { this.ary = ary; }
	public Integer get(int i) { return ary[i]; }
	public Integer set(int i, Integer j) {
	    Integer o = ary[i]; ary[i] = j; return o;
	}
	public int size() { return ary.length; }
    }

    static class ReverseAbsCmp
	implements java.util.Comparator<Integer>
    {
	public int compare(Integer pa, Integer pb) {
	    
	    int a = pa > 0 ? -pa : pa;
	    int b = pb > 0 ? -pb : pb;
	    return a < b ? -1 : a > b ? 1 : 0;
	}
    }
    
    static void sortInJava(int[] ary) {
	Collections.sort(new IntList(ary), new ReverseAbsCmp());
    }

    public static void main(String[] args) {
	
	int[] ary = new int[1000000];
	Random rng = new Random();
	for (int i = 0; i < ary.length; i++)
	    ary[i] = rng.nextInt();

	
	if (useC) {
	    System.out.print(""Sorting in C...  "");
	    sortInC(ary);
	} else {
	    System.out.print
		(""Missing library for C!  Sorting in Java...  "");
	    sortInJava(ary);
	}

	for (int i = 0; i < ary.length - 1; i++) {
	    int a = ary[i];
	    int b = ary[i + 1];
	    if ((a > 0 ? -a : a) > (b > 0 ? -b : b)) {
		System.out.println(""*BUG IN SORT*"");
		System.exit(1);
	    }
	}
	System.out.println(""ok"");
    }
}
"
15473,Literals_Integer,"public class IntegerLiterals {
    public static void main(String[] args) {
        System.out.println( 727 == 0x2d7 && 
                            727 == 01327   );
    }
}
"
15509,Zig-zag matrix,"public static int[][] Zig_Zag(final int size)
{
 int[][] data = new int[size][size];
 int i = 1;
 int j = 1;
 for (int element = 0; element < size * size; element++)
 {
  data[i - 1][j - 1] = element;
  if ((i + j) % 2 == 0)
  {
   
   if (j < size)
    j++;
   else
    i+= 2;
   if (i > 1)
    i--;
  }
  else
  {
   
   if (i < size)
    i++;
   else
    j+= 2;
   if (j > 1)
    j--;
  }
 }
 return data;
}
"
15543,XML_XPath,"import java.io.StringReader;
import javax.xml.parsers.DocumentBuilderFactory;
import javax.xml.xpath.XPath;
import javax.xml.xpath.XPathConstants;
import javax.xml.xpath.XPathFactory;
import org.w3c.dom.Document;
import org.w3c.dom.Node;
import org.w3c.dom.NodeList;
import org.xml.sax.InputSource;

public class XMLParser {
	final static String xmlStr = 
			  ""<inventory title=\""OmniCorp Store #45x10^3\"">""
			+ ""  <section name=\""health\"">""
			+ ""    <item upc=\""123456789\"" stock=\""12\"">""
			+ ""      <name>Invisibility Cream</name>""
			+ ""      <price>14.50</price>""
			+ ""      <description>Makes you invisible</description>""
			+ ""    </item>""
			+ ""    <item upc=\""445322344\"" stock=\""18\"">""
			+ ""      <name>Levitation Salve</name>""
			+ ""      <price>23.99</price>""
			+ ""      <description>Levitate yourself for up to 3 hours per application</description>""
			+ ""    </item>""
			+ ""  </section>""
			+ ""  <section name=\""food\"">""
			+ ""    <item upc=\""485672034\"" stock=\""653\"">""
			+ ""      <name>Blork and Freen Instameal</name>""
			+ ""      <price>4.95</price>""
			+ ""      <description>A tasty meal in a tablet; just add water</description>""
			+ ""    </item>""
			+ ""    <item upc=\""132957764\"" stock=\""44\"">""
			+ ""      <name>Grob winglets</name>""
			+ ""      <price>3.56</price>""
			+ ""      <description>Tender winglets of Grob. Just add priwater</description>""
			+ ""    </item>""
			+ ""  </section>"" 
			+ ""</inventory>"";

	public static void main(String[] args) {
		try {
			Document doc = DocumentBuilderFactory.newInstance()
					.newDocumentBuilder()
					.parse(new InputSource(new StringReader(xmlStr)));
			XPath xpath = XPathFactory.newInstance().newXPath();
			
			System.out.println(((Node) xpath.evaluate(
					""/inventory/section/item[1]"", doc, XPathConstants.NODE))
					.getAttributes().getNamedItem(""upc""));
			
			NodeList nodes = (NodeList) xpath.evaluate(
					""/inventory/section/item/price"", doc,
					XPathConstants.NODESET);
			for (int i = 0; i < nodes.getLength(); i++)
				System.out.println(nodes.item(i).getTextContent());
		} catch (Exception e) {
			System.out.println(""Error ocurred while parsing XML."");
		}
	}
}
"
15576,RIPEMD-160,"import org.bouncycastle.crypto.digests.RIPEMD160Digest;
import org.bouncycastle.util.encoders.Hex;

public class RosettaRIPEMD160
{
    public static void main (String[] argv) throws Exception
    {
        byte[] r = ""Rosetta Code"".getBytes(""US-ASCII"");
        RIPEMD160Digest d = new RIPEMD160Digest();
        d.update (r, 0, r.length);
        byte[] o = new byte[d.getDigestSize()];
        d.doFinal (o, 0);
        Hex.encode (o, System.out);
        System.out.println();
    }
}
"
15600,Barnsley fern,"import java.awt.*;
import java.awt.image.BufferedImage;
import javax.swing.*;

public class BarnsleyFern extends JPanel {

    BufferedImage img;

    public BarnsleyFern() {
        final int dim = 640;
        setPreferredSize(new Dimension(dim, dim));
        setBackground(Color.white);
        img = new BufferedImage(dim, dim, BufferedImage.TYPE_INT_ARGB);
        createFern(dim, dim);
    }

    void createFern(int w, int h) {
        double x = 0;
        double y = 0;

        for (int i = 0; i < 200_000; i++) {
            double tmpx, tmpy;
            double r = Math.random();

            if (r <= 0.01) {
                tmpx = 0;
                tmpy = 0.16 * y;
            } else if (r <= 0.08) {
                tmpx = 0.2 * x - 0.26 * y;
                tmpy = 0.23 * x + 0.22 * y + 1.6;
            } else if (r <= 0.15) {
                tmpx = -0.15 * x + 0.28 * y;
                tmpy = 0.26 * x + 0.24 * y + 0.44;
            } else {
                tmpx = 0.85 * x + 0.04 * y;
                tmpy = -0.04 * x + 0.85 * y + 1.6;
            }
            x = tmpx;
            y = tmpy;

            img.setRGB((int) Math.round(w / 2 + x * w / 11),
                    (int) Math.round(h - y * h / 11), 0xFF32CD32);
        }
    }

    @Override
    public void paintComponent(Graphics gg) {
        super.paintComponent(gg);
        Graphics2D g = (Graphics2D) gg;
        g.setRenderingHint(RenderingHints.KEY_ANTIALIASING,
                RenderingHints.VALUE_ANTIALIAS_ON);

        g.drawImage(img, 0, 0, null);
    }

    public static void main(String[] args) {
        SwingUtilities.invokeLater(() -> {
            JFrame f = new JFrame();
            f.setDefaultCloseOperation(JFrame.EXIT_ON_CLOSE);
            f.setTitle(""Barnsley Fern"");
            f.setResizable(false);
            f.add(new BarnsleyFern(), BorderLayout.CENTER);
            f.pack();
            f.setLocationRelativeTo(null);
            f.setVisible(true);
        });
    }
}
"
15649,Roots of a quadratic function,"public class QuadraticRoots {
    private static class Complex {
        double re, im;

        public Complex(double re, double im) {
            this.re = re;
            this.im = im;
        }

        @Override
        public boolean equals(Object obj) {
            if (obj == this) {return true;}
            if (!(obj instanceof Complex)) {return false;}
            Complex other = (Complex) obj;
            return (re == other.re) && (im == other.im);
        }

        @Override
        public String toString() {
            if (im == 0.0) {return String.format(""%g"", re);}
            if (re == 0.0) {return String.format(""%gi"", im);}
            return String.format(""%g %c %gi"", re,
                (im < 0.0 ? '-' : '+'), Math.abs(im));
        }
    }

    private static Complex[] quadraticRoots(double a, double b, double c) {
        Complex[] roots = new Complex[2];
        double d = b * b - 4.0 * a * c;  
        double aa = a + a;

        if (d < 0.0) {
            double re = -b / aa;
            double im = Math.sqrt(-d) / aa;
            roots[0] = new Complex(re, im);
            roots[1] = new Complex(re, -im);
        } else if (b < 0.0) {
            
            
            double re = (-b + Math.sqrt(d)) / aa;
            roots[0] = new Complex(re, 0.0);
            roots[1] = new Complex(c / (a * re), 0.0);
        } else {
            
            double re = (-b - Math.sqrt(d)) / aa;
            roots[1] = new Complex(re, 0.0);
            roots[0] = new Complex(c / (a * re), 0.0);
        }
        return roots;
    }

    public static void main(String[] args) {
        double[][] equations = {
            {1.0, 22.0, -1323.0},   
            {6.0, -23.0, 20.0},     
            {1.0, -1.0e9, 1.0},     
            {1.0, 2.0, 1.0},        
            {1.0, 0.0, 1.0},        
            {1.0, 1.0, 1.0}         
        };
        for (int i = 0; i < equations.length; i++) {
            Complex[] roots = quadraticRoots(
                equations[i][0], equations[i][1], equations[i][2]);
            System.out.format(""%na = %g   b = %g   c = %g%n"",
                equations[i][0], equations[i][1], equations[i][2]);
            if (roots[0].equals(roots[1])) {
                System.out.format(""X1,2 = %s%n"", roots[0]);
            } else {
                System.out.format(""X1 = %s%n"", roots[0]);
                System.out.format(""X2 = %s%n"", roots[1]);
            }
        }
    }
}
"
15667,Factors of a Mersenne number,"import java.math.BigInteger;

class MersenneFactorCheck
{

  private final static BigInteger TWO = BigInteger.valueOf(2);
  
  public static boolean isPrime(long n)
  {
    if (n == 2)
      return true;
    if ((n < 2) || ((n & 1) == 0))
      return false;
    long maxFactor = (long)Math.sqrt((double)n);
    for (long possibleFactor = 3; possibleFactor <= maxFactor; possibleFactor += 2)
      if ((n % possibleFactor) == 0)
        return false;
    return true;
  }
  
  public static BigInteger findFactorMersenneNumber(int primeP)
  {
    if (primeP <= 0)
      throw new IllegalArgumentException();
    BigInteger bigP = BigInteger.valueOf(primeP);
    BigInteger m = BigInteger.ONE.shiftLeft(primeP).subtract(BigInteger.ONE);
    
    BigInteger maxFactor = BigInteger.ONE.shiftLeft((primeP + 1) >>> 1);
    BigInteger twoP = BigInteger.valueOf(primeP << 1);
    BigInteger possibleFactor = BigInteger.ONE;
    int possibleFactorBits12 = 0;
    int twoPBits12 = primeP & 3;
    
    while ((possibleFactor = possibleFactor.add(twoP)).compareTo(maxFactor) <= 0)
    {
      possibleFactorBits12 = (possibleFactorBits12 + twoPBits12) & 3;
      
      if ((possibleFactorBits12 == 0) || (possibleFactorBits12 == 3))
        if (TWO.modPow(bigP, possibleFactor).equals(BigInteger.ONE))
          return possibleFactor;
    }
    return null;
  }
  
  public static void checkMersenneNumber(int p)
  {
    if (!isPrime(p))
    {
      System.out.println(""M"" + p + "" is not prime"");
      return;
    }
    BigInteger factor = findFactorMersenneNumber(p);
    if (factor == null)
      System.out.println(""M"" + p + "" is prime"");
    else
      System.out.println(""M"" + p + "" is not prime, has factor "" + factor);
    return;
  }

  public static void main(String[] args)
  {
    for (int p = 1; p <= 50; p++)
      checkMersenneNumber(p);
    checkMersenneNumber(929);
    return;
  }
  
}
"
15689,AKS test for primes,"public class AksTest {
    private static final long[] c = new long[64];

    public static void main(String[] args) {
        for (int n = 0; n < 10; n++) {
            coeff(n);
            show(n);
        }

        System.out.print(""Primes:"");
        for (int n = 1; n < c.length; n++)
            if (isPrime(n))
                System.out.printf("" %d"", n);

        System.out.println();
    }

    static void coeff(int n) {
        c[0] = 1;
        for (int i = 0; i < n; c[0] = -c[0], i++) {
            c[1 + i] = 1;
            for (int j = i; j > 0; j--)
                c[j] = c[j - 1] - c[j];
        }
    }

    static boolean isPrime(int n) {
        coeff(n);
        c[0]++;
        c[n]--;

        int i = n;
        while (i-- != 0 && c[i] % n == 0)
            continue;
        return i < 0;
    }

    static void show(int n) {
        System.out.print(""(x-1)^"" + n + "" ="");
        for (int i = n; i >= 0; i--) {
            System.out.print("" + "" + c[i] + ""x^"" + i);
        }
        System.out.println();
    }
}
"
15714,Parallel calculations,"import static java.lang.System.out; 
import static java.util.Arrays.stream;
import static java.util.Comparator.comparing;
 
public interface ParallelCalculations {
    public static final long[] NUMBERS = {
      12757923,
      12878611,
      12878893,
      12757923,
      15808973,
      15780709,
      197622519
    };
 
    public static void main(String... arguments) {
      stream(NUMBERS)
        .unordered()
        .parallel()
        .mapToObj(ParallelCalculations::minimalPrimeFactor)
        .max(comparing(a -> a[0]))
        .ifPresent(res -> out.printf(
          ""%d has the largest minimum prime factor: %d%n"",
          res[1],
          res[0]
        ));
    }
 
    public static long[] minimalPrimeFactor(long n) {
      for (long i = 2; n >= i * i; i++) {
        if (n % i == 0) {
          return new long[]{i, n};
        }
      }
      return new long[]{n, n};
    }
}
"
15731,Sort an integer array,"import java.util.Arrays;

public class Example {
    public static void main(String[] args)
    {
        int[] nums = {2,4,3,1,2};
        Arrays.sort(nums);
    }
}
"
15778,Munchausen numbers,"public class Main {
    public static void main(String[] args) {
        for(int i = 0 ; i <= 5000 ; i++ ){
            int val = String.valueOf(i).chars().map(x -> (int) Math.pow( x-48 ,x-48)).sum();
            if( i == val){
                System.out.println( i + "" (munchausen)"");
            }
        }
    }
}
"
15850,Host introspection,"import java.nio.ByteOrder;

public class ShowByteOrder {
    public static void main(String[] args) {
        
        System.out.println(ByteOrder.nativeOrder());
    }
}
"
15865,Fibonacci n-step number sequences,"class Fibonacci
{
  public static int[] lucas(int n, int numRequested)
  {
    if (n < 2)
      throw new IllegalArgumentException(""Fibonacci value must be at least 2"");
    return fibonacci((n == 2) ? new int[] { 2, 1 } : lucas(n - 1, n), numRequested);
  }
  
  public static int[] fibonacci(int n, int numRequested)
  {
    if (n < 2)
      throw new IllegalArgumentException(""Fibonacci value must be at least 2"");
    return fibonacci((n == 2) ? new int[] { 1, 1 } : fibonacci(n - 1, n), numRequested);
  }
  
  public static int[] fibonacci(int[] startingValues, int numRequested)
  {
    int[] output = new int[numRequested];
    int n = startingValues.length;
    System.arraycopy(startingValues, 0, output, 0, n);
    for (int i = n; i < numRequested; i++)
      for (int j = 1; j <= n; j++)
        output[i] += output[i - j];
    return output;
  }
  
  public static void main(String[] args)
  {
    for (int n = 2; n <= 10; n++)
    {
      System.out.print(""nacci("" + n + ""):"");
      for (int value : fibonacci(n, 15))
        System.out.print("" "" + value);
      System.out.println();
    }
    for (int n = 2; n <= 10; n++)
    {
      System.out.print(""lucas("" + n + ""):"");
      for (int value : lucas(n, 15))
        System.out.print("" "" + value);
      System.out.println();
    }
  }
}
"
15908,Unbias a random generator,"public class Bias {
    public static boolean biased(int n) {
        return Math.random() < 1.0 / n;
    }

    public static boolean unbiased(int n) {
        boolean a, b;
        do {
            a = biased(n);
            b = biased(n);
        } while (a == b);
        return a;
    }

    public static void main(String[] args) {
        final int M = 50000;
        for (int n = 3; n < 7; n++) {
            int c1 = 0, c2 = 0;
            for (int i = 0; i < M; i++) {
                c1 += biased(n) ? 1 : 0;
                c2 += unbiased(n) ? 1 : 0;
            }
            System.out.format(""%d: %2.2f%%  %2.2f%%\n"",
                              n, 100.0*c1/M, 100.0*c2/M);
        }
    }
}
"
15954,Morse code,"import java.util.*;

public class MorseCode {

    final static String[][] code = {
        {""A"", "".-     ""}, {""B"", ""-...   ""}, {""C"", ""-.-.   ""}, {""D"", ""-..    ""},
        {""E"", "".      ""}, {""F"", ""..-.   ""}, {""G"", ""--.    ""}, {""H"", ""....   ""},
        {""I"", ""..     ""}, {""J"", "".---   ""}, {""K"", ""-.-    ""}, {""L"", "".-..   ""},
        {""M"", ""--     ""}, {""N"", ""-.     ""}, {""O"", ""---    ""}, {""P"", "".--.   ""},
        {""Q"", ""--.-   ""}, {""R"", "".-.    ""}, {""S"", ""...    ""}, {""T"", ""-      ""},
        {""U"", ""..-    ""}, {""V"", ""...-   ""}, {""W"", "".-   - ""}, {""X"", ""-..-   ""},
        {""Y"", ""-.--   ""}, {""Z"", ""--..   ""}, {""0"", ""-----  ""}, {""1"", "".----  ""},
        {""2"", ""..---  ""}, {""3"", ""...--  ""}, {""4"", ""....-  ""}, {""5"", "".....  ""},
        {""6"", ""-....  ""}, {""7"", ""--...  ""}, {""8"", ""---..  ""}, {""9"", ""----.  ""},
        {""'"", "".----. ""}, {"":"", ""---... ""}, {"","", ""--..-- ""}, {""-"", ""-....- ""},
        {""("", ""-.--.- ""}, {""."", "".-.-.- ""}, {""?"", ""..--.. ""}, {"";"", ""-.-.-. ""},
        {""/"", ""-..-.  ""}, {""-"", ""..--.- ""}, {"")"", ""---..  ""}, {""="", ""-...-  ""},
        {""@"", "".--.-. ""}, {""\"""", "".-..-.""}, {""+"", "".-.-.  ""}, {"" "", ""/""}}; 

    final static Map<Character, String> map = new HashMap<>();

    static {
        for (String[] pair : code)
            map.put(pair[0].charAt(0), pair[1].trim());
    }

    public static void main(String[] args) {
        printMorse(""sos"");
        printMorse(""   Hello     World!"");
        printMorse(""Rosetta Code"");
    }

    static void printMorse(String input) {
        System.out.printf(""%s %n"", input);

        input = input.trim().replaceAll(""[ ]+"", "" "").toUpperCase();
        for (char c : input.toCharArray()) {
            String s = map.get(c);
            if (s != null)
                System.out.printf(""%s "", s);
        }
        System.out.println(""\n"");
    }
}
"
15970,Input_Output for lines of text,"import java.util.Scanner;

public class Main {
	public static void doStuff(String word){
	   System.out.println(word);
	}

	public static void main(String[] args) {
		Scanner in = new Scanner(System.in);
		int n = Integer.parseInt(in.nextLine());  
		for(int i=0; i<n; i++){		
			String word = in.nextLine();
			doStuff(word);
		}
	}
}
"
16013,Matrix multiplication,"public static double[][] mult(double a[][], double b[][]){
   if(a.length == 0) return new double[0][0];
   if(a[0].length != b.length) return null; 

   int n = a[0].length;
   int m = a.length;
   int p = b[0].length;

   double ans[][] = new double[m][p];

   for(int i = 0;i < m;i++){
      for(int j = 0;j < p;j++){
         for(int k = 0;k < n;k++){
            ans[i][j] += a[i][k] * b[k][j];
         }
      }
   }
   return ans;
}
"
16032,Infinity,"double infinity = Double.POSITIVE_INFINITY; 
Double.isInfinite(infinity); 
"
16060,CUSIP,"import java.util.List;

public class Cusip {
    private static Boolean isCusip(String s) {
        if (s.length() != 9) return false;
        int sum = 0;
        for (int i = 0; i <= 7; i++) {
            char c = s.charAt(i);

            int v;
            if (c >= '0' && c <= '9') {
                v = c - 48;
            } else if (c >= 'A' && c <= 'Z') {
                v = c - 55;  
            } else if (c == '*') {
                v = 36;
            } else if (c == '@') {
                v = 37;
            } else if (c == '#') {
                v = 38;
            } else {
                return false;
            }
            if (i % 2 == 1) v *= 2;  
            sum += v / 10 + v % 10;
        }
        return s.charAt(8) - 48 == (10 - (sum % 10)) % 10;
    }

    public static void main(String[] args) {
        List<String> candidates = List.of(
                ""037833100"", ""17275R102"", ""38259P508"", ""594918104"", ""68389X106"", ""68389X105"", ""EXTRACRD8"",
                ""EXTRACRD9"", ""BADCUSIP!"", ""683&9X106"", ""68389x105"", ""683$9X106"", ""68389}105"", ""87264ABE4""
        );
        for (String candidate : candidates) {
            System.out.printf(""%s -> %s%n"", candidate, isCusip(candidate) ? ""correct"" : ""incorrect"");
        }
    }
}
"
16099,Greyscale bars_Display,"import javax.swing.* ;
import java.awt.* ;

public class Greybars extends JFrame {
   private int width ;
   private int height ;

   public Greybars( )  {
      super( ""grey bars example!"" ) ;
      width = 640 ;
      height = 320 ;
      setSize( width , height ) ;
      setDefaultCloseOperation( JFrame.EXIT_ON_CLOSE ) ;
      setVisible( true ) ;
    }

    public void paint ( Graphics g ) {
      int run = 0 ;
      double colorcomp = 0.0 ; 
      for ( int columncount = 8 ; columncount < 128 ; columncount *= 2 ) {
	 double colorgap = 255.0 / (columncount - 1) ; 
	 int columnwidth = width / columncount ;
	 int columnheight = height / 4 ;
	 if ( run % 2 == 0 ) 
	    colorcomp = 0.0 ;
	 else {
	    colorcomp = 255.0 ;
	    colorgap *= -1.0 ;
	 }
	 int ystart = 0 + columnheight * run ;
	 int xstart = 0 ;
	 for ( int i = 0 ; i < columncount ; i++ ) {
            int icolor = (int)Math.round(colorcomp) ; 
	    Color nextColor = new Color( icolor , icolor, icolor ) ;
	    g.setColor( nextColor ) ;
	    g.fillRect( xstart , ystart , columnwidth , columnheight ) ;
	    xstart += columnwidth ;
	    colorcomp += colorgap ;
	 }
	 run++ ;
      }
    }

    public static void main( String[ ] args ) {
       Greybars gb = new Greybars( ) ;
    }
}
"
16119,Reverse words in a string,"public class ReverseWords {

    static final String[] lines = {
        "" ----------- Ice and Fire ----------- "",
        ""                                      "",
        "" fire, in end will world the say Some "",
        "" ice. in say Some                     "",
        "" desire of tasted I've what From      "",
        "" fire. favor who those with hold I    "",
        ""                                      "",
        "" ... elided paragraph last ...        "",
        "" Frost Robert ----------------------- ""};

    public static void main(String[] args) {
        for (String line : lines) {
            String[] words = line.split(""\\s"");
            for (int i = words.length - 1; i >= 0; i--)
                System.out.printf(""%s "", words[i]);
            System.out.println();
        }
    }
}
"
16134,Feigenbaum constant calculation,"public class Feigenbaum {
    public static void main(String[] args) {
        int max_it = 13;
        int max_it_j = 10;
        double a1 = 1.0;
        double a2 = 0.0;
        double d1 = 3.2;
        double a;

        System.out.println("" i       d"");
        for (int i = 2; i <= max_it; i++) {
            a = a1 + (a1 - a2) / d1;
            for (int j = 0; j < max_it_j; j++) {
                double x = 0.0;
                double y = 0.0;
                for (int k = 0; k < 1 << i; k++) {
                    y = 1.0 - 2.0 * y * x;
                    x = a - x * x;
                }
                a -= x / y;
            }
            double d = (a1 - a2) / (a - a1);
            System.out.printf(""%2d    %.8f\n"", i, d);
            d1 = d;
            a2 = a1;
            a1 = a;
        }
    }
}
"
16151,Partition an integer x into n primes,"import java.util.Arrays;
import java.util.stream.IntStream;

public class PartitionInteger {
    private static final int[] primes = IntStream.concat(IntStream.of(2), IntStream.iterate(3, n -> n + 2))
        .filter(PartitionInteger::isPrime)
        .limit(50_000)
        .toArray();

    private static boolean isPrime(int n) {
        if (n < 2) return false;
        if (n % 2 == 0) return n == 2;
        if (n % 3 == 0) return n == 3;
        int d = 5;
        while (d * d <= n) {
            if (n % d == 0) return false;
            d += 2;
            if (n % d == 0) return false;
            d += 4;
        }
        return true;
    }

    private static boolean findCombo(int k, int x, int m, int n, int[] combo) {
        boolean foundCombo = false;
        if (k >= m) {
            if (Arrays.stream(combo).map(i -> primes[i]).sum() == x) {
                String s = m > 1 ? ""s"" : """";
                System.out.printf(""Partitioned %5d with %2d prime%s: "", x, m, s);
                for (int i = 0; i < m; ++i) {
                    System.out.print(primes[combo[i]]);
                    if (i < m - 1) System.out.print('+');
                    else System.out.println();
                }
                foundCombo = true;
            }
        } else {
            for (int j = 0; j < n; ++j) {
                if (k == 0 || j > combo[k - 1]) {
                    combo[k] = j;
                    if (!foundCombo) {
                        foundCombo = findCombo(k + 1, x, m, n, combo);
                    }
                }
            }
        }
        return foundCombo;
    }

    private static void partition(int x, int m) {
        if (x < 2 || m < 1 || m >= x) {
            throw new IllegalArgumentException();
        }
        int[] filteredPrimes = Arrays.stream(primes).filter(it -> it <= x).toArray();
        int n = filteredPrimes.length;
        if (n < m) throw new IllegalArgumentException(""Not enough primes"");
        int[] combo = new int[m];
        boolean foundCombo = findCombo(0, x, m, n, combo);
        if (!foundCombo) {
            String s = m > 1 ? ""s"" : "" "";
            System.out.printf(""Partitioned %5d with %2d prime%s: (not possible)\n"", x, m, s);
        }
    }

    public static void main(String[] args) {
        partition(99809, 1);
        partition(18, 2);
        partition(19, 3);
        partition(20, 4);
        partition(2017, 24);
        partition(22699, 1);
        partition(22699, 2);
        partition(22699, 3);
        partition(22699, 4);
        partition(40355, 3);
    }
}
"
16170,Tokenize a string,"String toTokenize = ""Hello,How,Are,You,Today"";
System.out.println(String.join(""."", toTokenize.split("","")));
"
16191,Prime decomposition,"public boolean prime(BigInteger i);
"
16215,Hailstone sequence,"import java.util.ArrayList;
import java.util.HashMap;
import java.util.List;
import java.util.Map;

class Hailstone {

  public static List<Long> getHailstoneSequence(long n) {
    if (n <= 0)
      throw new IllegalArgumentException(""Invalid starting sequence number"");
    List<Long> list = new ArrayList<Long>();
    list.add(Long.valueOf(n));
    while (n != 1) {
      if ((n & 1) == 0)
        n = n / 2;
      else
        n = 3 * n + 1;
      list.add(Long.valueOf(n));
    }
    return list;
  }
  
  public static void main(String[] args) {
    List<Long> sequence27 = getHailstoneSequence(27);
    System.out.println(""Sequence for 27 has "" + sequence27.size() + "" elements: "" + sequence27);
    
    long MAX = 100000;
    
    {
      long highestNumber = 1;
      int highestCount = 1;
      for (long i = 2; i < MAX; i++) {
        int count = getHailstoneSequence(i).size();
        if (count > highestCount) {
          highestCount = count;
          highestNumber = i;
        }
      }
      System.out.println(""Method 1, number "" + highestNumber + "" has the longest sequence, with a length of "" + highestCount);
    }
    
    
    {
      long highestNumber = 1;
      int highestCount = 1;
      for (long i = 2; i < MAX; i++) {
        int count = 1;
        long n = i;
        while (n != 1) {
          if ((n & 1) == 0)
            n = n / 2;
          else
            n = 3 * n + 1;
          count++;
        }
        if (count > highestCount) {
          highestCount = count;
          highestNumber = i;
        }
      }
      System.out.println(""Method 2, number "" + highestNumber + "" has the longest sequence, with a length of "" + highestCount);
    }
    
    
    {
      long highestNumber = 1;
      long highestCount = 1;
      Map<Long, Integer> sequenceMap = new HashMap<Long, Integer>();
      sequenceMap.put(Long.valueOf(1), Integer.valueOf(1));
      
      List<Long> currentList = new ArrayList<Long>();
      for (long i = 2; i < MAX; i++) {
        currentList.clear();
        Long n = Long.valueOf(i);
        Integer count = null;
        while ((count = sequenceMap.get(n)) == null) {
          currentList.add(n);
          long nValue = n.longValue();
          if ((nValue & 1) == 0)
            n = Long.valueOf(nValue / 2);
          else
            n = Long.valueOf(3 * nValue + 1);
        }
        int curCount = count.intValue();
        for (int j = currentList.size() - 1; j >= 0; j--)
          sequenceMap.put(currentList.get(j), Integer.valueOf(++curCount));
        if (curCount > highestCount) {
          highestCount = curCount;
          highestNumber = i;
        }
      }
      System.out.println(""Method 3, number "" + highestNumber + "" has the longest sequence, with a length of "" + highestCount);
    }
    return;
  }
}
"
16259,Copy stdin to stdout,"import java.util.Scanner;

public class CopyStdinToStdout {

    public static void main(String[] args) {
        try (Scanner scanner = new Scanner(System.in);) {
            String s;
            while ( (s = scanner.nextLine()).compareTo("""") != 0 ) {
                System.out.println(s);
            }
        }
    }

}
"
16306,One-dimensional cellular automata,"public class Life{
	public static void main(String[] args) throws Exception{
		String start= ""_###_##_#_#_#_#__#__"";
		int numGens = 10;
		for(int i= 0; i < numGens; i++){
			System.out.println(""Generation "" + i + "": "" + start);
			start= life(start);
		}
	}

	public static String life(String lastGen){
		String newGen= """";
		for(int i= 0; i < lastGen.length(); i++){
			int neighbors= 0;
			if (i == 0){
				neighbors= lastGen.charAt(1) == '#' ? 1 : 0;
			} else if (i == lastGen.length() - 1){
				neighbors= lastGen.charAt(i - 1) == '#' ? 1 : 0;
			} else{
				neighbors= getNeighbors(lastGen.substring(i - 1, i + 2));
			}

			if (neighbors == 0){
				newGen+= ""_"";
			}
			if (neighbors == 1){
				newGen+= lastGen.charAt(i);
			}
			if (neighbors == 2){
				newGen+= lastGen.charAt(i) == '#' ? ""_"" : ""#"";
			}
		}
		return newGen;
	}

	public static int getNeighbors(String group){
		int ans= 0;
		if (group.charAt(0) == '#') ans++;
		if (group.charAt(2) == '#') ans++;
		return ans;
	}
}
"
16322,Show the epoch,"import java.text.DateFormat;
import java.util.Date;
import java.util.TimeZone;

public class DateTest{
    public static void main(String[] args) {
        Date date = new Date(0);
        DateFormat format = DateFormat.getDateTimeInstance();
        format.setTimeZone(TimeZone.getTimeZone(""UTC""));
        System.out.println(format.format(date));
    }
}
"
16393,Caesar cipher,"public class Cipher {
    public static void main(String[] args) {

        String str = ""The quick brown fox Jumped over the lazy Dog"";

        System.out.println( Cipher.encode( str, 12 ));
        System.out.println( Cipher.decode( Cipher.encode( str, 12), 12 ));
    }

    public static String decode(String enc, int offset) {
        return encode(enc, 26-offset);
    }

    public static String encode(String enc, int offset) {
        offset = offset % 26 + 26;
        StringBuilder encoded = new StringBuilder();
        for (char i : enc.toCharArray()) {
            if (Character.isLetter(i)) {
                if (Character.isUpperCase(i)) {
                    encoded.append((char) ('A' + (i - 'A' + offset) % 26 ));
                } else {
                    encoded.append((char) ('a' + (i - 'a' + offset) % 26 ));
                }
            } else {
                encoded.append(i);
            }
        }
        return encoded.toString();
    }
}
"
16424,Range consolidation,"import java.util.ArrayList;
import java.util.Arrays;
import java.util.Collections;
import java.util.Comparator;
import java.util.List;

public class RangeConsolidation {

    public static void main(String[] args) {
        displayRanges( Arrays.asList(new Range(1.1, 2.2)));
        displayRanges( Arrays.asList(new Range(6.1, 7.2), new Range(7.2, 8.3)));
        displayRanges( Arrays.asList(new Range(4, 3), new Range(2, 1)));
        displayRanges( Arrays.asList(new Range(4, 3), new Range(2, 1), new Range(-1, -2), new Range(3.9, 10)));
        displayRanges( Arrays.asList(new Range(1, 3), new Range(-6, -1), new Range(-4, -5), new Range(8, 2), new Range(-6, -6)));
        displayRanges( Arrays.asList(new Range(1, 1), new Range(1, 1)));
        displayRanges( Arrays.asList(new Range(1, 1), new Range(1, 2)));
        displayRanges( Arrays.asList(new Range(1, 2), new Range(3, 4), new Range(1.5, 3.5), new Range(1.2, 2.5)));
    }
    
    private static final void displayRanges(List<Range> ranges) {
        System.out.printf(""ranges = %-70s, colsolidated = %s%n"", ranges, Range.consolidate(ranges));
    }
    
    private static final class RangeSorter implements Comparator<Range> {
        @Override
        public int compare(Range o1, Range o2) {
            return (int) (o1.left - o2.left);
        }        
    }

    private static class Range {
        double left;
        double right;
        
        public Range(double left, double right) {
            if ( left <= right ) {
                this.left = left;
                this.right = right;
            }
            else {
                this.left = right;
                this.right = left;
            }
        }
        
        public Range consolidate(Range range) {
            
            if ( this.right < range.left ) {
                return null;
            }
            
            if ( range.right < this.left ) {
                return null;
            }
            
            if ( this.left <= range.left && this.right >= range.right ) {
                return this;
            }
            
            if ( range.left <= this.left && range.right >= this.right ) {
                return range;
            }
            
            if ( this.left <= range.left && this.right <= range.right ) {
                return new Range(this.left, range.right);
            }
            
            if ( this.left >= range.left && this.right >= range.right ) {
                return new Range(range.left, this.right);
            }
            throw new RuntimeException(""ERROR:  Logic invalid."");
        }
        
        @Override
        public String toString() {
            return ""["" + left + "", "" + right + ""]"";
        }
        
        private static List<Range> consolidate(List<Range> ranges) {
            List<Range> consolidated = new ArrayList<>();
            
            Collections.sort(ranges, new RangeSorter());
            
            for ( Range inRange : ranges ) {
                Range r = null;
                Range conRange = null;
                for ( Range conRangeLoop : consolidated ) {
                    r = inRange.consolidate(conRangeLoop);
                    if (r != null ) {
                        conRange = conRangeLoop;
                        break;
                    }
                }
                if ( r == null ) {
                    consolidated.add(inRange);
                }
                else {
                    consolidated.remove(conRange);
                    consolidated.add(r);                    
                }
            }
            
            Collections.sort(consolidated, new RangeSorter());
            
            return consolidated;
        }
    }

}
"
16443,Multiple regression,"import java.util.Arrays;
import java.util.Objects;

public class MultipleRegression {
    public static void require(boolean condition, String message) {
        if (condition) {
            return;
        }
        throw new IllegalArgumentException(message);
    }

    public static class Matrix {
        private final double[][] data;
        private final int rowCount;
        private final int colCount;

        public Matrix(int rows, int cols) {
            require(rows > 0, ""Need at least one row"");
            this.rowCount = rows;

            require(cols > 0, ""Need at least one column"");
            this.colCount = cols;

            this.data = new double[rows][cols];
            for (double[] row : this.data) {
                Arrays.fill(row, 0.0);
            }
        }

        public Matrix(double[][] source) {
            require(source.length > 0, ""Need at least one row"");
            this.rowCount = source.length;

            require(source[0].length > 0, ""Need at least one column"");
            this.colCount = source[0].length;

            this.data = new double[this.rowCount][this.colCount];
            for (int i = 0; i < this.rowCount; i++) {
                set(i, source[i]);
            }
        }

        public double[] get(int row) {
            Objects.checkIndex(row, this.rowCount);
            return this.data[row];
        }

        public void set(int row, double[] data) {
            Objects.checkIndex(row, this.rowCount);
            require(data.length == this.colCount, ""The column in the row must match the number of columns in the matrix"");
            System.arraycopy(data, 0, this.data[row], 0, this.colCount);
        }

        public double get(int row, int col) {
            Objects.checkIndex(row, this.rowCount);
            Objects.checkIndex(col, this.colCount);
            return this.data[row][col];
        }

        public void set(int row, int col, double value) {
            Objects.checkIndex(row, this.rowCount);
            Objects.checkIndex(col, this.colCount);
            this.data[row][col] = value;
        }

        @SuppressWarnings(""UnnecessaryLocalVariable"")
        public Matrix times(Matrix that) {
            var rc1 = this.rowCount;
            var cc1 = this.colCount;
            var rc2 = that.rowCount;
            var cc2 = that.colCount;
            require(cc1 == rc2, ""Cannot multiply if the first columns does not equal the second rows"");
            var result = new Matrix(rc1, cc2);
            for (int i = 0; i < rc1; i++) {
                for (int j = 0; j < cc2; j++) {
                    for (int k = 0; k < rc2; k++) {
                        var prod = get(i, k) * that.get(k, j);
                        result.set(i, j, result.get(i, j) + prod);
                    }
                }
            }
            return result;
        }

        public Matrix transpose() {
            var rc = this.rowCount;
            var cc = this.colCount;
            var trans = new Matrix(cc, rc);
            for (int i = 0; i < cc; i++) {
                for (int j = 0; j < rc; j++) {
                    trans.set(i, j, get(j, i));
                }
            }
            return trans;
        }

        public void toReducedRowEchelonForm() {
            int lead = 0;
            var rc = this.rowCount;
            var cc = this.colCount;
            for (int r = 0; r < rc; r++) {
                if (cc <= lead) {
                    return;
                }
                var i = r;

                while (get(i, lead) == 0.0) {
                    i++;
                    if (rc == i) {
                        i = r;
                        lead++;
                        if (cc == lead) {
                            return;
                        }
                    }
                }

                var temp = get(i);
                set(i, get(r));
                set(r, temp);

                if (get(r, lead) != 0.0) {
                    var div = get(r, lead);
                    for (int j = 0; j < cc; j++) {
                        set(r, j, get(r, j) / div);
                    }
                }

                for (int k = 0; k < rc; k++) {
                    if (k != r) {
                        var mult = get(k, lead);
                        for (int j = 0; j < cc; j++) {
                            var prod = get(r, j) * mult;
                            set(k, j, get(k, j) - prod);
                        }
                    }
                }

                lead++;
            }
        }

        public Matrix inverse() {
            require(this.rowCount == this.colCount, ""Not a square matrix"");
            var len = this.rowCount;
            var aug = new Matrix(len, 2 * len);
            for (int i = 0; i < len; i++) {
                for (int j = 0; j < len; j++) {
                    aug.set(i, j, get(i, j));
                }
                
                aug.set(i, i + len, 1.0);
            }
            aug.toReducedRowEchelonForm();
            var inv = new Matrix(len, len);
            
            for (int i = 0; i < len; i++) {
                for (int j = len; j < 2 * len; j++) {
                    inv.set(i, j - len, aug.get(i, j));
                }
            }
            return inv;
        }
    }

    public static double[] multipleRegression(double[] y, Matrix x) {
        var tm = new Matrix(new double[][]{y});
        var cy = tm.transpose();
        var cx = x.transpose();
        return x.times(cx).inverse().times(x).times(cy).transpose().get(0);
    }

    public static void printVector(double[] v) {
        System.out.println(Arrays.toString(v));
        System.out.println();
    }

    public static double[] repeat(int size, double value) {
        var a = new double[size];
        Arrays.fill(a, value);
        return a;
    }

    public static void main(String[] args) {
        double[] y = new double[]{1.0, 2.0, 3.0, 4.0, 5.0};
        var x = new Matrix(new double[][]{{2.0, 1.0, 3.0, 4.0, 5.0}});
        var v = multipleRegression(y, x);
        printVector(v);

        y = new double[]{3.0, 4.0, 5.0};
        x = new Matrix(new double[][]{
            {1.0, 2.0, 1.0},
            {1.0, 1.0, 2.0}
        });
        v = multipleRegression(y, x);
        printVector(v);

        y = new double[]{52.21, 53.12, 54.48, 55.84, 57.20, 58.57, 59.93, 61.29, 63.11, 64.47, 66.28, 68.10, 69.92, 72.19, 74.46};
        var a = new double[]{1.47, 1.50, 1.52, 1.55, 1.57, 1.60, 1.63, 1.65, 1.68, 1.70, 1.73, 1.75, 1.78, 1.80, 1.83};
        x = new Matrix(new double[][]{
            repeat(a.length, 1.0),
            a,
            Arrays.stream(a).map(it -> it * it).toArray()
        });

        v = multipleRegression(y, x);
        printVector(v);
    }
}
"
16462,Casting out nines,"import java.util.*;
import java.util.stream.IntStream;

public class CastingOutNines {

    public static void main(String[] args) {
        System.out.println(castOut(16, 1, 255));
        System.out.println(castOut(10, 1, 99));
        System.out.println(castOut(17, 1, 288));
    }

    static List<Integer> castOut(int base, int start, int end) {
        int[] ran = IntStream
                .range(0, base - 1)
                .filter(x -> x % (base - 1) == (x * x) % (base - 1))
                .toArray();

        int x = start / (base - 1);

        List<Integer> result = new ArrayList<>();
        while (true) {
            for (int n : ran) {
                int k = (base - 1) * x + n;
                if (k < start)
                    continue;
                if (k > end)
                    return result;
                result.add(k);
            }
            x++;
        }
    }
}
"
16501,Digital root_Multiplicative digital root,"import java.util.*;

public class MultiplicativeDigitalRoot {

    public static void main(String[] args) {

        System.out.println(""NUMBER  MDR   MP"");
        for (long n : new long[]{123321, 7739, 893, 899998}) {
            long[] a = multiplicativeDigitalRoot(n);
            System.out.printf(""%6d %4d %4d%n"", a[0], a[1], a[2]);
        }

        System.out.println();

        Map<Long, List<Long>> table = new HashMap<>();
        for (long i = 0; i < 10; i++)
            table.put(i, new ArrayList<>());

        for (long cnt = 0, n = 0; cnt < 10;) {
            long[] res = multiplicativeDigitalRoot(n++);
            List<Long> list = table.get(res[1]);
            if (list.size() < 5) {
                list.add(res[0]);
                cnt = list.size() == 5 ? cnt + 1 : cnt;
            }
        }

        System.out.println(""MDR: first five numbers with same MDR"");
        table.forEach((key, lst) -> {
            System.out.printf(""%3d: "", key);
            lst.forEach(e -> System.out.printf(""%6s "", e));
            System.out.println();
        });
    }

    public static long[] multiplicativeDigitalRoot(long n) {
        int mp = 0;
        long mdr = n;
        while (mdr > 9) {
            long m = mdr;
            long total = 1;
            while (m > 0) {
                total *= m % 10;
                m /= 10;
            }
            mdr = total;
            mp++;
        }
        return new long[]{n, mdr, mp};
    }
}
"
16517,Draw a cuboid,"import java.awt.*;
import java.awt.event.*;
import static java.lang.Math.*;
import javax.swing.*;

public class Cuboid extends JPanel {
    double[][] nodes = {{-1, -1, -1}, {-1, -1, 1}, {-1, 1, -1}, {-1, 1, 1},
    {1, -1, -1}, {1, -1, 1}, {1, 1, -1}, {1, 1, 1}};

    int[][] edges = {{0, 1}, {1, 3}, {3, 2}, {2, 0}, {4, 5}, {5, 7}, {7, 6},
    {6, 4}, {0, 4}, {1, 5}, {2, 6}, {3, 7}};

    int mouseX, prevMouseX, mouseY, prevMouseY;

    public Cuboid() {
        setPreferredSize(new Dimension(640, 640));
        setBackground(Color.white);

        scale(80, 120, 160);
        rotateCube(PI / 5, PI / 9);

        addMouseListener(new MouseAdapter() {
            @Override
            public void mousePressed(MouseEvent e) {
                mouseX = e.getX();
                mouseY = e.getY();
            }
        });

        addMouseMotionListener(new MouseAdapter() {
            @Override
            public void mouseDragged(MouseEvent e) {
                prevMouseX = mouseX;
                prevMouseY = mouseY;
                mouseX = e.getX();
                mouseY = e.getY();

                double incrX = (mouseX - prevMouseX) * 0.01;
                double incrY = (mouseY - prevMouseY) * 0.01;

                rotateCube(incrX, incrY);
                repaint();
            }
        });
    }

    private void scale(double sx, double sy, double sz) {
        for (double[] node : nodes) {
            node[0] *= sx;
            node[1] *= sy;
            node[2] *= sz;
        }
    }

    private void rotateCube(double angleX, double angleY) {
        double sinX = sin(angleX);
        double cosX = cos(angleX);

        double sinY = sin(angleY);
        double cosY = cos(angleY);

        for (double[] node : nodes) {
            double x = node[0];
            double y = node[1];
            double z = node[2];

            node[0] = x * cosX - z * sinX;
            node[2] = z * cosX + x * sinX;

            z = node[2];

            node[1] = y * cosY - z * sinY;
            node[2] = z * cosY + y * sinY;
        }
    }

    void drawCube(Graphics2D g) {
        g.translate(getWidth() / 2, getHeight() / 2);

        for (int[] edge : edges) {
            double[] xy1 = nodes[edge[0]];
            double[] xy2 = nodes[edge[1]];
            g.drawLine((int) round(xy1[0]), (int) round(xy1[1]),
                    (int) round(xy2[0]), (int) round(xy2[1]));
        }

        for (double[] node : nodes) {
            g.fillOval((int) round(node[0]) - 4, (int) round(node[1]) - 4, 8, 8);
        }
    }

    @Override
    public void paintComponent(Graphics gg) {
        super.paintComponent(gg);
        Graphics2D g = (Graphics2D) gg;
        g.setRenderingHint(RenderingHints.KEY_ANTIALIASING,
                RenderingHints.VALUE_ANTIALIAS_ON);

        drawCube(g);
    }

    public static void main(String[] args) {
        SwingUtilities.invokeLater(() -> {
            JFrame f = new JFrame();
            f.setDefaultCloseOperation(JFrame.EXIT_ON_CLOSE);
            f.setTitle(""Cuboid"");
            f.setResizable(false);
            f.add(new Cuboid(), BorderLayout.CENTER);
            f.pack();
            f.setLocationRelativeTo(null);
            f.setVisible(true);
        });
    }
}
"
16538,ABC words,"import java.io.BufferedReader;
import java.io.FileReader;

public class AbcWords {
    public static void main(String[] args) {
        String fileName = ""unixdict.txt"";
        String chars = ""abc"";
        for (int i = 0; i + 1 < args.length
                && args[i].length() > 1
                && args[i].charAt(0) == '-'; ++i) {
            switch (args[i].charAt(1)) {
            case 'f':
                fileName = args[++i];
                break;
            case 'c':
                chars = args[++i];
                break;
            }
        }
        
        try (BufferedReader reader = new BufferedReader(new FileReader(fileName))) {
            String line;
            int n = 0;
            while ((line = reader.readLine()) != null) {
                if (match(line, chars)) {
                    ++n;
                    System.out.printf(""%3d: %-20s"", n, line);
                    if (n % 3 == 0)
                        System.out.println();
                }
            }
            if (n > 0 && n % 3 != 0)
                System.out.println();
        } catch (Exception e)  {
            e.printStackTrace();
        }
    }

    
    
    private static boolean match(String word, String chars) {
        int length = chars.length();
        boolean[] seen = new boolean[length];
        int wordLength = word.length();
        for (int w = 0; w < wordLength; ++w) {
            char ch = word.charAt(w);
            int index = -1;
            for (int c = 0; c < length; ++c) {
                if (ch == chars.charAt(c) && !seen[c]) {
                    index = c;
                    break;
                }
            }
            if (index == -1)
                continue;
            if (index + 1 == length)
                return index == 0 ? true : seen[index - 1];
            if (index > 0 && !seen[index - 1])
                return false;
            seen[index] = true;
        }
        return false;
    }
}
"
16573,Generate lower case ASCII alphabet,"public class LowerAscii {

    public static void main(String[] args) {
        StringBuilder sb = new StringBuilder(26);
        for (char ch = 'a'; ch <= 'z'; ch++)
            sb.append(ch);
        System.out.printf(""lower ascii: %s, length: %s"", sb, sb.length());
    }
}
"
16594,Primes whose sum of digits is 25,"import java.math.BigInteger;

public class PrimeSum {
    private static int digitSum(BigInteger bi) {
        int sum = 0;
        while (bi.compareTo(BigInteger.ZERO) > 0) {
            BigInteger[] dr = bi.divideAndRemainder(BigInteger.TEN);
            sum += dr[1].intValue();
            bi = dr[0];
        }
        return sum;
    }

    public static void main(String[] args) {
        BigInteger fiveK = BigInteger.valueOf(5_000);
        BigInteger bi = BigInteger.valueOf(2);
        while (bi.compareTo(fiveK) < 0) {
            if (digitSum(bi) == 25) {
                System.out.print(bi);
                System.out.print(""  "");
            }
            bi = bi.nextProbablePrime();
        }
        System.out.println();
    }
}
"
16618,Parsing_RPN calculator algorithm,"grammar rpnC ;





@members {
Stack<Double> s = new Stack<Double>();
}
rpn	:	(WS* (num|op) (WS | WS* NEWLINE {System.out.println(s.pop());}))*;
num	:	'-'? Digit+ ('.' Digit+)? {s.push(Double.parseDouble($num.text));};
Digit	:	'0'..'9';
op	:	'-' {double x = s.pop(); s.push(s.pop() - x);}
	|	'/' {double x = s.pop(); s.push(s.pop() / x);}
	|	'*' {s.push(s.pop() * s.pop());}
	|	'^' {double x = s.pop(); s.push(Math.pow(s.pop(), x));}
	|	'+' {s.push(s.pop() + s.pop());};
WS	:	(' ' | '\t'){skip()};
NEWLINE	:	'\r'? '\n';
"
16670,XML_Input,"import java.io.IOException;
import java.io.StringReader;
import org.xml.sax.Attributes;
import org.xml.sax.InputSource;
import org.xml.sax.SAXException;
import org.xml.sax.XMLReader;
import org.xml.sax.helpers.DefaultHandler;
import org.xml.sax.helpers.XMLReaderFactory;

public class StudentHandler extends DefaultHandler {
  public static void main(String[] args)throws Exception{
    String xml = ""<Students>\n""+
    ""<Student Name=\""April\"" Gender=\""F\"" DateOfBirth=\""1989-01-02\"" />\n""+
    ""<Student Name=\""Bob\"" Gender=\""M\""  DateOfBirth=\""1990-03-04\"" />\n""+
    ""<Student Name=\""Chad\"" Gender=\""M\""  DateOfBirth=\""1991-05-06\"" />\n""+
    ""<Student Name=\""Dave\"" Gender=\""M\""  DateOfBirth=\""1992-07-08\"">\n""+
    ""  <Pet Type=\""dog\"" Name=\""Rover\"" />\n""+
    ""</Student>\n""+
    ""<Student DateOfBirth=\""1993-09-10\"" Gender=\""F\"" Name=\""&#x00C9;mily\"" />\n""+
    ""</Students>"";
    StudentHandler handler = new StudentHandler();
    handler.parse(new InputSource(new StringReader(xml)));
  }

  public void parse(InputSource src) throws SAXException, IOException {
		XMLReader parser = XMLReaderFactory.createXMLReader();
    parser.setContentHandler(this);
    parser.parse(src);
  }

  @Override
  public void characters(char[] ch, int start, int length) throws SAXException {
    
    
    super.characters(ch, start, length);
  }

  @Override
  public void endElement(String uri, String localName, String qName) throws SAXException {
    
    
    super.endElement(uri, localName, qName);
  }

  @Override
  public void startElement(String uri, String localName, String qName, Attributes attributes) throws SAXException {
    if(qName.equals(""Student"")){
      System.out.println(attributes.getValue(""Name""));
    }
  }
}
"
16709,Knuth shuffle,"import java.util.Random;

public static final Random gen = new Random();


public static void shuffle (int[] array) {
    int n = array.length;
    while (n > 1) {
        int k = gen.nextInt(n--); 
        int temp = array[n];
        array[n] = array[k];
        array[k] = temp;
    }
}

public static void shuffle (Object[] array) {
    int n = array.length;
    while (n > 1) {
        int k = gen.nextInt(n--); 
        Object temp = array[n];
        array[n] = array[k];
        array[k] = temp;
    }
}
"
16744,Set,"import java.util.Arrays;
import java.util.Collections;
import java.util.Set;
import java.util.TreeSet;

public class Sets {
    public static void main(String[] args){
        Set<Integer> a = new TreeSet<>();
        
        
        
        
        
        Set<Integer> b = new TreeSet<>();
        Set<Integer> c = new TreeSet<>();
        Set<Integer> d = new TreeSet<>();
        
        a.addAll(Arrays.asList(1, 2, 3, 4, 5));
        b.addAll(Arrays.asList(2, 3, 4, 5, 6, 8));
        c.addAll(Arrays.asList(2, 3, 4));
        d.addAll(Arrays.asList(2, 3, 4));
        System.out.println(""a: "" + a);
        System.out.println(""b: "" + b);
        System.out.println(""c: "" + c);
        System.out.println(""d: "" + d);
        
        System.out.println(""2 in a: "" + a.contains(2));
        System.out.println(""6 in a: "" + a.contains(6));
        
        Set<Integer> ab = new TreeSet<>();
        ab.addAll(a);
        ab.addAll(b);
        System.out.println(""a union b: "" + ab);
        
        Set<Integer> a_b = new TreeSet<>();
        a_b.addAll(a);
        a_b.removeAll(b);
        System.out.println(""a - b: "" + a_b);
        
        System.out.println(""c subset of a: "" + a.containsAll(c));
        
        
        System.out.println(""c = d: "" + c.equals(d));
        System.out.println(""d = c: "" + d.equals(c));
        
        Set<Integer> aib = new TreeSet<>();
        aib.addAll(a);
        aib.retainAll(b);
        System.out.println(""a intersect b: "" + aib);
        
        System.out.println(""add 7 to a: "" + a.add(7));
        System.out.println(""add 2 to a again: "" + a.add(2));
        
        
        Set<Integer> empty = Collections.EMPTY_SET; 
        
        empty.isEmpty(); 
        empty.size();
        Collections.disjoint(a, b); 
        Collections.unmodifiableSet(a); 
    }
}
"
