id,lang,type,code_raw,code_masked,masked
1,java,expression_statement,public FastCharStream(Reader r) {input = r;},public FastCharStream(Reader r) {<MASKED>},input = r;
2,c#,expression_statement,public FastCharStream(TextReader r){input = r;},public FastCharStream(TextReader r){<MASKED>},input = r;
3,java,string_literal,"public String toString() {return ""NoLock"";}",public String toString() {return <MASKED>;},"""NoLock"""
4,c#,string_literal,"public override string ToString(){return ""NoLock"";}",public override string ToString(){return <MASKED>;},"""NoLock"""
5,c#,expression_statement,public override Object Clone(){LeftMarginRecord rec = new LeftMarginRecord();rec.field_1_margin = this.field_1_margin;return rec;},public override Object Clone(){LeftMarginRecord rec = new LeftMarginRecord();<MASKED>return rec;},rec.field_1_margin = this.field_1_margin;
6,java,expression_statement,public Builder() {this(false);},public Builder() {this<MASKED>},(false);
7,c#,expression_statement,public Builder(){InitializeInstanceFields();},public Builder(){<MASKED>},InitializeInstanceFields();
8,java,expression_statement,public void println() {newline();},public void println() {<MASKED>},newline();
9,c#,expression_statement,public virtual void println(){newline();},public virtual void println(){<MASKED>},newline();
10,c#,expression_statement,public override Object Clone(){VCenterRecord rec = new VCenterRecord();rec.field_1_vcenter = field_1_vcenter;return rec;},public override Object Clone(){VCenterRecord rec = new VCenterRecord();<MASKED>return rec;},rec.field_1_vcenter = field_1_vcenter;
11,java,expression_statement,public void skipBytes(long count) {pos += count;},public void skipBytes(long count) {<MASKED>},pos += count;
12,c#,expression_statement,public override void SkipBytes(int count){pos += count;},public override void SkipBytes(int count){<MASKED>},pos += count;
13,c#,string_literal,"public override string GetSignerVersion(){return ""1.0"";}",public override string GetSignerVersion(){return <MASKED>;},"""1.0"""
14,java,expression_statement,public void remove(int key) {delete(key);},public void remove(int key) {<MASKED>},delete(key);
15,c#,expression_statement,public virtual void remove(int key){delete(key);},public virtual void remove(int key){<MASKED>},delete(key);
16,java,expression_statement,public void clear() {head = null;free.clear();},public void clear() {<MASKED>free.clear();},head = null;
17,c#,expression_statement,public override void Clear(){head = null;free.Clear();},public override void Clear(){head = null;<MASKED>},free.Clear();
18,java,expression_statement,public void run() {display = true;},public void run() {<MASKED>},display = true;
19,c#,expression_statement,public virtual void Run(){display = true;},public virtual void Run(){<MASKED>},display = true;
20,c#,string_literal,"public override string GetSignerName(){return ""BearerTokenSigner"";}",public override string GetSignerName(){return <MASKED>;},"""BearerTokenSigner"""
21,java,expression_statement,public void reset() {arriving = -1;leaving = -1;},public void reset() {<MASKED>leaving = -1;},arriving = -1;
22,c#,expression_statement,public void Reset(){arriving = null;leaving = null;},public void Reset(){<MASKED>leaving = null;},arriving = null;
23,java,expression_statement,public final T updateTop() {downHeap(1);return heap[1];},public final T updateTop() {<MASKED>return heap[1];},downHeap(1);
24,c#,expression_statement,public T UpdateTop(){DownHeap();return heap[1];},public T UpdateTop(){<MASKED>return heap[1];},DownHeap();
25,java,expression_statement,public FunctionQuery(ValueSource func) {this.func=func;},public FunctionQuery(ValueSource func) {<MASKED>},this.func=func;
26,c#,expression_statement,public FunctionQuery(ValueSource func){this.func = func;},public FunctionQuery(ValueSource func){<MASKED>},this.func = func;
27,java,expression_statement,"public K next() {Node<K,V> n = next;advance();return n.key;}","public K next() {Node<K,V> n = next;<MASKED>return n.key;}",advance();
28,java,expression_statement,public void setLength(long sz) {setLength((int) sz);},public void setLength(long sz) {<MASKED>},setLength((int) sz);
29,c#,expression_statement,"public virtual void SetLength(int sz){NB.EncodeInt32(info, infoOffset + P_SIZE, sz);}",public virtual void SetLength(int sz){<MASKED>},"NB.EncodeInt32(info, infoOffset + P_SIZE, sz);"
30,java,string_literal,"public String toString() {return ""'"" + ch + ""' @ "" + pos;}","public String toString() {return <MASKED> + ch + ""' @ "" + pos;}","""'"""
31,c#,string_literal,"public override String ToString(){return ""'"" + ch + ""' @ "" + pos;}","public override String ToString(){return ""'"" + ch + <MASKED> + pos;}","""' @ """
32,java,expression_statement,"public void set(int x, int y) {this.x = x;this.y = y;}","public void set(int x, int y) {<MASKED>this.y = y;}",this.x = x;
33,c#,expression_statement,"public virtual void set(int x, int y){this.x = x;this.y = y;}","public virtual void set(int x, int y){this.x = x;<MASKED>}",this.y = y;
34,java,expression_statement,public void setValue(String newValue) {value = newValue;},public void setValue(String newValue) {<MASKED>},value = newValue;
35,c#,expression_statement,public virtual void SetValue(string newValue){value = newValue;},public virtual void SetValue(string newValue){<MASKED>},value = newValue;
36,java,expression_statement,public final void add(RevFlag flag) {flags |= flag.mask;},public final void add(RevFlag flag) {<MASKED>},flags |= flag.mask;
37,c#,expression_statement,public void Add(RevFlag flag){flags |= flag.mask;},public void Add(RevFlag flag){<MASKED>},flags |= flag.mask;
38,java,expression_statement,public void addError(FormatError err) {errors.add(err);},public void addError(FormatError err) {<MASKED>},errors.add(err);
39,c#,expression_statement,public virtual void AddError(FormatError err){errors.AddItem(err);},public virtual void AddError(FormatError err){<MASKED>},errors.AddItem(err);
40,java,expression_statement,public StrDocValues(ValueSource vs) {this.vs = vs;},public StrDocValues(ValueSource vs) {<MASKED>},this.vs = vs;
41,c#,expression_statement,public StrDocValues(ValueSource vs){this.m_vs = vs;},public StrDocValues(ValueSource vs){<MASKED>},this.m_vs = vs;
42,java,expression_statement,public void println(Object o) {println(String.valueOf(o));},public void println(Object o) {<MASKED>},println(String.valueOf(o));
43,c#,expression_statement,public virtual void println(object o){println(Sharpen.StringHelper.GetValueOf(o));},public virtual void println(object o){<MASKED>},println(Sharpen.StringHelper.GetValueOf(o));
44,java,expression_statement,@Override public void clear() {filteredEntrySet.clear();},@Override public void clear() {<MASKED>},filteredEntrySet.clear();
45,c#,expression_statement,public override void clear(){this._enclosing.clear();},public override void clear(){<MASKED>},this._enclosing.clear();
46,java,expression_statement,"public void write(char[] buf) {write(buf, 0, buf.length);}",public void write(char[] buf) {<MASKED>},"write(buf, 0, buf.length);"
47,c#,expression_statement,"public override void write(char[] buf){write(buf, 0, buf.Length);}",public override void write(char[] buf){<MASKED>},"write(buf, 0, buf.Length);"
48,java,expression_statement,public void clearSubRecords() {subrecords.clear();},public void clearSubRecords() {<MASKED>},subrecords.clear();
49,c#,expression_statement,public void ClearSubRecords(){subrecords.Clear();},public void ClearSubRecords(){<MASKED>},subrecords.Clear();
50,java,expression_statement,public SliceReader(IntBlockPool pool) {this.pool = pool;},public SliceReader(IntBlockPool pool) {<MASKED>},this.pool = pool;
51,c#,expression_statement,public SliceReader(Int32BlockPool pool){this.pool = pool;},public SliceReader(Int32BlockPool pool){<MASKED>},this.pool = pool;
52,java,expression_statement,public final void makeReadOnly() {readOnly = true;},public final void makeReadOnly() {<MASKED>},readOnly = true;
53,c#,expression_statement,public void MakeReadOnly(){readOnly = true;},public void MakeReadOnly(){<MASKED>},readOnly = true;
54,c#,expression_statement,public override Object Clone(){SeriesToChartGroupRecord rec = new SeriesToChartGroupRecord();rec.field_1_chartGroupIndex = field_1_chartGroupIndex;return rec;},public override Object Clone(){SeriesToChartGroupRecord rec = new SeriesToChartGroupRecord();<MASKED>return rec;},rec.field_1_chartGroupIndex = field_1_chartGroupIndex;
55,java,expression_statement,public void setHideObj(short hide){field_1_hide_obj = hide;},public void setHideObj(short hide){<MASKED>},field_1_hide_obj = hide;
56,c#,expression_statement,public void SetHideObj(short hide){field_1_hide_obj = hide;},public void SetHideObj(short hide){<MASKED>},field_1_hide_obj = hide;
57,java,string_literal,"public String toString() {return ""Action: "" + this.action;}",public String toString() {return <MASKED> + this.action;},"""Action: """
58,c#,string_literal,"public override string ToString(){return ""Action: "" + this.action;}",public override string ToString(){return <MASKED> + this.action;},"""Action: """
59,java,expression_statement,"public Tag(String key, String value) {setKey(key);setValue(value);}","public Tag(String key, String value) {setKey(key);<MASKED>}",setValue(value);
60,c#,expression_statement,"public Tag(string key, string value){_key = key;_value = value;}","public Tag(string key, string value){<MASKED>_value = value;}",_key = key;
61,java,expression_statement,public IdentityEncoder(Charset charset) {this.charset = charset;},public IdentityEncoder(Charset charset) {<MASKED>},this.charset = charset;
62,c#,expression_statement,public IdentityEncoder(Encoding charset){this.m_charset = charset;},public IdentityEncoder(Encoding charset){<MASKED>},this.m_charset = charset;
63,java,expression_statement,public AddTagsRequest(String resourceId) {setResourceId(resourceId);},public AddTagsRequest(String resourceId) {<MASKED>},setResourceId(resourceId);
64,c#,expression_statement,public AddTagsRequest(string resourceId){_resourceId = resourceId;},public AddTagsRequest(string resourceId){<MASKED>},_resourceId = resourceId;
65,java,expression_statement,public ReverseBytesReader(byte[] bytes) {this.bytes = bytes;},public ReverseBytesReader(byte[] bytes) {<MASKED>},this.bytes = bytes;
66,c#,expression_statement,public ReverseBytesReader(byte[] bytes){this.bytes = bytes;},public ReverseBytesReader(byte[] bytes){<MASKED>},this.bytes = bytes;
67,java,expression_statement,public long nextOrd() {long v = ord;ord = NO_MORE_ORDS;return v;},public long nextOrd() {long v = ord;<MASKED>return v;},ord = NO_MORE_ORDS;
68,c#,expression_statement,public override long NextOrd(){if (set){return NO_MORE_ORDS;}else{set = true;return @in.GetOrd(docID);}},public override long NextOrd(){if (set){return NO_MORE_ORDS;}else{<MASKED>return @in.GetOrd(docID);}},set = true;
69,java,expression_statement,public byte readByte() {checkPosition(1);return (byte)read();},public byte readByte() {<MASKED>return (byte)read();},checkPosition(1);
70,c#,expression_statement,public int ReadByte(){CheckPosition(1);return _buf[_ReadIndex++];},public int ReadByte(){<MASKED>return _buf[_ReadIndex++];},CheckPosition(1);
71,java,expression_statement,public IndexEnum(FST<Long> fst) {fstEnum = new BytesRefFSTEnum<>(fst);},public IndexEnum(FST<Long> fst) {<MASKED>},fstEnum = new BytesRefFSTEnum<>(fst);
72,c#,expression_statement,public IndexEnum(FST<long?> fst){fstEnum = new BytesRefFSTEnum<long?>(fst);},public IndexEnum(FST<long?> fst){<MASKED>},fstEnum = new BytesRefFSTEnum<long?>(fst);
73,java,string_literal,"public String toString() {return ""PATH(\"""" + pathStr + ""\"")"";}","public String toString() {return ""PATH(\"""" + pathStr + <MASKED>;}","""\"")"""
74,c#,string_literal,"public override string ToString(){return ""PATH(\"""" + pathStr + ""\"")"";}","public override string ToString(){return ""PATH(\"""" + pathStr + <MASKED>;}","""\"")"""
75,c#,expression_statement,"public virtual string GetValue(string name){string result;nameValPairs.TryGetValue(name, out result);return result;}",public virtual string GetValue(string name){string result;<MASKED>return result;},"nameValPairs.TryGetValue(name, out result);"
76,java,string_literal,"public String toString() {return super.toString() + "":"" + revstr; }",public String toString() {return super.toString() + <MASKED> + revstr; },""":"""
77,c#,string_literal,"public override string ToString(){return base.ToString() + "":"" + revstr;}",public override string ToString(){return base.ToString() + <MASKED> + revstr;},""":"""
78,java,expression_statement,public void flush() throws IOException {drain();output.flush();},public void flush() throws IOException {<MASKED>output.flush();},drain();
79,java,expression_statement,public void setNewPrefix(String prefix) {newPrefix = prefix;},public void setNewPrefix(String prefix) {<MASKED>},newPrefix = prefix;
80,c#,expression_statement,public virtual void SetNewPrefix(string prefix){newPrefix = prefix;},public virtual void SetNewPrefix(string prefix){<MASKED>},newPrefix = prefix;
81,java,expression_statement,public MultiSimilarity(Similarity sims[]) {this.sims = sims;},public MultiSimilarity(Similarity sims[]) {<MASKED>},this.sims = sims;
82,c#,expression_statement,public MultiSimilarity(Similarity[] sims){this.m_sims = sims;},public MultiSimilarity(Similarity[] sims){<MASKED>},this.m_sims = sims;
83,java,expression_statement,public ListTopicsRequest(String nextToken) {setNextToken(nextToken);},public ListTopicsRequest(String nextToken) {<MASKED>},setNextToken(nextToken);
84,c#,expression_statement,public ListTopicsRequest(string nextToken){_nextToken = nextToken;},public ListTopicsRequest(string nextToken){<MASKED>},_nextToken = nextToken;
85,java,string_literal,"public String toString() {return value + "", "" + begin + "", "" + end;}","public String toString() {return value + <MASKED> + begin + "", "" + end;}",""", """
86,c#,string_literal,"public override string ToString(){return value + "", "" + begin + "", "" + end;}","public override string ToString(){return value + "", "" + begin + <MASKED> + end;}",""", """
87,java,expression_statement,public void pollForUpdates() {assert isMainThread();doUpdates();},public void pollForUpdates() {assert isMainThread();<MASKED>},doUpdates();
88,c#,expression_statement,public virtual void PollForUpdates(){DoUpdates();},public virtual void PollForUpdates(){<MASKED>},DoUpdates();
89,java,expression_statement,public IndicNormalizationFilter(TokenStream input) {super(input);},public IndicNormalizationFilter(TokenStream input) {super<MASKED>},(input);
90,java,expression_statement,public final void backup(int amount) {bufferPosition -= amount;},public final void backup(int amount) {<MASKED>},bufferPosition -= amount;
91,c#,expression_statement,public void BackUp(int amount){bufferPosition -= amount;},public void BackUp(int amount){<MASKED>},bufferPosition -= amount;
92,java,expression_statement,public DeleteTableRequest(String tableName) {setTableName(tableName);},public DeleteTableRequest(String tableName) {<MASKED>},setTableName(tableName);
93,c#,expression_statement,public DeleteTableRequest(string tableName){_tableName = tableName;},public DeleteTableRequest(string tableName){<MASKED>},_tableName = tableName;
94,java,expression_statement,"public void setCreationTime(long when) {encodeTS(P_CTIME, when);}",public void setCreationTime(long when) {<MASKED>},"encodeTS(P_CTIME, when);"
95,c#,expression_statement,"public virtual void SetCreationTime(long when){EncodeTS(P_CTIME, when);}",public virtual void SetCreationTime(long when){<MASKED>},"EncodeTS(P_CTIME, when);"
96,java,expression_statement,public PackedDataInput(DataInput in) {this.in = in;skipToNextByte();},public PackedDataInput(DataInput in) {<MASKED>skipToNextByte();},this.in = in;
97,c#,expression_statement,public PackedDataInput(DataInput @in){this.@in = @in;SkipToNextByte();},public PackedDataInput(DataInput @in){<MASKED>SkipToNextByte();},this.@in = @in;
98,java,expression_statement,public void setDeltaCacheSize(long size) {deltaCacheSize = size;},public void setDeltaCacheSize(long size) {<MASKED>},deltaCacheSize = size;
99,c#,expression_statement,public virtual void SetDeltaCacheSize(long size){deltaCacheSize = size;},public virtual void SetDeltaCacheSize(long size){<MASKED>},deltaCacheSize = size;
100,java,expression_statement,public ByteSliceWriter(ByteBlockPool pool) {this.pool = pool;},public ByteSliceWriter(ByteBlockPool pool) {<MASKED>},this.pool = pool;
101,c#,expression_statement,public ByteSliceWriter(ByteBlockPool pool){this.pool = pool;},public ByteSliceWriter(ByteBlockPool pool){<MASKED>},this.pool = pool;
102,java,expression_statement,"public void set(char[] arr, int end) {this.buf = arr;this.len = end;}","public void set(char[] arr, int end) {this.buf = arr;<MASKED>}",this.len = end;
103,c#,expression_statement,"public virtual void Set(char[] arr, int end){this.m_buf = arr;this.m_len = end;}","public virtual void Set(char[] arr, int end){this.m_buf = arr;<MASKED>}",this.m_len = end;
104,java,string_literal,"@Override public final String toString() {return key + ""="" + value;}",@Override public final String toString() {return key + <MASKED> + value;},"""="""
105,c#,string_literal,"public sealed override string ToString(){return key + ""="" + value;}",public sealed override string ToString(){return key + <MASKED> + value;},"""="""
106,java,expression_statement,public DeleteQueueRequest(String queueUrl) {setQueueUrl(queueUrl);},public DeleteQueueRequest(String queueUrl) {<MASKED>},setQueueUrl(queueUrl);
107,c#,expression_statement,public DeleteQueueRequest(string queueUrl){_queueUrl = queueUrl;},public DeleteQueueRequest(string queueUrl){<MASKED>},_queueUrl = queueUrl;
108,java,expression_statement,public ListSubscriptionsRequest(String nextToken) {setNextToken(nextToken);},public ListSubscriptionsRequest(String nextToken) {<MASKED>},setNextToken(nextToken);
109,c#,expression_statement,public ListSubscriptionsRequest(string nextToken){_nextToken = nextToken;},public ListSubscriptionsRequest(string nextToken){<MASKED>},_nextToken = nextToken;
110,java,expression_statement,public MissingRowDummyRecord(int rowNumber) {this.rowNumber = rowNumber;},public MissingRowDummyRecord(int rowNumber) {<MASKED>},this.rowNumber = rowNumber;
111,c#,expression_statement,public MissingRowDummyRecord(int rowNumber){this.rowNumber = rowNumber;},public MissingRowDummyRecord(int rowNumber){<MASKED>},this.rowNumber = rowNumber;
112,java,expression_statement,public RequestSpotInstancesRequest(String spotPrice) {setSpotPrice(spotPrice);},public RequestSpotInstancesRequest(String spotPrice) {<MASKED>},setSpotPrice(spotPrice);
113,c#,expression_statement,public RequestSpotInstancesRequest(string spotPrice){_spotPrice = spotPrice;},public RequestSpotInstancesRequest(string spotPrice){<MASKED>},_spotPrice = spotPrice;
114,java,string_literal,"public String toString() {return ""ShardIter(shard="" + shardIndex + "")"";}","public String toString() {return ""ShardIter(shard="" + shardIndex + <MASKED>;}",""")"""
115,c#,string_literal,"public override string ToString(){return ""ShardIter(shard="" + shardIndex + "")"";}","public override string ToString(){return <MASKED> + shardIndex + "")"";}","""ShardIter(shard="""
116,java,expression_statement,public BooleanQueryBuilder(QueryBuilder factory) {this.factory = factory;},public BooleanQueryBuilder(QueryBuilder factory) {<MASKED>},this.factory = factory;
117,c#,expression_statement,public BooleanQueryBuilder(IQueryBuilder factory){this.factory = factory;},public BooleanQueryBuilder(IQueryBuilder factory){<MASKED>},this.factory = factory;
118,java,expression_statement,public void setNeedBaseObjectIds(boolean b) {this.needBaseObjectIds = b;},public void setNeedBaseObjectIds(boolean b) {<MASKED>},this.needBaseObjectIds = b;
119,c#,expression_statement,public virtual void SetNeedBaseObjectIds(bool b){this.needBaseObjectIds = b;},public virtual void SetNeedBaseObjectIds(bool b){<MASKED>},this.needBaseObjectIds = b;
120,java,expression_statement,public SearchFind(boolean isCaseSensitive) {_isCaseSensitive = isCaseSensitive;},public SearchFind(boolean isCaseSensitive) {<MASKED>},_isCaseSensitive = isCaseSensitive;
121,c#,expression_statement,public SearchFind(bool isCaseSensitive){_isCaseSensitive = isCaseSensitive;},public SearchFind(bool isCaseSensitive){<MASKED>},_isCaseSensitive = isCaseSensitive;
122,c#,expression_statement,public override PredictionContext GetParent(int index){System.Diagnostics.Debug.Assert(index == 0);return parent;},public override PredictionContext GetParent(int index){<MASKED>return parent;},System.Diagnostics.Debug.Assert(index == 0);
123,java,expression_statement,public CreateSpotDatafeedSubscriptionRequest(String bucket) {setBucket(bucket);},public CreateSpotDatafeedSubscriptionRequest(String bucket) {<MASKED>},setBucket(bucket);
124,c#,expression_statement,public CreateSpotDatafeedSubscriptionRequest(string bucket){_bucket = bucket;},public CreateSpotDatafeedSubscriptionRequest(string bucket){<MASKED>},_bucket = bucket;
125,java,expression_statement,public QueryParserTokenManager(CharStream stream){input_stream = stream;},public QueryParserTokenManager(CharStream stream){<MASKED>},input_stream = stream;
126,c#,expression_statement,public QueryParserTokenManager(ICharStream stream){m_input_stream = stream;},public QueryParserTokenManager(ICharStream stream){<MASKED>},m_input_stream = stream;
127,java,expression_statement,"public KeyValue(String key, String value) {setKey(key);setValue(value);}","public KeyValue(String key, String value) {setKey(key);<MASKED>}",setValue(value);
128,c#,expression_statement,"public KeyValue(string key, string value){_key = key;_value = value;}","public KeyValue(string key, string value){_key = key;<MASKED>}",_value = value;
129,java,expression_statement,public void delete() {if (!deleted) {deleted = true;commitsToDelete.add(this);}},public void delete() {if (!deleted) {<MASKED>commitsToDelete.add(this);}},deleted = true;
130,c#,expression_statement,public override void Delete(){if (!deleted){deleted = true;commitsToDelete.Add(this);}},public override void Delete(){if (!deleted){<MASKED>commitsToDelete.Add(this);}},deleted = true;
131,java,string_literal,"public StringBuffer append(boolean b) {return append(b ? ""true"" : ""false"");}","public StringBuffer append(boolean b) {return append(b ? <MASKED> : ""false"");}","""true"""
132,c#,string_literal,"public java.lang.StringBuffer append(bool b){return append(b ? ""true"" : ""false"");}","public java.lang.StringBuffer append(bool b){return append(b ? <MASKED> : ""false"");}","""true"""
133,java,expression_statement,public void unwriteProtectWorkbook() {this.workbook.unwriteProtectWorkbook();},public void unwriteProtectWorkbook() {<MASKED>},this.workbook.unwriteProtectWorkbook();
134,c#,expression_statement,public void UnwriteProtectWorkbook(){this.workbook.UnwriteProtectWorkbook();},public void UnwriteProtectWorkbook(){<MASKED>},this.workbook.UnwriteProtectWorkbook();
135,java,string_literal,"public String toString() {return String.format(""channel(%d)"", channel);}","public String toString() {return String.format(<MASKED>, channel);}","""channel(%d)"""
136,c#,string_literal,"public override string ToString(){return string.Format(""channel({0})"", channel);}","public override string ToString(){return string.Format(<MASKED>, channel);}","""channel({0})"""
137,java,expression_statement,public ListMultipartUploadsRequest(String vaultName) {setVaultName(vaultName);},public ListMultipartUploadsRequest(String vaultName) {<MASKED>},setVaultName(vaultName);
138,c#,expression_statement,public ListMultipartUploadsRequest(string vaultName){_vaultName = vaultName;},public ListMultipartUploadsRequest(string vaultName){<MASKED>},_vaultName = vaultName;
139,java,expression_statement,public void connect(PipedWriter src) throws IOException {src.connect(this);},public void connect(PipedWriter src) throws IOException {<MASKED>},src.connect(this);
140,java,expression_statement,"public void removeState(ATNState state) {states.set(state.stateNumber, null); }",public void removeState(ATNState state) {<MASKED> },"states.set(state.stateNumber, null);"
141,c#,expression_statement,public virtual void RemoveState(ATNState state){states[state.stateNumber] = null;},public virtual void RemoveState(ATNState state){<MASKED>},states[state.stateNumber] = null;
142,java,expression_statement,public RefCountedRevision(Revision revision) {this.revision = revision;},public RefCountedRevision(Revision revision) {<MASKED>},this.revision = revision;
143,c#,expression_statement,public RefCountedRevision(IRevision revision){Revision = revision;},public RefCountedRevision(IRevision revision){<MASKED>},Revision = revision;
144,java,expression_statement,public void remove() {iterator.remove();subList.sizeChanged(false);end--;},public void remove() {iterator.remove();subList.sizeChanged(false);<MASKED>},end--;
145,c#,expression_statement,public void remove(){iterator.remove();subList.sizeChanged(false);end--;},public void remove(){iterator.remove();<MASKED>end--;},subList.sizeChanged(false);
146,java,expression_statement,public void removeLineCount() {remove1stProperty(PropertyIDMap.PID_LINECOUNT);},public void removeLineCount() {<MASKED>},remove1stProperty(PropertyIDMap.PID_LINECOUNT);
147,c#,expression_statement,public void RemoveLineCount(){MutableSection s = (MutableSection)FirstSection;s.RemoveProperty(PropertyIDMap.PID_LINECOUNT);},public void RemoveLineCount(){MutableSection s = (MutableSection)FirstSection;<MASKED>},s.RemoveProperty(PropertyIDMap.PID_LINECOUNT);
148,java,expression_statement,public IntervalSet(List<Interval> intervals) {this.intervals = intervals;},public IntervalSet(List<Interval> intervals) {<MASKED>},this.intervals = intervals;
149,c#,expression_statement,public IntervalSet(IList<Interval> intervals){this.intervals = intervals;},public IntervalSet(IList<Interval> intervals){<MASKED>},this.intervals = intervals;
150,java,expression_statement,"public UnknownRecord(int id, byte[] data) {_sid = id & 0xFFFF;_rawData = data;}","public UnknownRecord(int id, byte[] data) {<MASKED>_rawData = data;}",_sid = id & 0xFFFF;
151,c#,expression_statement,"public UnknownRecord(int id, byte[] data){_sid = id & 0xFFFF;_rawData = data;}","public UnknownRecord(int id, byte[] data){<MASKED>_rawData = data;}",_sid = id & 0xFFFF;
152,java,expression_statement,public void serialize(LittleEndianOutput out) {out.writeDouble(getMaxChange());},public void serialize(LittleEndianOutput out) {<MASKED>},out.writeDouble(getMaxChange());
153,c#,expression_statement,public override void Serialize(ILittleEndianOutput out1){out1.WriteDouble(MaxChange);},public override void Serialize(ILittleEndianOutput out1){<MASKED>},out1.WriteDouble(MaxChange);
154,java,expression_statement,public void postInvalidate() {if (!mNoInvalidate) {super.postInvalidate();}},public void postInvalidate() {if (!mNoInvalidate) {<MASKED>}},super.postInvalidate();
155,c#,expression_statement,public override void postInvalidate(){if (!mNoInvalidate){base.postInvalidate();}},public override void postInvalidate(){if (!mNoInvalidate){<MASKED>}},base.postInvalidate();
156,java,expression_statement,public VCenterRecord(RecordInputStream in) {field_1_vcenter = in.readShort();},public VCenterRecord(RecordInputStream in) {<MASKED>},field_1_vcenter = in.readShort();
157,c#,expression_statement,public VCenterRecord(RecordInputStream in1){field_1_vcenter = in1.ReadShort();},public VCenterRecord(RecordInputStream in1){<MASKED>},field_1_vcenter = in1.ReadShort();
158,java,expression_statement,public PrecedencePredicate(int precedence) {this.precedence = precedence;},public PrecedencePredicate(int precedence) {<MASKED>},this.precedence = precedence;
159,c#,expression_statement,public PrecedencePredicate(int precedence){this.precedence = precedence;},public PrecedencePredicate(int precedence){<MASKED>},this.precedence = precedence;
160,java,expression_statement,"public void print(char[] chars) {print(new String(chars, 0, chars.length));}",public void print(char[] chars) {<MASKED>},"print(new String(chars, 0, chars.length));"
161,c#,expression_statement,"public virtual void print(char[] chars){print(new string(chars, 0, chars.Length));}",public virtual void print(char[] chars){<MASKED>},"print(new string(chars, 0, chars.Length));"
162,java,expression_statement,public ChangeBatch(java.util.List<Change> changes) {setChanges(changes);},public ChangeBatch(java.util.List<Change> changes) {<MASKED>},setChanges(changes);
163,c#,expression_statement,public ChangeBatch(List<Change> changes){_changes = changes;},public ChangeBatch(List<Change> changes){<MASKED>},_changes = changes;
164,java,expression_statement,public DrawingRecord(RecordInputStream in) {recordData = in.readRemainder();},public DrawingRecord(RecordInputStream in) {<MASKED>},recordData = in.readRemainder();
165,c#,expression_statement,public DrawingRecord(RecordInputStream in1){recordData = in1.ReadRemainder();},public DrawingRecord(RecordInputStream in1){<MASKED>},recordData = in1.ReadRemainder();
166,java,expression_statement,"public Parser(boolean dedup, Analyzer analyzer) {super(dedup);this.analyzer = analyzer;}","public Parser(boolean dedup, Analyzer analyzer) {super<MASKED>this.analyzer = analyzer;}",(dedup);
167,c#,expression_statement,"public Parser(bool dedup, Analyzer analyzer): base(dedup){this.analyzer = analyzer;}","public Parser(bool dedup, Analyzer analyzer): base(dedup){<MASKED>}",this.analyzer = analyzer;
168,java,expression_statement,public void removeHeadingPair() {remove1stProperty(PropertyIDMap.PID_HEADINGPAIR);},public void removeHeadingPair() {<MASKED>},remove1stProperty(PropertyIDMap.PID_HEADINGPAIR);
169,c#,expression_statement,public void RemoveHeadingPair(){MutableSection s = (MutableSection)FirstSection;s.RemoveProperty(PropertyIDMap.PID_HEADINGPAIR);},public void RemoveHeadingPair(){MutableSection s = (MutableSection)FirstSection;<MASKED>},s.RemoveProperty(PropertyIDMap.PID_HEADINGPAIR);
170,java,expression_statement,public void writeShort(int v) {writeContinueIfRequired(2);_ulrOutput.writeShort(v);},public void writeShort(int v) {<MASKED>_ulrOutput.writeShort(v);},writeContinueIfRequired(2);
171,c#,expression_statement,public void WriteShort(int v){_out.WriteShort(v);_size += 2;},public void WriteShort(int v){_out.WriteShort(v);<MASKED>},_size += 2;
172,java,expression_statement,public LogCommand setSkip(int skip) {checkCallable();this.skip = skip;return this;},public LogCommand setSkip(int skip) {<MASKED>this.skip = skip;return this;},checkCallable();
173,c#,expression_statement,public virtual NGit.Api.LogCommand SetSkip(int skip){CheckCallable();this.skip = skip;return this;},public virtual NGit.Api.LogCommand SetSkip(int skip){CheckCallable();<MASKED>return this;},this.skip = skip;
174,java,string_literal,"public String toString() {return ""character="" + _character + "",fontIndex="" + _fontIndex;}","public String toString() {return ""character="" + _character + <MASKED> + _fontIndex;}",""",fontIndex="""
175,c#,string_literal,"public override String ToString(){return ""character="" + _character + "",fontIndex="" + _fontIndex;}","public override String ToString(){return <MASKED> + _character + "",fontIndex="" + _fontIndex;}","""character="""
176,java,expression_statement,"public StringBuilder append(long l) {IntegralToString.appendLong(this, l);return this;}",public StringBuilder append(long l) {<MASKED>return this;},"IntegralToString.appendLong(this, l);"
177,c#,expression_statement,"public java.lang.StringBuilder append(bool b){append0(b ? ""true"" : ""false"");return this;}",public java.lang.StringBuilder append(bool b){<MASKED>return this;},"append0(b ? ""true"" : ""false"");"
178,java,expression_statement,"public StoredField(String name, double value) {super(name, TYPE);fieldsData = value;}","public StoredField(String name, double value) {super(name, TYPE);<MASKED>}",fieldsData = value;
179,java,expression_statement,"public StoredField(String name, double value) {super(name, TYPE);fieldsData = value;}","public StoredField(String name, double value) {super(name, TYPE);<MASKED>}",fieldsData = value;
180,java,expression_statement,public void dispatch(IndexChangedListener listener) {listener.onIndexChanged(this);},public void dispatch(IndexChangedListener listener) {<MASKED>},listener.onIndexChanged(this);
181,c#,expression_statement,public override void Dispatch(IndexChangedListener listener){listener.OnIndexChanged(this);},public override void Dispatch(IndexChangedListener listener){<MASKED>},listener.OnIndexChanged(this);
182,java,expression_statement,public void addShape(HSSFShape shape) {shape.setPatriarch(this);_shapes.add(shape);},public void addShape(HSSFShape shape) {shape.setPatriarch(this);<MASKED>},_shapes.add(shape);
183,c#,expression_statement,public void AddShape(HSSFShape shape){shape.Patriarch = this;_shapes.Add(shape);},public void AddShape(HSSFShape shape){<MASKED>_shapes.Add(shape);},shape.Patriarch = this;
184,java,expression_statement,public void setCommitNames(String[] commitNames) {this.commitNames = commitNames;},public void setCommitNames(String[] commitNames) {<MASKED>},this.commitNames = commitNames;
185,c#,expression_statement,public virtual void SetCommitNames(string[] commitNames){this.commitNames = commitNames;},public virtual void SetCommitNames(string[] commitNames){<MASKED>},this.commitNames = commitNames;
186,java,expression_statement,"public Note(AnyObjectId noteOn, ObjectId noteData) {super(noteOn);data = noteData;}","public Note(AnyObjectId noteOn, ObjectId noteData) {super(noteOn);<MASKED>}",data = noteData;
187,java,string_literal,"public String toFormulaString(String[] operands) {return ""("" + operands[0] + "")"";}","public String toFormulaString(String[] operands) {return ""("" + operands[0] + <MASKED>;}",""")"""
188,c#,string_literal,"public String ToFormulaString(String[] operands){return ""("" + operands[0] + "")"";}","public String ToFormulaString(String[] operands){return <MASKED> + operands[0] + "")"";}","""("""
189,java,expression_statement,public void readFully(byte[] dst) throws IOException {primitiveTypes.readFully(dst);},public void readFully(byte[] dst) throws IOException {<MASKED>},primitiveTypes.readFully(dst);
190,java,expression_statement,"public ByteArrayDataInput(byte[] bytes, int offset, int len) {reset(bytes, offset, len);}","public ByteArrayDataInput(byte[] bytes, int offset, int len) {<MASKED>}","reset(bytes, offset, len);"
191,c#,expression_statement,"public ByteArrayDataInput(byte[] bytes, int offset, int len){Reset(bytes, offset, len);}","public ByteArrayDataInput(byte[] bytes, int offset, int len){<MASKED>}","Reset(bytes, offset, len);"
192,java,expression_statement,"public StoredField(String name, long value) {super(name, TYPE);fieldsData = value;}","public StoredField(String name, long value) {super(name, TYPE);<MASKED>}",fieldsData = value;
193,java,expression_statement,public SubmoduleSyncCommand(Repository repo) {super(repo);paths = new ArrayList<>();},public SubmoduleSyncCommand(Repository repo) {super<MASKED>paths = new ArrayList<>();},(repo);
194,java,expression_statement,"public StringBuilder delete(int start, int end) {delete0(start, end);return this;}","public StringBuilder delete(int start, int end) {<MASKED>return this;}","delete0(start, end);"
195,c#,expression_statement,"public java.lang.StringBuilder delete(int start, int end){delete0(start, end);return this;}","public java.lang.StringBuilder delete(int start, int end){<MASKED>return this;}","delete0(start, end);"
196,java,expression_statement,public WriteRequest(DeleteRequest deleteRequest) {setDeleteRequest(deleteRequest);},public WriteRequest(DeleteRequest deleteRequest) {<MASKED>},setDeleteRequest(deleteRequest);
197,c#,expression_statement,public WriteRequest(DeleteRequest deleteRequest){_deleteRequest = deleteRequest;},public WriteRequest(DeleteRequest deleteRequest){<MASKED>},_deleteRequest = deleteRequest;
198,java,expression_statement,public CleanCommand setPaths(Set<String> paths) {this.paths = paths;return this;},public CleanCommand setPaths(Set<String> paths) {<MASKED>return this;},this.paths = paths;
199,c#,expression_statement,public virtual NGit.Api.CleanCommand SetPaths(ICollection<string> paths){this.paths = paths;return this;},public virtual NGit.Api.CleanCommand SetPaths(ICollection<string> paths){<MASKED>return this;},this.paths = paths;
200,java,expression_statement,public void serialize(LittleEndianOutput out) {out.writeShort(field_1_print_headers);},public void serialize(LittleEndianOutput out) {<MASKED>},out.writeShort(field_1_print_headers);
201,c#,expression_statement,public override void Serialize(ILittleEndianOutput out1){out1.WriteShort(field_1_print_headers);},public override void Serialize(ILittleEndianOutput out1){<MASKED>},out1.WriteShort(field_1_print_headers);
202,java,expression_statement,public void serialize(LittleEndianOutput out) {out.writeShort(field_1_chartGroupIndex);},public void serialize(LittleEndianOutput out) {<MASKED>},out.writeShort(field_1_chartGroupIndex);
203,c#,expression_statement,public override void Serialize(ILittleEndianOutput out1){out1.WriteShort(field_1_chartGroupIndex);},public override void Serialize(ILittleEndianOutput out1){<MASKED>},out1.WriteShort(field_1_chartGroupIndex);
204,java,expression_statement,public void copyUpdatedCells(Workbook workbook) {_sewb.copyUpdatedCells(workbook);},public void copyUpdatedCells(Workbook workbook) {<MASKED>},_sewb.copyUpdatedCells(workbook);
205,c#,expression_statement,public void CopyUpdatedCells(IWorkbook workbook){_sewb.CopyUpdatedCells(workbook);},public void CopyUpdatedCells(IWorkbook workbook){<MASKED>},_sewb.CopyUpdatedCells(workbook);
206,java,expression_statement,public DeleteLogGroupRequest(String logGroupName) {setLogGroupName(logGroupName);},public DeleteLogGroupRequest(String logGroupName) {<MASKED>},setLogGroupName(logGroupName);
207,c#,expression_statement,public DeleteLogGroupRequest(string logGroupName){_logGroupName = logGroupName;},public DeleteLogGroupRequest(string logGroupName){<MASKED>},_logGroupName = logGroupName;
208,java,expression_statement,public void removePresentationFormat() {remove1stProperty(PropertyIDMap.PID_PRESFORMAT);},public void removePresentationFormat() {<MASKED>},remove1stProperty(PropertyIDMap.PID_PRESFORMAT);
209,c#,expression_statement,public void RemovePresentationFormat(){MutableSection s = (MutableSection)FirstSection;s.RemoveProperty(PropertyIDMap.PID_PRESFORMAT);},public void RemovePresentationFormat(){MutableSection s = (MutableSection)FirstSection;<MASKED>},s.RemoveProperty(PropertyIDMap.PID_PRESFORMAT);
210,java,expression_statement,public TerminateJobFlowsRequest(java.util.List<String> jobFlowIds) {setJobFlowIds(jobFlowIds);},public TerminateJobFlowsRequest(java.util.List<String> jobFlowIds) {<MASKED>},setJobFlowIds(jobFlowIds);
211,c#,expression_statement,public TerminateJobFlowsRequest(List<string> jobFlowIds){_jobFlowIds = jobFlowIds;},public TerminateJobFlowsRequest(List<string> jobFlowIds){<MASKED>},_jobFlowIds = jobFlowIds;
212,java,expression_statement,"public Policy(String id, Collection<Statement> statements) {this(id);setStatements(statements);}","public Policy(String id, Collection<Statement> statements) {this<MASKED>setStatements(statements);}",(id);
213,c#,expression_statement,"public Policy(string id, IList<Statement> statements){this.id = id;this.statements = statements;}","public Policy(string id, IList<Statement> statements){<MASKED>this.statements = statements;}",this.id = id;
214,java,expression_statement,"public SimpleQQParser(String qqName, String indexField) {this(new String[] { qqName }, indexField);}","public SimpleQQParser(String qqName, String indexField) {this<MASKED>}","(new String[] { qqName }, indexField);"
215,c#,expression_statement,"public SimpleQQParser(string qqName, string indexField): this(new string[] { qqName }, indexField);","public SimpleQQParser(string qqName, string indexField): <MASKED>","this(new string[] { qqName }, indexField);"
216,java,expression_statement,public int getCells() {int size = 0;for (Row row : rows)size += row.getCells();return size;},public int getCells() {int size = 0;for (Row row : rows)<MASKED>return size;},size += row.getCells();
217,c#,expression_statement,public virtual int GetCells(){int size = 0;foreach (Row row in rows)size += row.GetCells();return size;},public virtual int GetCells(){int size = 0;foreach (Row row in rows)<MASKED>return size;},size += row.GetCells();
218,java,expression_statement,"public PipedReader(PipedWriter out, int pipeSize) throws IOException {this(pipeSize);connect(out);}","public PipedReader(PipedWriter out, int pipeSize) throws IOException {this(pipeSize);<MASKED>}",connect(out);
219,java,expression_statement,"public void add(String key, ParserExtension extension) {this.extensions.put(key, extension);}","public void add(String key, ParserExtension extension) {<MASKED>}","this.extensions.put(key, extension);"
220,c#,expression_statement,"public virtual void Add(string key, ParserExtension extension){this.extensions[key] = extension;}","public virtual void Add(string key, ParserExtension extension){<MASKED>}",this.extensions[key] = extension;
221,java,expression_statement,public char next() {if (++index >= limit) {index = limit;return DONE;} else {return current();}},public char next() {if (++index >= limit) {<MASKED>return DONE;} else {return current();}},index = limit;
222,c#,expression_statement,public override char Next(){if (++index >= limit){index = limit;return Done;}else{return Current;}},public override char Next(){if (++index >= limit){<MASKED>return Done;}else{return Current;}},index = limit;
223,java,expression_statement,public void setUnknownFormulaData(byte[] formularData) {field_2_unknownFormulaData = formularData;},public void setUnknownFormulaData(byte[] formularData) {<MASKED>},field_2_unknownFormulaData = formularData;
224,c#,expression_statement,public void SetUnknownFormulaData(byte[] formularData){field_2_unknownFormulaData = formularData;},public void SetUnknownFormulaData(byte[] formularData){<MASKED>},field_2_unknownFormulaData = formularData;
225,java,expression_statement,public void addChildRecord(EscherRecord childRecord) {getChildRecords().add( childRecord );},public void addChildRecord(EscherRecord childRecord) {<MASKED>},getChildRecords().add( childRecord );
226,c#,expression_statement,public void AddChildRecord(EscherRecord childRecord){ChildRecords.Add(childRecord);},public void AddChildRecord(EscherRecord childRecord){<MASKED>},ChildRecords.Add(childRecord);
227,java,expression_statement,public final void writeFloat(float val) throws IOException {writeInt(Float.floatToIntBits(val));},public final void writeFloat(float val) throws IOException {<MASKED>},writeInt(Float.floatToIntBits(val));
228,java,expression_statement,public double get(int index) {checkIndex(index);return byteBuffer.getDouble(index * SizeOf.DOUBLE);},public double get(int index) {<MASKED>return byteBuffer.getDouble(index * SizeOf.DOUBLE);},checkIndex(index);
229,c#,expression_statement,public override double get(int index){checkIndex(index);return byteBuffer.getDouble(index * libcore.io.SizeOf.DOUBLE);},public override double get(int index){<MASKED>return byteBuffer.getDouble(index * libcore.io.SizeOf.DOUBLE);},checkIndex(index);
230,java,expression_statement,public void update(int b) {if (upto == buffer.length) {flush();}buffer[upto++] = (byte) b;},public void update(int b) {if (upto == buffer.length) {<MASKED>}buffer[upto++] = (byte) b;},flush();
231,c#,expression_statement,public virtual void Update(int b){if (upto == buffer.Length){Flush();}buffer[upto++] = (byte)b;},public virtual void Update(int b){if (upto == buffer.Length){Flush();}<MASKED>},buffer[upto++] = (byte)b;
232,java,expression_statement,public PushCommand setDryRun(boolean dryRun) {checkCallable();this.dryRun = dryRun;return this;},public PushCommand setDryRun(boolean dryRun) {<MASKED>this.dryRun = dryRun;return this;},checkCallable();
233,c#,expression_statement,public virtual NGit.Api.PushCommand SetDryRun(bool dryRun){CheckCallable();this.dryRun = dryRun;return this;},public virtual NGit.Api.PushCommand SetDryRun(bool dryRun){<MASKED>this.dryRun = dryRun;return this;},CheckCallable();
234,c#,expression_statement,"public override WAH8DocIdSet Build(){if (this.wordNum != -1){AddWord(wordNum, (byte)word);}return base.Build();}",public override WAH8DocIdSet Build(){if (this.wordNum != -1){<MASKED>}return base.Build();},"AddWord(wordNum, (byte)word);"
235,java,expression_statement,public LiteralValueSource(String string) {this.string = string;this.bytesRef = new BytesRef(string);},public LiteralValueSource(String string) {<MASKED>this.bytesRef = new BytesRef(string);},this.string = string;
236,c#,expression_statement,public LiteralValueSource(string str){this.m_str = str;this.m_bytesRef = new BytesRef(str);},public LiteralValueSource(string str){<MASKED>this.m_bytesRef = new BytesRef(str);},this.m_str = str;
237,java,expression_statement,public CherryPickCommand include(Ref commit) {checkCallable();commits.add(commit);return this;},public CherryPickCommand include(Ref commit) {<MASKED>commits.add(commit);return this;},checkCallable();
238,c#,expression_statement,public virtual NGit.Api.CherryPickCommand Include(Ref commit){CheckCallable();commits.AddItem(commit);return this;},public virtual NGit.Api.CherryPickCommand Include(Ref commit){<MASKED>commits.AddItem(commit);return this;},CheckCallable();
239,java,string_literal,"public String toString() {return getClass().getSimpleName()+"" field:""+fieldName+"" ctx=""+ctx;}","public String toString() {return getClass().getSimpleName()+"" field:""+fieldName+<MASKED>+ctx;}",""" ctx="""
240,c#,string_literal,"public override string ToString(){return GetType().Name + "" field:"" + fieldName + "" ctx="" + m_ctx;}","public override string ToString(){return GetType().Name + <MASKED> + fieldName + "" ctx="" + m_ctx;}",""" field:"""
241,java,expression_statement,"public void write(String s) {reserve(s.length());s.getChars(0,s.length(),buf, len);len +=s.length();}","public void write(String s) {reserve(s.length());s.getChars(0,s.length(),buf, len);<MASKED>}",len +=s.length();
242,c#,expression_statement,public virtual void Write(int b){Write((char)b);},public virtual void Write(int b){<MASKED>},Write((char)b);
243,java,expression_statement,"public PartETag(int partNumber, String eTag) {this.partNumber = partNumber;this.eTag = eTag;}","public PartETag(int partNumber, String eTag) {<MASKED>this.eTag = eTag;}",this.partNumber = partNumber;
244,c#,expression_statement,"public PartETag(int partNumber, string eTag){this.partNumber = partNumber;this.eTag = eTag;}","public PartETag(int partNumber, string eTag){<MASKED>this.eTag = eTag;}",this.partNumber = partNumber;
245,java,expression_statement,public CellRangeAddress get(int index) {checkIndex(index);return _mergedRegions.get(index);},public CellRangeAddress get(int index) {<MASKED>return _mergedRegions.get(index);},checkIndex(index);
246,c#,expression_statement,public CellRangeAddress Get(int index){CheckIndex(index);return (CellRangeAddress)_mergedRegions[index];},public CellRangeAddress Get(int index){<MASKED>return (CellRangeAddress)_mergedRegions[index];},CheckIndex(index);
247,java,expression_statement,"public SimpleQQParser(String qqName, String indexField) {this(new String[] { qqName }, indexField);}","public SimpleQQParser(String qqName, String indexField) {this<MASKED>}","(new String[] { qqName }, indexField);"
248,c#,expression_statement,"public SimpleQQParser(string[] qqNames, string indexField){this.qqNames = qqNames;this.indexField = indexField;}","public SimpleQQParser(string[] qqNames, string indexField){<MASKED>this.indexField = indexField;}",this.qqNames = qqNames;
249,java,expression_statement,public DiffCommand setContextLines(int contextLines) {this.contextLines = contextLines;return this;},public DiffCommand setContextLines(int contextLines) {<MASKED>return this;},this.contextLines = contextLines;
250,c#,expression_statement,public virtual NGit.Api.DiffCommand SetContextLines(int contextLines){this.contextLines = contextLines;return this;},public virtual NGit.Api.DiffCommand SetContextLines(int contextLines){<MASKED>return this;},this.contextLines = contextLines;
251,java,expression_statement,public PostingsEnum reset(int[] postings) {this.postings = postings;upto = -1;return this;},public PostingsEnum reset(int[] postings) {this.postings = postings;<MASKED>return this;},upto = -1;
252,c#,expression_statement,public DocsEnum Reset(int[] postings){this.postings = postings;upto = -1;return this;},public DocsEnum Reset(int[] postings){this.postings = postings;<MASKED>return this;},upto = -1;
253,java,expression_statement,"public QueryScorer(Query query, IndexReader reader, String field) {init(query, field, reader, true);}","public QueryScorer(Query query, IndexReader reader, String field) {<MASKED>}","init(query, field, reader, true);"
254,c#,expression_statement,"public QueryScorer(Query query, IndexReader reader, string field){Init(query, field, reader, true);}","public QueryScorer(Query query, IndexReader reader, string field){<MASKED>}","Init(query, field, reader, true);"
255,java,expression_statement,public ShowNoteCommand setObjectId(RevObject id) {checkCallable();this.id = id;return this;},public ShowNoteCommand setObjectId(RevObject id) {checkCallable();<MASKED>return this;},this.id = id;
256,c#,expression_statement,public virtual NGit.Api.ShowNoteCommand SetObjectId(RevObject id){CheckCallable();this.id = id;return this;},public virtual NGit.Api.ShowNoteCommand SetObjectId(RevObject id){CheckCallable();<MASKED>return this;},this.id = id;
257,java,expression_statement,"public CreateImageRequest(String instanceId, String name) {setInstanceId(instanceId);setName(name);}","public CreateImageRequest(String instanceId, String name) {<MASKED>setName(name);}",setInstanceId(instanceId);
258,c#,expression_statement,"public CreateImageRequest(string instanceId, string name){_instanceId = instanceId;_name = name;}","public CreateImageRequest(string instanceId, string name){<MASKED>_name = name;}",_instanceId = instanceId;
259,java,expression_statement,"public void serializeTokens(LittleEndianOutput out) {out.write(_byteEncoding, 0, _encodedTokenLen);}",public void serializeTokens(LittleEndianOutput out) {<MASKED>},"out.write(_byteEncoding, 0, _encodedTokenLen);"
260,c#,expression_statement,"public void SerializeTokens(ILittleEndianOutput out1){out1.Write(_byteEncoding, 0, _encodedTokenLen);}",public void SerializeTokens(ILittleEndianOutput out1){<MASKED>},"out1.Write(_byteEncoding, 0, _encodedTokenLen);"
261,java,expression_statement,public void println() {synchronized (lock) {print(System.lineSeparator());if (autoFlush) {flush();}}},public void println() {synchronized (lock) {<MASKED>if (autoFlush) {flush();}}},print(System.lineSeparator());
262,c#,expression_statement,public virtual void println(){lock (@lock){print(System.Environment.NewLine);if (autoFlush){flush();}}},public virtual void println(){lock (@lock){<MASKED>if (autoFlush){flush();}}},print(System.Environment.NewLine);
263,java,expression_statement,public void adjustIndex(int offset) {_firstSheetIndex += offset;_lastSheetIndex += offset;},public void adjustIndex(int offset) {_firstSheetIndex += offset;<MASKED>},_lastSheetIndex += offset;
264,c#,expression_statement,public void AdjustIndex(int offset){_firstSheetIndex += offset;_lastSheetIndex += offset;},public void AdjustIndex(int offset){<MASKED>_lastSheetIndex += offset;},_firstSheetIndex += offset;
265,java,expression_statement,"public StringBuilder append(double d) {RealToString.getInstance().appendDouble(this, d);return this;}",public StringBuilder append(double d) {<MASKED>return this;},"RealToString.getInstance().appendDouble(this, d);"
266,c#,expression_statement,"public java.lang.StringBuilder append(bool b){append0(b ? ""true"" : ""false"");return this;}",public java.lang.StringBuilder append(bool b){<MASKED>return this;},"append0(b ? ""true"" : ""false"");"
267,java,expression_statement,public void writeByte(int value) throws IOException {checkWritePrimitiveTypes();primitiveTypes.writeByte(value);},public void writeByte(int value) throws IOException {<MASKED>primitiveTypes.writeByte(value);},checkWritePrimitiveTypes();
268,java,expression_statement,public AreaValueArray(TwoDEval ae) {super(ae.getWidth() * ae.getHeight());_ae = ae;_width = ae.getWidth();},public AreaValueArray(TwoDEval ae) {super(ae.getWidth() * ae.getHeight());<MASKED>_width = ae.getWidth();},_ae = ae;
269,c#,expression_statement,public AreaValueArray(TwoDEval ae): base(ae.Width * ae.Height){_ae = ae;_width = ae.Width;},public AreaValueArray(TwoDEval ae): base(ae.Width * ae.Height){_ae = ae;<MASKED>},_width = ae.Width;
270,java,expression_statement,public void addPositionSpans(List<PositionSpan> positionSpans) {this.positionSpans.addAll(positionSpans);},public void addPositionSpans(List<PositionSpan> positionSpans) {<MASKED>},this.positionSpans.addAll(positionSpans);
271,c#,expression_statement,public virtual void AddPositionSpans(IList<PositionSpan> positionSpans){this._positionSpans.AddRange(positionSpans);},public virtual void AddPositionSpans(IList<PositionSpan> positionSpans){<MASKED>},this._positionSpans.AddRange(positionSpans);
272,java,expression_statement,"public LongBuffer put(int index, long c) {checkIndex(index);byteBuffer.putLong(index * SizeOf.LONG, c);return this;}","public LongBuffer put(int index, long c) {checkIndex(index);<MASKED>return this;}","byteBuffer.putLong(index * SizeOf.LONG, c);"
273,c#,expression_statement,"public override java.nio.LongBuffer put(int index, long c){checkIndex(index);byteBuffer.putLong(index * libcore.io.SizeOf.LONG, c);return this;}","public override java.nio.LongBuffer put(int index, long c){<MASKED>byteBuffer.putLong(index * libcore.io.SizeOf.LONG, c);return this;}",checkIndex(index);
274,java,expression_statement,"public void clear() {lastElement = 0;currentOffset = 0;Arrays.fill(offsets, 0);pool.reset(false, true); }","public void clear() {lastElement = 0;currentOffset = 0;<MASKED>pool.reset(false, true); }","Arrays.fill(offsets, 0);"
275,c#,expression_statement,"public void Clear(){lastElement = 0;currentOffset = 0;Array.Clear(offsets, 0, offsets.Length);pool.Reset(false, true); }","public void Clear(){<MASKED>currentOffset = 0;Array.Clear(offsets, 0, offsets.Length);pool.Reset(false, true); }",lastElement = 0;
276,java,expression_statement,public static double sum(double[] values) {double sum = 0;for (double value : values) {sum += value;}return sum;},public static double sum(double[] values) {double sum = 0;for (double value : values) {<MASKED>}return sum;},sum += value;
277,c#,expression_statement,"public static double Sum(double[] values){double sum = 0;for (int i = 0, iSize = values.Length; i < iSize; i++){sum += values[i];}return sum;}","public static double Sum(double[] values){double sum = 0;for (int i = 0, iSize = values.Length; i < iSize; i++){<MASKED>}return sum;}",sum += values[i];
278,java,expression_statement,"public SimpleFraction(int numerator, int denominator){this.numerator = numerator;this.denominator = denominator;}","public SimpleFraction(int numerator, int denominator){<MASKED>this.denominator = denominator;}",this.numerator = numerator;
279,c#,expression_statement,"public SimpleFraction(int numerator, int denominator){this.numerator = numerator;this.denominator = denominator;}","public SimpleFraction(int numerator, int denominator){<MASKED>this.denominator = denominator;}",this.numerator = numerator;
280,java,expression_statement,public void setDeltaBaseAsOffset(boolean deltaBaseAsOffset) {this.deltaBaseAsOffset = deltaBaseAsOffset;},public void setDeltaBaseAsOffset(boolean deltaBaseAsOffset) {<MASKED>},this.deltaBaseAsOffset = deltaBaseAsOffset;
281,c#,expression_statement,public virtual void SetDeltaBaseAsOffset(bool deltaBaseAsOffset){this.deltaBaseAsOffset = deltaBaseAsOffset;},public virtual void SetDeltaBaseAsOffset(bool deltaBaseAsOffset){<MASKED>},this.deltaBaseAsOffset = deltaBaseAsOffset;
282,java,expression_statement,"public void unsafeWrite(char b[], int off, int len) {System.arraycopy(b, off, buf, this.len, len);this.len += len;}","public void unsafeWrite(char b[], int off, int len) {System.arraycopy(b, off, buf, this.len, len);<MASKED>}",this.len += len;
283,c#,expression_statement,"public virtual void UnsafeWrite(char[] b, int off, int len){System.Array.Copy(b, off, m_buf, this.m_len, len);this.m_len += len;}","public virtual void UnsafeWrite(char[] b, int off, int len){<MASKED>this.m_len += len;}","System.Array.Copy(b, off, m_buf, this.m_len, len);"
284,java,string_literal,"public String buildExtensionField(String extensionKey) {return buildExtensionField(extensionKey, """");}","public String buildExtensionField(String extensionKey) {return buildExtensionField(extensionKey, <MASKED>);}",""""""
285,c#,string_literal,"public virtual string BuildExtensionField(string extensionKey){return BuildExtensionField(extensionKey, """");}","public virtual string BuildExtensionField(string extensionKey){return BuildExtensionField(extensionKey, <MASKED>);}",""""""
286,java,expression_statement,"public JapaneseReadingFormFilter(TokenStream input, boolean useRomaji) {super(input);this.useRomaji = useRomaji;}","public JapaneseReadingFormFilter(TokenStream input, boolean useRomaji) {super(input);<MASKED>}",this.useRomaji = useRomaji;
287,c#,expression_statement,"public JapaneseReadingFormFilter(TokenStream input, bool useRomaji): base(input){this.useRomaji = useRomaji;this.termAttr = AddAttribute<ICharTermAttribute>();this.readingAttr = AddAttribute<IReadingAttribute>();}","public JapaneseReadingFormFilter(TokenStream input, bool useRomaji): base(input){this.useRomaji = useRomaji;this.termAttr = AddAttribute<ICharTermAttribute>();<MASKED>}",this.readingAttr = AddAttribute<IReadingAttribute>();
288,java,string_literal,"public ApplyTokenRequest() {super(""OnsMqtt"", ""2019-12-11"", ""ApplyToken"", ""onsmqtt"");setMethod(MethodType.POST);}","public ApplyTokenRequest() {super(""OnsMqtt"", ""2019-12-11"", <MASKED>, ""onsmqtt"");setMethod(MethodType.POST);}","""ApplyToken"""
289,c#,string_literal,"public ApplyTokenRequest(): base(""OnsMqtt"", ""2019-12-11"", ""ApplyToken"", ""onsmqtt"", ""openAPI""){Method = MethodType.POST;}","public ApplyTokenRequest(): base(""OnsMqtt"", ""2019-12-11"", <MASKED>, ""onsmqtt"", ""openAPI""){Method = MethodType.POST;}","""ApplyToken"""
290,java,expression_statement,public S3Signer() {this.httpVerb = null;this.resourcePath = null;this.additionalQueryParamsToSign = null;},public S3Signer() {<MASKED>this.resourcePath = null;this.additionalQueryParamsToSign = null;},this.httpVerb = null;
291,c#,expression_statement,"public S3Signer(){_s3Signer = new Amazon.Runtime.Internal.Auth.S3Signer(AWSConfigsS3.UseSignatureVersion4, RegionDetectionUpdater);}",public S3Signer(){<MASKED>},"_s3Signer = new Amazon.Runtime.Internal.Auth.S3Signer(AWSConfigsS3.UseSignatureVersion4, RegionDetectionUpdater);"
292,java,expression_statement,public ListNotesCommand setNotesRef(String notesRef) {checkCallable();this.notesRef = notesRef;return this;},public ListNotesCommand setNotesRef(String notesRef) {checkCallable();<MASKED>return this;},this.notesRef = notesRef;
293,c#,expression_statement,public virtual NGit.Api.ListNotesCommand SetNotesRef(string notesRef){CheckCallable();this.notesRef = notesRef;return this;},public virtual NGit.Api.ListNotesCommand SetNotesRef(string notesRef){CheckCallable();<MASKED>return this;},this.notesRef = notesRef;
294,java,expression_statement,"public ATN(ATNType grammarType, int maxTokenType) {this.grammarType = grammarType;this.maxTokenType = maxTokenType;}","public ATN(ATNType grammarType, int maxTokenType) {<MASKED>this.maxTokenType = maxTokenType;}",this.grammarType = grammarType;
295,c#,expression_statement,"public ATN(ATNType grammarType, int maxTokenType){this.grammarType = grammarType;this.maxTokenType = maxTokenType;}","public ATN(ATNType grammarType, int maxTokenType){<MASKED>this.maxTokenType = maxTokenType;}",this.grammarType = grammarType;
296,java,string_literal,"public String toString() {return ""(FOLLOW("" + path.toString() + "")"" + "" AND "" + ANY_DIFF.toString() + "")"";}","public String toString() {return ""(FOLLOW("" + path.toString() + "")"" + <MASKED> + ANY_DIFF.toString() + "")"";}",""" AND """
297,c#,string_literal,"public override string ToString(){return ""(FOLLOW("" + path.ToString() + "")"" + "" AND "" + ANY_DIFF.ToString() + "")"";}","public override string ToString(){return ""(FOLLOW("" + path.ToString() + <MASKED> + "" AND "" + ANY_DIFF.ToString() + "")"";}",""")"""
298,java,expression_statement,"public DoubleBuffer put(int index, double c) {checkIndex(index);backingArray[offset + index] = c;return this;}","public DoubleBuffer put(int index, double c) {checkIndex(index);<MASKED>return this;}",backingArray[offset + index] = c;
299,c#,expression_statement,"public override java.nio.DoubleBuffer put(int index, double c){checkIndex(index);backingArray[offset + index] = c;return this;}","public override java.nio.DoubleBuffer put(int index, double c){<MASKED>backingArray[offset + index] = c;return this;}",checkIndex(index);
300,java,expression_statement,public QueryNodeProcessorPipeline(QueryConfigHandler queryConfigHandler) {this.queryConfig = queryConfigHandler;},public QueryNodeProcessorPipeline(QueryConfigHandler queryConfigHandler) {<MASKED>},this.queryConfig = queryConfigHandler;
301,c#,expression_statement,public QueryNodeProcessorPipeline(QueryConfigHandler queryConfigHandler){this.queryConfig = queryConfigHandler;},public QueryNodeProcessorPipeline(QueryConfigHandler queryConfigHandler){<MASKED>},this.queryConfig = queryConfigHandler;
302,c#,expression_statement,public void close (){lock (this.mBlock) {if (this.mParseState != null) {this.mParseState.Dispose ();this.mParseState = null;this.mBlock.decOpenCountLocked ();}}},public void close (){lock (this.mBlock) {if (this.mParseState != null) {this.mParseState.Dispose ();this.mParseState = null;<MASKED>}}},this.mBlock.decOpenCountLocked ();
303,java,expression_statement,public DefaultRowHeightRecord() {field_1_option_flags = 0x0000;field_2_row_height = DEFAULT_ROW_HEIGHT;},public DefaultRowHeightRecord() {<MASKED>field_2_row_height = DEFAULT_ROW_HEIGHT;},field_1_option_flags = 0x0000;
304,c#,expression_statement,public DefaultRowHeightRecord(){field_1_option_flags = 0x0000;field_2_row_height = DEFAULT_ROW_HEIGHT;},public DefaultRowHeightRecord(){<MASKED>field_2_row_height = DEFAULT_ROW_HEIGHT;},field_1_option_flags = 0x0000;
305,java,expression_statement,"public DeletableItem(String name, java.util.List<Attribute> attributes) {setName(name);setAttributes(attributes);}","public DeletableItem(String name, java.util.List<Attribute> attributes) {<MASKED>setAttributes(attributes);}",setName(name);
306,c#,expression_statement,"public DeletableItem(string name, List<Attribute> attributes){_name = name;_attributes = attributes;}","public DeletableItem(string name, List<Attribute> attributes){<MASKED>_attributes = attributes;}",_name = name;
307,java,expression_statement,"public RangeTransition(ATNState target, int from, int to) {super(target);this.from = from;this.to = to;}","public RangeTransition(ATNState target, int from, int to) {super(target);this.from = from;<MASKED>}",this.to = to;
308,c#,expression_statement,"public RangeTransition(ATNState target, int from, int to): base(target){this.from = from;this.to = to;}","public RangeTransition(ATNState target, int from, int to): base(target){<MASKED>this.to = to;}",this.from = from;
309,c#,expression_statement,public virtual ListTablesResponse ListTables(int limit){var request = new ListTablesRequest();request.Limit = limit;return ListTables(request);},public virtual ListTablesResponse ListTables(int limit){var request = new ListTablesRequest();<MASKED>return ListTables(request);},request.Limit = limit;
310,java,expression_statement,public Break(RecordInputStream in) {main = in.readUShort() - 1;subFrom = in.readUShort();subTo = in.readUShort();},public Break(RecordInputStream in) {main = in.readUShort() - 1;subFrom = in.readUShort();<MASKED>},subTo = in.readUShort();
311,c#,expression_statement,public Break(RecordInputStream in1){main = in1.ReadUShort() - 1;subFrom = in1.ReadUShort();subTo = in1.ReadUShort();},public Break(RecordInputStream in1){main = in1.ReadUShort() - 1;subFrom = in1.ReadUShort();<MASKED>},subTo = in1.ReadUShort();
312,java,expression_statement,public void setKeyProgressIncrement(int increment) {mKeyProgressIncrement = increment < 0 ? -increment : increment;},public void setKeyProgressIncrement(int increment) {<MASKED>},mKeyProgressIncrement = increment < 0 ? -increment : increment;
313,c#,expression_statement,public virtual void setKeyProgressIncrement(int increment){mKeyProgressIncrement = increment < 0 ? -increment : increment;},public virtual void setKeyProgressIncrement(int increment){<MASKED>},mKeyProgressIncrement = increment < 0 ? -increment : increment;
314,java,expression_statement,public void setParams(String params) {super.setParams(params);docSize = (int) Float.parseFloat(params);},public void setParams(String params) {<MASKED>docSize = (int) Float.parseFloat(params);},super.setParams(params);
315,c#,expression_statement,"public override void SetParams(string @params){base.SetParams(@params);docSize = (int)float.Parse(@params, CultureInfo.InvariantCulture);}","public override void SetParams(string @params){<MASKED>docSize = (int)float.Parse(@params, CultureInfo.InvariantCulture);}",base.SetParams(@params);
316,java,expression_statement,public void unlinkSharedFormulas() {for (int i = 0; i < _numberOfFormulas; i++) {_frAggs[i].unlinkSharedFormula();}},public void unlinkSharedFormulas() {for (int i = 0; i < _numberOfFormulas; i++) {<MASKED>}},_frAggs[i].unlinkSharedFormula();
317,c#,expression_statement,public void UnlinkSharedFormulas(){for (int i = 0; i < _numberOfFormulas; i++){_frAggs[i].UnlinkSharedFormula();}},public void UnlinkSharedFormulas(){for (int i = 0; i < _numberOfFormulas; i++){<MASKED>}},_frAggs[i].UnlinkSharedFormula();
318,java,expression_statement,"public FloatBuffer put(int index, float c) {checkIndex(index);backingArray[offset + index] = c;return this;}","public FloatBuffer put(int index, float c) {<MASKED>backingArray[offset + index] = c;return this;}",checkIndex(index);
319,c#,expression_statement,"public override java.nio.FloatBuffer put(int index, float c){checkIndex(index);backingArray[offset + index] = c;return this;}","public override java.nio.FloatBuffer put(int index, float c){checkIndex(index);<MASKED>return this;}",backingArray[offset + index] = c;
320,java,expression_statement,public FrameRecord(RecordInputStream in) {field_1_borderType = in.readShort();field_2_options = in.readShort();},public FrameRecord(RecordInputStream in) {<MASKED>field_2_options = in.readShort();},field_1_borderType = in.readShort();
321,c#,expression_statement,public FrameRecord(RecordInputStream in1){field_1_borderType = in1.ReadShort();field_2_options = in1.ReadShort();},public FrameRecord(RecordInputStream in1){<MASKED>field_2_options = in1.ReadShort();},field_1_borderType = in1.ReadShort();
322,java,expression_statement,public BatchRefUpdate setAllowNonFastForwards(boolean allow) {allowNonFastForwards = allow;return this;},public BatchRefUpdate setAllowNonFastForwards(boolean allow) {<MASKED>return this;},allowNonFastForwards = allow;
323,c#,expression_statement,public virtual NGit.BatchRefUpdate SetAllowNonFastForwards(bool allow){allowNonFastForwards = allow;return this;},public virtual NGit.BatchRefUpdate SetAllowNonFastForwards(bool allow){<MASKED>return this;},allowNonFastForwards = allow;
324,java,expression_statement,"public void setup(int id, int progress, boolean fromUser) {mId = id;mProgress = progress;mFromUser = fromUser;}","public void setup(int id, int progress, boolean fromUser) {mId = id;mProgress = progress;<MASKED>}",mFromUser = fromUser;
325,c#,expression_statement,"public virtual void setup(int id, int progress, bool fromUser){this.mId = id;this.mProgress = progress;this.mFromUser = fromUser;}","public virtual void setup(int id, int progress, bool fromUser){this.mId = id;<MASKED>this.mFromUser = fromUser;}",this.mProgress = progress;
326,java,expression_statement,"public GetInvalidationRequest(String distributionId, String id) {setDistributionId(distributionId);setId(id);}","public GetInvalidationRequest(String distributionId, String id) {<MASKED>setId(id);}",setDistributionId(distributionId);
327,c#,expression_statement,"public GetInvalidationRequest(string distributionId, string id){_distributionId = distributionId;_id = id;}","public GetInvalidationRequest(string distributionId, string id){<MASKED>_id = id;}",_distributionId = distributionId;
328,java,expression_statement,public void serialize(LittleEndianOutput out) {out.writeByte(getWSBool2());out.writeByte(getWSBool1());},public void serialize(LittleEndianOutput out) {<MASKED>out.writeByte(getWSBool1());},out.writeByte(getWSBool2());
329,c#,expression_statement,public override void Serialize(ILittleEndianOutput out1){out1.WriteByte(WSBool1);out1.WriteByte(WSBool2);},public override void Serialize(ILittleEndianOutput out1){<MASKED>out1.WriteByte(WSBool2);},out1.WriteByte(WSBool1);
330,java,expression_statement,"public FileOutputStream(String path, boolean append) throws FileNotFoundException {this(new File(path), append);}","public FileOutputStream(String path, boolean append) throws FileNotFoundException {this<MASKED>}","(new File(path), append);"
331,java,expression_statement,"public ListPartsRequest(String vaultName, String uploadId) {setVaultName(vaultName);setUploadId(uploadId);}","public ListPartsRequest(String vaultName, String uploadId) {<MASKED>setUploadId(uploadId);}",setVaultName(vaultName);
332,c#,expression_statement,"public ListPartsRequest(string vaultName, string uploadId){_vaultName = vaultName;_uploadId = uploadId;}","public ListPartsRequest(string vaultName, string uploadId){<MASKED>_uploadId = uploadId;}",_vaultName = vaultName;
333,java,expression_statement,"public GetSearchRequest() {super(""cr"", ""2016-06-07"", ""GetSearch"", ""cr"");setUriPattern(""/search-delete"");setMethod(MethodType.GET);}","public GetSearchRequest() {super(""cr"", ""2016-06-07"", ""GetSearch"", ""cr"");<MASKED>setMethod(MethodType.GET);}","setUriPattern(""/search-delete"");"
334,c#,string_literal,"public GetSearchRequest(): base(""cr"", ""2016-06-07"", ""GetSearch"", ""cr"", ""openAPI""){UriPattern = ""/search-delete"";Method = MethodType.GET;}","public GetSearchRequest(): base(""cr"", ""2016-06-07"", ""GetSearch"", ""cr"", ""openAPI""){UriPattern = <MASKED>;Method = MethodType.GET;}","""/search-delete"""
335,java,expression_statement,"public static String toHex(long value) {StringBuilder sb = new StringBuilder(16);writeHex(sb, value, 16, """");return sb.toString();}",public static String toHex(long value) {StringBuilder sb = new StringBuilder(16);<MASKED>return sb.toString();},"writeHex(sb, value, 16, """");"
336,java,expression_statement,public void copy(MutableValue source) {MutableValueDouble s = (MutableValueDouble) source;value = s.value;exists = s.exists;},public void copy(MutableValue source) {MutableValueDouble s = (MutableValueDouble) source;value = s.value;<MASKED>},exists = s.exists;
337,c#,expression_statement,public override void Copy(MutableValue source){MutableValueDouble s = (MutableValueDouble)source;Value = s.Value;Exists = s.Exists;},public override void Copy(MutableValue source){MutableValueDouble s = (MutableValueDouble)source;<MASKED>Exists = s.Exists;},Value = s.Value;
338,java,expression_statement,"public CreateEventRequest() {super(""CloudPhoto"", ""2017-07-11"", ""CreateEvent"", ""cloudphoto"");setProtocol(ProtocolType.HTTPS);}","public CreateEventRequest() {super(""CloudPhoto"", ""2017-07-11"", ""CreateEvent"", ""cloudphoto"");<MASKED>}",setProtocol(ProtocolType.HTTPS);
339,c#,string_literal,"public CreateEventRequest(): base(""CloudPhoto"", ""2017-07-11"", ""CreateEvent"", ""cloudphoto"", ""openAPI""){Protocol = ProtocolType.HTTPS;}","public CreateEventRequest(): base(<MASKED>, ""2017-07-11"", ""CreateEvent"", ""cloudphoto"", ""openAPI""){Protocol = ProtocolType.HTTPS;}","""CloudPhoto"""
340,java,expression_statement,"public void onUpdate(DocumentsWriterFlushControl control, ThreadState state) {onInsert(control, state);onDelete(control, state);}","public void onUpdate(DocumentsWriterFlushControl control, ThreadState state) {onInsert(control, state);<MASKED>}","onDelete(control, state);"
341,c#,expression_statement,"public virtual void OnUpdate(DocumentsWriterFlushControl control, ThreadState state){OnInsert(control, state);OnDelete(control, state);}","public virtual void OnUpdate(DocumentsWriterFlushControl control, ThreadState state){<MASKED>OnDelete(control, state);}","OnInsert(control, state);"
342,java,expression_statement,"public void readFully(byte[] dst, int offset, int byteCount) throws IOException {primitiveTypes.readFully(dst, offset, byteCount);}","public void readFully(byte[] dst, int offset, int byteCount) throws IOException {<MASKED>}","primitiveTypes.readFully(dst, offset, byteCount);"
343,java,string_literal,"public String toString() {return getClass().getSimpleName() + ""(fields="" + fields.size() + "",delegate="" + postingsReader + "")"";}","public String toString() {return getClass().getSimpleName() + <MASKED> + fields.size() + "",delegate="" + postingsReader + "")"";}","""(fields="""
344,c#,string_literal,"public override string ToString(){return ""arc="" + fstArc + "" state="" + fsaState;}","public override string ToString(){return <MASKED> + fstArc + "" state="" + fsaState;}","""arc="""
345,java,string_literal,"public GetDownloadUrlRequest() {super(""CloudPhoto"", ""2017-07-11"", ""GetDownloadUrl"", ""cloudphoto"");setProtocol(ProtocolType.HTTPS);}","public GetDownloadUrlRequest() {super(""CloudPhoto"", ""2017-07-11"", <MASKED>, ""cloudphoto"");setProtocol(ProtocolType.HTTPS);}","""GetDownloadUrl"""
346,c#,string_literal,"public GetDownloadUrlRequest(): base(""CloudPhoto"", ""2017-07-11"", ""GetDownloadUrl"", ""cloudphoto"", ""openAPI""){Protocol = ProtocolType.HTTPS;}","public GetDownloadUrlRequest(): base(""CloudPhoto"", ""2017-07-11"", <MASKED>, ""cloudphoto"", ""openAPI""){Protocol = ProtocolType.HTTPS;}","""GetDownloadUrl"""
347,java,expression_statement,"public void setRefLogMessage(String msg) {if (msg == null)disableRefLog();elsedestination.setRefLogMessage(msg, false);}",public void setRefLogMessage(String msg) {if (msg == null)disableRefLog();<MASKED>},"elsedestination.setRefLogMessage(msg, false);"
348,c#,expression_statement,"public virtual void SetRefLogMessage(string msg){if (msg == null){DisableRefLog();}else{destination.SetRefLogMessage(msg, false);}}","public virtual void SetRefLogMessage(string msg){if (msg == null){<MASKED>}else{destination.SetRefLogMessage(msg, false);}}",DisableRefLog();
349,java,string_literal,"public String toString() {return ""<fieldconfig name=\"""" + this.fieldName + ""\"" configurations=\""""+ super.toString() + ""\""/>"";}","public String toString() {return <MASKED> + this.fieldName + ""\"" configurations=\""""+ super.toString() + ""\""/>"";}","""<fieldconfig name=\"""""
350,c#,string_literal,"public override string ToString(){return ""<fieldconfig name=\"""" + this.fieldName + ""\"" configurations=\""""+ base.ToString() + ""\""/>"";}","public override string ToString(){return <MASKED> + this.fieldName + ""\"" configurations=\""""+ base.ToString() + ""\""/>"";}","""<fieldconfig name=\"""""
351,java,expression_statement,public GC(FileRepository repo) {this.repo = repo;this.pconfig = new PackConfig(repo);this.pm = NullProgressMonitor.INSTANCE;},public GC(FileRepository repo) {this.repo = repo;this.pconfig = new PackConfig(repo);<MASKED>},this.pm = NullProgressMonitor.INSTANCE;
352,c#,expression_statement,public GC(FileRepository repo){this.repo = repo;this.pm = NullProgressMonitor.INSTANCE;},public GC(FileRepository repo){<MASKED>this.pm = NullProgressMonitor.INSTANCE;},this.repo = repo;
353,java,expression_statement,"public LinkedList() {voidLink = new Link<E>(null, null, null);voidLink.previous = voidLink;voidLink.next = voidLink;}","public LinkedList() {voidLink = new Link<E>(null, null, null);<MASKED>voidLink.next = voidLink;}",voidLink.previous = voidLink;
354,c#,expression_statement,"public LinkedList(){voidLink = new java.util.LinkedList.Link<E>(default(E), null, null);voidLink.previous = voidLink;voidLink.next = voidLink;}","public LinkedList(){voidLink = new java.util.LinkedList.Link<E>(default(E), null, null);<MASKED>voidLink.next = voidLink;}",voidLink.previous = voidLink;
355,java,expression_statement,"public InvalidClassException(String className, String detailMessage) {super(detailMessage);this.classname = className;}","public InvalidClassException(String className, String detailMessage) {super(detailMessage);<MASKED>}",this.classname = className;
356,c#,expression_statement,"public InvalidClassException(string className, string detailMessage) : base(detailMessage){this.classname = className;}","public InvalidClassException(string className, string detailMessage) : base(detailMessage){<MASKED>}",this.classname = className;
357,java,string_literal,"public GetRegionRequest() {super(""cr"", ""2016-06-07"", ""GetRegion"", ""cr"");setUriPattern(""/regions"");setMethod(MethodType.GET);}","public GetRegionRequest() {super(""cr"", ""2016-06-07"", ""GetRegion"", <MASKED>);setUriPattern(""/regions"");setMethod(MethodType.GET);}","""cr"""
358,c#,expression_statement,"public GetRegionRequest(): base(""cr"", ""2016-06-07"", ""GetRegion"", ""cr"", ""openAPI""){UriPattern = ""/regions"";Method = MethodType.GET;}","public GetRegionRequest(): base(""cr"", ""2016-06-07"", ""GetRegion"", ""cr"", ""openAPI""){<MASKED>Method = MethodType.GET;}","UriPattern = ""/regions"";"
359,java,expression_statement,"public void fromRaw(int[] ints, int p) {w1 = ints[p];w2 = ints[p + 1];w3 = ints[p + 2];w4 = ints[p + 3];w5 = ints[p + 4];}","public void fromRaw(int[] ints, int p) {w1 = ints[p];w2 = ints[p + 1];w3 = ints[p + 2];w4 = ints[p + 3];<MASKED>}",w5 = ints[p + 4];
360,c#,expression_statement,"public virtual void FromRaw(int[] ints, int p){w1 = ints[p];w2 = ints[p + 1];w3 = ints[p + 2];w4 = ints[p + 3];w5 = ints[p + 4];}","public virtual void FromRaw(int[] ints, int p){w1 = ints[p];w2 = ints[p + 1];w3 = ints[p + 2];<MASKED>w5 = ints[p + 4];}",w4 = ints[p + 3];
361,java,expression_statement,public void visitContainedRecords(RecordVisitor rv) {rv.visitRecord(header);for (CFRuleBase rule : rules) {rv.visitRecord(rule);}},public void visitContainedRecords(RecordVisitor rv) {rv.visitRecord(header);for (CFRuleBase rule : rules) {<MASKED>}},rv.visitRecord(rule);
362,c#,expression_statement,public override void VisitContainedRecords(RecordVisitor rv){rv.VisitRecord(header);for (int i = 0; i < rules.Count; i++){CFRuleRecord rule = rules[i];rv.VisitRecord(rule);}},public override void VisitContainedRecords(RecordVisitor rv){<MASKED>for (int i = 0; i < rules.Count; i++){CFRuleRecord rule = rules[i];rv.VisitRecord(rule);}},rv.VisitRecord(header);
363,java,string_literal,"public Collection<ChildScorable> getChildren() {return Collections.singleton(new ChildScorable(childScorer, ""BLOCK_JOIN""));}","public Collection<ChildScorable> getChildren() {return Collections.singleton(new ChildScorable(childScorer, <MASKED>));}","""BLOCK_JOIN"""
364,c#,string_literal,"public override ICollection<ChildScorer> GetChildren(){return new List<ChildScorer> { new ChildScorer(_childScorer, ""BLOCK_JOIN"") };}","public override ICollection<ChildScorer> GetChildren(){return new List<ChildScorer> { new ChildScorer(_childScorer, <MASKED>) };}","""BLOCK_JOIN"""
365,java,expression_statement,public DeletedArea3DPtg(int externSheetIndex) {field_1_index_extern_sheet = externSheetIndex;unused1 = 0;unused2 = 0;},public DeletedArea3DPtg(int externSheetIndex) {<MASKED>unused1 = 0;unused2 = 0;},field_1_index_extern_sheet = externSheetIndex;
366,c#,expression_statement,public DeletedArea3DPtg(int externSheetIndex){field_1_index_extern_sheet = externSheetIndex;unused1 = 0;unused2 = 0;},public DeletedArea3DPtg(int externSheetIndex){field_1_index_extern_sheet = externSheetIndex;unused1 = 0;<MASKED>},unused2 = 0;
367,java,expression_statement,public void copy(MutableValue source) {MutableValueStr s = (MutableValueStr) source;exists = s.exists;value.copyBytes(s.value);},public void copy(MutableValue source) {MutableValueStr s = (MutableValueStr) source;exists = s.exists;<MASKED>},value.copyBytes(s.value);
368,c#,expression_statement,public override void Copy(MutableValue source){MutableValueStr s = (MutableValueStr)source;Exists = s.Exists;Value.CopyBytes(s.Value);},public override void Copy(MutableValue source){MutableValueStr s = (MutableValueStr)source;<MASKED>Value.CopyBytes(s.Value);},Exists = s.Exists;
369,java,expression_statement,public GetFacetResult getFacet(GetFacetRequest request) {request = beforeClientExecution(request);return executeGetFacet(request);},public GetFacetResult getFacet(GetFacetRequest request) {<MASKED>return executeGetFacet(request);},request = beforeClientExecution(request);
370,c#,expression_statement,"public virtual GetFacetResponse GetFacet(GetFacetRequest request){var options = new InvokeOptions();options.RequestMarshaller = GetFacetRequestMarshaller.Instance;options.ResponseUnmarshaller = GetFacetResponseUnmarshaller.Instance;return Invoke<GetFacetResponse>(request, options);}","public virtual GetFacetResponse GetFacet(GetFacetRequest request){var options = new InvokeOptions();options.RequestMarshaller = GetFacetRequestMarshaller.Instance;<MASKED>return Invoke<GetFacetResponse>(request, options);}",options.ResponseUnmarshaller = GetFacetResponseUnmarshaller.Instance;
371,java,expression_statement,public GetRulesResult getRules(GetRulesRequest request) {request = beforeClientExecution(request);return executeGetRules(request);},public GetRulesResult getRules(GetRulesRequest request) {<MASKED>return executeGetRules(request);},request = beforeClientExecution(request);
372,c#,expression_statement,"public virtual GetRulesResponse GetRules(GetRulesRequest request){var options = new InvokeOptions();options.RequestMarshaller = GetRulesRequestMarshaller.Instance;options.ResponseUnmarshaller = GetRulesResponseUnmarshaller.Instance;return Invoke<GetRulesResponse>(request, options);}","public virtual GetRulesResponse GetRules(GetRulesRequest request){var options = new InvokeOptions();options.RequestMarshaller = GetRulesRequestMarshaller.Instance;<MASKED>return Invoke<GetRulesResponse>(request, options);}",options.ResponseUnmarshaller = GetRulesResponseUnmarshaller.Instance;
373,java,string_literal,"public String toString() {return ""<slop value='"" + getValueString() + ""'>"" + ""\n""+ getChild().toString() + ""\n</slop>"";}","public String toString() {return ""<slop value='"" + getValueString() + ""'>"" + ""\n""+ getChild().toString() + <MASKED>;}","""\n</slop>"""
374,c#,string_literal,"public override string ToString(){return ""<slop value='"" + GetValueString() + ""'>"" + ""\n""+ GetChild().ToString() + ""\n</slop>"";}","public override string ToString(){return <MASKED> + GetValueString() + ""'>"" + ""\n""+ GetChild().ToString() + ""\n</slop>"";}","""<slop value='"""
375,java,string_literal,"public EditPhotoStoreRequest() {super(""CloudPhoto"", ""2017-07-11"", ""EditPhotoStore"", ""cloudphoto"");setProtocol(ProtocolType.HTTPS);}","public EditPhotoStoreRequest() {super(""CloudPhoto"", ""2017-07-11"", <MASKED>, ""cloudphoto"");setProtocol(ProtocolType.HTTPS);}","""EditPhotoStore"""
376,c#,string_literal,"public EditPhotoStoreRequest(): base(""CloudPhoto"", ""2017-07-11"", ""EditPhotoStore"", ""cloudphoto"", ""openAPI""){Protocol = ProtocolType.HTTPS;}","public EditPhotoStoreRequest(): base(""CloudPhoto"", ""2017-07-11"", ""EditPhotoStore"", ""cloudphoto"", <MASKED>){Protocol = ProtocolType.HTTPS;}","""openAPI"""
377,java,expression_statement,"public StringBuilder insert(int offset, CharSequence s) {insert0(offset, s == null ? ""null"" : s.toString());return this;}","public StringBuilder insert(int offset, CharSequence s) {<MASKED>return this;}","insert0(offset, s == null ? ""null"" : s.toString());"
378,c#,expression_statement,"public java.lang.StringBuilder insert(int offset, char[] ch){insert0(offset, ch);return this;}","public java.lang.StringBuilder insert(int offset, char[] ch){<MASKED>return this;}","insert0(offset, ch);"
379,java,expression_statement,"public RemoveUserFromGroupRequest(String groupName, String userName) {setGroupName(groupName);setUserName(userName);}","public RemoveUserFromGroupRequest(String groupName, String userName) {<MASKED>setUserName(userName);}",setGroupName(groupName);
380,c#,expression_statement,"public RemoveUserFromGroupRequest(string groupName, string userName){_groupName = groupName;_userName = userName;}","public RemoveUserFromGroupRequest(string groupName, string userName){_groupName = groupName;<MASKED>}",_userName = userName;
381,java,expression_statement,public void add(BytesRef utf8) throws IOException {if (writer == null) {throw new IllegalStateException();}writer.write(utf8);},public void add(BytesRef utf8) throws IOException {if (writer == null) {throw new IllegalStateException();}<MASKED>},writer.write(utf8);
382,c#,expression_statement,public virtual void Add(BytesRef utf8){if (writer == null){throw new InvalidOperationException();}writer.Write(utf8);},public virtual void Add(BytesRef utf8){if (writer == null){throw new InvalidOperationException();}<MASKED>},writer.Write(utf8);
383,java,expression_statement,public void writeFloat(float value) throws IOException {checkWritePrimitiveTypes();primitiveTypes.writeFloat(value);},public void writeFloat(float value) throws IOException {checkWritePrimitiveTypes();<MASKED>},primitiveTypes.writeFloat(value);
384,java,string_literal,"public String toString() {return ""FlushInfo [numDocs="" + numDocs + "", estimatedSegmentSize=""+ estimatedSegmentSize + ""]"";}","public String toString() {return ""FlushInfo [numDocs="" + numDocs + <MASKED>+ estimatedSegmentSize + ""]"";}",""", estimatedSegmentSize="""
385,c#,string_literal,"public override string ToString(){return ""FlushInfo [numDocs="" + NumDocs + "", estimatedSegmentSize="" + EstimatedSegmentSize + ""]"";}","public override string ToString(){return <MASKED> + NumDocs + "", estimatedSegmentSize="" + EstimatedSegmentSize + ""]"";}","""FlushInfo [numDocs="""
386,java,string_literal,"public static String toHex(long value) {StringBuilder sb = new StringBuilder(16);writeHex(sb, value, 16, """");return sb.toString();}","public static String toHex(long value) {StringBuilder sb = new StringBuilder(16);writeHex(sb, value, 16, <MASKED>);return sb.toString();}",""""""
387,java,expression_statement,"public void setNamespaceAware(boolean awareness) {features.put (XmlPullParser.FEATURE_PROCESS_NAMESPACES, awareness);}",public void setNamespaceAware(boolean awareness) {<MASKED>},"features.put (XmlPullParser.FEATURE_PROCESS_NAMESPACES, awareness);"
388,c#,expression_statement,"public virtual void setNamespaceAware(bool awareness){features.put(org.xmlpull.v1.XmlPullParserClass.FEATURE_PROCESS_NAMESPACES, awareness);}",public virtual void setNamespaceAware(bool awareness){<MASKED>},"features.put(org.xmlpull.v1.XmlPullParserClass.FEATURE_PROCESS_NAMESPACES, awareness);"
389,java,expression_statement,"public Set<Entry<String, Ref>> entrySet() {if (entrySet == null) {entrySet = new AbstractSet<Entry<String, Ref>>();}}","public Set<Entry<String, Ref>> entrySet() {if (entrySet == null) {<MASKED>}}","entrySet = new AbstractSet<Entry<String, Ref>>();"
390,c#,expression_statement,"public override ICollection<KeyValuePair<string, Ref>> EntrySet(){if (entrySet == null){entrySet = new _AbstractSet_223(this);}return entrySet;}","public override ICollection<KeyValuePair<string, Ref>> EntrySet(){if (entrySet == null){<MASKED>}return entrySet;}",entrySet = new _AbstractSet_223(this);
391,java,expression_statement,"@Override public void clear() {if (size != 0) {Arrays.fill(table, null);entryForNullKey = null;modCount++;size = 0;}}","@Override public void clear() {if (size != 0) {Arrays.fill(table, null);entryForNullKey = null;modCount++;<MASKED>}}",size = 0;
392,c#,expression_statement,"public override void clear(){if (_size != 0){java.util.Arrays.fill(table, null);entryForNullKey = null;modCount++;_size = 0;}}","public override void clear(){if (_size != 0){java.util.Arrays.fill(table, null);entryForNullKey = null;<MASKED>_size = 0;}}",modCount++;
393,java,expression_statement,public void serialize(LittleEndianOutput out) {out.writeShort(recordType);out.writeShort(grbitFrt);associatedRange.serialize(out);},public void serialize(LittleEndianOutput out) {out.writeShort(recordType);<MASKED>associatedRange.serialize(out);},out.writeShort(grbitFrt);
394,c#,expression_statement,public void Serialize(ILittleEndianOutput out1){out1.WriteShort(recordType);out1.WriteShort(grbitFrt);out1.Write(reserved);},public void Serialize(ILittleEndianOutput out1){out1.WriteShort(recordType);out1.WriteShort(grbitFrt);<MASKED>},out1.Write(reserved);
395,java,string_literal,"public DeleteEventRequest() {super(""CloudPhoto"", ""2017-07-11"", ""DeleteEvent"", ""cloudphoto"");setProtocol(ProtocolType.HTTPS);}","public DeleteEventRequest() {super(""CloudPhoto"", <MASKED>, ""DeleteEvent"", ""cloudphoto"");setProtocol(ProtocolType.HTTPS);}","""2017-07-11"""
396,c#,string_literal,"public DeleteEventRequest(): base(""CloudPhoto"", ""2017-07-11"", ""DeleteEvent"", ""cloudphoto"", ""openAPI""){Protocol = ProtocolType.HTTPS;}","public DeleteEventRequest(): base(""CloudPhoto"", ""2017-07-11"", ""DeleteEvent"", ""cloudphoto"", <MASKED>){Protocol = ProtocolType.HTTPS;}","""openAPI"""
397,c#,expression_statement,"public virtual object Clone(){object clone = null;try{clone = base.MemberwiseClone();}catch (Exception e){throw new InvalidOperationException(e.Message, e); }return clone;}","public virtual object Clone(){object clone = null;try{<MASKED>}catch (Exception e){throw new InvalidOperationException(e.Message, e); }return clone;}",clone = base.MemberwiseClone();
398,java,string_literal,"public void pushMode(int m) {if ( LexerATNSimulator.debug ) System.out.println(""pushMode ""+m);_modeStack.push(_mode);mode(m);}",public void pushMode(int m) {if ( LexerATNSimulator.debug ) System.out.println(<MASKED>+m);_modeStack.push(_mode);mode(m);},"""pushMode """
399,c#,expression_statement,public virtual void PushMode(int m){_modeStack.Push(_mode);Mode(m);},public virtual void PushMode(int m){_modeStack.Push(_mode);<MASKED>},Mode(m);
400,java,expression_statement,public void writeDouble(double value) throws IOException {checkWritePrimitiveTypes();primitiveTypes.writeDouble(value);},public void writeDouble(double value) throws IOException {checkWritePrimitiveTypes();<MASKED>},primitiveTypes.writeDouble(value);
401,java,expression_statement,public boolean add(final int value){if (_limit == _array.length){growArray(_limit * 2);}_array[ _limit++ ] = value;return true;},public boolean add(final int value){if (_limit == _array.length){<MASKED>}_array[ _limit++ ] = value;return true;},growArray(_limit * 2);
402,c#,expression_statement,public bool Add(int value){if (_limit == _array.Length){growArray(_limit * 2);}_array[_limit++] = value;return true;},public bool Add(int value){if (_limit == _array.Length){growArray(_limit * 2);}<MASKED>return true;},_array[_limit++] = value;
403,java,expression_statement,public void serialize(LittleEndianOutput out) {out.writeShort(field_1_numerator);out.writeShort(field_2_denominator);},public void serialize(LittleEndianOutput out) {out.writeShort(field_1_numerator);<MASKED>},out.writeShort(field_2_denominator);
404,c#,expression_statement,public override void Serialize(ILittleEndianOutput out1) {out1.WriteShort(field_1_numerator);out1.WriteShort(field_2_denominator);},public override void Serialize(ILittleEndianOutput out1) {<MASKED>out1.WriteShort(field_2_denominator);},out1.WriteShort(field_1_numerator);
405,java,expression_statement,public ListUsersResult listUsers(ListUsersRequest request) {request = beforeClientExecution(request);return executeListUsers(request);},public ListUsersResult listUsers(ListUsersRequest request) {<MASKED>return executeListUsers(request);},request = beforeClientExecution(request);
406,c#,expression_statement,"public virtual ListUsersResponse ListUsers(ListUsersRequest request){var options = new InvokeOptions();options.RequestMarshaller = ListUsersRequestMarshaller.Instance;options.ResponseUnmarshaller = ListUsersResponseUnmarshaller.Instance;return Invoke<ListUsersResponse>(request, options);}","public virtual ListUsersResponse ListUsers(ListUsersRequest request){var options = new InvokeOptions();options.RequestMarshaller = ListUsersRequestMarshaller.Instance;<MASKED>return Invoke<ListUsersResponse>(request, options);}",options.ResponseUnmarshaller = ListUsersResponseUnmarshaller.Instance;
407,java,expression_statement,public DocOffsetSorter(int maxDoc) {super(maxDoc / 64);this.tmpDocs = new int[maxDoc / 64];this.tmpOffsets = new long[maxDoc / 64];},public DocOffsetSorter(int maxDoc) {super<MASKED>this.tmpDocs = new int[maxDoc / 64];this.tmpOffsets = new long[maxDoc / 64];},(maxDoc / 64);
408,c#,expression_statement,public DocOffsetSorter(int maxDoc): base(maxDoc / 64){this.tmpDocs = new int[maxDoc / 64];this.tmpOffsets = new long[maxDoc / 64];},public DocOffsetSorter(int maxDoc): base(maxDoc / 64){this.tmpDocs = new int[maxDoc / 64];<MASKED>},this.tmpOffsets = new long[maxDoc / 64];
409,java,string_literal,"public static String toHex(byte value) {StringBuilder sb = new StringBuilder(2);writeHex(sb, value & 0xFF, 2, """");return sb.toString();}","public static String toHex(byte value) {StringBuilder sb = new StringBuilder(2);writeHex(sb, value & 0xFF, 2, <MASKED>);return sb.toString();}",""""""
410,java,expression_statement,public ListRecordsResult listRecords(ListRecordsRequest request) {request = beforeClientExecution(request);return executeListRecords(request);},public ListRecordsResult listRecords(ListRecordsRequest request) {<MASKED>return executeListRecords(request);},request = beforeClientExecution(request);
411,c#,expression_statement,"public virtual ListRecordsResponse ListRecords(ListRecordsRequest request){var options = new InvokeOptions();options.RequestMarshaller = ListRecordsRequestMarshaller.Instance;options.ResponseUnmarshaller = ListRecordsResponseUnmarshaller.Instance;return Invoke<ListRecordsResponse>(request, options);}","public virtual ListRecordsResponse ListRecords(ListRecordsRequest request){var options = new InvokeOptions();options.RequestMarshaller = ListRecordsRequestMarshaller.Instance;<MASKED>return Invoke<ListRecordsResponse>(request, options);}",options.ResponseUnmarshaller = ListRecordsResponseUnmarshaller.Instance;
412,java,string_literal,"public GetPrivateAccessUrlsRequest() {super(""CloudPhoto"", ""2017-07-11"", ""GetPrivateAccessUrls"", ""cloudphoto"");setProtocol(ProtocolType.HTTPS);}","public GetPrivateAccessUrlsRequest() {super(""CloudPhoto"", ""2017-07-11"", <MASKED>, ""cloudphoto"");setProtocol(ProtocolType.HTTPS);}","""GetPrivateAccessUrls"""
413,c#,expression_statement,"public GetPrivateAccessUrlsRequest(): base(""CloudPhoto"", ""2017-07-11"", ""GetPrivateAccessUrls"", ""cloudphoto"", ""openAPI""){Protocol = ProtocolType.HTTPS;}","public GetPrivateAccessUrlsRequest(): base(""CloudPhoto"", ""2017-07-11"", ""GetPrivateAccessUrls"", ""cloudphoto"", ""openAPI""){<MASKED>}",Protocol = ProtocolType.HTTPS;
414,java,expression_statement,"public static String toHex(short value) {StringBuilder sb = new StringBuilder(4);writeHex(sb, value & 0xFFFF, 4, """");return sb.toString();}",public static String toHex(short value) {StringBuilder sb = new StringBuilder(4);<MASKED>return sb.toString();},"writeHex(sb, value & 0xFFFF, 4, """");"
415,java,expression_statement,public DeleteQueueResult deleteQueue(DeleteQueueRequest request) {request = beforeClientExecution(request);return executeDeleteQueue(request);},public DeleteQueueResult deleteQueue(DeleteQueueRequest request) {<MASKED>return executeDeleteQueue(request);},request = beforeClientExecution(request);
416,c#,expression_statement,"public virtual DeleteQueueResponse DeleteQueue(DeleteQueueRequest request){var options = new InvokeOptions();options.RequestMarshaller = DeleteQueueRequestMarshaller.Instance;options.ResponseUnmarshaller = DeleteQueueResponseUnmarshaller.Instance;return Invoke<DeleteQueueResponse>(request, options);}","public virtual DeleteQueueResponse DeleteQueue(DeleteQueueRequest request){var options = new InvokeOptions();<MASKED>options.ResponseUnmarshaller = DeleteQueueResponseUnmarshaller.Instance;return Invoke<DeleteQueueResponse>(request, options);}",options.RequestMarshaller = DeleteQueueRequestMarshaller.Instance;
417,java,expression_statement,public void reset() {if (!first()) {ptr = treeStart;nextSubtreePos = 0;currentEntry = null;currentSubtree = null;if (!eof())parseEntry();}},public void reset() {if (!first()) {<MASKED>nextSubtreePos = 0;currentEntry = null;currentSubtree = null;if (!eof())parseEntry();}},ptr = treeStart;
418,c#,expression_statement,public override void Reset(){if (!First){ptr = treeStart;if (!Eof){ParseEntry();}}},public override void Reset(){if (!First){ptr = treeStart;if (!Eof){<MASKED>}}},ParseEntry();
419,java,expression_statement,public GetAlarmsResult getAlarms(GetAlarmsRequest request) {request = beforeClientExecution(request);return executeGetAlarms(request);},public GetAlarmsResult getAlarms(GetAlarmsRequest request) {<MASKED>return executeGetAlarms(request);},request = beforeClientExecution(request);
420,c#,expression_statement,"public virtual GetAlarmsResponse GetAlarms(GetAlarmsRequest request){var options = new InvokeOptions();options.RequestMarshaller = GetAlarmsRequestMarshaller.Instance;options.ResponseUnmarshaller = GetAlarmsResponseUnmarshaller.Instance;return Invoke<GetAlarmsResponse>(request, options);}","public virtual GetAlarmsResponse GetAlarms(GetAlarmsRequest request){var options = new InvokeOptions();<MASKED>options.ResponseUnmarshaller = GetAlarmsResponseUnmarshaller.Instance;return Invoke<GetAlarmsResponse>(request, options);}",options.RequestMarshaller = GetAlarmsRequestMarshaller.Instance;
421,java,expression_statement,public RunJobFlowResult runJobFlow(RunJobFlowRequest request) {request = beforeClientExecution(request);return executeRunJobFlow(request);},public RunJobFlowResult runJobFlow(RunJobFlowRequest request) {<MASKED>return executeRunJobFlow(request);},request = beforeClientExecution(request);
422,c#,expression_statement,"public virtual RunJobFlowResponse RunJobFlow(RunJobFlowRequest request){var options = new InvokeOptions();options.RequestMarshaller = RunJobFlowRequestMarshaller.Instance;options.ResponseUnmarshaller = RunJobFlowResponseUnmarshaller.Instance;return Invoke<RunJobFlowResponse>(request, options);}","public virtual RunJobFlowResponse RunJobFlow(RunJobFlowRequest request){var options = new InvokeOptions();options.RequestMarshaller = RunJobFlowRequestMarshaller.Instance;<MASKED>return Invoke<RunJobFlowResponse>(request, options);}",options.ResponseUnmarshaller = RunJobFlowResponseUnmarshaller.Instance;
423,java,expression_statement,public boolean remove(Object o) {synchronized (Hashtable.this) {int oldSize = size;Hashtable.this.remove(o);return size != oldSize;}},public boolean remove(Object o) {synchronized (Hashtable.this) {int oldSize = size;<MASKED>return size != oldSize;}},Hashtable.this.remove(o);
424,c#,expression_statement,public override bool remove(object o){lock (this._enclosing){int oldSize = this._enclosing._size;this._enclosing.remove(o);return this._enclosing._size != oldSize;}},public override bool remove(object o){lock (this._enclosing){int oldSize = this._enclosing._size;<MASKED>return this._enclosing._size != oldSize;}},this._enclosing.remove(o);
425,java,expression_statement,public ApplySchemaResult applySchema(ApplySchemaRequest request) {request = beforeClientExecution(request);return executeApplySchema(request);},public ApplySchemaResult applySchema(ApplySchemaRequest request) {<MASKED>return executeApplySchema(request);},request = beforeClientExecution(request);
426,c#,expression_statement,"public virtual ApplySchemaResponse ApplySchema(ApplySchemaRequest request){var options = new InvokeOptions();options.RequestMarshaller = ApplySchemaRequestMarshaller.Instance;options.ResponseUnmarshaller = ApplySchemaResponseUnmarshaller.Instance;return Invoke<ApplySchemaResponse>(request, options);}","public virtual ApplySchemaResponse ApplySchema(ApplySchemaRequest request){var options = new InvokeOptions();<MASKED>options.ResponseUnmarshaller = ApplySchemaResponseUnmarshaller.Instance;return Invoke<ApplySchemaResponse>(request, options);}",options.RequestMarshaller = ApplySchemaRequestMarshaller.Instance;
427,java,expression_statement,public AcceptMatchResult acceptMatch(AcceptMatchRequest request) {request = beforeClientExecution(request);return executeAcceptMatch(request);},public AcceptMatchResult acceptMatch(AcceptMatchRequest request) {<MASKED>return executeAcceptMatch(request);},request = beforeClientExecution(request);
428,c#,expression_statement,"public virtual AcceptMatchResponse AcceptMatch(AcceptMatchRequest request){var options = new InvokeOptions();options.RequestMarshaller = AcceptMatchRequestMarshaller.Instance;options.ResponseUnmarshaller = AcceptMatchResponseUnmarshaller.Instance;return Invoke<AcceptMatchResponse>(request, options);}","public virtual AcceptMatchResponse AcceptMatch(AcceptMatchRequest request){var options = new InvokeOptions();<MASKED>options.ResponseUnmarshaller = AcceptMatchResponseUnmarshaller.Instance;return Invoke<AcceptMatchResponse>(request, options);}",options.RequestMarshaller = AcceptMatchRequestMarshaller.Instance;
429,java,expression_statement,public void setDSTSavings(int milliseconds) {if (milliseconds > 0) {dstSavings = milliseconds;} else {throw new IllegalArgumentException();}},public void setDSTSavings(int milliseconds) {if (milliseconds > 0) {<MASKED>} else {throw new IllegalArgumentException();}},dstSavings = milliseconds;
430,java,expression_statement,"public TimeSpec(char type, int pos, int len, double factor) {this.type = type;this.pos = pos;this.len = len;this.factor = factor;modBy = 0;}","public TimeSpec(char type, int pos, int len, double factor) {this.type = type;this.pos = pos;this.len = len;this.factor = factor;<MASKED>}",modBy = 0;
431,c#,expression_statement,"public TimeSpec(char type, int pos, int len, double factor){this.type = type;this.pos = pos;this.len = len;this.factor = factor;modBy = 0;}","public TimeSpec(char type, int pos, int len, double factor){<MASKED>this.pos = pos;this.len = len;this.factor = factor;modBy = 0;}",this.type = type;
432,java,expression_statement,public GetNetworkResult getNetwork(GetNetworkRequest request) {request = beforeClientExecution(request);return executeGetNetwork(request);},public GetNetworkResult getNetwork(GetNetworkRequest request) {<MASKED>return executeGetNetwork(request);},request = beforeClientExecution(request);
433,c#,expression_statement,"public virtual GetNetworkResponse GetNetwork(GetNetworkRequest request){var options = new InvokeOptions();options.RequestMarshaller = GetNetworkRequestMarshaller.Instance;options.ResponseUnmarshaller = GetNetworkResponseUnmarshaller.Instance;return Invoke<GetNetworkResponse>(request, options);}","public virtual GetNetworkResponse GetNetwork(GetNetworkRequest request){var options = new InvokeOptions();options.RequestMarshaller = GetNetworkRequestMarshaller.Instance;<MASKED>return Invoke<GetNetworkResponse>(request, options);}",options.ResponseUnmarshaller = GetNetworkResponseUnmarshaller.Instance;
434,java,expression_statement,public UpdateStackResult updateStack(UpdateStackRequest request) {request = beforeClientExecution(request);return executeUpdateStack(request);},public UpdateStackResult updateStack(UpdateStackRequest request) {<MASKED>return executeUpdateStack(request);},request = beforeClientExecution(request);
435,c#,expression_statement,"public virtual UpdateStackResponse UpdateStack(UpdateStackRequest request){var options = new InvokeOptions();options.RequestMarshaller = UpdateStackRequestMarshaller.Instance;options.ResponseUnmarshaller = UpdateStackResponseUnmarshaller.Instance;return Invoke<UpdateStackResponse>(request, options);}","public virtual UpdateStackResponse UpdateStack(UpdateStackRequest request){var options = new InvokeOptions();options.RequestMarshaller = UpdateStackRequestMarshaller.Instance;<MASKED>return Invoke<UpdateStackResponse>(request, options);}",options.ResponseUnmarshaller = UpdateStackResponseUnmarshaller.Instance;
436,java,expression_statement,"public void write(byte[] buffer, int byteOffset, int byteCount) throws IOException {IoBridge.write(fd, buffer, byteOffset, byteCount);}","public void write(byte[] buffer, int byteOffset, int byteCount) throws IOException {<MASKED>}","IoBridge.write(fd, buffer, byteOffset, byteCount);"
437,java,expression_statement,public Cluster resizeCluster(ResizeClusterRequest request) {request = beforeClientExecution(request);return executeResizeCluster(request);},public Cluster resizeCluster(ResizeClusterRequest request) {<MASKED>return executeResizeCluster(request);},request = beforeClientExecution(request);
438,c#,expression_statement,"public virtual ResizeClusterResponse ResizeCluster(ResizeClusterRequest request){var options = new InvokeOptions();options.RequestMarshaller = ResizeClusterRequestMarshaller.Instance;options.ResponseUnmarshaller = ResizeClusterResponseUnmarshaller.Instance;return Invoke<ResizeClusterResponse>(request, options);}","public virtual ResizeClusterResponse ResizeCluster(ResizeClusterRequest request){var options = new InvokeOptions();<MASKED>options.ResponseUnmarshaller = ResizeClusterResponseUnmarshaller.Instance;return Invoke<ResizeClusterResponse>(request, options);}",options.RequestMarshaller = ResizeClusterRequestMarshaller.Instance;
439,java,expression_statement,public DeleteRouteResult deleteRoute(DeleteRouteRequest request) {request = beforeClientExecution(request);return executeDeleteRoute(request);},public DeleteRouteResult deleteRoute(DeleteRouteRequest request) {<MASKED>return executeDeleteRoute(request);},request = beforeClientExecution(request);
440,c#,expression_statement,"public virtual DeleteRouteResponse DeleteRoute(DeleteRouteRequest request){var options = new InvokeOptions();options.RequestMarshaller = DeleteRouteRequestMarshaller.Instance;options.ResponseUnmarshaller = DeleteRouteResponseUnmarshaller.Instance;return Invoke<DeleteRouteResponse>(request, options);}","public virtual DeleteRouteResponse DeleteRoute(DeleteRouteRequest request){var options = new InvokeOptions();<MASKED>options.ResponseUnmarshaller = DeleteRouteResponseUnmarshaller.Instance;return Invoke<DeleteRouteResponse>(request, options);}",options.RequestMarshaller = DeleteRouteRequestMarshaller.Instance;
441,java,expression_statement,"public GetAlbumsByNamesRequest() {super(""CloudPhoto"", ""2017-07-11"", ""GetAlbumsByNames"", ""cloudphoto"");setProtocol(ProtocolType.HTTPS);}",public GetAlbumsByNamesRequest() {super<MASKED>setProtocol(ProtocolType.HTTPS);},"(""CloudPhoto"", ""2017-07-11"", ""GetAlbumsByNames"", ""cloudphoto"");"
442,c#,string_literal,"public GetAlbumsByNamesRequest(): base(""CloudPhoto"", ""2017-07-11"", ""GetAlbumsByNames"", ""cloudphoto"", ""openAPI""){Protocol = ProtocolType.HTTPS;}","public GetAlbumsByNamesRequest(): base(""CloudPhoto"", ""2017-07-11"", ""GetAlbumsByNames"", <MASKED>, ""openAPI""){Protocol = ProtocolType.HTTPS;}","""cloudphoto"""
443,java,expression_statement,public UpdateUserResult updateUser(UpdateUserRequest request) {request = beforeClientExecution(request);return executeUpdateUser(request);},public UpdateUserResult updateUser(UpdateUserRequest request) {<MASKED>return executeUpdateUser(request);},request = beforeClientExecution(request);
444,c#,expression_statement,"public virtual UpdateUserResponse UpdateUser(UpdateUserRequest request){var options = new InvokeOptions();options.RequestMarshaller = UpdateUserRequestMarshaller.Instance;options.ResponseUnmarshaller = UpdateUserResponseUnmarshaller.Instance;return Invoke<UpdateUserResponse>(request, options);}","public virtual UpdateUserResponse UpdateUser(UpdateUserRequest request){var options = new InvokeOptions();<MASKED>options.ResponseUnmarshaller = UpdateUserResponseUnmarshaller.Instance;return Invoke<UpdateUserResponse>(request, options);}",options.RequestMarshaller = UpdateUserRequestMarshaller.Instance;
445,java,expression_statement,"public void write(byte[] b, int offset, int len) {checkPosition(len);System.arraycopy(b, offset, _buf, _writeIndex, len);_writeIndex += len;}","public void write(byte[] b, int offset, int len) {checkPosition(len);System.arraycopy(b, offset, _buf, _writeIndex, len);<MASKED>}",_writeIndex += len;
446,c#,expression_statement,"public void Write(byte[] b, int offset, int len){CheckPosition(len);System.Array.Copy(b, offset, _buf, _writeIndex, len);_writeIndex += len;}","public void Write(byte[] b, int offset, int len){CheckPosition(len);System.Array.Copy(b, offset, _buf, _writeIndex, len);<MASKED>}",_writeIndex += len;
447,java,expression_statement,public GetInstanceResult getInstance(GetInstanceRequest request) {request = beforeClientExecution(request);return executeGetInstance(request);},public GetInstanceResult getInstance(GetInstanceRequest request) {<MASKED>return executeGetInstance(request);},request = beforeClientExecution(request);
448,c#,expression_statement,"public virtual GetInstanceResponse GetInstance(GetInstanceRequest request){var options = new InvokeOptions();options.RequestMarshaller = GetInstanceRequestMarshaller.Instance;options.ResponseUnmarshaller = GetInstanceResponseUnmarshaller.Instance;return Invoke<GetInstanceResponse>(request, options);}","public virtual GetInstanceResponse GetInstance(GetInstanceRequest request){var options = new InvokeOptions();<MASKED>options.ResponseUnmarshaller = GetInstanceResponseUnmarshaller.Instance;return Invoke<GetInstanceResponse>(request, options);}",options.RequestMarshaller = GetInstanceRequestMarshaller.Instance;
449,java,expression_statement,public UpdateFacetResult updateFacet(UpdateFacetRequest request) {request = beforeClientExecution(request);return executeUpdateFacet(request);},public UpdateFacetResult updateFacet(UpdateFacetRequest request) {<MASKED>return executeUpdateFacet(request);},request = beforeClientExecution(request);
450,c#,expression_statement,"public virtual UpdateFacetResponse UpdateFacet(UpdateFacetRequest request){var options = new InvokeOptions();options.RequestMarshaller = UpdateFacetRequestMarshaller.Instance;options.ResponseUnmarshaller = UpdateFacetResponseUnmarshaller.Instance;return Invoke<UpdateFacetResponse>(request, options);}","public virtual UpdateFacetResponse UpdateFacet(UpdateFacetRequest request){var options = new InvokeOptions();<MASKED>options.ResponseUnmarshaller = UpdateFacetResponseUnmarshaller.Instance;return Invoke<UpdateFacetResponse>(request, options);}",options.RequestMarshaller = UpdateFacetRequestMarshaller.Instance;
451,java,expression_statement,public void serialize(LittleEndianOutput out) {out.writeShort(rt);out.writeShort(grbitFrt);out.writeShort(iObjectKind);out.write(reserved);},public void serialize(LittleEndianOutput out) {out.writeShort(rt);out.writeShort(grbitFrt);out.writeShort(iObjectKind);<MASKED>},out.write(reserved);
452,c#,expression_statement,public override void Serialize(ILittleEndianOutput out1){out1.WriteShort(rt);out1.WriteShort(grbitFrt);out1.WriteShort(iObjectKind);out1.Write(reserved);},public override void Serialize(ILittleEndianOutput out1){out1.WriteShort(rt);<MASKED>out1.WriteShort(iObjectKind);out1.Write(reserved);},out1.WriteShort(grbitFrt);
453,java,string_literal,"public GetFramedPhotoUrlsRequest() {super(""CloudPhoto"", ""2017-07-11"", ""GetFramedPhotoUrls"", ""cloudphoto"");setProtocol(ProtocolType.HTTPS);}","public GetFramedPhotoUrlsRequest() {super(""CloudPhoto"", ""2017-07-11"", <MASKED>, ""cloudphoto"");setProtocol(ProtocolType.HTTPS);}","""GetFramedPhotoUrls"""
454,c#,expression_statement,"public GetFramedPhotoUrlsRequest(): base(""CloudPhoto"", ""2017-07-11"", ""GetFramedPhotoUrls"", ""cloudphoto"", ""openAPI""){Protocol = ProtocolType.HTTPS;}","public GetFramedPhotoUrlsRequest(): base(""CloudPhoto"", ""2017-07-11"", ""GetFramedPhotoUrls"", ""cloudphoto"", ""openAPI""){<MASKED>}",Protocol = ProtocolType.HTTPS;
455,java,string_literal,"public InactivatePhotosRequest() {super(""CloudPhoto"", ""2017-07-11"", ""InactivatePhotos"", ""cloudphoto"");setProtocol(ProtocolType.HTTPS);}","public InactivatePhotosRequest() {super(""CloudPhoto"", ""2017-07-11"", ""InactivatePhotos"", <MASKED>);setProtocol(ProtocolType.HTTPS);}","""cloudphoto"""
456,c#,string_literal,"public InactivatePhotosRequest(): base(""CloudPhoto"", ""2017-07-11"", ""InactivatePhotos"", ""cloudphoto"", ""openAPI""){Protocol = ProtocolType.HTTPS;}","public InactivatePhotosRequest(): base(""CloudPhoto"", ""2017-07-11"", ""InactivatePhotos"", ""cloudphoto"", <MASKED>){Protocol = ProtocolType.HTTPS;}","""openAPI"""
457,java,expression_statement,public ListAliasesResult listAliases(ListAliasesRequest request) {request = beforeClientExecution(request);return executeListAliases(request);},public ListAliasesResult listAliases(ListAliasesRequest request) {<MASKED>return executeListAliases(request);},request = beforeClientExecution(request);
458,c#,expression_statement,"public virtual ListAliasesResponse ListAliases(ListAliasesRequest request){var options = new InvokeOptions();options.RequestMarshaller = ListAliasesRequestMarshaller.Instance;options.ResponseUnmarshaller = ListAliasesResponseUnmarshaller.Instance;return Invoke<ListAliasesResponse>(request, options);}","public virtual ListAliasesResponse ListAliases(ListAliasesRequest request){var options = new InvokeOptions();options.RequestMarshaller = ListAliasesRequestMarshaller.Instance;<MASKED>return Invoke<ListAliasesResponse>(request, options);}",options.ResponseUnmarshaller = ListAliasesResponseUnmarshaller.Instance;
459,java,expression_statement,public SendMessageResult sendMessage(SendMessageRequest request) {request = beforeClientExecution(request);return executeSendMessage(request);},public SendMessageResult sendMessage(SendMessageRequest request) {<MASKED>return executeSendMessage(request);},request = beforeClientExecution(request);
460,c#,expression_statement,"public virtual SendMessageResponse SendMessage(SendMessageRequest request){var options = new InvokeOptions();options.RequestMarshaller = SendMessageRequestMarshaller.Instance;options.ResponseUnmarshaller = SendMessageResponseUnmarshaller.Instance;return Invoke<SendMessageResponse>(request, options);}","public virtual SendMessageResponse SendMessage(SendMessageRequest request){var options = new InvokeOptions();options.RequestMarshaller = SendMessageRequestMarshaller.Instance;<MASKED>return Invoke<SendMessageResponse>(request, options);}",options.ResponseUnmarshaller = SendMessageResponseUnmarshaller.Instance;
461,java,string_literal,"public void concatenate(byte[] array) {if (array == null) {throw new IllegalArgumentException(""array cannot be null"");}arrays.add(array);}",public void concatenate(byte[] array) {if (array == null) {throw new IllegalArgumentException(<MASKED>);}arrays.add(array);},"""array cannot be null"""
462,c#,expression_statement,"public void Concatenate(byte[] array){if (array == null){throw new ArgumentException(""array cannot be null"");}arrays.Add(array);}","public void Concatenate(byte[] array){if (array == null){throw new ArgumentException(""array cannot be null"");}<MASKED>}",arrays.Add(array);
463,java,expression_statement,public CreateFleetResult createFleet(CreateFleetRequest request) {request = beforeClientExecution(request);return executeCreateFleet(request);},public CreateFleetResult createFleet(CreateFleetRequest request) {<MASKED>return executeCreateFleet(request);},request = beforeClientExecution(request);
464,c#,expression_statement,"public virtual CreateFleetResponse CreateFleet(CreateFleetRequest request){var options = new InvokeOptions();options.RequestMarshaller = CreateFleetRequestMarshaller.Instance;options.ResponseUnmarshaller = CreateFleetResponseUnmarshaller.Instance;return Invoke<CreateFleetResponse>(request, options);}","public virtual CreateFleetResponse CreateFleet(CreateFleetRequest request){var options = new InvokeOptions();options.RequestMarshaller = CreateFleetRequestMarshaller.Instance;<MASKED>return Invoke<CreateFleetResponse>(request, options);}",options.ResponseUnmarshaller = CreateFleetResponseUnmarshaller.Instance;
465,java,expression_statement,public ModifyHostsResult modifyHosts(ModifyHostsRequest request) {request = beforeClientExecution(request);return executeModifyHosts(request);},public ModifyHostsResult modifyHosts(ModifyHostsRequest request) {<MASKED>return executeModifyHosts(request);},request = beforeClientExecution(request);
466,c#,expression_statement,"public virtual ModifyHostsResponse ModifyHosts(ModifyHostsRequest request){var options = new InvokeOptions();options.RequestMarshaller = ModifyHostsRequestMarshaller.Instance;options.ResponseUnmarshaller = ModifyHostsResponseUnmarshaller.Instance;return Invoke<ModifyHostsResponse>(request, options);}","public virtual ModifyHostsResponse ModifyHosts(ModifyHostsRequest request){var options = new InvokeOptions();options.RequestMarshaller = ModifyHostsRequestMarshaller.Instance;<MASKED>return Invoke<ModifyHostsResponse>(request, options);}",options.ResponseUnmarshaller = ModifyHostsResponseUnmarshaller.Instance;
467,java,expression_statement,public UpdateLagResult updateLag(UpdateLagRequest request) {request = beforeClientExecution(request);return executeUpdateLag(request);},public UpdateLagResult updateLag(UpdateLagRequest request) {<MASKED>return executeUpdateLag(request);},request = beforeClientExecution(request);
468,c#,expression_statement,"public virtual UpdateLagResponse UpdateLag(UpdateLagRequest request){var options = new InvokeOptions();options.RequestMarshaller = UpdateLagRequestMarshaller.Instance;options.ResponseUnmarshaller = UpdateLagResponseUnmarshaller.Instance;return Invoke<UpdateLagResponse>(request, options);}","public virtual UpdateLagResponse UpdateLag(UpdateLagRequest request){var options = new InvokeOptions();<MASKED>options.ResponseUnmarshaller = UpdateLagResponseUnmarshaller.Instance;return Invoke<UpdateLagResponse>(request, options);}",options.RequestMarshaller = UpdateLagRequestMarshaller.Instance;
469,java,expression_statement,public ReimportApiResult reimportApi(ReimportApiRequest request) {request = beforeClientExecution(request);return executeReimportApi(request);},public ReimportApiResult reimportApi(ReimportApiRequest request) {<MASKED>return executeReimportApi(request);},request = beforeClientExecution(request);
470,c#,expression_statement,"public virtual ReimportApiResponse ReimportApi(ReimportApiRequest request){var options = new InvokeOptions();options.RequestMarshaller = ReimportApiRequestMarshaller.Instance;options.ResponseUnmarshaller = ReimportApiResponseUnmarshaller.Instance;return Invoke<ReimportApiResponse>(request, options);}","public virtual ReimportApiResponse ReimportApi(ReimportApiRequest request){var options = new InvokeOptions();options.RequestMarshaller = ReimportApiRequestMarshaller.Instance;<MASKED>return Invoke<ReimportApiResponse>(request, options);}",options.ResponseUnmarshaller = ReimportApiResponseUnmarshaller.Instance;
471,c#,expression_statement,"public IPicture CreatePicture(HSSFClientAnchor anchor, int pictureIndex){HSSFPicture shape = new HSSFPicture(null, (HSSFClientAnchor)anchor);shape.PictureIndex = pictureIndex;AddShape(shape);OnCreate(shape);return shape;}","public IPicture CreatePicture(HSSFClientAnchor anchor, int pictureIndex){HSSFPicture shape = new HSSFPicture(null, (HSSFClientAnchor)anchor);<MASKED>AddShape(shape);OnCreate(shape);return shape;}",shape.PictureIndex = pictureIndex;
472,java,expression_statement,"public HSSFRichTextString(String string) {if (string == null) {_string = new UnicodeString("""");} else {_string = new UnicodeString(string);}}","public HSSFRichTextString(String string) {if (string == null) {_string = new UnicodeString("""");} else {<MASKED>}}",_string = new UnicodeString(string);
473,c#,string_literal,"public HSSFRichTextString(String str){if (str == null){_string = new UnicodeString("""");}else{this._string = new UnicodeString(str);}}",public HSSFRichTextString(String str){if (str == null){_string = new UnicodeString(<MASKED>);}else{this._string = new UnicodeString(str);}},""""""
474,java,expression_statement,public DeleteUserResult deleteUser(DeleteUserRequest request) {request = beforeClientExecution(request);return executeDeleteUser(request);},public DeleteUserResult deleteUser(DeleteUserRequest request) {<MASKED>return executeDeleteUser(request);},request = beforeClientExecution(request);
475,c#,expression_statement,"public virtual DeleteUserResponse DeleteUser(DeleteUserRequest request){var options = new InvokeOptions();options.RequestMarshaller = DeleteUserRequestMarshaller.Instance;options.ResponseUnmarshaller = DeleteUserResponseUnmarshaller.Instance;return Invoke<DeleteUserResponse>(request, options);}","public virtual DeleteUserResponse DeleteUser(DeleteUserRequest request){var options = new InvokeOptions();options.RequestMarshaller = DeleteUserRequestMarshaller.Instance;<MASKED>return Invoke<DeleteUserResponse>(request, options);}",options.ResponseUnmarshaller = DeleteUserResponseUnmarshaller.Instance;
476,java,expression_statement,public UpdateIPSetResult updateIPSet(UpdateIPSetRequest request) {request = beforeClientExecution(request);return executeUpdateIPSet(request);},public UpdateIPSetResult updateIPSet(UpdateIPSetRequest request) {<MASKED>return executeUpdateIPSet(request);},request = beforeClientExecution(request);
477,c#,expression_statement,"public virtual UpdateIPSetResponse UpdateIPSet(UpdateIPSetRequest request){var options = new InvokeOptions();options.RequestMarshaller = UpdateIPSetRequestMarshaller.Instance;options.ResponseUnmarshaller = UpdateIPSetResponseUnmarshaller.Instance;return Invoke<UpdateIPSetResponse>(request, options);}","public virtual UpdateIPSetResponse UpdateIPSet(UpdateIPSetRequest request){var options = new InvokeOptions();options.RequestMarshaller = UpdateIPSetRequestMarshaller.Instance;<MASKED>return Invoke<UpdateIPSetResponse>(request, options);}",options.ResponseUnmarshaller = UpdateIPSetResponseUnmarshaller.Instance;
478,java,expression_statement,public DescribeLoaResult describeLoa(DescribeLoaRequest request) {request = beforeClientExecution(request);return executeDescribeLoa(request);},public DescribeLoaResult describeLoa(DescribeLoaRequest request) {<MASKED>return executeDescribeLoa(request);},request = beforeClientExecution(request);
479,c#,expression_statement,"public virtual DescribeLoaResponse DescribeLoa(DescribeLoaRequest request){var options = new InvokeOptions();options.RequestMarshaller = DescribeLoaRequestMarshaller.Instance;options.ResponseUnmarshaller = DescribeLoaResponseUnmarshaller.Instance;return Invoke<DescribeLoaResponse>(request, options);}","public virtual DescribeLoaResponse DescribeLoa(DescribeLoaRequest request){var options = new InvokeOptions();<MASKED>options.ResponseUnmarshaller = DescribeLoaResponseUnmarshaller.Instance;return Invoke<DescribeLoaResponse>(request, options);}",options.RequestMarshaller = DescribeLoaRequestMarshaller.Instance;
480,java,expression_statement,"public static int trimLeadingWhitespace(byte[] raw, int start, int end) {while (start < end && isWhitespace(raw[start]))start++;return start;}","public static int trimLeadingWhitespace(byte[] raw, int start, int end) {while (start < end && isWhitespace(raw[start]))<MASKED>return start;}",start++;
481,c#,expression_statement,"public static int TrimLeadingWhitespace(byte[] raw, int start, int end){while (start < end && IsWhitespace(raw[start])){start++;}return start;}","public static int TrimLeadingWhitespace(byte[] raw, int start, int end){while (start < end && IsWhitespace(raw[start])){<MASKED>}return start;}",start++;
482,java,expression_statement,"public InfoSubRecord(int streamPos, int bucketSstOffset) {field_1_stream_pos        = streamPos;field_2_bucket_sst_offset = bucketSstOffset;}","public InfoSubRecord(int streamPos, int bucketSstOffset) {field_1_stream_pos        = streamPos;<MASKED>}",field_2_bucket_sst_offset = bucketSstOffset;
483,c#,expression_statement,"public InfoSubRecord(int streamPos, int bucketSstOffset){field_1_stream_pos = streamPos;field_2_bucket_sst_offset = bucketSstOffset;}","public InfoSubRecord(int streamPos, int bucketSstOffset){<MASKED>field_2_bucket_sst_offset = bucketSstOffset;}",field_1_stream_pos = streamPos;
484,java,expression_statement,"public synchronized StringBuffer append(CharSequence s) {if (s == null) {appendNull();} else {append0(s, 0, s.length());}return this;}","public synchronized StringBuffer append(CharSequence s) {if (s == null) {<MASKED>} else {append0(s, 0, s.length());}return this;}",appendNull();
485,c#,expression_statement,public java.lang.StringBuffer append(char[] chars){lock (this){append0(chars);return this;}},public java.lang.StringBuffer append(char[] chars){lock (this){<MASKED>return this;}},append0(chars);
486,java,expression_statement,public ListGatewaysResult listGateways(ListGatewaysRequest request) {request = beforeClientExecution(request);return executeListGateways(request);},public ListGatewaysResult listGateways(ListGatewaysRequest request) {<MASKED>return executeListGateways(request);},request = beforeClientExecution(request);
487,c#,expression_statement,"public virtual ListGatewaysResponse ListGateways(ListGatewaysRequest request){var options = new InvokeOptions();options.RequestMarshaller = ListGatewaysRequestMarshaller.Instance;options.ResponseUnmarshaller = ListGatewaysResponseUnmarshaller.Instance;return Invoke<ListGatewaysResponse>(request, options);}","public virtual ListGatewaysResponse ListGateways(ListGatewaysRequest request){var options = new InvokeOptions();options.RequestMarshaller = ListGatewaysRequestMarshaller.Instance;<MASKED>return Invoke<ListGatewaysResponse>(request, options);}",options.ResponseUnmarshaller = ListGatewaysResponseUnmarshaller.Instance;
488,java,expression_statement,public ListNetworksResult listNetworks(ListNetworksRequest request) {request = beforeClientExecution(request);return executeListNetworks(request);},public ListNetworksResult listNetworks(ListNetworksRequest request) {<MASKED>return executeListNetworks(request);},request = beforeClientExecution(request);
489,c#,expression_statement,"public virtual ListNetworksResponse ListNetworks(ListNetworksRequest request){var options = new InvokeOptions();options.RequestMarshaller = ListNetworksRequestMarshaller.Instance;options.ResponseUnmarshaller = ListNetworksResponseUnmarshaller.Instance;return Invoke<ListNetworksResponse>(request, options);}","public virtual ListNetworksResponse ListNetworks(ListNetworksRequest request){var options = new InvokeOptions();options.RequestMarshaller = ListNetworksRequestMarshaller.Instance;<MASKED>return Invoke<ListNetworksResponse>(request, options);}",options.ResponseUnmarshaller = ListNetworksResponseUnmarshaller.Instance;
490,java,expression_statement,public AttachObjectResult attachObject(AttachObjectRequest request) {request = beforeClientExecution(request);return executeAttachObject(request);},public AttachObjectResult attachObject(AttachObjectRequest request) {<MASKED>return executeAttachObject(request);},request = beforeClientExecution(request);
491,c#,expression_statement,"public virtual AttachObjectResponse AttachObject(AttachObjectRequest request){var options = new InvokeOptions();options.RequestMarshaller = AttachObjectRequestMarshaller.Instance;options.ResponseUnmarshaller = AttachObjectResponseUnmarshaller.Instance;return Invoke<AttachObjectResponse>(request, options);}","public virtual AttachObjectResponse AttachObject(AttachObjectRequest request){var options = new InvokeOptions();<MASKED>options.ResponseUnmarshaller = AttachObjectResponseUnmarshaller.Instance;return Invoke<AttachObjectResponse>(request, options);}",options.RequestMarshaller = AttachObjectRequestMarshaller.Instance;
492,java,expression_statement,"public final char[] GetSuffix(int len) {char[] value = new char[len];System.arraycopy(buffer, bufferPosition - len, value, 0, len);return value;}",public final char[] GetSuffix(int len) {char[] value = new char[len];<MASKED>return value;},"System.arraycopy(buffer, bufferPosition - len, value, 0, len);"
493,c#,expression_statement,"public char[] GetSuffix(int len){char[] value = new char[len];System.Array.Copy(buffer, bufferPosition - len, value, 0, len);return value;}",public char[] GetSuffix(int len){char[] value = new char[len];<MASKED>return value;},"System.Array.Copy(buffer, bufferPosition - len, value, 0, len);"
494,java,expression_statement,public UpdateJourneyResult updateJourney(UpdateJourneyRequest request) {request = beforeClientExecution(request);return executeUpdateJourney(request);},public UpdateJourneyResult updateJourney(UpdateJourneyRequest request) {<MASKED>return executeUpdateJourney(request);},request = beforeClientExecution(request);
495,c#,expression_statement,"public virtual UpdateJourneyResponse UpdateJourney(UpdateJourneyRequest request){var options = new InvokeOptions();options.RequestMarshaller = UpdateJourneyRequestMarshaller.Instance;options.ResponseUnmarshaller = UpdateJourneyResponseUnmarshaller.Instance;return Invoke<UpdateJourneyResponse>(request, options);}","public virtual UpdateJourneyResponse UpdateJourney(UpdateJourneyRequest request){var options = new InvokeOptions();<MASKED>options.ResponseUnmarshaller = UpdateJourneyResponseUnmarshaller.Instance;return Invoke<UpdateJourneyResponse>(request, options);}",options.RequestMarshaller = UpdateJourneyRequestMarshaller.Instance;
496,java,expression_statement,public CancelClusterResult cancelCluster(CancelClusterRequest request) {request = beforeClientExecution(request);return executeCancelCluster(request);},public CancelClusterResult cancelCluster(CancelClusterRequest request) {<MASKED>return executeCancelCluster(request);},request = beforeClientExecution(request);
497,c#,expression_statement,"public virtual CancelClusterResponse CancelCluster(CancelClusterRequest request){var options = new InvokeOptions();options.RequestMarshaller = CancelClusterRequestMarshaller.Instance;options.ResponseUnmarshaller = CancelClusterResponseUnmarshaller.Instance;return Invoke<CancelClusterResponse>(request, options);}","public virtual CancelClusterResponse CancelCluster(CancelClusterRequest request){var options = new InvokeOptions();options.RequestMarshaller = CancelClusterRequestMarshaller.Instance;<MASKED>return Invoke<CancelClusterResponse>(request, options);}",options.ResponseUnmarshaller = CancelClusterResponseUnmarshaller.Instance;
498,java,expression_statement,"public int serializeComplexPart(byte[] data, int pos) {System.arraycopy(complexData, 0, data, pos, complexData.length);return complexData.length;}","public int serializeComplexPart(byte[] data, int pos) {<MASKED>return complexData.length;}","System.arraycopy(complexData, 0, data, pos, complexData.length);"
499,c#,expression_statement,"public override int SerializeComplexPart(byte[] data, int pos){Array.Copy(_complexData, 0, data, pos, _complexData.Length);return _complexData.Length;}","public override int SerializeComplexPart(byte[] data, int pos){<MASKED>return _complexData.Length;}","Array.Copy(_complexData, 0, data, pos, _complexData.Length);"
500,java,expression_statement,public synchronized Credential getCredential() {if (null == credential && null != icredential) {credential = icredential.fresh();}return credential;},public synchronized Credential getCredential() {if (null == credential && null != icredential) {<MASKED>}return credential;},credential = icredential.fresh();
501,c#,expression_statement,public Credential GetCredential(){if (null == _credential && null != iCredentialProvider){_credential = iCredentialProvider.Fresh();}return _credential;},public Credential GetCredential(){if (null == _credential && null != iCredentialProvider){<MASKED>}return _credential;},_credential = iCredentialProvider.Fresh();
502,java,string_literal,"public AddImageRequest() {super(""ImageSearch"", ""2019-03-25"", ""AddImage"", ""imagesearch"");setUriPattern(""/v2/image/add"");setMethod(MethodType.POST);}","public AddImageRequest() {super(""ImageSearch"", ""2019-03-25"", ""AddImage"", ""imagesearch"");setUriPattern(<MASKED>);setMethod(MethodType.POST);}","""/v2/image/add"""
503,c#,string_literal,"public AddImageRequest(): base(""ImageSearch"", ""2019-03-25"", ""AddImage"", ""imagesearch"", ""openAPI""){UriPattern = ""/v2/image/add"";Method = MethodType.POST;}","public AddImageRequest(): base(""ImageSearch"", ""2019-03-25"", ""AddImage"", <MASKED>, ""openAPI""){UriPattern = ""/v2/image/add"";Method = MethodType.POST;}","""imagesearch"""
504,java,expression_statement,public DBInstance deleteDBInstance(DeleteDBInstanceRequest request) {request = beforeClientExecution(request);return executeDeleteDBInstance(request);},public DBInstance deleteDBInstance(DeleteDBInstanceRequest request) {<MASKED>return executeDeleteDBInstance(request);},request = beforeClientExecution(request);
505,c#,expression_statement,"public virtual DeleteDBInstanceResponse DeleteDBInstance(DeleteDBInstanceRequest request){var options = new InvokeOptions();options.RequestMarshaller = DeleteDBInstanceRequestMarshaller.Instance;options.ResponseUnmarshaller = DeleteDBInstanceResponseUnmarshaller.Instance;return Invoke<DeleteDBInstanceResponse>(request, options);}","public virtual DeleteDBInstanceResponse DeleteDBInstance(DeleteDBInstanceRequest request){var options = new InvokeOptions();<MASKED>options.ResponseUnmarshaller = DeleteDBInstanceResponseUnmarshaller.Instance;return Invoke<DeleteDBInstanceResponse>(request, options);}",options.RequestMarshaller = DeleteDBInstanceRequestMarshaller.Instance;
506,java,string_literal,"public String toString() {return ""TermStats{"" +""decodedTermText='"" + decodedTermText + '\'' +"", field='"" + field + '\'' +"", docFreq="" + docFreq +'}';}","public String toString() {return ""TermStats{"" +""decodedTermText='"" + decodedTermText + '\'' +<MASKED> + field + '\'' +"", docFreq="" + docFreq +'}';}",""", field='"""
507,c#,string_literal,"public override string ToString(){return (""TermStats: Term="" + termtext.Utf8ToString() + "" DocFreq="" + DocFreq + "" TotalTermFreq="" + TotalTermFreq);}","public override string ToString(){return (""TermStats: Term="" + termtext.Utf8ToString() + <MASKED> + DocFreq + "" TotalTermFreq="" + TotalTermFreq);}",""" DocFreq="""
508,java,expression_statement,public UpdateSegmentResult updateSegment(UpdateSegmentRequest request) {request = beforeClientExecution(request);return executeUpdateSegment(request);},public UpdateSegmentResult updateSegment(UpdateSegmentRequest request) {<MASKED>return executeUpdateSegment(request);},request = beforeClientExecution(request);
509,c#,expression_statement,"public virtual UpdateSegmentResponse UpdateSegment(UpdateSegmentRequest request){var options = new InvokeOptions();options.RequestMarshaller = UpdateSegmentRequestMarshaller.Instance;options.ResponseUnmarshaller = UpdateSegmentResponseUnmarshaller.Instance;return Invoke<UpdateSegmentResponse>(request, options);}","public virtual UpdateSegmentResponse UpdateSegment(UpdateSegmentRequest request){var options = new InvokeOptions();<MASKED>options.ResponseUnmarshaller = UpdateSegmentResponseUnmarshaller.Instance;return Invoke<UpdateSegmentResponse>(request, options);}",options.RequestMarshaller = UpdateSegmentRequestMarshaller.Instance;
510,java,expression_statement,public DeleteServiceResult deleteService(DeleteServiceRequest request) {request = beforeClientExecution(request);return executeDeleteService(request);},public DeleteServiceResult deleteService(DeleteServiceRequest request) {<MASKED>return executeDeleteService(request);},request = beforeClientExecution(request);
511,c#,expression_statement,"public virtual DeleteServiceResponse DeleteService(DeleteServiceRequest request){var options = new InvokeOptions();options.RequestMarshaller = DeleteServiceRequestMarshaller.Instance;options.ResponseUnmarshaller = DeleteServiceResponseUnmarshaller.Instance;return Invoke<DeleteServiceResponse>(request, options);}","public virtual DeleteServiceResponse DeleteService(DeleteServiceRequest request){var options = new InvokeOptions();options.RequestMarshaller = DeleteServiceRequestMarshaller.Instance;<MASKED>return Invoke<DeleteServiceResponse>(request, options);}",options.ResponseUnmarshaller = DeleteServiceResponseUnmarshaller.Instance;
512,java,expression_statement,public CreateCommentResult createComment(CreateCommentRequest request) {request = beforeClientExecution(request);return executeCreateComment(request);},public CreateCommentResult createComment(CreateCommentRequest request) {<MASKED>return executeCreateComment(request);},request = beforeClientExecution(request);
513,c#,expression_statement,"public virtual CreateCommentResponse CreateComment(CreateCommentRequest request){var options = new InvokeOptions();options.RequestMarshaller = CreateCommentRequestMarshaller.Instance;options.ResponseUnmarshaller = CreateCommentResponseUnmarshaller.Instance;return Invoke<CreateCommentResponse>(request, options);}","public virtual CreateCommentResponse CreateComment(CreateCommentRequest request){var options = new InvokeOptions();<MASKED>options.ResponseUnmarshaller = CreateCommentResponseUnmarshaller.Instance;return Invoke<CreateCommentResponse>(request, options);}",options.RequestMarshaller = CreateCommentRequestMarshaller.Instance;
514,java,expression_statement,public boolean seekExact(BytesRef term) {final int ord = findTerm(term);if (ord >= 0) {termOrd = ord;setTerm();return true;} else {return false;}},public boolean seekExact(BytesRef term) {final int ord = findTerm(term);if (ord >= 0) {termOrd = ord;<MASKED>return true;} else {return false;}},setTerm();
515,c#,expression_statement,public override bool SeekExact(BytesRef term){int ord = FindTerm(term);if (ord >= 0){termOrd = ord;SetTerm();return true;}else{return false;}},public override bool SeekExact(BytesRef term){int ord = FindTerm(term);if (ord >= 0){<MASKED>SetTerm();return true;}else{return false;}},termOrd = ord;
516,java,expression_statement,public ObjectLinkRecord(RecordInputStream in) {field_1_anchorId = in.readShort();field_2_link1 = in.readShort();field_3_link2 = in.readShort();},public ObjectLinkRecord(RecordInputStream in) {field_1_anchorId = in.readShort();field_2_link1 = in.readShort();<MASKED>},field_3_link2 = in.readShort();
517,c#,expression_statement,public ObjectLinkRecord(RecordInputStream in1){field_1_anchorId = in1.ReadShort();field_2_link1 = in1.ReadShort();field_3_link2 = in1.ReadShort();},public ObjectLinkRecord(RecordInputStream in1){field_1_anchorId = in1.ReadShort();field_2_link1 = in1.ReadShort();<MASKED>},field_3_link2 = in1.ReadShort();
518,java,expression_statement,"public static String intToHex(int value) {StringBuilder sb = new StringBuilder(10);writeHex(sb, value & 0xFFFFFFFFL, 8, ""0x"");return sb.toString();}",public static String intToHex(int value) {StringBuilder sb = new StringBuilder(10);<MASKED>return sb.toString();},"writeHex(sb, value & 0xFFFFFFFFL, 8, ""0x"");"
519,java,expression_statement,"public Entry<K, V> pollFirstEntry() {Node<K, V> result = endpoint(true);if (result != null) {removeInternal(result);}return immutableCopy(result);}","public Entry<K, V> pollFirstEntry() {Node<K, V> result = endpoint(true);if (result != null) {<MASKED>}return immutableCopy(result);}",removeInternal(result);
520,c#,expression_statement,"public java.util.MapClass.Entry<K, V> pollFirstEntry(){java.util.TreeMap.Node<K, V> result = this.endpoint(true);if (result != null){this._enclosing.removeInternal(result);}return this._enclosing.immutableCopy(result);}","public java.util.MapClass.Entry<K, V> pollFirstEntry(){java.util.TreeMap.Node<K, V> result = this.endpoint(true);if (result != null){<MASKED>}return this._enclosing.immutableCopy(result);}",this._enclosing.removeInternal(result);
521,java,expression_statement,public UpdateVpcLinkResult updateVpcLink(UpdateVpcLinkRequest request) {request = beforeClientExecution(request);return executeUpdateVpcLink(request);},public UpdateVpcLinkResult updateVpcLink(UpdateVpcLinkRequest request) {<MASKED>return executeUpdateVpcLink(request);},request = beforeClientExecution(request);
522,c#,expression_statement,"public virtual UpdateVpcLinkResponse UpdateVpcLink(UpdateVpcLinkRequest request){var options = new InvokeOptions();options.RequestMarshaller = UpdateVpcLinkRequestMarshaller.Instance;options.ResponseUnmarshaller = UpdateVpcLinkResponseUnmarshaller.Instance;return Invoke<UpdateVpcLinkResponse>(request, options);}","public virtual UpdateVpcLinkResponse UpdateVpcLink(UpdateVpcLinkRequest request){var options = new InvokeOptions();options.RequestMarshaller = UpdateVpcLinkRequestMarshaller.Instance;<MASKED>return Invoke<UpdateVpcLinkResponse>(request, options);}",options.ResponseUnmarshaller = UpdateVpcLinkResponseUnmarshaller.Instance;
523,java,expression_statement,public DeletePolicyResult deletePolicy(DeletePolicyRequest request) {request = beforeClientExecution(request);return executeDeletePolicy(request);},public DeletePolicyResult deletePolicy(DeletePolicyRequest request) {<MASKED>return executeDeletePolicy(request);},request = beforeClientExecution(request);
524,c#,expression_statement,"public virtual DeletePolicyResponse DeletePolicy(DeletePolicyRequest request){var options = new InvokeOptions();options.RequestMarshaller = DeletePolicyRequestMarshaller.Instance;options.ResponseUnmarshaller = DeletePolicyResponseUnmarshaller.Instance;return Invoke<DeletePolicyResponse>(request, options);}","public virtual DeletePolicyResponse DeletePolicy(DeletePolicyRequest request){var options = new InvokeOptions();options.RequestMarshaller = DeletePolicyRequestMarshaller.Instance;<MASKED>return Invoke<DeletePolicyResponse>(request, options);}",options.ResponseUnmarshaller = DeletePolicyResponseUnmarshaller.Instance;
525,java,expression_statement,public ListServicesResult listServices(ListServicesRequest request) {request = beforeClientExecution(request);return executeListServices(request);},public ListServicesResult listServices(ListServicesRequest request) {<MASKED>return executeListServices(request);},request = beforeClientExecution(request);
526,c#,expression_statement,"public virtual ListServicesResponse ListServices(ListServicesRequest request){var options = new InvokeOptions();options.RequestMarshaller = ListServicesRequestMarshaller.Instance;options.ResponseUnmarshaller = ListServicesResponseUnmarshaller.Instance;return Invoke<ListServicesResponse>(request, options);}","public virtual ListServicesResponse ListServices(ListServicesRequest request){var options = new InvokeOptions();<MASKED>options.ResponseUnmarshaller = ListServicesResponseUnmarshaller.Instance;return Invoke<ListServicesResponse>(request, options);}",options.RequestMarshaller = ListServicesRequestMarshaller.Instance;
527,java,string_literal,"public ValueEval getItem(int index) {if (index != 0) {throw new RuntimeException(""Invalid index (""+ index + "") only zero is allowed"");}return _value;}","public ValueEval getItem(int index) {if (index != 0) {throw new RuntimeException(""Invalid index (""+ index + <MASKED>);}return _value;}",""") only zero is allowed"""
528,c#,string_literal,"public ValueEval GetItem(int index){if (index != 0){throw new ArgumentException(""Invalid index (""+ index + "") only zero is allowed"");}return _value;}","public ValueEval GetItem(int index){if (index != 0){throw new ArgumentException(""Invalid index (""+ index + <MASKED>);}return _value;}",""") only zero is allowed"""
529,java,expression_statement,public DescribeRuleResult describeRule(DescribeRuleRequest request) {request = beforeClientExecution(request);return executeDescribeRule(request);},public DescribeRuleResult describeRule(DescribeRuleRequest request) {<MASKED>return executeDescribeRule(request);},request = beforeClientExecution(request);
530,c#,expression_statement,"public virtual DescribeRuleResponse DescribeRule(DescribeRuleRequest request){var options = new InvokeOptions();options.RequestMarshaller = DescribeRuleRequestMarshaller.Instance;options.ResponseUnmarshaller = DescribeRuleResponseUnmarshaller.Instance;return Invoke<DescribeRuleResponse>(request, options);}","public virtual DescribeRuleResponse DescribeRule(DescribeRuleRequest request){var options = new InvokeOptions();<MASKED>options.ResponseUnmarshaller = DescribeRuleResponseUnmarshaller.Instance;return Invoke<DescribeRuleResponse>(request, options);}",options.RequestMarshaller = DescribeRuleRequestMarshaller.Instance;
531,java,expression_statement,public ImportApiKeysResult importApiKeys(ImportApiKeysRequest request) {request = beforeClientExecution(request);return executeImportApiKeys(request);},public ImportApiKeysResult importApiKeys(ImportApiKeysRequest request) {<MASKED>return executeImportApiKeys(request);},request = beforeClientExecution(request);
532,c#,expression_statement,"public virtual ImportApiKeysResponse ImportApiKeys(ImportApiKeysRequest request){var options = new InvokeOptions();options.RequestMarshaller = ImportApiKeysRequestMarshaller.Instance;options.ResponseUnmarshaller = ImportApiKeysResponseUnmarshaller.Instance;return Invoke<ImportApiKeysResponse>(request, options);}","public virtual ImportApiKeysResponse ImportApiKeys(ImportApiKeysRequest request){var options = new InvokeOptions();options.RequestMarshaller = ImportApiKeysRequestMarshaller.Instance;<MASKED>return Invoke<ImportApiKeysResponse>(request, options);}",options.ResponseUnmarshaller = ImportApiKeysResponseUnmarshaller.Instance;
533,java,expression_statement,public RegisterImageResult registerImage(RegisterImageRequest request) {request = beforeClientExecution(request);return executeRegisterImage(request);},public RegisterImageResult registerImage(RegisterImageRequest request) {<MASKED>return executeRegisterImage(request);},request = beforeClientExecution(request);
534,c#,expression_statement,"public virtual RegisterImageResponse RegisterImage(RegisterImageRequest request){var options = new InvokeOptions();options.RequestMarshaller = RegisterImageRequestMarshaller.Instance;options.ResponseUnmarshaller = RegisterImageResponseUnmarshaller.Instance;return Invoke<RegisterImageResponse>(request, options);}","public virtual RegisterImageResponse RegisterImage(RegisterImageRequest request){var options = new InvokeOptions();options.RequestMarshaller = RegisterImageRequestMarshaller.Instance;<MASKED>return Invoke<RegisterImageResponse>(request, options);}",options.ResponseUnmarshaller = RegisterImageResponseUnmarshaller.Instance;
535,java,expression_statement,public ListPipelinesResult listPipelines(ListPipelinesRequest request) {request = beforeClientExecution(request);return executeListPipelines(request);},public ListPipelinesResult listPipelines(ListPipelinesRequest request) {<MASKED>return executeListPipelines(request);},request = beforeClientExecution(request);
536,c#,expression_statement,"public virtual ListPipelinesResponse ListPipelines(ListPipelinesRequest request){var options = new InvokeOptions();options.RequestMarshaller = ListPipelinesRequestMarshaller.Instance;options.ResponseUnmarshaller = ListPipelinesResponseUnmarshaller.Instance;return Invoke<ListPipelinesResponse>(request, options);}","public virtual ListPipelinesResponse ListPipelines(ListPipelinesRequest request){var options = new InvokeOptions();options.RequestMarshaller = ListPipelinesRequestMarshaller.Instance;<MASKED>return Invoke<ListPipelinesResponse>(request, options);}",options.ResponseUnmarshaller = ListPipelinesResponseUnmarshaller.Instance;
537,java,expression_statement,public CreateSchemaResult createSchema(CreateSchemaRequest request) {request = beforeClientExecution(request);return executeCreateSchema(request);},public CreateSchemaResult createSchema(CreateSchemaRequest request) {<MASKED>return executeCreateSchema(request);},request = beforeClientExecution(request);
538,c#,expression_statement,"public virtual CreateSchemaResponse CreateSchema(CreateSchemaRequest request){var options = new InvokeOptions();options.RequestMarshaller = CreateSchemaRequestMarshaller.Instance;options.ResponseUnmarshaller = CreateSchemaResponseUnmarshaller.Instance;return Invoke<CreateSchemaResponse>(request, options);}","public virtual CreateSchemaResponse CreateSchema(CreateSchemaRequest request){var options = new InvokeOptions();<MASKED>options.ResponseUnmarshaller = CreateSchemaResponseUnmarshaller.Instance;return Invoke<CreateSchemaResponse>(request, options);}",options.RequestMarshaller = CreateSchemaRequestMarshaller.Instance;
539,java,expression_statement,public UpdateFilterResult updateFilter(UpdateFilterRequest request) {request = beforeClientExecution(request);return executeUpdateFilter(request);},public UpdateFilterResult updateFilter(UpdateFilterRequest request) {<MASKED>return executeUpdateFilter(request);},request = beforeClientExecution(request);
540,c#,expression_statement,"public virtual UpdateFilterResponse UpdateFilter(UpdateFilterRequest request){var options = new InvokeOptions();options.RequestMarshaller = UpdateFilterRequestMarshaller.Instance;options.ResponseUnmarshaller = UpdateFilterResponseUnmarshaller.Instance;return Invoke<UpdateFilterResponse>(request, options);}","public virtual UpdateFilterResponse UpdateFilter(UpdateFilterRequest request){var options = new InvokeOptions();<MASKED>options.ResponseUnmarshaller = UpdateFilterResponseUnmarshaller.Instance;return Invoke<UpdateFilterResponse>(request, options);}",options.RequestMarshaller = UpdateFilterRequestMarshaller.Instance;
541,java,expression_statement,public UpdateTaskSetResult updateTaskSet(UpdateTaskSetRequest request) {request = beforeClientExecution(request);return executeUpdateTaskSet(request);},public UpdateTaskSetResult updateTaskSet(UpdateTaskSetRequest request) {<MASKED>return executeUpdateTaskSet(request);},request = beforeClientExecution(request);
542,c#,expression_statement,"public virtual UpdateTaskSetResponse UpdateTaskSet(UpdateTaskSetRequest request){var options = new InvokeOptions();options.RequestMarshaller = UpdateTaskSetRequestMarshaller.Instance;options.ResponseUnmarshaller = UpdateTaskSetResponseUnmarshaller.Instance;return Invoke<UpdateTaskSetResponse>(request, options);}","public virtual UpdateTaskSetResponse UpdateTaskSet(UpdateTaskSetRequest request){var options = new InvokeOptions();options.RequestMarshaller = UpdateTaskSetRequestMarshaller.Instance;<MASKED>return Invoke<UpdateTaskSetResponse>(request, options);}",options.ResponseUnmarshaller = UpdateTaskSetResponseUnmarshaller.Instance;
543,java,string_literal,"public GetIndustryInfoChildrenListRequest() {super(""industry-brain"", ""2018-07-12"", ""GetIndustryInfoChildrenList"");setProtocol(ProtocolType.HTTPS);}","public GetIndustryInfoChildrenListRequest() {super(<MASKED>, ""2018-07-12"", ""GetIndustryInfoChildrenList"");setProtocol(ProtocolType.HTTPS);}","""industry-brain"""
544,c#,string_literal,"public GetIndustryInfoChildrenListRequest(): base(""industry-brain"", ""2018-07-12"", ""GetIndustryInfoChildrenList""){Protocol = ProtocolType.HTTPS;}","public GetIndustryInfoChildrenListRequest(): base(<MASKED>, ""2018-07-12"", ""GetIndustryInfoChildrenList""){Protocol = ProtocolType.HTTPS;}","""industry-brain"""
545,java,expression_statement,public GetResourcesResult getResources(GetResourcesRequest request) {request = beforeClientExecution(request);return executeGetResources(request);},public GetResourcesResult getResources(GetResourcesRequest request) {<MASKED>return executeGetResources(request);},request = beforeClientExecution(request);
546,c#,expression_statement,"public virtual GetResourcesResponse GetResources(GetResourcesRequest request){var options = new InvokeOptions();options.RequestMarshaller = GetResourcesRequestMarshaller.Instance;options.ResponseUnmarshaller = GetResourcesResponseUnmarshaller.Instance;return Invoke<GetResourcesResponse>(request, options);}","public virtual GetResourcesResponse GetResources(GetResourcesRequest request){var options = new InvokeOptions();<MASKED>options.ResponseUnmarshaller = GetResourcesResponseUnmarshaller.Instance;return Invoke<GetResourcesResponse>(request, options);}",options.RequestMarshaller = GetResourcesRequestMarshaller.Instance;
547,java,expression_statement,public ListFindingsResult listFindings(ListFindingsRequest request) {request = beforeClientExecution(request);return executeListFindings(request);},public ListFindingsResult listFindings(ListFindingsRequest request) {<MASKED>return executeListFindings(request);},request = beforeClientExecution(request);
548,c#,expression_statement,"public virtual ListFindingsResponse ListFindings(ListFindingsRequest request){var options = new InvokeOptions();options.RequestMarshaller = ListFindingsRequestMarshaller.Instance;options.ResponseUnmarshaller = ListFindingsResponseUnmarshaller.Instance;return Invoke<ListFindingsResponse>(request, options);}","public virtual ListFindingsResponse ListFindings(ListFindingsRequest request){var options = new InvokeOptions();<MASKED>options.ResponseUnmarshaller = ListFindingsResponseUnmarshaller.Instance;return Invoke<ListFindingsResponse>(request, options);}",options.RequestMarshaller = ListFindingsRequestMarshaller.Instance;
549,java,expression_statement,"public void drawRect(int x, int y, int width, int height){if (logger.check( POILogger.WARN ))logger.log(POILogger.WARN,""drawRect not supported"");}","public void drawRect(int x, int y, int width, int height){if (logger.check( POILogger.WARN ))<MASKED>}","logger.log(POILogger.WARN,""drawRect not supported"");"
550,c#,expression_statement,"public void DrawRect(int x, int y, int width, int height){if (Logger.Check(POILogger.WARN))Logger.Log(POILogger.WARN, ""DrawRect not supported"");}","public void DrawRect(int x, int y, int width, int height){if (Logger.Check(POILogger.WARN))<MASKED>}","Logger.Log(POILogger.WARN, ""DrawRect not supported"");"
551,java,expression_statement,public GetConnectionResult getConnection(GetConnectionRequest request) {request = beforeClientExecution(request);return executeGetConnection(request);},public GetConnectionResult getConnection(GetConnectionRequest request) {<MASKED>return executeGetConnection(request);},request = beforeClientExecution(request);
552,c#,expression_statement,"public virtual GetConnectionResponse GetConnection(GetConnectionRequest request){var options = new InvokeOptions();options.RequestMarshaller = GetConnectionRequestMarshaller.Instance;options.ResponseUnmarshaller = GetConnectionResponseUnmarshaller.Instance;return Invoke<GetConnectionResponse>(request, options);}","public virtual GetConnectionResponse GetConnection(GetConnectionRequest request){var options = new InvokeOptions();<MASKED>options.ResponseUnmarshaller = GetConnectionResponseUnmarshaller.Instance;return Invoke<GetConnectionResponse>(request, options);}",options.RequestMarshaller = GetConnectionRequestMarshaller.Instance;
553,java,expression_statement,public CreateLabelsResult createLabels(CreateLabelsRequest request) {request = beforeClientExecution(request);return executeCreateLabels(request);},public CreateLabelsResult createLabels(CreateLabelsRequest request) {<MASKED>return executeCreateLabels(request);},request = beforeClientExecution(request);
554,c#,expression_statement,"public virtual CreateLabelsResponse CreateLabels(CreateLabelsRequest request){var options = new InvokeOptions();options.RequestMarshaller = CreateLabelsRequestMarshaller.Instance;options.ResponseUnmarshaller = CreateLabelsResponseUnmarshaller.Instance;return Invoke<CreateLabelsResponse>(request, options);}","public virtual CreateLabelsResponse CreateLabels(CreateLabelsRequest request){var options = new InvokeOptions();<MASKED>options.ResponseUnmarshaller = CreateLabelsResponseUnmarshaller.Instance;return Invoke<CreateLabelsResponse>(request, options);}",options.RequestMarshaller = CreateLabelsRequestMarshaller.Instance;
555,java,expression_statement,public DeleteDomainResult deleteDomain(DeleteDomainRequest request) {request = beforeClientExecution(request);return executeDeleteDomain(request);},public DeleteDomainResult deleteDomain(DeleteDomainRequest request) {<MASKED>return executeDeleteDomain(request);},request = beforeClientExecution(request);
556,c#,expression_statement,"public virtual DeleteDomainResponse DeleteDomain(DeleteDomainRequest request){var options = new InvokeOptions();options.RequestMarshaller = DeleteDomainRequestMarshaller.Instance;options.ResponseUnmarshaller = DeleteDomainResponseUnmarshaller.Instance;return Invoke<DeleteDomainResponse>(request, options);}","public virtual DeleteDomainResponse DeleteDomain(DeleteDomainRequest request){var options = new InvokeOptions();options.RequestMarshaller = DeleteDomainRequestMarshaller.Instance;<MASKED>return Invoke<DeleteDomainResponse>(request, options);}",options.ResponseUnmarshaller = DeleteDomainResponseUnmarshaller.Instance;
557,java,expression_statement,"public List<WeightedFragInfo> getWeightedFragInfoList( List<WeightedFragInfo> src ) {Collections.sort( src, new ScoreComparator() );return src;}",public List<WeightedFragInfo> getWeightedFragInfoList( List<WeightedFragInfo> src ) {<MASKED>return src;},"Collections.sort( src, new ScoreComparator() );"
558,c#,expression_statement,"public override IList<WeightedFragInfo> GetWeightedFragInfoList(IList<WeightedFragInfo> src){CollectionUtil.TimSort(src, new ScoreComparer());return src;}",public override IList<WeightedFragInfo> GetWeightedFragInfoList(IList<WeightedFragInfo> src){<MASKED>return src;},"CollectionUtil.TimSort(src, new ScoreComparer());"
559,java,expression_statement,public PublishSchemaResult publishSchema(PublishSchemaRequest request) {request = beforeClientExecution(request);return executePublishSchema(request);},public PublishSchemaResult publishSchema(PublishSchemaRequest request) {<MASKED>return executePublishSchema(request);},request = beforeClientExecution(request);
560,c#,expression_statement,"public virtual PublishSchemaResponse PublishSchema(PublishSchemaRequest request){var options = new InvokeOptions();options.RequestMarshaller = PublishSchemaRequestMarshaller.Instance;options.ResponseUnmarshaller = PublishSchemaResponseUnmarshaller.Instance;return Invoke<PublishSchemaResponse>(request, options);}","public virtual PublishSchemaResponse PublishSchema(PublishSchemaRequest request){var options = new InvokeOptions();<MASKED>options.ResponseUnmarshaller = PublishSchemaResponseUnmarshaller.Instance;return Invoke<PublishSchemaResponse>(request, options);}",options.RequestMarshaller = PublishSchemaRequestMarshaller.Instance;
561,java,expression_statement,"public void writeBytes(int stream, byte[] b, int offset, int len) {final int end = offset + len;for(int i=offset;i<end;i++)writeByte(stream, b[i]);}","public void writeBytes(int stream, byte[] b, int offset, int len) {final int end = offset + len;for(int i=offset;i<end;i++)<MASKED>}","writeByte(stream, b[i]);"
562,c#,expression_statement,"public void WriteBytes(int stream, byte[] b, int offset, int len){int end = offset + len;for (int i = offset; i < end; i++){WriteByte(stream, b[i]);}}","public void WriteBytes(int stream, byte[] b, int offset, int len){int end = offset + len;for (int i = offset; i < end; i++){<MASKED>}}","WriteByte(stream, b[i]);"
563,java,expression_statement,public void setNextEnum(TermsEnum termsEnum) {this.termsEnum = termsEnum;this.boostAtt = termsEnum.attributes().addAttribute(BoostAttribute.class);},public void setNextEnum(TermsEnum termsEnum) {<MASKED>this.boostAtt = termsEnum.attributes().addAttribute(BoostAttribute.class);},this.termsEnum = termsEnum;
564,c#,expression_statement,public override void SetNextEnum(TermsEnum termsEnum){this.termsEnum = termsEnum;this.boostAtt = termsEnum.Attributes.AddAttribute<IBoostAttribute>();},public override void SetNextEnum(TermsEnum termsEnum){<MASKED>this.boostAtt = termsEnum.Attributes.AddAttribute<IBoostAttribute>();},this.termsEnum = termsEnum;
565,java,expression_statement,public UpdateServiceResult updateService(UpdateServiceRequest request) {request = beforeClientExecution(request);return executeUpdateService(request);},public UpdateServiceResult updateService(UpdateServiceRequest request) {<MASKED>return executeUpdateService(request);},request = beforeClientExecution(request);
566,c#,expression_statement,"public virtual UpdateServiceResponse UpdateService(UpdateServiceRequest request){var options = new InvokeOptions();options.RequestMarshaller = UpdateServiceRequestMarshaller.Instance;options.ResponseUnmarshaller = UpdateServiceResponseUnmarshaller.Instance;return Invoke<UpdateServiceResponse>(request, options);}","public virtual UpdateServiceResponse UpdateService(UpdateServiceRequest request){var options = new InvokeOptions();options.RequestMarshaller = UpdateServiceRequestMarshaller.Instance;<MASKED>return Invoke<UpdateServiceResponse>(request, options);}",options.ResponseUnmarshaller = UpdateServiceResponseUnmarshaller.Instance;
567,java,expression_statement,public ListAccountsResult listAccounts(ListAccountsRequest request) {request = beforeClientExecution(request);return executeListAccounts(request);},public ListAccountsResult listAccounts(ListAccountsRequest request) {<MASKED>return executeListAccounts(request);},request = beforeClientExecution(request);
568,c#,expression_statement,"public virtual ListAccountsResponse ListAccounts(ListAccountsRequest request){var options = new InvokeOptions();options.RequestMarshaller = ListAccountsRequestMarshaller.Instance;options.ResponseUnmarshaller = ListAccountsResponseUnmarshaller.Instance;return Invoke<ListAccountsResponse>(request, options);}","public virtual ListAccountsResponse ListAccounts(ListAccountsRequest request){var options = new InvokeOptions();<MASKED>options.ResponseUnmarshaller = ListAccountsResponseUnmarshaller.Instance;return Invoke<ListAccountsResponse>(request, options);}",options.RequestMarshaller = ListAccountsRequestMarshaller.Instance;
569,java,expression_statement,"public static String shortToHex(int value) {StringBuilder sb = new StringBuilder(6);writeHex(sb, value & 0xFFFFL, 4, ""0x"");return sb.toString();}",public static String shortToHex(int value) {StringBuilder sb = new StringBuilder(6);<MASKED>return sb.toString();},"writeHex(sb, value & 0xFFFFL, 4, ""0x"");"
570,java,expression_statement,public DeleteDeploymentResult deleteDeployment(DeleteDeploymentRequest request) {request = beforeClientExecution(request);return executeDeleteDeployment(request);},public DeleteDeploymentResult deleteDeployment(DeleteDeploymentRequest request) {<MASKED>return executeDeleteDeployment(request);},request = beforeClientExecution(request);
571,c#,expression_statement,"public virtual DeleteDeploymentResponse DeleteDeployment(DeleteDeploymentRequest request){var options = new InvokeOptions();options.RequestMarshaller = DeleteDeploymentRequestMarshaller.Instance;options.ResponseUnmarshaller = DeleteDeploymentResponseUnmarshaller.Instance;return Invoke<DeleteDeploymentResponse>(request, options);}","public virtual DeleteDeploymentResponse DeleteDeployment(DeleteDeploymentRequest request){var options = new InvokeOptions();<MASKED>options.ResponseUnmarshaller = DeleteDeploymentResponseUnmarshaller.Instance;return Invoke<DeleteDeploymentResponse>(request, options);}",options.RequestMarshaller = DeleteDeploymentRequestMarshaller.Instance;
572,java,expression_statement,public RejectAssignmentResult rejectAssignment(RejectAssignmentRequest request) {request = beforeClientExecution(request);return executeRejectAssignment(request);},public RejectAssignmentResult rejectAssignment(RejectAssignmentRequest request) {<MASKED>return executeRejectAssignment(request);},request = beforeClientExecution(request);
573,c#,expression_statement,"public virtual RejectAssignmentResponse RejectAssignment(RejectAssignmentRequest request){var options = new InvokeOptions();options.RequestMarshaller = RejectAssignmentRequestMarshaller.Instance;options.ResponseUnmarshaller = RejectAssignmentResponseUnmarshaller.Instance;return Invoke<RejectAssignmentResponse>(request, options);}","public virtual RejectAssignmentResponse RejectAssignment(RejectAssignmentRequest request){var options = new InvokeOptions();<MASKED>options.ResponseUnmarshaller = RejectAssignmentResponseUnmarshaller.Instance;return Invoke<RejectAssignmentResponse>(request, options);}",options.RequestMarshaller = RejectAssignmentRequestMarshaller.Instance;
574,java,expression_statement,public ListNodegroupsResult listNodegroups(ListNodegroupsRequest request) {request = beforeClientExecution(request);return executeListNodegroups(request);},public ListNodegroupsResult listNodegroups(ListNodegroupsRequest request) {<MASKED>return executeListNodegroups(request);},request = beforeClientExecution(request);
575,c#,expression_statement,"public virtual ListNodegroupsResponse ListNodegroups(ListNodegroupsRequest request){var options = new InvokeOptions();options.RequestMarshaller = ListNodegroupsRequestMarshaller.Instance;options.ResponseUnmarshaller = ListNodegroupsResponseUnmarshaller.Instance;return Invoke<ListNodegroupsResponse>(request, options);}","public virtual ListNodegroupsResponse ListNodegroups(ListNodegroupsRequest request){var options = new InvokeOptions();options.RequestMarshaller = ListNodegroupsRequestMarshaller.Instance;<MASKED>return Invoke<ListNodegroupsResponse>(request, options);}",options.ResponseUnmarshaller = ListNodegroupsResponseUnmarshaller.Instance;
576,java,expression_statement,"public void add(int forwardId, int backwardId, int cost) {int offset = (backwardId * forwardSize + forwardId) * 2;costs.putShort(offset, (short) cost);}","public void add(int forwardId, int backwardId, int cost) {int offset = (backwardId * forwardSize + forwardId) * 2;<MASKED>}","costs.putShort(offset, (short) cost);"
577,c#,expression_statement,"public void Add(int forwardId, int backwardId, int cost){this.costs[backwardId][forwardId] = (short)cost;}","public void Add(int forwardId, int backwardId, int cost){<MASKED>}",this.costs[backwardId][forwardId] = (short)cost;
578,java,expression_statement,public DefineExpressionResult defineExpression(DefineExpressionRequest request) {request = beforeClientExecution(request);return executeDefineExpression(request);},public DefineExpressionResult defineExpression(DefineExpressionRequest request) {<MASKED>return executeDefineExpression(request);},request = beforeClientExecution(request);
579,c#,expression_statement,"public virtual DefineExpressionResponse DefineExpression(DefineExpressionRequest request){var options = new InvokeOptions();options.RequestMarshaller = DefineExpressionRequestMarshaller.Instance;options.ResponseUnmarshaller = DefineExpressionResponseUnmarshaller.Instance;return Invoke<DefineExpressionResponse>(request, options);}","public virtual DefineExpressionResponse DefineExpression(DefineExpressionRequest request){var options = new InvokeOptions();options.RequestMarshaller = DefineExpressionRequestMarshaller.Instance;<MASKED>return Invoke<DefineExpressionResponse>(request, options);}",options.ResponseUnmarshaller = DefineExpressionResponseUnmarshaller.Instance;
580,java,expression_statement,public GetGeoLocationResult getGeoLocation(GetGeoLocationRequest request) {request = beforeClientExecution(request);return executeGetGeoLocation(request);},public GetGeoLocationResult getGeoLocation(GetGeoLocationRequest request) {<MASKED>return executeGetGeoLocation(request);},request = beforeClientExecution(request);
581,c#,expression_statement,"public virtual GetGeoLocationResponse GetGeoLocation(GetGeoLocationRequest request){var options = new InvokeOptions();options.RequestMarshaller = GetGeoLocationRequestMarshaller.Instance;options.ResponseUnmarshaller = GetGeoLocationResponseUnmarshaller.Instance;return Invoke<GetGeoLocationResponse>(request, options);}","public virtual GetGeoLocationResponse GetGeoLocation(GetGeoLocationRequest request){var options = new InvokeOptions();options.RequestMarshaller = GetGeoLocationRequestMarshaller.Instance;<MASKED>return Invoke<GetGeoLocationResponse>(request, options);}",options.ResponseUnmarshaller = GetGeoLocationResponseUnmarshaller.Instance;
582,java,expression_statement,public StartWorkspacesResult startWorkspaces(StartWorkspacesRequest request) {request = beforeClientExecution(request);return executeStartWorkspaces(request);},public StartWorkspacesResult startWorkspaces(StartWorkspacesRequest request) {<MASKED>return executeStartWorkspaces(request);},request = beforeClientExecution(request);
583,c#,expression_statement,"public virtual StartWorkspacesResponse StartWorkspaces(StartWorkspacesRequest request){var options = new InvokeOptions();options.RequestMarshaller = StartWorkspacesRequestMarshaller.Instance;options.ResponseUnmarshaller = StartWorkspacesResponseUnmarshaller.Instance;return Invoke<StartWorkspacesResponse>(request, options);}","public virtual StartWorkspacesResponse StartWorkspaces(StartWorkspacesRequest request){var options = new InvokeOptions();<MASKED>options.ResponseUnmarshaller = StartWorkspacesResponseUnmarshaller.Instance;return Invoke<StartWorkspacesResponse>(request, options);}",options.RequestMarshaller = StartWorkspacesRequestMarshaller.Instance;
584,java,expression_statement,public ValidateTemplateResult validateTemplate(ValidateTemplateRequest request) {request = beforeClientExecution(request);return executeValidateTemplate(request);},public ValidateTemplateResult validateTemplate(ValidateTemplateRequest request) {<MASKED>return executeValidateTemplate(request);},request = beforeClientExecution(request);
585,c#,expression_statement,"public virtual ValidateTemplateResponse ValidateTemplate(ValidateTemplateRequest request){var options = new InvokeOptions();options.RequestMarshaller = ValidateTemplateRequestMarshaller.Instance;options.ResponseUnmarshaller = ValidateTemplateResponseUnmarshaller.Instance;return Invoke<ValidateTemplateResponse>(request, options);}","public virtual ValidateTemplateResponse ValidateTemplate(ValidateTemplateRequest request){var options = new InvokeOptions();options.RequestMarshaller = ValidateTemplateRequestMarshaller.Instance;<MASKED>return Invoke<ValidateTemplateResponse>(request, options);}",options.ResponseUnmarshaller = ValidateTemplateResponseUnmarshaller.Instance;
586,java,expression_statement,public RestoreWorkspaceResult restoreWorkspace(RestoreWorkspaceRequest request) {request = beforeClientExecution(request);return executeRestoreWorkspace(request);},public RestoreWorkspaceResult restoreWorkspace(RestoreWorkspaceRequest request) {<MASKED>return executeRestoreWorkspace(request);},request = beforeClientExecution(request);
587,c#,expression_statement,"public virtual RestoreWorkspaceResponse RestoreWorkspace(RestoreWorkspaceRequest request){var options = new InvokeOptions();options.RequestMarshaller = RestoreWorkspaceRequestMarshaller.Instance;options.ResponseUnmarshaller = RestoreWorkspaceResponseUnmarshaller.Instance;return Invoke<RestoreWorkspaceResponse>(request, options);}","public virtual RestoreWorkspaceResponse RestoreWorkspace(RestoreWorkspaceRequest request){var options = new InvokeOptions();<MASKED>options.ResponseUnmarshaller = RestoreWorkspaceResponseUnmarshaller.Instance;return Invoke<RestoreWorkspaceResponse>(request, options);}",options.RequestMarshaller = RestoreWorkspaceRequestMarshaller.Instance;
588,java,expression_statement,public DescribeFindingsResult describeFindings(DescribeFindingsRequest request) {request = beforeClientExecution(request);return executeDescribeFindings(request);},public DescribeFindingsResult describeFindings(DescribeFindingsRequest request) {<MASKED>return executeDescribeFindings(request);},request = beforeClientExecution(request);
589,c#,expression_statement,"public virtual DescribeFindingsResponse DescribeFindings(DescribeFindingsRequest request){var options = new InvokeOptions();options.RequestMarshaller = DescribeFindingsRequestMarshaller.Instance;options.ResponseUnmarshaller = DescribeFindingsResponseUnmarshaller.Instance;return Invoke<DescribeFindingsResponse>(request, options);}","public virtual DescribeFindingsResponse DescribeFindings(DescribeFindingsRequest request){var options = new InvokeOptions();<MASKED>options.ResponseUnmarshaller = DescribeFindingsResponseUnmarshaller.Instance;return Invoke<DescribeFindingsResponse>(request, options);}",options.RequestMarshaller = DescribeFindingsRequestMarshaller.Instance;
590,java,expression_statement,public CreateWorkGroupResult createWorkGroup(CreateWorkGroupRequest request) {request = beforeClientExecution(request);return executeCreateWorkGroup(request);},public CreateWorkGroupResult createWorkGroup(CreateWorkGroupRequest request) {<MASKED>return executeCreateWorkGroup(request);},request = beforeClientExecution(request);
591,c#,expression_statement,"public virtual CreateWorkGroupResponse CreateWorkGroup(CreateWorkGroupRequest request){var options = new InvokeOptions();options.RequestMarshaller = CreateWorkGroupRequestMarshaller.Instance;options.ResponseUnmarshaller = CreateWorkGroupResponseUnmarshaller.Instance;return Invoke<CreateWorkGroupResponse>(request, options);}","public virtual CreateWorkGroupResponse CreateWorkGroup(CreateWorkGroupRequest request){var options = new InvokeOptions();options.RequestMarshaller = CreateWorkGroupRequestMarshaller.Instance;<MASKED>return Invoke<CreateWorkGroupResponse>(request, options);}",options.ResponseUnmarshaller = CreateWorkGroupResponseUnmarshaller.Instance;
592,java,expression_statement,public ClassifyDocumentResult classifyDocument(ClassifyDocumentRequest request) {request = beforeClientExecution(request);return executeClassifyDocument(request);},public ClassifyDocumentResult classifyDocument(ClassifyDocumentRequest request) {<MASKED>return executeClassifyDocument(request);},request = beforeClientExecution(request);
593,c#,expression_statement,"public virtual ClassifyDocumentResponse ClassifyDocument(ClassifyDocumentRequest request){var options = new InvokeOptions();options.RequestMarshaller = ClassifyDocumentRequestMarshaller.Instance;options.ResponseUnmarshaller = ClassifyDocumentResponseUnmarshaller.Instance;return Invoke<ClassifyDocumentResponse>(request, options);}","public virtual ClassifyDocumentResponse ClassifyDocument(ClassifyDocumentRequest request){var options = new InvokeOptions();options.RequestMarshaller = ClassifyDocumentRequestMarshaller.Instance;<MASKED>return Invoke<ClassifyDocumentResponse>(request, options);}",options.ResponseUnmarshaller = ClassifyDocumentResponseUnmarshaller.Instance;
594,java,string_literal,"public ReverseStringFilterFactory(Map<String,String> args) {super(args);if (!args.isEmpty()) {throw new IllegalArgumentException(""Unknown parameters: "" + args);}}","public ReverseStringFilterFactory(Map<String,String> args) {super(args);if (!args.isEmpty()) {throw new IllegalArgumentException(<MASKED> + args);}}","""Unknown parameters: """
595,c#,string_literal,"public ReverseStringFilterFactory(IDictionary<string, string> args) : base(args){AssureMatchVersion();if (args.Count > 0){throw new System.ArgumentException(""Unknown parameters: "" + args);}}","public ReverseStringFilterFactory(IDictionary<string, string> args) : base(args){AssureMatchVersion();if (args.Count > 0){throw new System.ArgumentException(<MASKED> + args);}}","""Unknown parameters: """
596,java,string_literal,"public final String toFormulaString() {throw new RuntimeException(""toFormulaString(String[] operands) should be used for subclasses of OperationPtgs"");}",public final String toFormulaString() {throw new RuntimeException(<MASKED>);},"""toFormulaString(String[] operands) should be used for subclasses of OperationPtgs"""
597,c#,string_literal,"public override String ToFormulaString(){throw new NotImplementedException(""ToFormulaString(String[] operands) should be used for subclasses of OperationPtgs"");}",public override String ToFormulaString(){throw new NotImplementedException(<MASKED>);},"""ToFormulaString(String[] operands) should be used for subclasses of OperationPtgs"""
598,java,expression_statement,public DescribeEndpointResult describeEndpoint(DescribeEndpointRequest request) {request = beforeClientExecution(request);return executeDescribeEndpoint(request);},public DescribeEndpointResult describeEndpoint(DescribeEndpointRequest request) {<MASKED>return executeDescribeEndpoint(request);},request = beforeClientExecution(request);
599,c#,expression_statement,"public virtual DescribeEndpointResponse DescribeEndpoint(DescribeEndpointRequest request){var options = new InvokeOptions();options.RequestMarshaller = DescribeEndpointRequestMarshaller.Instance;options.ResponseUnmarshaller = DescribeEndpointResponseUnmarshaller.Instance;return Invoke<DescribeEndpointResponse>(request, options);}","public virtual DescribeEndpointResponse DescribeEndpoint(DescribeEndpointRequest request){var options = new InvokeOptions();options.RequestMarshaller = DescribeEndpointRequestMarshaller.Instance;<MASKED>return Invoke<DescribeEndpointResponse>(request, options);}",options.ResponseUnmarshaller = DescribeEndpointResponseUnmarshaller.Instance;
600,java,expression_statement,public Run startWorkflowExecution(StartWorkflowExecutionRequest request) {request = beforeClientExecution(request);return executeStartWorkflowExecution(request);},public Run startWorkflowExecution(StartWorkflowExecutionRequest request) {<MASKED>return executeStartWorkflowExecution(request);},request = beforeClientExecution(request);
601,c#,expression_statement,"public virtual StartWorkflowExecutionResponse StartWorkflowExecution(StartWorkflowExecutionRequest request){var options = new InvokeOptions();options.RequestMarshaller = StartWorkflowExecutionRequestMarshaller.Instance;options.ResponseUnmarshaller = StartWorkflowExecutionResponseUnmarshaller.Instance;return Invoke<StartWorkflowExecutionResponse>(request, options);}","public virtual StartWorkflowExecutionResponse StartWorkflowExecution(StartWorkflowExecutionRequest request){var options = new InvokeOptions();options.RequestMarshaller = StartWorkflowExecutionRequestMarshaller.Instance;<MASKED>return Invoke<StartWorkflowExecutionResponse>(request, options);}",options.ResponseUnmarshaller = StartWorkflowExecutionResponseUnmarshaller.Instance;
602,java,expression_statement,"public void setData(byte[] b, int start, int length){thedata = IOUtils.safelyAllocate(length, MAX_RECORD_LENGTH);System.arraycopy(b,start,thedata,0,length);}","public void setData(byte[] b, int start, int length){thedata = IOUtils.safelyAllocate(length, MAX_RECORD_LENGTH);<MASKED>}","System.arraycopy(b,start,thedata,0,length);"
603,c#,expression_statement,"public void SetData(byte[] b, int start, int length){_thedata = new byte[length];Array.Copy(b, start, _thedata, 0, length);}","public void SetData(byte[] b, int start, int length){_thedata = new byte[length];<MASKED>}","Array.Copy(b, start, _thedata, 0, length);"
604,java,expression_statement,public RemoveAttributesResult removeAttributes(RemoveAttributesRequest request) {request = beforeClientExecution(request);return executeRemoveAttributes(request);},public RemoveAttributesResult removeAttributes(RemoveAttributesRequest request) {<MASKED>return executeRemoveAttributes(request);},request = beforeClientExecution(request);
605,c#,expression_statement,"public virtual RemoveAttributesResponse RemoveAttributes(RemoveAttributesRequest request){var options = new InvokeOptions();options.RequestMarshaller = RemoveAttributesRequestMarshaller.Instance;options.ResponseUnmarshaller = RemoveAttributesResponseUnmarshaller.Instance;return Invoke<RemoveAttributesResponse>(request, options);}","public virtual RemoveAttributesResponse RemoveAttributes(RemoveAttributesRequest request){var options = new InvokeOptions();options.RequestMarshaller = RemoveAttributesRequestMarshaller.Instance;<MASKED>return Invoke<RemoveAttributesResponse>(request, options);}",options.ResponseUnmarshaller = RemoveAttributesResponseUnmarshaller.Instance;
606,java,expression_statement,public CreatePublicKeyResult createPublicKey(CreatePublicKeyRequest request) {request = beforeClientExecution(request);return executeCreatePublicKey(request);},public CreatePublicKeyResult createPublicKey(CreatePublicKeyRequest request) {<MASKED>return executeCreatePublicKey(request);},request = beforeClientExecution(request);
607,c#,expression_statement,"public virtual CreatePublicKeyResponse CreatePublicKey(CreatePublicKeyRequest request){var options = new InvokeOptions();options.RequestMarshaller = CreatePublicKeyRequestMarshaller.Instance;options.ResponseUnmarshaller = CreatePublicKeyResponseUnmarshaller.Instance;return Invoke<CreatePublicKeyResponse>(request, options);}","public virtual CreatePublicKeyResponse CreatePublicKey(CreatePublicKeyRequest request){var options = new InvokeOptions();<MASKED>options.ResponseUnmarshaller = CreatePublicKeyResponseUnmarshaller.Instance;return Invoke<CreatePublicKeyResponse>(request, options);}",options.RequestMarshaller = CreatePublicKeyRequestMarshaller.Instance;
608,java,expression_statement,public AttachInstancesResult attachInstances(AttachInstancesRequest request) {request = beforeClientExecution(request);return executeAttachInstances(request);},public AttachInstancesResult attachInstances(AttachInstancesRequest request) {<MASKED>return executeAttachInstances(request);},request = beforeClientExecution(request);
609,c#,expression_statement,"public virtual AttachInstancesResponse AttachInstances(AttachInstancesRequest request){var options = new InvokeOptions();options.RequestMarshaller = AttachInstancesRequestMarshaller.Instance;options.ResponseUnmarshaller = AttachInstancesResponseUnmarshaller.Instance;return Invoke<AttachInstancesResponse>(request, options);}","public virtual AttachInstancesResponse AttachInstances(AttachInstancesRequest request){var options = new InvokeOptions();<MASKED>options.ResponseUnmarshaller = AttachInstancesResponseUnmarshaller.Instance;return Invoke<AttachInstancesResponse>(request, options);}",options.RequestMarshaller = AttachInstancesRequestMarshaller.Instance;
610,java,expression_statement,public UpdateUsagePlanResult updateUsagePlan(UpdateUsagePlanRequest request) {request = beforeClientExecution(request);return executeUpdateUsagePlan(request);},public UpdateUsagePlanResult updateUsagePlan(UpdateUsagePlanRequest request) {<MASKED>return executeUpdateUsagePlan(request);},request = beforeClientExecution(request);
611,c#,expression_statement,"public virtual UpdateUsagePlanResponse UpdateUsagePlan(UpdateUsagePlanRequest request){var options = new InvokeOptions();options.RequestMarshaller = UpdateUsagePlanRequestMarshaller.Instance;options.ResponseUnmarshaller = UpdateUsagePlanResponseUnmarshaller.Instance;return Invoke<UpdateUsagePlanResponse>(request, options);}","public virtual UpdateUsagePlanResponse UpdateUsagePlan(UpdateUsagePlanRequest request){var options = new InvokeOptions();options.RequestMarshaller = UpdateUsagePlanRequestMarshaller.Instance;<MASKED>return Invoke<UpdateUsagePlanResponse>(request, options);}",options.ResponseUnmarshaller = UpdateUsagePlanResponseUnmarshaller.Instance;
612,java,expression_statement,public DeleteDirectoryResult deleteDirectory(DeleteDirectoryRequest request) {request = beforeClientExecution(request);return executeDeleteDirectory(request);},public DeleteDirectoryResult deleteDirectory(DeleteDirectoryRequest request) {<MASKED>return executeDeleteDirectory(request);},request = beforeClientExecution(request);
613,c#,expression_statement,"public virtual DeleteDirectoryResponse DeleteDirectory(DeleteDirectoryRequest request){var options = new InvokeOptions();options.RequestMarshaller = DeleteDirectoryRequestMarshaller.Instance;options.ResponseUnmarshaller = DeleteDirectoryResponseUnmarshaller.Instance;return Invoke<DeleteDirectoryResponse>(request, options);}","public virtual DeleteDirectoryResponse DeleteDirectory(DeleteDirectoryRequest request){var options = new InvokeOptions();options.RequestMarshaller = DeleteDirectoryRequestMarshaller.Instance;<MASKED>return Invoke<DeleteDirectoryResponse>(request, options);}",options.ResponseUnmarshaller = DeleteDirectoryResponseUnmarshaller.Instance;
614,java,expression_statement,"public int find(String key) {int len = key.length();char strkey[] = new char[len + 1];key.getChars(0, len, strkey, 0);strkey[len] = 0;return find(strkey, 0);}","public int find(String key) {int len = key.length();char strkey[] = new char[len + 1];key.getChars(0, len, strkey, 0);<MASKED>return find(strkey, 0);}",strkey[len] = 0;
615,c#,expression_statement,"public virtual int Find(string key){int len = key.Length;char[] strkey = new char[len + 1];key.CopyTo(0, strkey, 0, len - 0);strkey[len] = (char)0;return Find(strkey, 0);}","public virtual int Find(string key){int len = key.Length;char[] strkey = new char[len + 1];<MASKED>strkey[len] = (char)0;return Find(strkey, 0);}","key.CopyTo(0, strkey, 0, len - 0);"
616,java,expression_statement,public GetVoiceTemplateResult getVoiceTemplate(GetVoiceTemplateRequest request) {request = beforeClientExecution(request);return executeGetVoiceTemplate(request);},public GetVoiceTemplateResult getVoiceTemplate(GetVoiceTemplateRequest request) {<MASKED>return executeGetVoiceTemplate(request);},request = beforeClientExecution(request);
617,c#,expression_statement,"public virtual GetVoiceTemplateResponse GetVoiceTemplate(GetVoiceTemplateRequest request){var options = new InvokeOptions();options.RequestMarshaller = GetVoiceTemplateRequestMarshaller.Instance;options.ResponseUnmarshaller = GetVoiceTemplateResponseUnmarshaller.Instance;return Invoke<GetVoiceTemplateResponse>(request, options);}","public virtual GetVoiceTemplateResponse GetVoiceTemplate(GetVoiceTemplateRequest request){var options = new InvokeOptions();<MASKED>options.ResponseUnmarshaller = GetVoiceTemplateResponseUnmarshaller.Instance;return Invoke<GetVoiceTemplateResponse>(request, options);}",options.RequestMarshaller = GetVoiceTemplateRequestMarshaller.Instance;
618,java,expression_statement,public SearchContactsResult searchContacts(SearchContactsRequest request) {request = beforeClientExecution(request);return executeSearchContacts(request);},public SearchContactsResult searchContacts(SearchContactsRequest request) {<MASKED>return executeSearchContacts(request);},request = beforeClientExecution(request);
619,c#,expression_statement,"public virtual SearchContactsResponse SearchContacts(SearchContactsRequest request){var options = new InvokeOptions();options.RequestMarshaller = SearchContactsRequestMarshaller.Instance;options.ResponseUnmarshaller = SearchContactsResponseUnmarshaller.Instance;return Invoke<SearchContactsResponse>(request, options);}","public virtual SearchContactsResponse SearchContacts(SearchContactsRequest request){var options = new InvokeOptions();options.RequestMarshaller = SearchContactsRequestMarshaller.Instance;<MASKED>return Invoke<SearchContactsResponse>(request, options);}",options.ResponseUnmarshaller = SearchContactsResponseUnmarshaller.Instance;
620,java,expression_statement,public UpdateVariableResult updateVariable(UpdateVariableRequest request) {request = beforeClientExecution(request);return executeUpdateVariable(request);},public UpdateVariableResult updateVariable(UpdateVariableRequest request) {<MASKED>return executeUpdateVariable(request);},request = beforeClientExecution(request);
621,c#,expression_statement,"public virtual UpdateVariableResponse UpdateVariable(UpdateVariableRequest request){var options = new InvokeOptions();options.RequestMarshaller = UpdateVariableRequestMarshaller.Instance;options.ResponseUnmarshaller = UpdateVariableResponseUnmarshaller.Instance;return Invoke<UpdateVariableResponse>(request, options);}","public virtual UpdateVariableResponse UpdateVariable(UpdateVariableRequest request){var options = new InvokeOptions();<MASKED>options.ResponseUnmarshaller = UpdateVariableResponseUnmarshaller.Instance;return Invoke<UpdateVariableResponse>(request, options);}",options.RequestMarshaller = UpdateVariableRequestMarshaller.Instance;
622,java,expression_statement,public Snapshot revokeSnapshotAccess(RevokeSnapshotAccessRequest request) {request = beforeClientExecution(request);return executeRevokeSnapshotAccess(request);},public Snapshot revokeSnapshotAccess(RevokeSnapshotAccessRequest request) {<MASKED>return executeRevokeSnapshotAccess(request);},request = beforeClientExecution(request);
623,c#,expression_statement,"public virtual RevokeSnapshotAccessResponse RevokeSnapshotAccess(RevokeSnapshotAccessRequest request){var options = new InvokeOptions();options.RequestMarshaller = RevokeSnapshotAccessRequestMarshaller.Instance;options.ResponseUnmarshaller = RevokeSnapshotAccessResponseUnmarshaller.Instance;return Invoke<RevokeSnapshotAccessResponse>(request, options);}","public virtual RevokeSnapshotAccessResponse RevokeSnapshotAccess(RevokeSnapshotAccessRequest request){var options = new InvokeOptions();options.RequestMarshaller = RevokeSnapshotAccessRequestMarshaller.Instance;<MASKED>return Invoke<RevokeSnapshotAccessResponse>(request, options);}",options.ResponseUnmarshaller = RevokeSnapshotAccessResponseUnmarshaller.Instance;
624,java,expression_statement,public CellRangeAddressList(RecordInputStream in) {this();int nItems = in.readUShort();for (int k = 0; k < nItems; k++) {_list.add(new CellRangeAddress(in));}},public CellRangeAddressList(RecordInputStream in) {this();int nItems = in.readUShort();for (int k = 0; k < nItems; k++) {<MASKED>}},_list.add(new CellRangeAddress(in));
625,c#,expression_statement,public CellRangeAddressList(RecordInputStream in1){int nItems = in1.ReadUShort();_list = new ArrayList(nItems);for (int k = 0; k < nItems; k++){_list.Add(new CellRangeAddress(in1));}},public CellRangeAddressList(RecordInputStream in1){int nItems = in1.ReadUShort();<MASKED>for (int k = 0; k < nItems; k++){_list.Add(new CellRangeAddress(in1));}},_list = new ArrayList(nItems);
626,java,string_literal,"public String toString() {return ""docFreq="" + docFreq + "" totalTermFreq="" + totalTermFreq + "" termBlockOrd="" + termBlockOrd + "" blockFP="" + blockFilePointer;}","public String toString() {return <MASKED> + docFreq + "" totalTermFreq="" + totalTermFreq + "" termBlockOrd="" + termBlockOrd + "" blockFP="" + blockFilePointer;}","""docFreq="""
627,c#,string_literal,"public override string ToString(){return ""docFreq="" + DocFreq + "" totalTermFreq="" + TotalTermFreq + "" termBlockOrd="" + TermBlockOrd + "" blockFP="" + BlockFilePointer;}","public override string ToString(){return ""docFreq="" + DocFreq + "" totalTermFreq="" + TotalTermFreq + <MASKED> + TermBlockOrd + "" blockFP="" + BlockFilePointer;}",""" termBlockOrd="""
628,java,expression_statement,public RequestSpotFleetResult requestSpotFleet(RequestSpotFleetRequest request) {request = beforeClientExecution(request);return executeRequestSpotFleet(request);},public RequestSpotFleetResult requestSpotFleet(RequestSpotFleetRequest request) {<MASKED>return executeRequestSpotFleet(request);},request = beforeClientExecution(request);
629,c#,expression_statement,"public virtual RequestSpotFleetResponse RequestSpotFleet(RequestSpotFleetRequest request){var options = new InvokeOptions();options.RequestMarshaller = RequestSpotFleetRequestMarshaller.Instance;options.ResponseUnmarshaller = RequestSpotFleetResponseUnmarshaller.Instance;return Invoke<RequestSpotFleetResponse>(request, options);}","public virtual RequestSpotFleetResponse RequestSpotFleet(RequestSpotFleetRequest request){var options = new InvokeOptions();options.RequestMarshaller = RequestSpotFleetRequestMarshaller.Instance;<MASKED>return Invoke<RequestSpotFleetResponse>(request, options);}",options.ResponseUnmarshaller = RequestSpotFleetResponseUnmarshaller.Instance;
630,java,expression_statement,public CreateRepositoryResult createRepository(CreateRepositoryRequest request) {request = beforeClientExecution(request);return executeCreateRepository(request);},public CreateRepositoryResult createRepository(CreateRepositoryRequest request) {<MASKED>return executeCreateRepository(request);},request = beforeClientExecution(request);
631,c#,expression_statement,"public virtual CreateRepositoryResponse CreateRepository(CreateRepositoryRequest request){var options = new InvokeOptions();options.RequestMarshaller = CreateRepositoryRequestMarshaller.Instance;options.ResponseUnmarshaller = CreateRepositoryResponseUnmarshaller.Instance;return Invoke<CreateRepositoryResponse>(request, options);}","public virtual CreateRepositoryResponse CreateRepository(CreateRepositoryRequest request){var options = new InvokeOptions();options.RequestMarshaller = CreateRepositoryRequestMarshaller.Instance;<MASKED>return Invoke<CreateRepositoryResponse>(request, options);}",options.ResponseUnmarshaller = CreateRepositoryResponseUnmarshaller.Instance;
632,java,expression_statement,"public void reset(int[] docs, int[] freqs) {this.docs = docs;this.freqs = freqs;if (freqs != null && tmpFreqs == null) {tmpFreqs = new int[tmpDocs.length];}}","public void reset(int[] docs, int[] freqs) {this.docs = docs;this.freqs = freqs;if (freqs != null && tmpFreqs == null) {<MASKED>}}",tmpFreqs = new int[tmpDocs.length];
633,c#,expression_statement,"public void Reset(int[] docs, int[] freqs){this.docs = docs;this.freqs = freqs;if (freqs != null && tmpFreqs == null){tmpFreqs = new int[tmpDocs.Length];}}","public void Reset(int[] docs, int[] freqs){this.docs = docs;this.freqs = freqs;if (freqs != null && tmpFreqs == null){<MASKED>}}",tmpFreqs = new int[tmpDocs.Length];
634,java,string_literal,"public int addSSTString(UnicodeString string) {LOG.log(DEBUG, ""insert to sst string='"", string);if (sst == null) {insertSST();}return sst.addString(string);}","public int addSSTString(UnicodeString string) {LOG.log(DEBUG, <MASKED>, string);if (sst == null) {insertSST();}return sst.addString(string);}","""insert to sst string='"""
635,c#,expression_statement,public int AddSSTString(UnicodeString str){if (sst == null){InsertSST();}return sst.AddString(str);},public int AddSSTString(UnicodeString str){if (sst == null){<MASKED>}return sst.AddString(str);},InsertSST();
636,java,expression_statement,"public UpdateTableRequest(String tableName, ProvisionedThroughput provisionedThroughput) {setTableName(tableName);setProvisionedThroughput(provisionedThroughput);}","public UpdateTableRequest(String tableName, ProvisionedThroughput provisionedThroughput) {setTableName(tableName);<MASKED>}",setProvisionedThroughput(provisionedThroughput);
637,c#,expression_statement,"public UpdateTableRequest(string tableName, ProvisionedThroughput provisionedThroughput){_tableName = tableName;_provisionedThroughput = provisionedThroughput;}","public UpdateTableRequest(string tableName, ProvisionedThroughput provisionedThroughput){_tableName = tableName;<MASKED>}",_provisionedThroughput = provisionedThroughput;
638,java,expression_statement,public SerializationHandleMap() {this.size = 0;this.threshold = 21; int arraySize = (int) (((long) threshold * 10000) / LOAD_FACTOR);resizeArrays(arraySize);},public SerializationHandleMap() {this.size = 0;this.threshold = 21; int arraySize = (int) (((long) threshold * 10000) / LOAD_FACTOR);<MASKED>},resizeArrays(arraySize);
639,c#,expression_statement,public SerializationHandleMap(){this.size = 0;this.threshold = 21;int arraySize = (int)(((long)threshold * 10000) / LOAD_FACTOR);resizeArrays(arraySize);},public SerializationHandleMap(){this.size = 0;this.threshold = 21;int arraySize = (int)(((long)threshold * 10000) / LOAD_FACTOR);<MASKED>},resizeArrays(arraySize);
640,java,expression_statement,public ListProfileTimesResult listProfileTimes(ListProfileTimesRequest request) {request = beforeClientExecution(request);return executeListProfileTimes(request);},public ListProfileTimesResult listProfileTimes(ListProfileTimesRequest request) {<MASKED>return executeListProfileTimes(request);},request = beforeClientExecution(request);
641,c#,expression_statement,"public virtual ListProfileTimesResponse ListProfileTimes(ListProfileTimesRequest request){var options = new InvokeOptions();options.RequestMarshaller = ListProfileTimesRequestMarshaller.Instance;options.ResponseUnmarshaller = ListProfileTimesResponseUnmarshaller.Instance;return Invoke<ListProfileTimesResponse>(request, options);}","public virtual ListProfileTimesResponse ListProfileTimes(ListProfileTimesRequest request){var options = new InvokeOptions();options.RequestMarshaller = ListProfileTimesRequestMarshaller.Instance;<MASKED>return Invoke<ListProfileTimesResponse>(request, options);}",options.ResponseUnmarshaller = ListProfileTimesResponseUnmarshaller.Instance;
642,java,expression_statement,public ListInvitationsResult listInvitations(ListInvitationsRequest request) {request = beforeClientExecution(request);return executeListInvitations(request);},public ListInvitationsResult listInvitations(ListInvitationsRequest request) {<MASKED>return executeListInvitations(request);},request = beforeClientExecution(request);
643,c#,expression_statement,"public virtual ListInvitationsResponse ListInvitations(ListInvitationsRequest request){var options = new InvokeOptions();options.RequestMarshaller = ListInvitationsRequestMarshaller.Instance;options.ResponseUnmarshaller = ListInvitationsResponseUnmarshaller.Instance;return Invoke<ListInvitationsResponse>(request, options);}","public virtual ListInvitationsResponse ListInvitations(ListInvitationsRequest request){var options = new InvokeOptions();options.RequestMarshaller = ListInvitationsRequestMarshaller.Instance;<MASKED>return Invoke<ListInvitationsResponse>(request, options);}",options.ResponseUnmarshaller = ListInvitationsResponseUnmarshaller.Instance;
644,java,expression_statement,public DeleteRepositoryResult deleteRepository(DeleteRepositoryRequest request) {request = beforeClientExecution(request);return executeDeleteRepository(request);},public DeleteRepositoryResult deleteRepository(DeleteRepositoryRequest request) {<MASKED>return executeDeleteRepository(request);},request = beforeClientExecution(request);
645,c#,expression_statement,"public virtual DeleteRepositoryResponse DeleteRepository(DeleteRepositoryRequest request){var options = new InvokeOptions();options.RequestMarshaller = DeleteRepositoryRequestMarshaller.Instance;options.ResponseUnmarshaller = DeleteRepositoryResponseUnmarshaller.Instance;return Invoke<DeleteRepositoryResponse>(request, options);}","public virtual DeleteRepositoryResponse DeleteRepository(DeleteRepositoryRequest request){var options = new InvokeOptions();options.RequestMarshaller = DeleteRepositoryRequestMarshaller.Instance;<MASKED>return Invoke<DeleteRepositoryResponse>(request, options);}",options.ResponseUnmarshaller = DeleteRepositoryResponseUnmarshaller.Instance;
646,java,expression_statement,public GetUserSettingsResult getUserSettings(GetUserSettingsRequest request) {request = beforeClientExecution(request);return executeGetUserSettings(request);},public GetUserSettingsResult getUserSettings(GetUserSettingsRequest request) {<MASKED>return executeGetUserSettings(request);},request = beforeClientExecution(request);
647,c#,expression_statement,"public virtual GetUserSettingsResponse GetUserSettings(GetUserSettingsRequest request){var options = new InvokeOptions();options.RequestMarshaller = GetUserSettingsRequestMarshaller.Instance;options.ResponseUnmarshaller = GetUserSettingsResponseUnmarshaller.Instance;return Invoke<GetUserSettingsResponse>(request, options);}","public virtual GetUserSettingsResponse GetUserSettings(GetUserSettingsRequest request){var options = new InvokeOptions();<MASKED>options.ResponseUnmarshaller = GetUserSettingsResponseUnmarshaller.Instance;return Invoke<GetUserSettingsResponse>(request, options);}",options.RequestMarshaller = GetUserSettingsRequestMarshaller.Instance;
648,java,expression_statement,public GetInvalidationResult getInvalidation(GetInvalidationRequest request) {request = beforeClientExecution(request);return executeGetInvalidation(request);},public GetInvalidationResult getInvalidation(GetInvalidationRequest request) {<MASKED>return executeGetInvalidation(request);},request = beforeClientExecution(request);
649,c#,expression_statement,"public virtual GetInvalidationResponse GetInvalidation(GetInvalidationRequest request){var options = new InvokeOptions();options.RequestMarshaller = GetInvalidationRequestMarshaller.Instance;options.ResponseUnmarshaller = GetInvalidationResponseUnmarshaller.Instance;return Invoke<GetInvalidationResponse>(request, options);}","public virtual GetInvalidationResponse GetInvalidation(GetInvalidationRequest request){var options = new InvokeOptions();options.RequestMarshaller = GetInvalidationRequestMarshaller.Instance;<MASKED>return Invoke<GetInvalidationResponse>(request, options);}",options.ResponseUnmarshaller = GetInvalidationResponseUnmarshaller.Instance;
650,java,expression_statement,public String toString() {final int n = length();final StringBuilder b = new StringBuilder(n);for (int i = 0; i < n; i++)b.append(charAt(i));return b.toString();},public String toString() {final int n = length();final StringBuilder b = new StringBuilder(n);for (int i = 0; i < n; i++)<MASKED>return b.toString();},b.append(charAt(i));
651,c#,expression_statement,public override string ToString(){int n = Length;StringBuilder b = new StringBuilder(n);for (int i = 0; i < n; i++){b.Append(CharAt (i));}return b.ToString();},public override string ToString(){int n = Length;StringBuilder b = new StringBuilder(n);for (int i = 0; i < n; i++){<MASKED>}return b.ToString();},b.Append(CharAt (i));
652,java,expression_statement,public void deprecateWorkflowType(DeprecateWorkflowTypeRequest request) {request = beforeClientExecution(request);executeDeprecateWorkflowType(request);},public void deprecateWorkflowType(DeprecateWorkflowTypeRequest request) {<MASKED>executeDeprecateWorkflowType(request);},request = beforeClientExecution(request);
653,c#,expression_statement,"public virtual DeprecateWorkflowTypeResponse DeprecateWorkflowType(DeprecateWorkflowTypeRequest request){var options = new InvokeOptions();options.RequestMarshaller = DeprecateWorkflowTypeRequestMarshaller.Instance;options.ResponseUnmarshaller = DeprecateWorkflowTypeResponseUnmarshaller.Instance;return Invoke<DeprecateWorkflowTypeResponse>(request, options);}","public virtual DeprecateWorkflowTypeResponse DeprecateWorkflowType(DeprecateWorkflowTypeRequest request){var options = new InvokeOptions();<MASKED>options.ResponseUnmarshaller = DeprecateWorkflowTypeResponseUnmarshaller.Instance;return Invoke<DeprecateWorkflowTypeResponse>(request, options);}",options.RequestMarshaller = DeprecateWorkflowTypeRequestMarshaller.Instance;
654,java,expression_statement,public CreateFlowLogsResult createFlowLogs(CreateFlowLogsRequest request) {request = beforeClientExecution(request);return executeCreateFlowLogs(request);},public CreateFlowLogsResult createFlowLogs(CreateFlowLogsRequest request) {<MASKED>return executeCreateFlowLogs(request);},request = beforeClientExecution(request);
655,c#,expression_statement,"public virtual CreateFlowLogsResponse CreateFlowLogs(CreateFlowLogsRequest request){var options = new InvokeOptions();options.RequestMarshaller = CreateFlowLogsRequestMarshaller.Instance;options.ResponseUnmarshaller = CreateFlowLogsResponseUnmarshaller.Instance;return Invoke<CreateFlowLogsResponse>(request, options);}","public virtual CreateFlowLogsResponse CreateFlowLogs(CreateFlowLogsRequest request){var options = new InvokeOptions();options.RequestMarshaller = CreateFlowLogsRequestMarshaller.Instance;<MASKED>return Invoke<CreateFlowLogsResponse>(request, options);}",options.ResponseUnmarshaller = CreateFlowLogsResponseUnmarshaller.Instance;
656,java,expression_statement,public UpdateGameServerResult updateGameServer(UpdateGameServerRequest request) {request = beforeClientExecution(request);return executeUpdateGameServer(request);},public UpdateGameServerResult updateGameServer(UpdateGameServerRequest request) {<MASKED>return executeUpdateGameServer(request);},request = beforeClientExecution(request);
657,c#,expression_statement,"public virtual UpdateGameServerResponse UpdateGameServer(UpdateGameServerRequest request){var options = new InvokeOptions();options.RequestMarshaller = UpdateGameServerRequestMarshaller.Instance;options.ResponseUnmarshaller = UpdateGameServerResponseUnmarshaller.Instance;return Invoke<UpdateGameServerResponse>(request, options);}","public virtual UpdateGameServerResponse UpdateGameServer(UpdateGameServerRequest request){var options = new InvokeOptions();<MASKED>options.ResponseUnmarshaller = UpdateGameServerResponseUnmarshaller.Instance;return Invoke<UpdateGameServerResponse>(request, options);}",options.RequestMarshaller = UpdateGameServerRequestMarshaller.Instance;
658,java,expression_statement,"public CharArrayIterator clone() {CharArrayIterator clone = new CharArrayIterator();clone.setText(array, start, length);clone.index = index;return clone;}",public CharArrayIterator clone() {CharArrayIterator clone = new CharArrayIterator();<MASKED>clone.index = index;return clone;},"clone.setText(array, start, length);"
659,c#,expression_statement,"public override object Clone(){CharArrayIterator clone = new CharArrayIterator();clone.SetText(array, start, length);clone.index = index;return clone;}","public override object Clone(){CharArrayIterator clone = new CharArrayIterator();clone.SetText(array, start, length);<MASKED>return clone;}",clone.index = index;
660,java,expression_statement,public DeleteApplicationResult deleteApplication(DeleteApplicationRequest request) {request = beforeClientExecution(request);return executeDeleteApplication(request);},public DeleteApplicationResult deleteApplication(DeleteApplicationRequest request) {<MASKED>return executeDeleteApplication(request);},request = beforeClientExecution(request);
661,c#,expression_statement,"public virtual DeleteApplicationResponse DeleteApplication(DeleteApplicationRequest request){var options = new InvokeOptions();options.RequestMarshaller = DeleteApplicationRequestMarshaller.Instance;options.ResponseUnmarshaller = DeleteApplicationResponseUnmarshaller.Instance;return Invoke<DeleteApplicationResponse>(request, options);}","public virtual DeleteApplicationResponse DeleteApplication(DeleteApplicationRequest request){var options = new InvokeOptions();options.RequestMarshaller = DeleteApplicationRequestMarshaller.Instance;<MASKED>return Invoke<DeleteApplicationResponse>(request, options);}",options.ResponseUnmarshaller = DeleteApplicationResponseUnmarshaller.Instance;
662,java,expression_statement,public CreateIntegrationResult createIntegration(CreateIntegrationRequest request) {request = beforeClientExecution(request);return executeCreateIntegration(request);},public CreateIntegrationResult createIntegration(CreateIntegrationRequest request) {<MASKED>return executeCreateIntegration(request);},request = beforeClientExecution(request);
663,c#,expression_statement,"public virtual CreateIntegrationResponse CreateIntegration(CreateIntegrationRequest request){var options = new InvokeOptions();options.RequestMarshaller = CreateIntegrationRequestMarshaller.Instance;options.ResponseUnmarshaller = CreateIntegrationResponseUnmarshaller.Instance;return Invoke<CreateIntegrationResponse>(request, options);}","public virtual CreateIntegrationResponse CreateIntegration(CreateIntegrationRequest request){var options = new InvokeOptions();options.RequestMarshaller = CreateIntegrationRequestMarshaller.Instance;<MASKED>return Invoke<CreateIntegrationResponse>(request, options);}",options.ResponseUnmarshaller = CreateIntegrationResponseUnmarshaller.Instance;
664,java,expression_statement,"public RussianLightStemFilterFactory(Map<String,String> args) {super(args);if (!args.isEmpty()) {throw new IllegalArgumentException(""Unknown parameters: "" + args);}}","public RussianLightStemFilterFactory(Map<String,String> args) {super<MASKED>if (!args.isEmpty()) {throw new IllegalArgumentException(""Unknown parameters: "" + args);}}",(args);
665,c#,string_literal,"public RussianLightStemFilterFactory(IDictionary<string, string> args): base(args){if (args.Count > 0){throw new System.ArgumentException(""Unknown parameters: "" + args);}}","public RussianLightStemFilterFactory(IDictionary<string, string> args): base(args){if (args.Count > 0){throw new System.ArgumentException(<MASKED> + args);}}","""Unknown parameters: """
666,java,expression_statement,"public void setCoordinates(int x1, int y1, int x2, int y2) {_spgrRecord.setRectY1(y1);_spgrRecord.setRectY2(y2);_spgrRecord.setRectX1(x1);_spgrRecord.setRectX2(x2);}","public void setCoordinates(int x1, int y1, int x2, int y2) {_spgrRecord.setRectY1(y1);_spgrRecord.setRectY2(y2);<MASKED>_spgrRecord.setRectX2(x2);}",_spgrRecord.setRectX1(x1);
667,c#,expression_statement,"public void SetCoordinates(int x1, int y1, int x2, int y2){_spgrRecord.RectY1 = (y1);_spgrRecord.RectY2 = (y2);_spgrRecord.RectX1 = (x1);_spgrRecord.RectX2 = (x2);}","public void SetCoordinates(int x1, int y1, int x2, int y2){<MASKED>_spgrRecord.RectY2 = (y2);_spgrRecord.RectX1 = (x1);_spgrRecord.RectX2 = (x2);}",_spgrRecord.RectY1 = (y1);
668,java,expression_statement,final public Token getNextToken() {if (token.next != null) token = token.next;else token = token.next = token_source.getNextToken();jj_ntk = -1;jj_gen++;return token;},final public Token getNextToken() {if (token.next != null) <MASKED>else token = token.next = token_source.getNextToken();jj_ntk = -1;jj_gen++;return token;},token = token.next;
669,c#,expression_statement,public Token GetNextToken(){if (Token.Next != null) Token = Token.Next;else Token = Token.Next = TokenSource.GetNextToken();jj_ntk = -1;jj_gen++;return Token;},public Token GetNextToken(){if (Token.Next != null) Token = Token.Next;else Token = Token.Next = TokenSource.GetNextToken();<MASKED>jj_gen++;return Token;},jj_ntk = -1;
670,java,expression_statement,public DeleteAutoSnapshotResult deleteAutoSnapshot(DeleteAutoSnapshotRequest request) {request = beforeClientExecution(request);return executeDeleteAutoSnapshot(request);},public DeleteAutoSnapshotResult deleteAutoSnapshot(DeleteAutoSnapshotRequest request) {<MASKED>return executeDeleteAutoSnapshot(request);},request = beforeClientExecution(request);
671,c#,expression_statement,"public virtual DeleteAutoSnapshotResponse DeleteAutoSnapshot(DeleteAutoSnapshotRequest request){var options = new InvokeOptions();options.RequestMarshaller = DeleteAutoSnapshotRequestMarshaller.Instance;options.ResponseUnmarshaller = DeleteAutoSnapshotResponseUnmarshaller.Instance;return Invoke<DeleteAutoSnapshotResponse>(request, options);}","public virtual DeleteAutoSnapshotResponse DeleteAutoSnapshot(DeleteAutoSnapshotRequest request){var options = new InvokeOptions();options.RequestMarshaller = DeleteAutoSnapshotRequestMarshaller.Instance;<MASKED>return Invoke<DeleteAutoSnapshotResponse>(request, options);}",options.ResponseUnmarshaller = DeleteAutoSnapshotResponseUnmarshaller.Instance;
672,java,expression_statement,"public InputMismatchException(Parser recognizer) {super(recognizer, recognizer.getInputStream(), recognizer._ctx);this.setOffendingToken(recognizer.getCurrentToken());}",public InputMismatchException(Parser recognizer) {super<MASKED>this.setOffendingToken(recognizer.getCurrentToken());},"(recognizer, recognizer.getInputStream(), recognizer._ctx);"
673,c#,expression_statement,"public InputMismatchException(Parser recognizer): base(recognizer, ((ITokenStream)recognizer.InputStream), recognizer.RuleContext){this.OffendingToken = recognizer.CurrentToken;}","public InputMismatchException(Parser recognizer): base(recognizer, ((ITokenStream)recognizer.InputStream), recognizer.RuleContext){<MASKED>}",this.OffendingToken = recognizer.CurrentToken;
674,java,expression_statement,public DeleteReceiptRuleResult deleteReceiptRule(DeleteReceiptRuleRequest request) {request = beforeClientExecution(request);return executeDeleteReceiptRule(request);},public DeleteReceiptRuleResult deleteReceiptRule(DeleteReceiptRuleRequest request) {<MASKED>return executeDeleteReceiptRule(request);},request = beforeClientExecution(request);
675,c#,expression_statement,"public virtual DeleteReceiptRuleResponse DeleteReceiptRule(DeleteReceiptRuleRequest request){var options = new InvokeOptions();options.RequestMarshaller = DeleteReceiptRuleRequestMarshaller.Instance;options.ResponseUnmarshaller = DeleteReceiptRuleResponseUnmarshaller.Instance;return Invoke<DeleteReceiptRuleResponse>(request, options);}","public virtual DeleteReceiptRuleResponse DeleteReceiptRule(DeleteReceiptRuleRequest request){var options = new InvokeOptions();options.RequestMarshaller = DeleteReceiptRuleRequestMarshaller.Instance;<MASKED>return Invoke<DeleteReceiptRuleResponse>(request, options);}",options.ResponseUnmarshaller = DeleteReceiptRuleResponseUnmarshaller.Instance;
676,java,string_literal,"public EnglishPossessiveFilterFactory(Map<String,String> args) {super(args);if (!args.isEmpty()) {throw new IllegalArgumentException(""Unknown parameters: "" + args);}}","public EnglishPossessiveFilterFactory(Map<String,String> args) {super(args);if (!args.isEmpty()) {throw new IllegalArgumentException(<MASKED> + args);}}","""Unknown parameters: """
677,c#,string_literal,"public EnglishPossessiveFilterFactory(IDictionary<string, string> args) : base(args){AssureMatchVersion();if (args.Count > 0){throw new System.ArgumentException(""Unknown parameters: "" + args);}}","public EnglishPossessiveFilterFactory(IDictionary<string, string> args) : base(args){AssureMatchVersion();if (args.Count > 0){throw new System.ArgumentException(<MASKED> + args);}}","""Unknown parameters: """
678,java,expression_statement,"public void setCmd(Character way, int cmd) {Cell c = at(way);if (c == null) {c = new Cell();c.cmd = cmd;cells.put(way, c);} else {c.cmd = cmd;}c.cnt = (cmd >= 0) ? 1 : 0;}","public void setCmd(Character way, int cmd) {Cell c = at(way);if (c == null) {c = new Cell();c.cmd = cmd;<MASKED>} else {c.cmd = cmd;}c.cnt = (cmd >= 0) ? 1 : 0;}","cells.put(way, c);"
679,c#,expression_statement,"public void SetCmd(char way, int cmd){Cell c = At(way);if (c == null){c = new Cell();c.cmd = cmd;cells[way] = c;}else{c.cmd = cmd;}c.cnt = (cmd >= 0) ? 1 : 0;}","public void SetCmd(char way, int cmd){Cell c = At(way);if (c == null){c = new Cell();<MASKED>cells[way] = c;}else{c.cmd = cmd;}c.cnt = (cmd >= 0) ? 1 : 0;}",c.cmd = cmd;
680,java,expression_statement,"public HindiNormalizationFilterFactory(Map<String,String> args) {super(args);if (!args.isEmpty()) {throw new IllegalArgumentException(""Unknown parameters: "" + args);}}","public HindiNormalizationFilterFactory(Map<String,String> args) {super<MASKED>if (!args.isEmpty()) {throw new IllegalArgumentException(""Unknown parameters: "" + args);}}",(args);
681,c#,string_literal,"public HindiNormalizationFilterFactory(IDictionary<string, string> args): base(args){if (args.Count > 0){throw new System.ArgumentException(""Unknown parameters: "" + args);}}","public HindiNormalizationFilterFactory(IDictionary<string, string> args): base(args){if (args.Count > 0){throw new System.ArgumentException(<MASKED> + args);}}","""Unknown parameters: """
682,java,expression_statement,public DeleteVpcEndpointsResult deleteVpcEndpoints(DeleteVpcEndpointsRequest request) {request = beforeClientExecution(request);return executeDeleteVpcEndpoints(request);},public DeleteVpcEndpointsResult deleteVpcEndpoints(DeleteVpcEndpointsRequest request) {<MASKED>return executeDeleteVpcEndpoints(request);},request = beforeClientExecution(request);
683,c#,expression_statement,"public virtual DeleteVpcEndpointsResponse DeleteVpcEndpoints(DeleteVpcEndpointsRequest request){var options = new InvokeOptions();options.RequestMarshaller = DeleteVpcEndpointsRequestMarshaller.Instance;options.ResponseUnmarshaller = DeleteVpcEndpointsResponseUnmarshaller.Instance;return Invoke<DeleteVpcEndpointsResponse>(request, options);}","public virtual DeleteVpcEndpointsResponse DeleteVpcEndpoints(DeleteVpcEndpointsRequest request){var options = new InvokeOptions();<MASKED>options.ResponseUnmarshaller = DeleteVpcEndpointsResponseUnmarshaller.Instance;return Invoke<DeleteVpcEndpointsResponse>(request, options);}",options.RequestMarshaller = DeleteVpcEndpointsRequestMarshaller.Instance;
684,java,expression_statement,"public GalicianMinimalStemFilterFactory(Map<String,String> args) {super(args);if (!args.isEmpty()) {throw new IllegalArgumentException(""Unknown parameters: "" + args);}}","public GalicianMinimalStemFilterFactory(Map<String,String> args) {super<MASKED>if (!args.isEmpty()) {throw new IllegalArgumentException(""Unknown parameters: "" + args);}}",(args);
685,c#,string_literal,"public GalicianMinimalStemFilterFactory(IDictionary<string, string> args) : base(args){if (args.Count > 0){throw new System.ArgumentException(""Unknown parameters: "" + args);}}","public GalicianMinimalStemFilterFactory(IDictionary<string, string> args) : base(args){if (args.Count > 0){throw new System.ArgumentException(<MASKED> + args);}}","""Unknown parameters: """
686,java,expression_statement,"public CreateInvalidationRequest(String distributionId, InvalidationBatch invalidationBatch) {setDistributionId(distributionId);setInvalidationBatch(invalidationBatch);}","public CreateInvalidationRequest(String distributionId, InvalidationBatch invalidationBatch) {setDistributionId(distributionId);<MASKED>}",setInvalidationBatch(invalidationBatch);
687,c#,expression_statement,"public CreateInvalidationRequest(string distributionId, InvalidationBatch invalidationBatch){_distributionId = distributionId;_invalidationBatch = invalidationBatch;}","public CreateInvalidationRequest(string distributionId, InvalidationBatch invalidationBatch){<MASKED>_invalidationBatch = invalidationBatch;}",_distributionId = distributionId;
688,java,expression_statement,"public FilteredDocIdSetIterator(DocIdSetIterator innerIter) {if (innerIter == null) {throw new IllegalArgumentException(""null iterator"");}_innerIter = innerIter;doc = -1;}","public FilteredDocIdSetIterator(DocIdSetIterator innerIter) {if (innerIter == null) {throw new IllegalArgumentException(""null iterator"");}_innerIter = innerIter;<MASKED>}",doc = -1;
689,c#,expression_statement,"public FilteredDocIdSetIterator(DocIdSetIterator innerIter){if (innerIter == null){throw new System.ArgumentException(""null iterator"");}m_innerIter = innerIter;doc = -1;}","public FilteredDocIdSetIterator(DocIdSetIterator innerIter){if (innerIter == null){throw new System.ArgumentException(""null iterator"");}m_innerIter = innerIter;<MASKED>}",doc = -1;
690,java,expression_statement,public DescribeLocationsResult describeLocations(DescribeLocationsRequest request) {request = beforeClientExecution(request);return executeDescribeLocations(request);},public DescribeLocationsResult describeLocations(DescribeLocationsRequest request) {<MASKED>return executeDescribeLocations(request);},request = beforeClientExecution(request);
691,c#,expression_statement,"public virtual DescribeLocationsResponse DescribeLocations(DescribeLocationsRequest request){var options = new InvokeOptions();options.RequestMarshaller = DescribeLocationsRequestMarshaller.Instance;options.ResponseUnmarshaller = DescribeLocationsResponseUnmarshaller.Instance;return Invoke<DescribeLocationsResponse>(request, options);}","public virtual DescribeLocationsResponse DescribeLocations(DescribeLocationsRequest request){var options = new InvokeOptions();<MASKED>options.ResponseUnmarshaller = DescribeLocationsResponseUnmarshaller.Instance;return Invoke<DescribeLocationsResponse>(request, options);}",options.RequestMarshaller = DescribeLocationsRequestMarshaller.Instance;
692,java,expression_statement,public static String stripSegmentName(String filename) {int idx = indexOfSegmentName(filename);if (idx != -1) {filename = filename.substring(idx);}return filename;},public static String stripSegmentName(String filename) {int idx = indexOfSegmentName(filename);if (idx != -1) {<MASKED>}return filename;},filename = filename.substring(idx);
693,c#,expression_statement,public static string StripSegmentName(string filename){int idx = IndexOfSegmentName(filename);if (idx != -1){filename = filename.Substring(idx);}return filename;},public static string StripSegmentName(string filename){int idx = IndexOfSegmentName(filename);if (idx != -1){<MASKED>}return filename;},filename = filename.Substring(idx);
694,java,expression_statement,public DeleteMessageBatchResult deleteMessageBatch(DeleteMessageBatchRequest request) {request = beforeClientExecution(request);return executeDeleteMessageBatch(request);},public DeleteMessageBatchResult deleteMessageBatch(DeleteMessageBatchRequest request) {<MASKED>return executeDeleteMessageBatch(request);},request = beforeClientExecution(request);
695,c#,expression_statement,"public virtual DeleteMessageBatchResponse DeleteMessageBatch(DeleteMessageBatchRequest request){var options = new InvokeOptions();options.RequestMarshaller = DeleteMessageBatchRequestMarshaller.Instance;options.ResponseUnmarshaller = DeleteMessageBatchResponseUnmarshaller.Instance;return Invoke<DeleteMessageBatchResponse>(request, options);}","public virtual DeleteMessageBatchResponse DeleteMessageBatch(DeleteMessageBatchRequest request){var options = new InvokeOptions();<MASKED>options.ResponseUnmarshaller = DeleteMessageBatchResponseUnmarshaller.Instance;return Invoke<DeleteMessageBatchResponse>(request, options);}",options.RequestMarshaller = DeleteMessageBatchRequestMarshaller.Instance;
696,java,expression_statement,public CreateIdentityPoolResult createIdentityPool(CreateIdentityPoolRequest request) {request = beforeClientExecution(request);return executeCreateIdentityPool(request);},public CreateIdentityPoolResult createIdentityPool(CreateIdentityPoolRequest request) {<MASKED>return executeCreateIdentityPool(request);},request = beforeClientExecution(request);
697,c#,expression_statement,"public virtual CreateIdentityPoolResponse CreateIdentityPool(CreateIdentityPoolRequest request){var options = new InvokeOptions();options.RequestMarshaller = CreateIdentityPoolRequestMarshaller.Instance;options.ResponseUnmarshaller = CreateIdentityPoolResponseUnmarshaller.Instance;return Invoke<CreateIdentityPoolResponse>(request, options);}","public virtual CreateIdentityPoolResponse CreateIdentityPool(CreateIdentityPoolRequest request){var options = new InvokeOptions();options.RequestMarshaller = CreateIdentityPoolRequestMarshaller.Instance;<MASKED>return Invoke<CreateIdentityPoolResponse>(request, options);}",options.ResponseUnmarshaller = CreateIdentityPoolResponseUnmarshaller.Instance;
698,java,expression_statement,public GetSolutionMetricsResult getSolutionMetrics(GetSolutionMetricsRequest request) {request = beforeClientExecution(request);return executeGetSolutionMetrics(request);},public GetSolutionMetricsResult getSolutionMetrics(GetSolutionMetricsRequest request) {<MASKED>return executeGetSolutionMetrics(request);},request = beforeClientExecution(request);
699,c#,expression_statement,"public virtual GetSolutionMetricsResponse GetSolutionMetrics(GetSolutionMetricsRequest request){var options = new InvokeOptions();options.RequestMarshaller = GetSolutionMetricsRequestMarshaller.Instance;options.ResponseUnmarshaller = GetSolutionMetricsResponseUnmarshaller.Instance;return Invoke<GetSolutionMetricsResponse>(request, options);}","public virtual GetSolutionMetricsResponse GetSolutionMetrics(GetSolutionMetricsRequest request){var options = new InvokeOptions();options.RequestMarshaller = GetSolutionMetricsRequestMarshaller.Instance;<MASKED>return Invoke<GetSolutionMetricsResponse>(request, options);}",options.ResponseUnmarshaller = GetSolutionMetricsResponseUnmarshaller.Instance;
700,java,expression_statement,public ListModelPackagesResult listModelPackages(ListModelPackagesRequest request) {request = beforeClientExecution(request);return executeListModelPackages(request);},public ListModelPackagesResult listModelPackages(ListModelPackagesRequest request) {<MASKED>return executeListModelPackages(request);},request = beforeClientExecution(request);
701,c#,expression_statement,"public virtual ListModelPackagesResponse ListModelPackages(ListModelPackagesRequest request){var options = new InvokeOptions();options.RequestMarshaller = ListModelPackagesRequestMarshaller.Instance;options.ResponseUnmarshaller = ListModelPackagesResponseUnmarshaller.Instance;return Invoke<ListModelPackagesResponse>(request, options);}","public virtual ListModelPackagesResponse ListModelPackages(ListModelPackagesRequest request){var options = new InvokeOptions();options.RequestMarshaller = ListModelPackagesRequestMarshaller.Instance;<MASKED>return Invoke<ListModelPackagesResponse>(request, options);}",options.ResponseUnmarshaller = ListModelPackagesResponseUnmarshaller.Instance;
702,java,expression_statement,public DescribeCollectionResult describeCollection(DescribeCollectionRequest request) {request = beforeClientExecution(request);return executeDescribeCollection(request);},public DescribeCollectionResult describeCollection(DescribeCollectionRequest request) {<MASKED>return executeDescribeCollection(request);},request = beforeClientExecution(request);
703,c#,expression_statement,"public virtual DescribeCollectionResponse DescribeCollection(DescribeCollectionRequest request){var options = new InvokeOptions();options.RequestMarshaller = DescribeCollectionRequestMarshaller.Instance;options.ResponseUnmarshaller = DescribeCollectionResponseUnmarshaller.Instance;return Invoke<DescribeCollectionResponse>(request, options);}","public virtual DescribeCollectionResponse DescribeCollection(DescribeCollectionRequest request){var options = new InvokeOptions();options.RequestMarshaller = DescribeCollectionRequestMarshaller.Instance;<MASKED>return Invoke<DescribeCollectionResponse>(request, options);}",options.ResponseUnmarshaller = DescribeCollectionResponseUnmarshaller.Instance;
704,java,string_literal,"public void setParams(String params) {super.setParams(params);if (params != null) {String[] split = params.split("","");if (split.length > 0) {commitUserData = split[0];}}}",public void setParams(String params) {super.setParams(params);if (params != null) {String[] split = params.split(<MASKED>);if (split.length > 0) {commitUserData = split[0];}}},""","""
705,c#,expression_statement,"public override void SetParams(string @params){base.SetParams(@params);if (@params != null){string[] split = @params.Split(',').TrimEnd();if (split.Length > 0){commitUserData = split[0];}}}","public override void SetParams(string @params){<MASKED>if (@params != null){string[] split = @params.Split(',').TrimEnd();if (split.Length > 0){commitUserData = split[0];}}}",base.SetParams(@params);
706,java,expression_statement,"public ScandinavianFoldingFilterFactory(Map<String,String> args) {super(args);if (!args.isEmpty()) {throw new IllegalArgumentException(""Unknown parameters: "" + args);}}","public ScandinavianFoldingFilterFactory(Map<String,String> args) {super<MASKED>if (!args.isEmpty()) {throw new IllegalArgumentException(""Unknown parameters: "" + args);}}",(args);
707,c#,string_literal,"public ScandinavianFoldingFilterFactory(IDictionary<string, string> args): base(args){if (args.Count > 0){throw new System.ArgumentException(""Unknown parameters: "" + args);}}","public ScandinavianFoldingFilterFactory(IDictionary<string, string> args): base(args){if (args.Count > 0){throw new System.ArgumentException(<MASKED> + args);}}","""Unknown parameters: """
708,java,expression_statement,public SearchGameSessionsResult searchGameSessions(SearchGameSessionsRequest request) {request = beforeClientExecution(request);return executeSearchGameSessions(request);},public SearchGameSessionsResult searchGameSessions(SearchGameSessionsRequest request) {<MASKED>return executeSearchGameSessions(request);},request = beforeClientExecution(request);
709,c#,expression_statement,"public virtual SearchGameSessionsResponse SearchGameSessions(SearchGameSessionsRequest request){var options = new InvokeOptions();options.RequestMarshaller = SearchGameSessionsRequestMarshaller.Instance;options.ResponseUnmarshaller = SearchGameSessionsResponseUnmarshaller.Instance;return Invoke<SearchGameSessionsResponse>(request, options);}","public virtual SearchGameSessionsResponse SearchGameSessions(SearchGameSessionsRequest request){var options = new InvokeOptions();options.RequestMarshaller = SearchGameSessionsRequestMarshaller.Instance;<MASKED>return Invoke<SearchGameSessionsResponse>(request, options);}",options.ResponseUnmarshaller = SearchGameSessionsResponseUnmarshaller.Instance;
710,java,expression_statement,public ExtendedFormatRecord getExFormatAt(int index) {int xfptr = records.getXfpos() - (numxfs - 1);xfptr += index;return ( ExtendedFormatRecord ) records.get(xfptr);},public ExtendedFormatRecord getExFormatAt(int index) {int xfptr = records.getXfpos() - (numxfs - 1);<MASKED>return ( ExtendedFormatRecord ) records.get(xfptr);},xfptr += index;
711,c#,expression_statement,public ExtendedFormatRecord GetExFormatAt(int index){int xfptr = records.Xfpos - (numxfs - 1);xfptr += index;ExtendedFormatRecord retval =(ExtendedFormatRecord)records[xfptr];return retval;},public ExtendedFormatRecord GetExFormatAt(int index){int xfptr = records.Xfpos - (numxfs - 1);<MASKED>ExtendedFormatRecord retval =(ExtendedFormatRecord)records[xfptr];return retval;},xfptr += index;
712,java,expression_statement,public GetSendStatisticsResult getSendStatistics(GetSendStatisticsRequest request) {request = beforeClientExecution(request);return executeGetSendStatistics(request);},public GetSendStatisticsResult getSendStatistics(GetSendStatisticsRequest request) {<MASKED>return executeGetSendStatistics(request);},request = beforeClientExecution(request);
713,c#,expression_statement,"public virtual GetSendStatisticsResponse GetSendStatistics(GetSendStatisticsRequest request){var options = new InvokeOptions();options.RequestMarshaller = GetSendStatisticsRequestMarshaller.Instance;options.ResponseUnmarshaller = GetSendStatisticsResponseUnmarshaller.Instance;return Invoke<GetSendStatisticsResponse>(request, options);}","public virtual GetSendStatisticsResponse GetSendStatistics(GetSendStatisticsRequest request){var options = new InvokeOptions();<MASKED>options.ResponseUnmarshaller = GetSendStatisticsResponseUnmarshaller.Instance;return Invoke<GetSendStatisticsResponse>(request, options);}",options.RequestMarshaller = GetSendStatisticsRequestMarshaller.Instance;
714,java,expression_statement,public GetBatchPredictionResult getBatchPrediction(GetBatchPredictionRequest request) {request = beforeClientExecution(request);return executeGetBatchPrediction(request);},public GetBatchPredictionResult getBatchPrediction(GetBatchPredictionRequest request) {<MASKED>return executeGetBatchPrediction(request);},request = beforeClientExecution(request);
715,c#,expression_statement,"public virtual GetBatchPredictionResponse GetBatchPrediction(GetBatchPredictionRequest request){var options = new InvokeOptions();options.RequestMarshaller = GetBatchPredictionRequestMarshaller.Instance;options.ResponseUnmarshaller = GetBatchPredictionResponseUnmarshaller.Instance;return Invoke<GetBatchPredictionResponse>(request, options);}","public virtual GetBatchPredictionResponse GetBatchPrediction(GetBatchPredictionRequest request){var options = new InvokeOptions();<MASKED>options.ResponseUnmarshaller = GetBatchPredictionResponseUnmarshaller.Instance;return Invoke<GetBatchPredictionResponse>(request, options);}",options.RequestMarshaller = GetBatchPredictionRequestMarshaller.Instance;
716,java,expression_statement,public ListStackResourcesResult listStackResources(ListStackResourcesRequest request) {request = beforeClientExecution(request);return executeListStackResources(request);},public ListStackResourcesResult listStackResources(ListStackResourcesRequest request) {<MASKED>return executeListStackResources(request);},request = beforeClientExecution(request);
717,c#,expression_statement,"public virtual ListStackResourcesResponse ListStackResources(ListStackResourcesRequest request){var options = new InvokeOptions();options.RequestMarshaller = ListStackResourcesRequestMarshaller.Instance;options.ResponseUnmarshaller = ListStackResourcesResponseUnmarshaller.Instance;return Invoke<ListStackResourcesResponse>(request, options);}","public virtual ListStackResourcesResponse ListStackResources(ListStackResourcesRequest request){var options = new InvokeOptions();options.RequestMarshaller = ListStackResourcesRequestMarshaller.Instance;<MASKED>return Invoke<ListStackResourcesResponse>(request, options);}",options.ResponseUnmarshaller = ListStackResourcesResponseUnmarshaller.Instance;
718,java,expression_statement,public PutSchemaFromJsonResult putSchemaFromJson(PutSchemaFromJsonRequest request) {request = beforeClientExecution(request);return executePutSchemaFromJson(request);},public PutSchemaFromJsonResult putSchemaFromJson(PutSchemaFromJsonRequest request) {<MASKED>return executePutSchemaFromJson(request);},request = beforeClientExecution(request);
719,c#,expression_statement,"public virtual PutSchemaFromJsonResponse PutSchemaFromJson(PutSchemaFromJsonRequest request){var options = new InvokeOptions();options.RequestMarshaller = PutSchemaFromJsonRequestMarshaller.Instance;options.ResponseUnmarshaller = PutSchemaFromJsonResponseUnmarshaller.Instance;return Invoke<PutSchemaFromJsonResponse>(request, options);}","public virtual PutSchemaFromJsonResponse PutSchemaFromJson(PutSchemaFromJsonRequest request){var options = new InvokeOptions();options.RequestMarshaller = PutSchemaFromJsonRequestMarshaller.Instance;<MASKED>return Invoke<PutSchemaFromJsonResponse>(request, options);}",options.ResponseUnmarshaller = PutSchemaFromJsonResponseUnmarshaller.Instance;
720,java,string_literal,"public PagedBytesDataInput getDataInput() {if (!frozen) {throw new IllegalStateException(""must call freeze() before getDataInput"");}return new PagedBytesDataInput();}",public PagedBytesDataInput getDataInput() {if (!frozen) {throw new IllegalStateException(<MASKED>);}return new PagedBytesDataInput();},"""must call freeze() before getDataInput"""
721,c#,string_literal,"public PagedBytesDataInput GetDataInput(){if (!frozen){throw new InvalidOperationException(""must call Freeze() before GetDataInput()"");}return new PagedBytesDataInput(this);}",public PagedBytesDataInput GetDataInput(){if (!frozen){throw new InvalidOperationException(<MASKED>);}return new PagedBytesDataInput(this);},"""must call Freeze() before GetDataInput()"""
722,java,expression_statement,public void serialize(LittleEndianOutput out) {out.writeShort(_numberOfRegions);for (int i = 0; i < _numberOfRegions; i++) {_regions[_startIndex + i].serialize(out);}},public void serialize(LittleEndianOutput out) {<MASKED>for (int i = 0; i < _numberOfRegions; i++) {_regions[_startIndex + i].serialize(out);}},out.writeShort(_numberOfRegions);
723,c#,expression_statement,public override void Serialize(ILittleEndianOutput out1){int nItems = _numberOfRegions;out1.WriteShort(nItems);for (int i = 0; i < _numberOfRegions; i++){_regions[_startIndex + i].Serialize(out1);}},public override void Serialize(ILittleEndianOutput out1){int nItems = _numberOfRegions;out1.WriteShort(nItems);for (int i = 0; i < _numberOfRegions; i++){<MASKED>}},_regions[_startIndex + i].Serialize(out1);
724,java,expression_statement,public TreeFilter clone() {final TreeFilter[] s = new TreeFilter[subfilters.length];for (int i = 0; i < s.length; i++)s[i] = subfilters[i].clone();return new List(s);},public TreeFilter clone() {final TreeFilter[] s = new TreeFilter[subfilters.length];for (int i = 0; i < s.length; i++)<MASKED>return new List(s);},s[i] = subfilters[i].clone();
725,c#,expression_statement,public override RevFilter Clone(){RevFilter[] s = new RevFilter[subfilters.Length];for (int i = 0; i < s.Length; i++){s[i] = subfilters[i].Clone();}return new AndRevFilter.List(s);},public override RevFilter Clone(){RevFilter[] s = new RevFilter[subfilters.Length];for (int i = 0; i < s.Length; i++){<MASKED>}return new AndRevFilter.List(s);},s[i] = subfilters[i].Clone();
726,java,expression_statement,public ListReviewableHITsResult listReviewableHITs(ListReviewableHITsRequest request) {request = beforeClientExecution(request);return executeListReviewableHITs(request);},public ListReviewableHITsResult listReviewableHITs(ListReviewableHITsRequest request) {<MASKED>return executeListReviewableHITs(request);},request = beforeClientExecution(request);
727,c#,expression_statement,"public virtual ListReviewableHITsResponse ListReviewableHITs(ListReviewableHITsRequest request){var options = new InvokeOptions();options.RequestMarshaller = ListReviewableHITsRequestMarshaller.Instance;options.ResponseUnmarshaller = ListReviewableHITsResponseUnmarshaller.Instance;return Invoke<ListReviewableHITsResponse>(request, options);}","public virtual ListReviewableHITsResponse ListReviewableHITs(ListReviewableHITsRequest request){var options = new InvokeOptions();<MASKED>options.ResponseUnmarshaller = ListReviewableHITsResponseUnmarshaller.Instance;return Invoke<ListReviewableHITsResponse>(request, options);}",options.RequestMarshaller = ListReviewableHITsRequestMarshaller.Instance;
728,java,expression_statement,public DBParameterGroup copyDBParameterGroup(CopyDBParameterGroupRequest request) {request = beforeClientExecution(request);return executeCopyDBParameterGroup(request);},public DBParameterGroup copyDBParameterGroup(CopyDBParameterGroupRequest request) {<MASKED>return executeCopyDBParameterGroup(request);},request = beforeClientExecution(request);
729,c#,expression_statement,"public virtual CopyDBParameterGroupResponse CopyDBParameterGroup(CopyDBParameterGroupRequest request){var options = new InvokeOptions();options.RequestMarshaller = CopyDBParameterGroupRequestMarshaller.Instance;options.ResponseUnmarshaller = CopyDBParameterGroupResponseUnmarshaller.Instance;return Invoke<CopyDBParameterGroupResponse>(request, options);}","public virtual CopyDBParameterGroupResponse CopyDBParameterGroup(CopyDBParameterGroupRequest request){var options = new InvokeOptions();<MASKED>options.ResponseUnmarshaller = CopyDBParameterGroupResponseUnmarshaller.Instance;return Invoke<CopyDBParameterGroupResponse>(request, options);}",options.RequestMarshaller = CopyDBParameterGroupRequestMarshaller.Instance;
730,java,expression_statement,public TerminateJobFlowsResult terminateJobFlows(TerminateJobFlowsRequest request) {request = beforeClientExecution(request);return executeTerminateJobFlows(request);},public TerminateJobFlowsResult terminateJobFlows(TerminateJobFlowsRequest request) {<MASKED>return executeTerminateJobFlows(request);},request = beforeClientExecution(request);
731,c#,expression_statement,"public virtual TerminateJobFlowsResponse TerminateJobFlows(TerminateJobFlowsRequest request){var options = new InvokeOptions();options.RequestMarshaller = TerminateJobFlowsRequestMarshaller.Instance;options.ResponseUnmarshaller = TerminateJobFlowsResponseUnmarshaller.Instance;return Invoke<TerminateJobFlowsResponse>(request, options);}","public virtual TerminateJobFlowsResponse TerminateJobFlows(TerminateJobFlowsRequest request){var options = new InvokeOptions();<MASKED>options.ResponseUnmarshaller = TerminateJobFlowsResponseUnmarshaller.Instance;return Invoke<TerminateJobFlowsResponse>(request, options);}",options.RequestMarshaller = TerminateJobFlowsRequestMarshaller.Instance;
732,java,expression_statement,public UpdateSubnetGroupResult updateSubnetGroup(UpdateSubnetGroupRequest request) {request = beforeClientExecution(request);return executeUpdateSubnetGroup(request);},public UpdateSubnetGroupResult updateSubnetGroup(UpdateSubnetGroupRequest request) {<MASKED>return executeUpdateSubnetGroup(request);},request = beforeClientExecution(request);
733,c#,expression_statement,"public virtual UpdateSubnetGroupResponse UpdateSubnetGroup(UpdateSubnetGroupRequest request){var options = new InvokeOptions();options.RequestMarshaller = UpdateSubnetGroupRequestMarshaller.Instance;options.ResponseUnmarshaller = UpdateSubnetGroupResponseUnmarshaller.Instance;return Invoke<UpdateSubnetGroupResponse>(request, options);}","public virtual UpdateSubnetGroupResponse UpdateSubnetGroup(UpdateSubnetGroupRequest request){var options = new InvokeOptions();<MASKED>options.ResponseUnmarshaller = UpdateSubnetGroupResponseUnmarshaller.Instance;return Invoke<UpdateSubnetGroupResponse>(request, options);}",options.RequestMarshaller = UpdateSubnetGroupRequestMarshaller.Instance;
734,java,expression_statement,public DeleteIdentityPoolResult deleteIdentityPool(DeleteIdentityPoolRequest request) {request = beforeClientExecution(request);return executeDeleteIdentityPool(request);},public DeleteIdentityPoolResult deleteIdentityPool(DeleteIdentityPoolRequest request) {<MASKED>return executeDeleteIdentityPool(request);},request = beforeClientExecution(request);
735,c#,expression_statement,"public virtual DeleteIdentityPoolResponse DeleteIdentityPool(DeleteIdentityPoolRequest request){var options = new InvokeOptions();options.RequestMarshaller = DeleteIdentityPoolRequestMarshaller.Instance;options.ResponseUnmarshaller = DeleteIdentityPoolResponseUnmarshaller.Instance;return Invoke<DeleteIdentityPoolResponse>(request, options);}","public virtual DeleteIdentityPoolResponse DeleteIdentityPool(DeleteIdentityPoolRequest request){var options = new InvokeOptions();<MASKED>options.ResponseUnmarshaller = DeleteIdentityPoolResponseUnmarshaller.Instance;return Invoke<DeleteIdentityPoolResponse>(request, options);}",options.RequestMarshaller = DeleteIdentityPoolRequestMarshaller.Instance;
736,java,expression_statement,public DeleteInsightRulesResult deleteInsightRules(DeleteInsightRulesRequest request) {request = beforeClientExecution(request);return executeDeleteInsightRules(request);},public DeleteInsightRulesResult deleteInsightRules(DeleteInsightRulesRequest request) {<MASKED>return executeDeleteInsightRules(request);},request = beforeClientExecution(request);
737,c#,expression_statement,"public virtual DeleteInsightRulesResponse DeleteInsightRules(DeleteInsightRulesRequest request){var options = new InvokeOptions();options.RequestMarshaller = DeleteInsightRulesRequestMarshaller.Instance;options.ResponseUnmarshaller = DeleteInsightRulesResponseUnmarshaller.Instance;return Invoke<DeleteInsightRulesResponse>(request, options);}","public virtual DeleteInsightRulesResponse DeleteInsightRules(DeleteInsightRulesRequest request){var options = new InvokeOptions();<MASKED>options.ResponseUnmarshaller = DeleteInsightRulesResponseUnmarshaller.Instance;return Invoke<DeleteInsightRulesResponse>(request, options);}",options.RequestMarshaller = DeleteInsightRulesRequestMarshaller.Instance;
738,java,expression_statement,public DescribeSnapshotsResult describeSnapshots(DescribeSnapshotsRequest request) {request = beforeClientExecution(request);return executeDescribeSnapshots(request);},public DescribeSnapshotsResult describeSnapshots(DescribeSnapshotsRequest request) {<MASKED>return executeDescribeSnapshots(request);},request = beforeClientExecution(request);
739,c#,expression_statement,"public virtual DescribeSnapshotsResponse DescribeSnapshots(DescribeSnapshotsRequest request){var options = new InvokeOptions();options.RequestMarshaller = DescribeSnapshotsRequestMarshaller.Instance;options.ResponseUnmarshaller = DescribeSnapshotsResponseUnmarshaller.Instance;return Invoke<DescribeSnapshotsResponse>(request, options);}","public virtual DescribeSnapshotsResponse DescribeSnapshots(DescribeSnapshotsRequest request){var options = new InvokeOptions();options.RequestMarshaller = DescribeSnapshotsRequestMarshaller.Instance;<MASKED>return Invoke<DescribeSnapshotsResponse>(request, options);}",options.ResponseUnmarshaller = DescribeSnapshotsResponseUnmarshaller.Instance;
740,java,expression_statement,public CreateApplicationResult createApplication(CreateApplicationRequest request) {request = beforeClientExecution(request);return executeCreateApplication(request);},public CreateApplicationResult createApplication(CreateApplicationRequest request) {<MASKED>return executeCreateApplication(request);},request = beforeClientExecution(request);
741,c#,expression_statement,"public virtual CreateApplicationResponse CreateApplication(CreateApplicationRequest request){var options = new InvokeOptions();options.RequestMarshaller = CreateApplicationRequestMarshaller.Instance;options.ResponseUnmarshaller = CreateApplicationResponseUnmarshaller.Instance;return Invoke<CreateApplicationResponse>(request, options);}","public virtual CreateApplicationResponse CreateApplication(CreateApplicationRequest request){var options = new InvokeOptions();options.RequestMarshaller = CreateApplicationRequestMarshaller.Instance;<MASKED>return Invoke<CreateApplicationResponse>(request, options);}",options.ResponseUnmarshaller = CreateApplicationResponseUnmarshaller.Instance;
742,java,expression_statement,public GetSegmentVersionsResult getSegmentVersions(GetSegmentVersionsRequest request) {request = beforeClientExecution(request);return executeGetSegmentVersions(request);},public GetSegmentVersionsResult getSegmentVersions(GetSegmentVersionsRequest request) {<MASKED>return executeGetSegmentVersions(request);},request = beforeClientExecution(request);
743,c#,expression_statement,"public virtual GetSegmentVersionsResponse GetSegmentVersions(GetSegmentVersionsRequest request){var options = new InvokeOptions();options.RequestMarshaller = GetSegmentVersionsRequestMarshaller.Instance;options.ResponseUnmarshaller = GetSegmentVersionsResponseUnmarshaller.Instance;return Invoke<GetSegmentVersionsResponse>(request, options);}","public virtual GetSegmentVersionsResponse GetSegmentVersions(GetSegmentVersionsRequest request){var options = new InvokeOptions();options.RequestMarshaller = GetSegmentVersionsRequestMarshaller.Instance;<MASKED>return Invoke<GetSegmentVersionsResponse>(request, options);}",options.ResponseUnmarshaller = GetSegmentVersionsResponseUnmarshaller.Instance;
744,java,expression_statement,"public void setCoordinates(int x1, int y1, int x2, int y2) {_spgrRecord.setRectX1(x1);_spgrRecord.setRectX2(x2);_spgrRecord.setRectY1(y1);_spgrRecord.setRectY2(y2);}","public void setCoordinates(int x1, int y1, int x2, int y2) {_spgrRecord.setRectX1(x1);_spgrRecord.setRectX2(x2);<MASKED>_spgrRecord.setRectY2(y2);}",_spgrRecord.setRectY1(y1);
745,c#,expression_statement,"public void SetCoordinates(int x1, int y1, int x2, int y2){_spgrRecord.RectX1 = (x1);_spgrRecord.RectX2 = (x2);_spgrRecord.RectY1 = (y1);_spgrRecord.RectY2 = (y2);}","public void SetCoordinates(int x1, int y1, int x2, int y2){_spgrRecord.RectX1 = (x1);_spgrRecord.RectX2 = (x2);_spgrRecord.RectY1 = (y1);<MASKED>}",_spgrRecord.RectY2 = (y2);
746,java,string_literal,"public GermanNormalizationFilterFactory(Map<String,String> args) {super(args);if (!args.isEmpty()) {throw new IllegalArgumentException(""Unknown parameters: "" + args);}}","public GermanNormalizationFilterFactory(Map<String,String> args) {super(args);if (!args.isEmpty()) {throw new IllegalArgumentException(<MASKED> + args);}}","""Unknown parameters: """
747,c#,string_literal,"public GermanNormalizationFilterFactory(IDictionary<string, string> args) : base(args){if (args.Count > 0){throw new System.ArgumentException(""Unknown parameters: "" + args);}}","public GermanNormalizationFilterFactory(IDictionary<string, string> args) : base(args){if (args.Count > 0){throw new System.ArgumentException(<MASKED> + args);}}","""Unknown parameters: """
748,java,expression_statement,"public static void register(Repository db) {if (db.getDirectory() != null) {FileKey key = FileKey.exact(db.getDirectory(), db.getFS());cache.registerRepository(key, db);}}","public static void register(Repository db) {if (db.getDirectory() != null) {FileKey key = FileKey.exact(db.getDirectory(), db.getFS());<MASKED>}}","cache.registerRepository(key, db);"
749,c#,expression_statement,"public static void Register(Repository db){if (db.Directory != null){RepositoryCache.FileKey key = RepositoryCache.FileKey.Exact(db.Directory, db.FileSystem);cache.RegisterRepository(key, db);}}","public static void Register(Repository db){if (db.Directory != null){RepositoryCache.FileKey key = RepositoryCache.FileKey.Exact(db.Directory, db.FileSystem);<MASKED>}}","cache.RegisterRepository(key, db);"
750,java,expression_statement,public DescribeParametersResult describeParameters(DescribeParametersRequest request) {request = beforeClientExecution(request);return executeDescribeParameters(request);},public DescribeParametersResult describeParameters(DescribeParametersRequest request) {<MASKED>return executeDescribeParameters(request);},request = beforeClientExecution(request);
751,c#,expression_statement,"public virtual DescribeParametersResponse DescribeParameters(DescribeParametersRequest request){var options = new InvokeOptions();options.RequestMarshaller = DescribeParametersRequestMarshaller.Instance;options.ResponseUnmarshaller = DescribeParametersResponseUnmarshaller.Instance;return Invoke<DescribeParametersResponse>(request, options);}","public virtual DescribeParametersResponse DescribeParameters(DescribeParametersRequest request){var options = new InvokeOptions();options.RequestMarshaller = DescribeParametersRequestMarshaller.Instance;<MASKED>return Invoke<DescribeParametersResponse>(request, options);}",options.ResponseUnmarshaller = DescribeParametersResponseUnmarshaller.Instance;
752,java,string_literal,"public HungarianLightStemFilterFactory(Map<String,String> args) {super(args);if (!args.isEmpty()) {throw new IllegalArgumentException(""Unknown parameters: "" + args);}}","public HungarianLightStemFilterFactory(Map<String,String> args) {super(args);if (!args.isEmpty()) {throw new IllegalArgumentException(<MASKED> + args);}}","""Unknown parameters: """
753,c#,string_literal,"public HungarianLightStemFilterFactory(IDictionary<string, string> args): base(args){if (args.Count > 0){throw new System.ArgumentException(""Unknown parameters: "" + args);}}","public HungarianLightStemFilterFactory(IDictionary<string, string> args): base(args){if (args.Count > 0){throw new System.ArgumentException(<MASKED> + args);}}","""Unknown parameters: """
754,java,expression_statement,"public TokenOffsetPayloadTokenFilterFactory(Map<String,String> args) {super(args);if (!args.isEmpty()) {throw new IllegalArgumentException(""Unknown parameters: "" + args);}}","public TokenOffsetPayloadTokenFilterFactory(Map<String,String> args) {super<MASKED>if (!args.isEmpty()) {throw new IllegalArgumentException(""Unknown parameters: "" + args);}}",(args);
755,c#,string_literal,"public TokenOffsetPayloadTokenFilterFactory(IDictionary<string, string> args): base(args){if (args.Count > 0){throw new System.ArgumentException(""Unknown parameters: "" + args);}}","public TokenOffsetPayloadTokenFilterFactory(IDictionary<string, string> args): base(args){if (args.Count > 0){throw new System.ArgumentException(<MASKED> + args);}}","""Unknown parameters: """
756,java,expression_statement,public DescribeCertificatesResult describeCertificates(DescribeCertificatesRequest request) {request = beforeClientExecution(request);return executeDescribeCertificates(request);},public DescribeCertificatesResult describeCertificates(DescribeCertificatesRequest request) {<MASKED>return executeDescribeCertificates(request);},request = beforeClientExecution(request);
757,c#,expression_statement,"public virtual DescribeCertificatesResponse DescribeCertificates(DescribeCertificatesRequest request){var options = new InvokeOptions();options.RequestMarshaller = DescribeCertificatesRequestMarshaller.Instance;options.ResponseUnmarshaller = DescribeCertificatesResponseUnmarshaller.Instance;return Invoke<DescribeCertificatesResponse>(request, options);}","public virtual DescribeCertificatesResponse DescribeCertificates(DescribeCertificatesRequest request){var options = new InvokeOptions();<MASKED>options.ResponseUnmarshaller = DescribeCertificatesResponseUnmarshaller.Instance;return Invoke<DescribeCertificatesResponse>(request, options);}",options.RequestMarshaller = DescribeCertificatesRequestMarshaller.Instance;
758,java,expression_statement,public UpdateRoomMembershipResult updateRoomMembership(UpdateRoomMembershipRequest request) {request = beforeClientExecution(request);return executeUpdateRoomMembership(request);},public UpdateRoomMembershipResult updateRoomMembership(UpdateRoomMembershipRequest request) {<MASKED>return executeUpdateRoomMembership(request);},request = beforeClientExecution(request);
759,c#,expression_statement,"public virtual UpdateRoomMembershipResponse UpdateRoomMembership(UpdateRoomMembershipRequest request){var options = new InvokeOptions();options.RequestMarshaller = UpdateRoomMembershipRequestMarshaller.Instance;options.ResponseUnmarshaller = UpdateRoomMembershipResponseUnmarshaller.Instance;return Invoke<UpdateRoomMembershipResponse>(request, options);}","public virtual UpdateRoomMembershipResponse UpdateRoomMembership(UpdateRoomMembershipRequest request){var options = new InvokeOptions();<MASKED>options.ResponseUnmarshaller = UpdateRoomMembershipResponseUnmarshaller.Instance;return Invoke<UpdateRoomMembershipResponse>(request, options);}",options.RequestMarshaller = UpdateRoomMembershipRequestMarshaller.Instance;
760,java,expression_statement,public ListIdentityPoliciesResult listIdentityPolicies(ListIdentityPoliciesRequest request) {request = beforeClientExecution(request);return executeListIdentityPolicies(request);},public ListIdentityPoliciesResult listIdentityPolicies(ListIdentityPoliciesRequest request) {<MASKED>return executeListIdentityPolicies(request);},request = beforeClientExecution(request);
761,c#,expression_statement,"public virtual ListIdentityPoliciesResponse ListIdentityPolicies(ListIdentityPoliciesRequest request){var options = new InvokeOptions();options.RequestMarshaller = ListIdentityPoliciesRequestMarshaller.Instance;options.ResponseUnmarshaller = ListIdentityPoliciesResponseUnmarshaller.Instance;return Invoke<ListIdentityPoliciesResponse>(request, options);}","public virtual ListIdentityPoliciesResponse ListIdentityPolicies(ListIdentityPoliciesRequest request){var options = new InvokeOptions();options.RequestMarshaller = ListIdentityPoliciesRequestMarshaller.Instance;<MASKED>return Invoke<ListIdentityPoliciesResponse>(request, options);}",options.ResponseUnmarshaller = ListIdentityPoliciesResponseUnmarshaller.Instance;
762,java,expression_statement,public PutAutoScalingPolicyResult putAutoScalingPolicy(PutAutoScalingPolicyRequest request) {request = beforeClientExecution(request);return executePutAutoScalingPolicy(request);},public PutAutoScalingPolicyResult putAutoScalingPolicy(PutAutoScalingPolicyRequest request) {<MASKED>return executePutAutoScalingPolicy(request);},request = beforeClientExecution(request);
763,c#,expression_statement,"public virtual PutAutoScalingPolicyResponse PutAutoScalingPolicy(PutAutoScalingPolicyRequest request){var options = new InvokeOptions();options.RequestMarshaller = PutAutoScalingPolicyRequestMarshaller.Instance;options.ResponseUnmarshaller = PutAutoScalingPolicyResponseUnmarshaller.Instance;return Invoke<PutAutoScalingPolicyResponse>(request, options);}","public virtual PutAutoScalingPolicyResponse PutAutoScalingPolicy(PutAutoScalingPolicyRequest request){var options = new InvokeOptions();options.RequestMarshaller = PutAutoScalingPolicyRequestMarshaller.Instance;<MASKED>return Invoke<PutAutoScalingPolicyResponse>(request, options);}",options.ResponseUnmarshaller = PutAutoScalingPolicyResponseUnmarshaller.Instance;
764,java,expression_statement,public EventSubscription deleteEventSubscription(DeleteEventSubscriptionRequest request) {request = beforeClientExecution(request);return executeDeleteEventSubscription(request);},public EventSubscription deleteEventSubscription(DeleteEventSubscriptionRequest request) {<MASKED>return executeDeleteEventSubscription(request);},request = beforeClientExecution(request);
765,c#,expression_statement,"public virtual DeleteEventSubscriptionResponse DeleteEventSubscription(DeleteEventSubscriptionRequest request){var options = new InvokeOptions();options.RequestMarshaller = DeleteEventSubscriptionRequestMarshaller.Instance;options.ResponseUnmarshaller = DeleteEventSubscriptionResponseUnmarshaller.Instance;return Invoke<DeleteEventSubscriptionResponse>(request, options);}","public virtual DeleteEventSubscriptionResponse DeleteEventSubscription(DeleteEventSubscriptionRequest request){var options = new InvokeOptions();options.RequestMarshaller = DeleteEventSubscriptionRequestMarshaller.Instance;<MASKED>return Invoke<DeleteEventSubscriptionResponse>(request, options);}",options.ResponseUnmarshaller = DeleteEventSubscriptionResponseUnmarshaller.Instance;
766,java,expression_statement,public DetachLoadBalancersResult detachLoadBalancers(DetachLoadBalancersRequest request) {request = beforeClientExecution(request);return executeDetachLoadBalancers(request);},public DetachLoadBalancersResult detachLoadBalancers(DetachLoadBalancersRequest request) {<MASKED>return executeDetachLoadBalancers(request);},request = beforeClientExecution(request);
767,c#,expression_statement,"public virtual DetachLoadBalancersResponse DetachLoadBalancers(DetachLoadBalancersRequest request){var options = new InvokeOptions();options.RequestMarshaller = DetachLoadBalancersRequestMarshaller.Instance;options.ResponseUnmarshaller = DetachLoadBalancersResponseUnmarshaller.Instance;return Invoke<DetachLoadBalancersResponse>(request, options);}","public virtual DetachLoadBalancersResponse DetachLoadBalancers(DetachLoadBalancersRequest request){var options = new InvokeOptions();<MASKED>options.ResponseUnmarshaller = DetachLoadBalancersResponseUnmarshaller.Instance;return Invoke<DetachLoadBalancersResponse>(request, options);}",options.RequestMarshaller = DetachLoadBalancersRequestMarshaller.Instance;
768,java,expression_statement,public GetExclusionsPreviewResult getExclusionsPreview(GetExclusionsPreviewRequest request) {request = beforeClientExecution(request);return executeGetExclusionsPreview(request);},public GetExclusionsPreviewResult getExclusionsPreview(GetExclusionsPreviewRequest request) {<MASKED>return executeGetExclusionsPreview(request);},request = beforeClientExecution(request);
769,c#,expression_statement,"public virtual GetExclusionsPreviewResponse GetExclusionsPreview(GetExclusionsPreviewRequest request){var options = new InvokeOptions();options.RequestMarshaller = GetExclusionsPreviewRequestMarshaller.Instance;options.ResponseUnmarshaller = GetExclusionsPreviewResponseUnmarshaller.Instance;return Invoke<GetExclusionsPreviewResponse>(request, options);}","public virtual GetExclusionsPreviewResponse GetExclusionsPreview(GetExclusionsPreviewRequest request){var options = new InvokeOptions();options.RequestMarshaller = GetExclusionsPreviewRequestMarshaller.Instance;<MASKED>return Invoke<GetExclusionsPreviewResponse>(request, options);}",options.ResponseUnmarshaller = GetExclusionsPreviewResponseUnmarshaller.Instance;
770,java,expression_statement,public MulRKRecord(RecordInputStream in) {field_1_row = in.readUShort();field_2_first_col = in.readShort();field_3_rks = RkRec.parseRKs(in);field_4_last_col = in.readShort();},public MulRKRecord(RecordInputStream in) {field_1_row = in.readUShort();field_2_first_col = in.readShort();field_3_rks = RkRec.parseRKs(in);<MASKED>},field_4_last_col = in.readShort();
771,c#,expression_statement,public MulRKRecord(RecordInputStream in1){field_1_row = in1.ReadUShort();field_2_first_col = in1.ReadShort();field_3_rks = RkRec.ParseRKs(in1);field_4_last_col = in1.ReadShort();},public MulRKRecord(RecordInputStream in1){field_1_row = in1.ReadUShort();field_2_first_col = in1.ReadShort();<MASKED>field_4_last_col = in1.ReadShort();},field_3_rks = RkRec.ParseRKs(in1);
772,java,expression_statement,public UpdateGlobalSettingsResult updateGlobalSettings(UpdateGlobalSettingsRequest request) {request = beforeClientExecution(request);return executeUpdateGlobalSettings(request);},public UpdateGlobalSettingsResult updateGlobalSettings(UpdateGlobalSettingsRequest request) {<MASKED>return executeUpdateGlobalSettings(request);},request = beforeClientExecution(request);
773,c#,expression_statement,"public virtual UpdateGlobalSettingsResponse UpdateGlobalSettings(UpdateGlobalSettingsRequest request){var options = new InvokeOptions();options.RequestMarshaller = UpdateGlobalSettingsRequestMarshaller.Instance;options.ResponseUnmarshaller = UpdateGlobalSettingsResponseUnmarshaller.Instance;return Invoke<UpdateGlobalSettingsResponse>(request, options);}","public virtual UpdateGlobalSettingsResponse UpdateGlobalSettings(UpdateGlobalSettingsRequest request){var options = new InvokeOptions();<MASKED>options.ResponseUnmarshaller = UpdateGlobalSettingsResponseUnmarshaller.Instance;return Invoke<UpdateGlobalSettingsResponse>(request, options);}",options.RequestMarshaller = UpdateGlobalSettingsRequestMarshaller.Instance;
774,java,expression_statement,"public JobParameters(String format, String type, String archiveId, String description) {setFormat(format);setType(type);setArchiveId(archiveId);setDescription(description);}","public JobParameters(String format, String type, String archiveId, String description) {setFormat(format);<MASKED>setArchiveId(archiveId);setDescription(description);}",setType(type);
775,c#,expression_statement,"public JobParameters(string format, string type, string archiveId, string description){_format = format;_type = type;_archiveId = archiveId;_description = description;}","public JobParameters(string format, string type, string archiveId, string description){_format = format;_type = type;<MASKED>_description = description;}",_archiveId = archiveId;
776,java,expression_statement,public ListProfilingGroupsResult listProfilingGroups(ListProfilingGroupsRequest request) {request = beforeClientExecution(request);return executeListProfilingGroups(request);},public ListProfilingGroupsResult listProfilingGroups(ListProfilingGroupsRequest request) {<MASKED>return executeListProfilingGroups(request);},request = beforeClientExecution(request);
777,c#,expression_statement,"public virtual ListProfilingGroupsResponse ListProfilingGroups(ListProfilingGroupsRequest request){var options = new InvokeOptions();options.RequestMarshaller = ListProfilingGroupsRequestMarshaller.Instance;options.ResponseUnmarshaller = ListProfilingGroupsResponseUnmarshaller.Instance;return Invoke<ListProfilingGroupsResponse>(request, options);}","public virtual ListProfilingGroupsResponse ListProfilingGroups(ListProfilingGroupsRequest request){var options = new InvokeOptions();options.RequestMarshaller = ListProfilingGroupsRequestMarshaller.Instance;<MASKED>return Invoke<ListProfilingGroupsResponse>(request, options);}",options.ResponseUnmarshaller = ListProfilingGroupsResponseUnmarshaller.Instance;
778,java,expression_statement,public ListTaskDefinitionsResult listTaskDefinitions(ListTaskDefinitionsRequest request) {request = beforeClientExecution(request);return executeListTaskDefinitions(request);},public ListTaskDefinitionsResult listTaskDefinitions(ListTaskDefinitionsRequest request) {<MASKED>return executeListTaskDefinitions(request);},request = beforeClientExecution(request);
779,c#,expression_statement,"public virtual ListTaskDefinitionsResponse ListTaskDefinitions(ListTaskDefinitionsRequest request){var options = new InvokeOptions();options.RequestMarshaller = ListTaskDefinitionsRequestMarshaller.Instance;options.ResponseUnmarshaller = ListTaskDefinitionsResponseUnmarshaller.Instance;return Invoke<ListTaskDefinitionsResponse>(request, options);}","public virtual ListTaskDefinitionsResponse ListTaskDefinitions(ListTaskDefinitionsRequest request){var options = new InvokeOptions();options.RequestMarshaller = ListTaskDefinitionsRequestMarshaller.Instance;<MASKED>return Invoke<ListTaskDefinitionsResponse>(request, options);}",options.ResponseUnmarshaller = ListTaskDefinitionsResponseUnmarshaller.Instance;
780,java,expression_statement,public UpdateNetworkProfileResult updateNetworkProfile(UpdateNetworkProfileRequest request) {request = beforeClientExecution(request);return executeUpdateNetworkProfile(request);},public UpdateNetworkProfileResult updateNetworkProfile(UpdateNetworkProfileRequest request) {<MASKED>return executeUpdateNetworkProfile(request);},request = beforeClientExecution(request);
781,c#,expression_statement,"public virtual UpdateNetworkProfileResponse UpdateNetworkProfile(UpdateNetworkProfileRequest request){var options = new InvokeOptions();options.RequestMarshaller = UpdateNetworkProfileRequestMarshaller.Instance;options.ResponseUnmarshaller = UpdateNetworkProfileResponseUnmarshaller.Instance;return Invoke<UpdateNetworkProfileResponse>(request, options);}","public virtual UpdateNetworkProfileResponse UpdateNetworkProfile(UpdateNetworkProfileRequest request){var options = new InvokeOptions();options.RequestMarshaller = UpdateNetworkProfileRequestMarshaller.Instance;<MASKED>return Invoke<UpdateNetworkProfileResponse>(request, options);}",options.ResponseUnmarshaller = UpdateNetworkProfileResponseUnmarshaller.Instance;
782,java,expression_statement,public GetRepositoryPolicyResult getRepositoryPolicy(GetRepositoryPolicyRequest request) {request = beforeClientExecution(request);return executeGetRepositoryPolicy(request);},public GetRepositoryPolicyResult getRepositoryPolicy(GetRepositoryPolicyRequest request) {<MASKED>return executeGetRepositoryPolicy(request);},request = beforeClientExecution(request);
783,c#,expression_statement,"public virtual GetRepositoryPolicyResponse GetRepositoryPolicy(GetRepositoryPolicyRequest request){var options = new InvokeOptions();options.RequestMarshaller = GetRepositoryPolicyRequestMarshaller.Instance;options.ResponseUnmarshaller = GetRepositoryPolicyResponseUnmarshaller.Instance;return Invoke<GetRepositoryPolicyResponse>(request, options);}","public virtual GetRepositoryPolicyResponse GetRepositoryPolicy(GetRepositoryPolicyRequest request){var options = new InvokeOptions();options.RequestMarshaller = GetRepositoryPolicyRequestMarshaller.Instance;<MASKED>return Invoke<GetRepositoryPolicyResponse>(request, options);}",options.ResponseUnmarshaller = GetRepositoryPolicyResponseUnmarshaller.Instance;
784,java,expression_statement,public GetInstanceSnapshotsResult getInstanceSnapshots(GetInstanceSnapshotsRequest request) {request = beforeClientExecution(request);return executeGetInstanceSnapshots(request);},public GetInstanceSnapshotsResult getInstanceSnapshots(GetInstanceSnapshotsRequest request) {<MASKED>return executeGetInstanceSnapshots(request);},request = beforeClientExecution(request);
785,c#,expression_statement,"public virtual GetInstanceSnapshotsResponse GetInstanceSnapshots(GetInstanceSnapshotsRequest request){var options = new InvokeOptions();options.RequestMarshaller = GetInstanceSnapshotsRequestMarshaller.Instance;options.ResponseUnmarshaller = GetInstanceSnapshotsResponseUnmarshaller.Instance;return Invoke<GetInstanceSnapshotsResponse>(request, options);}","public virtual GetInstanceSnapshotsResponse GetInstanceSnapshots(GetInstanceSnapshotsRequest request){var options = new InvokeOptions();options.RequestMarshaller = GetInstanceSnapshotsRequestMarshaller.Instance;<MASKED>return Invoke<GetInstanceSnapshotsResponse>(request, options);}",options.ResponseUnmarshaller = GetInstanceSnapshotsResponseUnmarshaller.Instance;
786,java,string_literal,"public CharSequence toQueryString(EscapeQuerySyntax escapeSyntaxParser) {if (getChild() == null)return """";return ""( "" + getChild().toQueryString(escapeSyntaxParser) + "" )"";}","public CharSequence toQueryString(EscapeQuerySyntax escapeSyntaxParser) {if (getChild() == null)return <MASKED>;return ""( "" + getChild().toQueryString(escapeSyntaxParser) + "" )"";}",""""""
787,c#,string_literal,"public override string ToQueryString(IEscapeQuerySyntax escapeSyntaxParser){if (GetChild() == null)return """";return ""( "" + GetChild().ToQueryString(escapeSyntaxParser) + "" )"";}","public override string ToQueryString(IEscapeQuerySyntax escapeSyntaxParser){if (GetChild() == null)return """";return <MASKED> + GetChild().ToQueryString(escapeSyntaxParser) + "" )"";}","""( """
788,java,expression_statement,public ListDeliveryStreamsResult listDeliveryStreams(ListDeliveryStreamsRequest request) {request = beforeClientExecution(request);return executeListDeliveryStreams(request);},public ListDeliveryStreamsResult listDeliveryStreams(ListDeliveryStreamsRequest request) {<MASKED>return executeListDeliveryStreams(request);},request = beforeClientExecution(request);
789,c#,expression_statement,"public virtual ListDeliveryStreamsResponse ListDeliveryStreams(ListDeliveryStreamsRequest request){var options = new InvokeOptions();options.RequestMarshaller = ListDeliveryStreamsRequestMarshaller.Instance;options.ResponseUnmarshaller = ListDeliveryStreamsResponseUnmarshaller.Instance;return Invoke<ListDeliveryStreamsResponse>(request, options);}","public virtual ListDeliveryStreamsResponse ListDeliveryStreams(ListDeliveryStreamsRequest request){var options = new InvokeOptions();options.RequestMarshaller = ListDeliveryStreamsRequestMarshaller.Instance;<MASKED>return Invoke<ListDeliveryStreamsResponse>(request, options);}",options.ResponseUnmarshaller = ListDeliveryStreamsResponseUnmarshaller.Instance;
790,java,expression_statement,public CreateEmailIdentityResult createEmailIdentity(CreateEmailIdentityRequest request) {request = beforeClientExecution(request);return executeCreateEmailIdentity(request);},public CreateEmailIdentityResult createEmailIdentity(CreateEmailIdentityRequest request) {<MASKED>return executeCreateEmailIdentity(request);},request = beforeClientExecution(request);
791,c#,expression_statement,"public virtual CreateEmailIdentityResponse CreateEmailIdentity(CreateEmailIdentityRequest request){var options = new InvokeOptions();options.RequestMarshaller = CreateEmailIdentityRequestMarshaller.Instance;options.ResponseUnmarshaller = CreateEmailIdentityResponseUnmarshaller.Instance;return Invoke<CreateEmailIdentityResponse>(request, options);}","public virtual CreateEmailIdentityResponse CreateEmailIdentity(CreateEmailIdentityRequest request){var options = new InvokeOptions();<MASKED>options.ResponseUnmarshaller = CreateEmailIdentityResponseUnmarshaller.Instance;return Invoke<CreateEmailIdentityResponse>(request, options);}",options.RequestMarshaller = CreateEmailIdentityRequestMarshaller.Instance;
792,java,expression_statement,"public FontRecord createNewFont() {FontRecord rec = createFont();records.add(records.getFontpos()+1, rec);records.setFontpos( records.getFontpos() + 1 );numfonts++;return rec;}",public FontRecord createNewFont() {FontRecord rec = createFont();<MASKED>records.setFontpos( records.getFontpos() + 1 );numfonts++;return rec;},"records.add(records.getFontpos()+1, rec);"
793,c#,expression_statement,"public FontRecord CreateNewFont(){FontRecord rec = (FontRecord)CreateFont();records.Add(records.Fontpos + 1, rec);records.Fontpos=(records.Fontpos + 1);numfonts++;return rec;}","public FontRecord CreateNewFont(){FontRecord rec = (FontRecord)CreateFont();records.Add(records.Fontpos + 1, rec);records.Fontpos=(records.Fontpos + 1);<MASKED>return rec;}",numfonts++;
794,java,expression_statement,public DeleteThreatIntelSetResult deleteThreatIntelSet(DeleteThreatIntelSetRequest request) {request = beforeClientExecution(request);return executeDeleteThreatIntelSet(request);},public DeleteThreatIntelSetResult deleteThreatIntelSet(DeleteThreatIntelSetRequest request) {<MASKED>return executeDeleteThreatIntelSet(request);},request = beforeClientExecution(request);
795,c#,expression_statement,"public virtual DeleteThreatIntelSetResponse DeleteThreatIntelSet(DeleteThreatIntelSetRequest request){var options = new InvokeOptions();options.RequestMarshaller = DeleteThreatIntelSetRequestMarshaller.Instance;options.ResponseUnmarshaller = DeleteThreatIntelSetResponseUnmarshaller.Instance;return Invoke<DeleteThreatIntelSetResponse>(request, options);}","public virtual DeleteThreatIntelSetResponse DeleteThreatIntelSet(DeleteThreatIntelSetRequest request){var options = new InvokeOptions();options.RequestMarshaller = DeleteThreatIntelSetRequestMarshaller.Instance;<MASKED>return Invoke<DeleteThreatIntelSetResponse>(request, options);}",options.ResponseUnmarshaller = DeleteThreatIntelSetResponseUnmarshaller.Instance;
796,java,expression_statement,"public int readDataSize() {readPlain(buffer, 0, LittleEndianConsts.SHORT_SIZE);int dataSize = LittleEndian.getUShort(buffer, 0);ccis.setNextRecordSize(dataSize);return dataSize;}","public int readDataSize() {readPlain(buffer, 0, LittleEndianConsts.SHORT_SIZE);int dataSize = LittleEndian.getUShort(buffer, 0);<MASKED>return dataSize;}",ccis.setNextRecordSize(dataSize);
797,c#,expression_statement,public int ReadDataSize(){int dataSize = _le.ReadUShort();_rc4.SkipTwoBytes();return dataSize;},public int ReadDataSize(){int dataSize = _le.ReadUShort();<MASKED>return dataSize;},_rc4.SkipTwoBytes();
798,java,expression_statement,public DeleteEndpointConfigResult deleteEndpointConfig(DeleteEndpointConfigRequest request) {request = beforeClientExecution(request);return executeDeleteEndpointConfig(request);},public DeleteEndpointConfigResult deleteEndpointConfig(DeleteEndpointConfigRequest request) {<MASKED>return executeDeleteEndpointConfig(request);},request = beforeClientExecution(request);
799,c#,expression_statement,"public virtual DeleteEndpointConfigResponse DeleteEndpointConfig(DeleteEndpointConfigRequest request){var options = new InvokeOptions();options.RequestMarshaller = DeleteEndpointConfigRequestMarshaller.Instance;options.ResponseUnmarshaller = DeleteEndpointConfigResponseUnmarshaller.Instance;return Invoke<DeleteEndpointConfigResponse>(request, options);}","public virtual DeleteEndpointConfigResponse DeleteEndpointConfig(DeleteEndpointConfigRequest request){var options = new InvokeOptions();options.RequestMarshaller = DeleteEndpointConfigRequestMarshaller.Instance;<MASKED>return Invoke<DeleteEndpointConfigResponse>(request, options);}",options.ResponseUnmarshaller = DeleteEndpointConfigResponseUnmarshaller.Instance;
800,java,expression_statement,public TabIdRecord(RecordInputStream in) {int nTabs = in.remaining() / 2;_tabids = new short[nTabs];for (int i = 0; i < _tabids.length; i++) {_tabids[i] = in.readShort();}},public TabIdRecord(RecordInputStream in) {int nTabs = in.remaining() / 2;<MASKED>for (int i = 0; i < _tabids.length; i++) {_tabids[i] = in.readShort();}},_tabids = new short[nTabs];
801,c#,expression_statement,public TabIdRecord(RecordInputStream in1){_tabids = new short[in1.Remaining / 2];for (int k = 0; k < _tabids.Length; k++){_tabids[k] = in1.ReadShort();}},public TabIdRecord(RecordInputStream in1){_tabids = new short[in1.Remaining / 2];for (int k = 0; k < _tabids.Length; k++){<MASKED>}},_tabids[k] = in1.ReadShort();
802,java,expression_statement,public DeleteTagsForDomainResult deleteTagsForDomain(DeleteTagsForDomainRequest request) {request = beforeClientExecution(request);return executeDeleteTagsForDomain(request);},public DeleteTagsForDomainResult deleteTagsForDomain(DeleteTagsForDomainRequest request) {<MASKED>return executeDeleteTagsForDomain(request);},request = beforeClientExecution(request);
803,c#,expression_statement,"public virtual DeleteTagsForDomainResponse DeleteTagsForDomain(DeleteTagsForDomainRequest request){var options = new InvokeOptions();options.RequestMarshaller = DeleteTagsForDomainRequestMarshaller.Instance;options.ResponseUnmarshaller = DeleteTagsForDomainResponseUnmarshaller.Instance;return Invoke<DeleteTagsForDomainResponse>(request, options);}","public virtual DeleteTagsForDomainResponse DeleteTagsForDomain(DeleteTagsForDomainRequest request){var options = new InvokeOptions();options.RequestMarshaller = DeleteTagsForDomainRequestMarshaller.Instance;<MASKED>return Invoke<DeleteTagsForDomainResponse>(request, options);}",options.ResponseUnmarshaller = DeleteTagsForDomainResponseUnmarshaller.Instance;
804,java,expression_statement,public SetVaultAccessPolicyResult setVaultAccessPolicy(SetVaultAccessPolicyRequest request) {request = beforeClientExecution(request);return executeSetVaultAccessPolicy(request);},public SetVaultAccessPolicyResult setVaultAccessPolicy(SetVaultAccessPolicyRequest request) {<MASKED>return executeSetVaultAccessPolicy(request);},request = beforeClientExecution(request);
805,c#,expression_statement,"public virtual SetVaultAccessPolicyResponse SetVaultAccessPolicy(SetVaultAccessPolicyRequest request){var options = new InvokeOptions();options.RequestMarshaller = SetVaultAccessPolicyRequestMarshaller.Instance;options.ResponseUnmarshaller = SetVaultAccessPolicyResponseUnmarshaller.Instance;return Invoke<SetVaultAccessPolicyResponse>(request, options);}","public virtual SetVaultAccessPolicyResponse SetVaultAccessPolicy(SetVaultAccessPolicyRequest request){var options = new InvokeOptions();<MASKED>options.ResponseUnmarshaller = SetVaultAccessPolicyResponseUnmarshaller.Instance;return Invoke<SetVaultAccessPolicyResponse>(request, options);}",options.RequestMarshaller = SetVaultAccessPolicyRequestMarshaller.Instance;
806,java,expression_statement,public GetConfigurationSetResult getConfigurationSet(GetConfigurationSetRequest request) {request = beforeClientExecution(request);return executeGetConfigurationSet(request);},public GetConfigurationSetResult getConfigurationSet(GetConfigurationSetRequest request) {<MASKED>return executeGetConfigurationSet(request);},request = beforeClientExecution(request);
807,c#,expression_statement,"public virtual GetConfigurationSetResponse GetConfigurationSet(GetConfigurationSetRequest request){var options = new InvokeOptions();options.RequestMarshaller = GetConfigurationSetRequestMarshaller.Instance;options.ResponseUnmarshaller = GetConfigurationSetResponseUnmarshaller.Instance;return Invoke<GetConfigurationSetResponse>(request, options);}","public virtual GetConfigurationSetResponse GetConfigurationSet(GetConfigurationSetRequest request){var options = new InvokeOptions();<MASKED>options.ResponseUnmarshaller = GetConfigurationSetResponseUnmarshaller.Instance;return Invoke<GetConfigurationSetResponse>(request, options);}",options.RequestMarshaller = GetConfigurationSetRequestMarshaller.Instance;
808,java,expression_statement,public ModifyInstanceGroupsResult modifyInstanceGroups(ModifyInstanceGroupsRequest request) {request = beforeClientExecution(request);return executeModifyInstanceGroups(request);},public ModifyInstanceGroupsResult modifyInstanceGroups(ModifyInstanceGroupsRequest request) {<MASKED>return executeModifyInstanceGroups(request);},request = beforeClientExecution(request);
809,c#,expression_statement,"public virtual ModifyInstanceGroupsResponse ModifyInstanceGroups(ModifyInstanceGroupsRequest request){var options = new InvokeOptions();options.RequestMarshaller = ModifyInstanceGroupsRequestMarshaller.Instance;options.ResponseUnmarshaller = ModifyInstanceGroupsResponseUnmarshaller.Instance;return Invoke<ModifyInstanceGroupsResponse>(request, options);}","public virtual ModifyInstanceGroupsResponse ModifyInstanceGroups(ModifyInstanceGroupsRequest request){var options = new InvokeOptions();<MASKED>options.ResponseUnmarshaller = ModifyInstanceGroupsResponseUnmarshaller.Instance;return Invoke<ModifyInstanceGroupsResponse>(request, options);}",options.RequestMarshaller = ModifyInstanceGroupsRequestMarshaller.Instance;
810,java,expression_statement,public DetectStackSetDriftResult detectStackSetDrift(DetectStackSetDriftRequest request) {request = beforeClientExecution(request);return executeDetectStackSetDrift(request);},public DetectStackSetDriftResult detectStackSetDrift(DetectStackSetDriftRequest request) {<MASKED>return executeDetectStackSetDrift(request);},request = beforeClientExecution(request);
811,c#,expression_statement,"public virtual DetectStackSetDriftResponse DetectStackSetDrift(DetectStackSetDriftRequest request){var options = new InvokeOptions();options.RequestMarshaller = DetectStackSetDriftRequestMarshaller.Instance;options.ResponseUnmarshaller = DetectStackSetDriftResponseUnmarshaller.Instance;return Invoke<DetectStackSetDriftResponse>(request, options);}","public virtual DetectStackSetDriftResponse DetectStackSetDrift(DetectStackSetDriftRequest request){var options = new InvokeOptions();<MASKED>options.ResponseUnmarshaller = DetectStackSetDriftResponseUnmarshaller.Instance;return Invoke<DetectStackSetDriftResponse>(request, options);}",options.RequestMarshaller = DetectStackSetDriftRequestMarshaller.Instance;
812,java,expression_statement,public StartStreamProcessorResult startStreamProcessor(StartStreamProcessorRequest request) {request = beforeClientExecution(request);return executeStartStreamProcessor(request);},public StartStreamProcessorResult startStreamProcessor(StartStreamProcessorRequest request) {<MASKED>return executeStartStreamProcessor(request);},request = beforeClientExecution(request);
813,c#,expression_statement,"public virtual StartStreamProcessorResponse StartStreamProcessor(StartStreamProcessorRequest request){var options = new InvokeOptions();options.RequestMarshaller = StartStreamProcessorRequestMarshaller.Instance;options.ResponseUnmarshaller = StartStreamProcessorResponseUnmarshaller.Instance;return Invoke<StartStreamProcessorResponse>(request, options);}","public virtual StartStreamProcessorResponse StartStreamProcessor(StartStreamProcessorRequest request){var options = new InvokeOptions();<MASKED>options.ResponseUnmarshaller = StartStreamProcessorResponseUnmarshaller.Instance;return Invoke<StartStreamProcessorResponse>(request, options);}",options.RequestMarshaller = StartStreamProcessorRequestMarshaller.Instance;
814,c#,expression_statement,"public virtual SendMessageResponse SendMessage(string queueUrl, string messageBody){var request = new SendMessageRequest();request.QueueUrl = queueUrl;request.MessageBody = messageBody;return SendMessage(request);}","public virtual SendMessageResponse SendMessage(string queueUrl, string messageBody){var request = new SendMessageRequest();request.QueueUrl = queueUrl;<MASKED>return SendMessage(request);}",request.MessageBody = messageBody;
815,java,expression_statement,"public void set(int index, long value) {final int o = index / 21;final int b = index % 21;final int shift = b * 3;blocks[o] = (blocks[o] & ~(7L << shift)) | (value << shift);}","public void set(int index, long value) {final int o = index / 21;final int b = index % 21;final int shift = b * 3;<MASKED>}",blocks[o] = (blocks[o] & ~(7L << shift)) | (value << shift);
816,c#,expression_statement,"public override void Set(int index, long value){int o = index / 21;int b = index % 21;int shift = b * 3;blocks[o] = (blocks[o] & ~(7L << shift)) | (value << shift);}","public override void Set(int index, long value){int o = index / 21;int b = index % 21;int shift = b * 3;<MASKED>}",blocks[o] = (blocks[o] & ~(7L << shift)) | (value << shift);
817,java,expression_statement,public ListTagsForResourceOutput listTagsForResource(ListTagsForResourceRequest request) {request = beforeClientExecution(request);return executeListTagsForResource(request);},public ListTagsForResourceOutput listTagsForResource(ListTagsForResourceRequest request) {<MASKED>return executeListTagsForResource(request);},request = beforeClientExecution(request);
818,c#,expression_statement,"public virtual ListTagsForResourceResponse ListTagsForResource(ListTagsForResourceRequest request){var options = new InvokeOptions();options.RequestMarshaller = ListTagsForResourceRequestMarshaller.Instance;options.ResponseUnmarshaller = ListTagsForResourceResponseUnmarshaller.Instance;return Invoke<ListTagsForResourceResponse>(request, options);}","public virtual ListTagsForResourceResponse ListTagsForResource(ListTagsForResourceRequest request){var options = new InvokeOptions();options.RequestMarshaller = ListTagsForResourceRequestMarshaller.Instance;<MASKED>return Invoke<ListTagsForResourceResponse>(request, options);}",options.ResponseUnmarshaller = ListTagsForResourceResponseUnmarshaller.Instance;
819,java,expression_statement,"public void addListenerForAllRecords(HSSFListener lsnr) {short[] rectypes = RecordFactory.getAllKnownRecordSIDs();for (short rectype : rectypes) {addListener(lsnr, rectype);}}",public void addListenerForAllRecords(HSSFListener lsnr) {short[] rectypes = RecordFactory.getAllKnownRecordSIDs();for (short rectype : rectypes) {<MASKED>}},"addListener(lsnr, rectype);"
820,c#,expression_statement,"public void AddListenerForAllRecords(IHSSFListener lsnr){short[] rectypes = RecordFactory.GetAllKnownRecordSIDs();for (int k = 0; k < rectypes.Length; k++){AddListener(lsnr, rectypes[k]);}}",public void AddListenerForAllRecords(IHSSFListener lsnr){short[] rectypes = RecordFactory.GetAllKnownRecordSIDs();for (int k = 0; k < rectypes.Length; k++){<MASKED>}},"AddListener(lsnr, rectypes[k]);"
821,java,expression_statement,public ListCompatibleImagesResult listCompatibleImages(ListCompatibleImagesRequest request) {request = beforeClientExecution(request);return executeListCompatibleImages(request);},public ListCompatibleImagesResult listCompatibleImages(ListCompatibleImagesRequest request) {<MASKED>return executeListCompatibleImages(request);},request = beforeClientExecution(request);
822,c#,expression_statement,"public virtual ListCompatibleImagesResponse ListCompatibleImages(ListCompatibleImagesRequest request){var options = new InvokeOptions();options.RequestMarshaller = ListCompatibleImagesRequestMarshaller.Instance;options.ResponseUnmarshaller = ListCompatibleImagesResponseUnmarshaller.Instance;return Invoke<ListCompatibleImagesResponse>(request, options);}","public virtual ListCompatibleImagesResponse ListCompatibleImages(ListCompatibleImagesRequest request){var options = new InvokeOptions();options.RequestMarshaller = ListCompatibleImagesRequestMarshaller.Instance;<MASKED>return Invoke<ListCompatibleImagesResponse>(request, options);}",options.ResponseUnmarshaller = ListCompatibleImagesResponseUnmarshaller.Instance;
823,java,expression_statement,public DescribeLabelingJobResult describeLabelingJob(DescribeLabelingJobRequest request) {request = beforeClientExecution(request);return executeDescribeLabelingJob(request);},public DescribeLabelingJobResult describeLabelingJob(DescribeLabelingJobRequest request) {<MASKED>return executeDescribeLabelingJob(request);},request = beforeClientExecution(request);
824,c#,expression_statement,"public virtual DescribeLabelingJobResponse DescribeLabelingJob(DescribeLabelingJobRequest request){var options = new InvokeOptions();options.RequestMarshaller = DescribeLabelingJobRequestMarshaller.Instance;options.ResponseUnmarshaller = DescribeLabelingJobResponseUnmarshaller.Instance;return Invoke<DescribeLabelingJobResponse>(request, options);}","public virtual DescribeLabelingJobResponse DescribeLabelingJob(DescribeLabelingJobRequest request){var options = new InvokeOptions();options.RequestMarshaller = DescribeLabelingJobRequestMarshaller.Instance;<MASKED>return Invoke<DescribeLabelingJobResponse>(request, options);}",options.ResponseUnmarshaller = DescribeLabelingJobResponseUnmarshaller.Instance;
825,java,expression_statement,public DeleteDBSubnetGroupResult deleteDBSubnetGroup(DeleteDBSubnetGroupRequest request) {request = beforeClientExecution(request);return executeDeleteDBSubnetGroup(request);},public DeleteDBSubnetGroupResult deleteDBSubnetGroup(DeleteDBSubnetGroupRequest request) {<MASKED>return executeDeleteDBSubnetGroup(request);},request = beforeClientExecution(request);
826,c#,expression_statement,"public virtual DeleteDBSubnetGroupResponse DeleteDBSubnetGroup(DeleteDBSubnetGroupRequest request){var options = new InvokeOptions();options.RequestMarshaller = DeleteDBSubnetGroupRequestMarshaller.Instance;options.ResponseUnmarshaller = DeleteDBSubnetGroupResponseUnmarshaller.Instance;return Invoke<DeleteDBSubnetGroupResponse>(request, options);}","public virtual DeleteDBSubnetGroupResponse DeleteDBSubnetGroup(DeleteDBSubnetGroupRequest request){var options = new InvokeOptions();options.RequestMarshaller = DeleteDBSubnetGroupRequestMarshaller.Instance;<MASKED>return Invoke<DeleteDBSubnetGroupResponse>(request, options);}",options.ResponseUnmarshaller = DeleteDBSubnetGroupResponseUnmarshaller.Instance;
827,java,expression_statement,public DeregisterGameServerResult deregisterGameServer(DeregisterGameServerRequest request) {request = beforeClientExecution(request);return executeDeregisterGameServer(request);},public DeregisterGameServerResult deregisterGameServer(DeregisterGameServerRequest request) {<MASKED>return executeDeregisterGameServer(request);},request = beforeClientExecution(request);
828,c#,expression_statement,"public virtual DeregisterGameServerResponse DeregisterGameServer(DeregisterGameServerRequest request){var options = new InvokeOptions();options.RequestMarshaller = DeregisterGameServerRequestMarshaller.Instance;options.ResponseUnmarshaller = DeregisterGameServerResponseUnmarshaller.Instance;return Invoke<DeregisterGameServerResponse>(request, options);}","public virtual DeregisterGameServerResponse DeregisterGameServer(DeregisterGameServerRequest request){var options = new InvokeOptions();<MASKED>options.ResponseUnmarshaller = DeregisterGameServerResponseUnmarshaller.Instance;return Invoke<DeregisterGameServerResponse>(request, options);}",options.RequestMarshaller = DeregisterGameServerRequestMarshaller.Instance;
829,java,expression_statement,public GetInstanceSnapshotResult getInstanceSnapshot(GetInstanceSnapshotRequest request) {request = beforeClientExecution(request);return executeGetInstanceSnapshot(request);},public GetInstanceSnapshotResult getInstanceSnapshot(GetInstanceSnapshotRequest request) {<MASKED>return executeGetInstanceSnapshot(request);},request = beforeClientExecution(request);
830,c#,expression_statement,"public virtual GetInstanceSnapshotResponse GetInstanceSnapshot(GetInstanceSnapshotRequest request){var options = new InvokeOptions();options.RequestMarshaller = GetInstanceSnapshotRequestMarshaller.Instance;options.ResponseUnmarshaller = GetInstanceSnapshotResponseUnmarshaller.Instance;return Invoke<GetInstanceSnapshotResponse>(request, options);}","public virtual GetInstanceSnapshotResponse GetInstanceSnapshot(GetInstanceSnapshotRequest request){var options = new InvokeOptions();options.RequestMarshaller = GetInstanceSnapshotRequestMarshaller.Instance;<MASKED>return Invoke<GetInstanceSnapshotResponse>(request, options);}",options.ResponseUnmarshaller = GetInstanceSnapshotResponseUnmarshaller.Instance;
831,java,expression_statement,public static void clearModels() {sentenceModels.clear();tokenizerModels.clear();posTaggerModels.clear();chunkerModels.clear();nerModels.clear();lemmaDictionaries.clear();},public static void clearModels() {sentenceModels.clear();tokenizerModels.clear();posTaggerModels.clear();<MASKED>nerModels.clear();lemmaDictionaries.clear();},chunkerModels.clear();
832,c#,expression_statement,public static void ClearModels(){sentenceModels.Clear();tokenizerModels.Clear();posTaggerModels.Clear();chunkerModels.Clear();nerModels.Clear();lemmaDictionaries.Clear();},public static void ClearModels(){sentenceModels.Clear();tokenizerModels.Clear();<MASKED>chunkerModels.Clear();nerModels.Clear();lemmaDictionaries.Clear();},posTaggerModels.Clear();
833,java,expression_statement,public FeatProtection(RecordInputStream in) {fSD = in.readInt();passwordVerifier = in.readInt();title = StringUtil.readUnicodeString(in);securityDescriptor = in.readRemainder();},public FeatProtection(RecordInputStream in) {fSD = in.readInt();passwordVerifier = in.readInt();<MASKED>securityDescriptor = in.readRemainder();},title = StringUtil.readUnicodeString(in);
834,c#,expression_statement,public FeatProtection(RecordInputStream in1){fSD = in1.ReadInt();passwordVerifier = in1.ReadInt();title = StringUtil.ReadUnicodeString(in1);securityDescriptor = in1.ReadRemainder();},public FeatProtection(RecordInputStream in1){<MASKED>passwordVerifier = in1.ReadInt();title = StringUtil.ReadUnicodeString(in1);securityDescriptor = in1.ReadRemainder();},fSD = in1.ReadInt();
835,java,expression_statement,public DeleteContactMethodResult deleteContactMethod(DeleteContactMethodRequest request) {request = beforeClientExecution(request);return executeDeleteContactMethod(request);},public DeleteContactMethodResult deleteContactMethod(DeleteContactMethodRequest request) {<MASKED>return executeDeleteContactMethod(request);},request = beforeClientExecution(request);
836,c#,expression_statement,"public virtual DeleteContactMethodResponse DeleteContactMethod(DeleteContactMethodRequest request){var options = new InvokeOptions();options.RequestMarshaller = DeleteContactMethodRequestMarshaller.Instance;options.ResponseUnmarshaller = DeleteContactMethodResponseUnmarshaller.Instance;return Invoke<DeleteContactMethodResponse>(request, options);}","public virtual DeleteContactMethodResponse DeleteContactMethod(DeleteContactMethodRequest request){var options = new InvokeOptions();options.RequestMarshaller = DeleteContactMethodRequestMarshaller.Instance;<MASKED>return Invoke<DeleteContactMethodResponse>(request, options);}",options.ResponseUnmarshaller = DeleteContactMethodResponseUnmarshaller.Instance;
837,java,expression_statement,public long ramBytesUsed() {long ramBytesUsed = postingsReader.ramBytesUsed();for (TermsReader r : fields.values()) {ramBytesUsed += r.ramBytesUsed();}return ramBytesUsed;},public long ramBytesUsed() {long ramBytesUsed = postingsReader.ramBytesUsed();for (TermsReader r : fields.values()) {<MASKED>}return ramBytesUsed;},ramBytesUsed += r.ramBytesUsed();
838,c#,expression_statement,public override long RamBytesUsed(){long ramBytesUsed = 0;foreach (TermsReader r in fields.Values){if (r.index != null){ramBytesUsed += r.index.GetSizeInBytes();ramBytesUsed += RamUsageEstimator.SizeOf(r.metaBytesBlock);ramBytesUsed += RamUsageEstimator.SizeOf(r.metaLongsBlock);ramBytesUsed += RamUsageEstimator.SizeOf(r.skipInfo);ramBytesUsed += RamUsageEstimator.SizeOf(r.statsBlock);}}return ramBytesUsed;},public override long RamBytesUsed(){long ramBytesUsed = 0;foreach (TermsReader r in fields.Values){if (r.index != null){ramBytesUsed += r.index.GetSizeInBytes();<MASKED>ramBytesUsed += RamUsageEstimator.SizeOf(r.metaLongsBlock);ramBytesUsed += RamUsageEstimator.SizeOf(r.skipInfo);ramBytesUsed += RamUsageEstimator.SizeOf(r.statsBlock);}}return ramBytesUsed;},ramBytesUsed += RamUsageEstimator.SizeOf(r.metaBytesBlock);
839,java,expression_statement,public DescribeIdentityPoolResult describeIdentityPool(DescribeIdentityPoolRequest request) {request = beforeClientExecution(request);return executeDescribeIdentityPool(request);},public DescribeIdentityPoolResult describeIdentityPool(DescribeIdentityPoolRequest request) {<MASKED>return executeDescribeIdentityPool(request);},request = beforeClientExecution(request);
840,c#,expression_statement,"public virtual DescribeIdentityPoolResponse DescribeIdentityPool(DescribeIdentityPoolRequest request){var options = new InvokeOptions();options.RequestMarshaller = DescribeIdentityPoolRequestMarshaller.Instance;options.ResponseUnmarshaller = DescribeIdentityPoolResponseUnmarshaller.Instance;return Invoke<DescribeIdentityPoolResponse>(request, options);}","public virtual DescribeIdentityPoolResponse DescribeIdentityPool(DescribeIdentityPoolRequest request){var options = new InvokeOptions();options.RequestMarshaller = DescribeIdentityPoolRequestMarshaller.Instance;<MASKED>return Invoke<DescribeIdentityPoolResponse>(request, options);}",options.ResponseUnmarshaller = DescribeIdentityPoolResponseUnmarshaller.Instance;
841,java,expression_statement,public GetDashboardEmbedUrlResult getDashboardEmbedUrl(GetDashboardEmbedUrlRequest request) {request = beforeClientExecution(request);return executeGetDashboardEmbedUrl(request);},public GetDashboardEmbedUrlResult getDashboardEmbedUrl(GetDashboardEmbedUrlRequest request) {<MASKED>return executeGetDashboardEmbedUrl(request);},request = beforeClientExecution(request);
842,c#,expression_statement,"public virtual GetDashboardEmbedUrlResponse GetDashboardEmbedUrl(GetDashboardEmbedUrlRequest request){var options = new InvokeOptions();options.RequestMarshaller = GetDashboardEmbedUrlRequestMarshaller.Instance;options.ResponseUnmarshaller = GetDashboardEmbedUrlResponseUnmarshaller.Instance;return Invoke<GetDashboardEmbedUrlResponse>(request, options);}","public virtual GetDashboardEmbedUrlResponse GetDashboardEmbedUrl(GetDashboardEmbedUrlRequest request){var options = new InvokeOptions();options.RequestMarshaller = GetDashboardEmbedUrlRequestMarshaller.Instance;<MASKED>return Invoke<GetDashboardEmbedUrlResponse>(request, options);}",options.ResponseUnmarshaller = GetDashboardEmbedUrlResponseUnmarshaller.Instance;
843,java,expression_statement,public DeleteVoiceTemplateResult deleteVoiceTemplate(DeleteVoiceTemplateRequest request) {request = beforeClientExecution(request);return executeDeleteVoiceTemplate(request);},public DeleteVoiceTemplateResult deleteVoiceTemplate(DeleteVoiceTemplateRequest request) {<MASKED>return executeDeleteVoiceTemplate(request);},request = beforeClientExecution(request);
844,c#,expression_statement,"public virtual DeleteVoiceTemplateResponse DeleteVoiceTemplate(DeleteVoiceTemplateRequest request){var options = new InvokeOptions();options.RequestMarshaller = DeleteVoiceTemplateRequestMarshaller.Instance;options.ResponseUnmarshaller = DeleteVoiceTemplateResponseUnmarshaller.Instance;return Invoke<DeleteVoiceTemplateResponse>(request, options);}","public virtual DeleteVoiceTemplateResponse DeleteVoiceTemplate(DeleteVoiceTemplateRequest request){var options = new InvokeOptions();options.RequestMarshaller = DeleteVoiceTemplateRequestMarshaller.Instance;<MASKED>return Invoke<DeleteVoiceTemplateResponse>(request, options);}",options.ResponseUnmarshaller = DeleteVoiceTemplateResponseUnmarshaller.Instance;
845,java,expression_statement,public GetIdentityPoolRolesResult getIdentityPoolRoles(GetIdentityPoolRolesRequest request) {request = beforeClientExecution(request);return executeGetIdentityPoolRoles(request);},public GetIdentityPoolRolesResult getIdentityPoolRoles(GetIdentityPoolRolesRequest request) {<MASKED>return executeGetIdentityPoolRoles(request);},request = beforeClientExecution(request);
846,c#,expression_statement,"public virtual GetIdentityPoolRolesResponse GetIdentityPoolRoles(GetIdentityPoolRolesRequest request){var options = new InvokeOptions();options.RequestMarshaller = GetIdentityPoolRolesRequestMarshaller.Instance;options.ResponseUnmarshaller = GetIdentityPoolRolesResponseUnmarshaller.Instance;return Invoke<GetIdentityPoolRolesResponse>(request, options);}","public virtual GetIdentityPoolRolesResponse GetIdentityPoolRoles(GetIdentityPoolRolesRequest request){var options = new InvokeOptions();<MASKED>options.ResponseUnmarshaller = GetIdentityPoolRolesResponseUnmarshaller.Instance;return Invoke<GetIdentityPoolRolesResponse>(request, options);}",options.RequestMarshaller = GetIdentityPoolRolesRequestMarshaller.Instance;
847,java,expression_statement,"public void removeBuiltinRecord(byte name, int sheetIndex) {NameRecord record = getSpecificBuiltinRecord(name, sheetIndex);if (record != null) {_definedNames.remove(record);}}","public void removeBuiltinRecord(byte name, int sheetIndex) {NameRecord record = getSpecificBuiltinRecord(name, sheetIndex);if (record != null) {<MASKED>}}",_definedNames.remove(record);
848,c#,expression_statement,"public void RemoveBuiltinRecord(byte name, int sheetIndex){NameRecord record = GetSpecificBuiltinRecord(name, sheetIndex);if (record != null){_definedNames.Remove(record);}}","public void RemoveBuiltinRecord(byte name, int sheetIndex){NameRecord record = GetSpecificBuiltinRecord(name, sheetIndex);if (record != null){<MASKED>}}",_definedNames.Remove(record);
849,java,expression_statement,public GetJourneyDateRangeKpiResult getJourneyDateRangeKpi(GetJourneyDateRangeKpiRequest request) {request = beforeClientExecution(request);return executeGetJourneyDateRangeKpi(request);},public GetJourneyDateRangeKpiResult getJourneyDateRangeKpi(GetJourneyDateRangeKpiRequest request) {<MASKED>return executeGetJourneyDateRangeKpi(request);},request = beforeClientExecution(request);
850,c#,expression_statement,"public virtual GetJourneyDateRangeKpiResponse GetJourneyDateRangeKpi(GetJourneyDateRangeKpiRequest request){var options = new InvokeOptions();options.RequestMarshaller = GetJourneyDateRangeKpiRequestMarshaller.Instance;options.ResponseUnmarshaller = GetJourneyDateRangeKpiResponseUnmarshaller.Instance;return Invoke<GetJourneyDateRangeKpiResponse>(request, options);}","public virtual GetJourneyDateRangeKpiResponse GetJourneyDateRangeKpi(GetJourneyDateRangeKpiRequest request){var options = new InvokeOptions();options.RequestMarshaller = GetJourneyDateRangeKpiRequestMarshaller.Instance;<MASKED>return Invoke<GetJourneyDateRangeKpiResponse>(request, options);}",options.ResponseUnmarshaller = GetJourneyDateRangeKpiResponseUnmarshaller.Instance;
851,java,expression_statement,"public static void fill(boolean[] array, int start, int end, boolean value) {Arrays.checkStartAndEnd(array.length, start, end);for (int i = start; i < end; i++) {array[i] = value;}}","public static void fill(boolean[] array, int start, int end, boolean value) {<MASKED>for (int i = start; i < end; i++) {array[i] = value;}}","Arrays.checkStartAndEnd(array.length, start, end);"
852,c#,expression_statement,"public static void fill(bool[] array, int start, int end, bool value){java.util.Arrays.checkStartAndEnd(array.Length, start, end);{for (int i = start; i < end; i++){array[i] = value;}}}","public static void fill(bool[] array, int start, int end, bool value){java.util.Arrays.checkStartAndEnd(array.Length, start, end);{for (int i = start; i < end; i++){<MASKED>}}}",array[i] = value;
853,java,expression_statement,public UpdateUserIdentityInfoResult updateUserIdentityInfo(UpdateUserIdentityInfoRequest request) {request = beforeClientExecution(request);return executeUpdateUserIdentityInfo(request);},public UpdateUserIdentityInfoResult updateUserIdentityInfo(UpdateUserIdentityInfoRequest request) {<MASKED>return executeUpdateUserIdentityInfo(request);},request = beforeClientExecution(request);
854,c#,expression_statement,"public virtual UpdateUserIdentityInfoResponse UpdateUserIdentityInfo(UpdateUserIdentityInfoRequest request){var options = new InvokeOptions();options.RequestMarshaller = UpdateUserIdentityInfoRequestMarshaller.Instance;options.ResponseUnmarshaller = UpdateUserIdentityInfoResponseUnmarshaller.Instance;return Invoke<UpdateUserIdentityInfoResponse>(request, options);}","public virtual UpdateUserIdentityInfoResponse UpdateUserIdentityInfo(UpdateUserIdentityInfoRequest request){var options = new InvokeOptions();options.RequestMarshaller = UpdateUserIdentityInfoRequestMarshaller.Instance;<MASKED>return Invoke<UpdateUserIdentityInfoResponse>(request, options);}",options.ResponseUnmarshaller = UpdateUserIdentityInfoResponseUnmarshaller.Instance;
855,java,expression_statement,"public void trimToSize() {balance();redimNodeArrays(freenode);CharVector kx = new CharVector();kx.alloc(1);TernaryTree map = new TernaryTree();compact(kx, map, root);kv = kx;kv.trimToSize();}",public void trimToSize() {balance();redimNodeArrays(freenode);CharVector kx = new CharVector();kx.alloc(1);TernaryTree map = new TernaryTree();<MASKED>kv = kx;kv.trimToSize();},"compact(kx, map, root);"
856,c#,expression_statement,"public virtual void TrimToSize(){Balance();RedimNodeArrays(m_freenode);CharVector kx = new CharVector();kx.Alloc(1);TernaryTree map = new TernaryTree();Compact(kx, map, m_root);m_kv = kx;m_kv.TrimToSize();}","public virtual void TrimToSize(){Balance();RedimNodeArrays(m_freenode);CharVector kx = new CharVector();kx.Alloc(1);TernaryTree map = new TernaryTree();Compact(kx, map, m_root);m_kv = kx;<MASKED>}",m_kv.TrimToSize();
857,java,expression_statement,"public CharBuffer compact() {System.arraycopy(backingArray, position + offset, backingArray, offset, remaining());position = limit - position;limit = capacity;mark = UNSET_MARK;return this;}","public CharBuffer compact() {System.arraycopy(backingArray, position + offset, backingArray, offset, remaining());<MASKED>limit = capacity;mark = UNSET_MARK;return this;}",position = limit - position;
858,c#,expression_statement,"public override java.nio.CharBuffer compact(){System.Array.Copy(backingArray, _position + offset, backingArray, offset, remaining());_position = _limit - _position;_limit = _capacity;_mark = UNSET_MARK;return this;}","public override java.nio.CharBuffer compact(){System.Array.Copy(backingArray, _position + offset, backingArray, offset, remaining());_position = _limit - _position;_limit = _capacity;<MASKED>return this;}",_mark = UNSET_MARK;
859,java,expression_statement,public ListBatchInferenceJobsResult listBatchInferenceJobs(ListBatchInferenceJobsRequest request) {request = beforeClientExecution(request);return executeListBatchInferenceJobs(request);},public ListBatchInferenceJobsResult listBatchInferenceJobs(ListBatchInferenceJobsRequest request) {<MASKED>return executeListBatchInferenceJobs(request);},request = beforeClientExecution(request);
860,c#,expression_statement,"public virtual ListBatchInferenceJobsResponse ListBatchInferenceJobs(ListBatchInferenceJobsRequest request){var options = new InvokeOptions();options.RequestMarshaller = ListBatchInferenceJobsRequestMarshaller.Instance;options.ResponseUnmarshaller = ListBatchInferenceJobsResponseUnmarshaller.Instance;return Invoke<ListBatchInferenceJobsResponse>(request, options);}","public virtual ListBatchInferenceJobsResponse ListBatchInferenceJobs(ListBatchInferenceJobsRequest request){var options = new InvokeOptions();<MASKED>options.ResponseUnmarshaller = ListBatchInferenceJobsResponseUnmarshaller.Instance;return Invoke<ListBatchInferenceJobsResponse>(request, options);}",options.RequestMarshaller = ListBatchInferenceJobsRequestMarshaller.Instance;
861,java,expression_statement,"public void insert(char[] key, int start, char val) {int len = strlen(key) + 1;if (freenode + len > eq.length) {redimNodeArrays(eq.length + BLOCK_SIZE);}root = insert(root, key, start, val);}","public void insert(char[] key, int start, char val) {int len = strlen(key) + 1;if (freenode + len > eq.length) {redimNodeArrays(eq.length + BLOCK_SIZE);}<MASKED>}","root = insert(root, key, start, val);"
862,c#,expression_statement,"public virtual void Insert(char[] key, int start, char val){int len = StrLen(key) + 1;if (m_freenode + len > m_eq.Length){RedimNodeArrays(m_eq.Length + BLOCK_SIZE);}m_root = Insert(m_root, key, start, val);}","public virtual void Insert(char[] key, int start, char val){int len = StrLen(key) + 1;if (m_freenode + len > m_eq.Length){<MASKED>}m_root = Insert(m_root, key, start, val);}",RedimNodeArrays(m_eq.Length + BLOCK_SIZE);
863,java,expression_statement,public void removeCell(CellValueRecordInterface cvRec) {if (cvRec instanceof FormulaRecordAggregate) {((FormulaRecordAggregate)cvRec).notifyFormulaChanging();}_valuesAgg.removeCell(cvRec);},public void removeCell(CellValueRecordInterface cvRec) {if (cvRec instanceof FormulaRecordAggregate) {((FormulaRecordAggregate)cvRec).notifyFormulaChanging();}<MASKED>},_valuesAgg.removeCell(cvRec);
864,c#,expression_statement,public void RemoveCell(CellValueRecordInterface cvRec){if (cvRec is FormulaRecordAggregate){((FormulaRecordAggregate)cvRec).NotifyFormulaChanging();}_valuesAgg.RemoveCell(cvRec);},public void RemoveCell(CellValueRecordInterface cvRec){if (cvRec is FormulaRecordAggregate){<MASKED>}_valuesAgg.RemoveCell(cvRec);},((FormulaRecordAggregate)cvRec).NotifyFormulaChanging();
865,java,expression_statement,"public final int serialize(int offset, byte[] data) {SerializingRecordVisitor srv = new SerializingRecordVisitor(data, offset);visitContainedRecords(srv);return srv.countBytesWritten();}","public final int serialize(int offset, byte[] data) {SerializingRecordVisitor srv = new SerializingRecordVisitor(data, offset);<MASKED>return srv.countBytesWritten();}",visitContainedRecords(srv);
866,c#,expression_statement,"public override int Serialize(int offset, byte[] data){SerializingRecordVisitor srv = new SerializingRecordVisitor(data, offset);VisitContainedRecords(srv);return srv.CountBytesWritten();}","public override int Serialize(int offset, byte[] data){SerializingRecordVisitor srv = new SerializingRecordVisitor(data, offset);<MASKED>return srv.CountBytesWritten();}",VisitContainedRecords(srv);
867,java,expression_statement,public DisassociateMembershipResult disassociateMembership(DisassociateMembershipRequest request) {request = beforeClientExecution(request);return executeDisassociateMembership(request);},public DisassociateMembershipResult disassociateMembership(DisassociateMembershipRequest request) {<MASKED>return executeDisassociateMembership(request);},request = beforeClientExecution(request);
868,c#,expression_statement,"public virtual DisassociateMembershipResponse DisassociateMembership(DisassociateMembershipRequest request){var options = new InvokeOptions();options.RequestMarshaller = DisassociateMembershipRequestMarshaller.Instance;options.ResponseUnmarshaller = DisassociateMembershipResponseUnmarshaller.Instance;return Invoke<DisassociateMembershipResponse>(request, options);}","public virtual DisassociateMembershipResponse DisassociateMembership(DisassociateMembershipRequest request){var options = new InvokeOptions();options.RequestMarshaller = DisassociateMembershipRequestMarshaller.Instance;<MASKED>return Invoke<DisassociateMembershipResponse>(request, options);}",options.ResponseUnmarshaller = DisassociateMembershipResponseUnmarshaller.Instance;
869,java,expression_statement,public ListTypeRegistrationsResult listTypeRegistrations(ListTypeRegistrationsRequest request) {request = beforeClientExecution(request);return executeListTypeRegistrations(request);},public ListTypeRegistrationsResult listTypeRegistrations(ListTypeRegistrationsRequest request) {<MASKED>return executeListTypeRegistrations(request);},request = beforeClientExecution(request);
870,c#,expression_statement,"public virtual ListTypeRegistrationsResponse ListTypeRegistrations(ListTypeRegistrationsRequest request){var options = new InvokeOptions();options.RequestMarshaller = ListTypeRegistrationsRequestMarshaller.Instance;options.ResponseUnmarshaller = ListTypeRegistrationsResponseUnmarshaller.Instance;return Invoke<ListTypeRegistrationsResponse>(request, options);}","public virtual ListTypeRegistrationsResponse ListTypeRegistrations(ListTypeRegistrationsRequest request){var options = new InvokeOptions();<MASKED>options.ResponseUnmarshaller = ListTypeRegistrationsResponseUnmarshaller.Instance;return Invoke<ListTypeRegistrationsResponse>(request, options);}",options.RequestMarshaller = ListTypeRegistrationsRequestMarshaller.Instance;
871,java,expression_statement,public DescribeConfigurationResult describeConfiguration(DescribeConfigurationRequest request) {request = beforeClientExecution(request);return executeDescribeConfiguration(request);},public DescribeConfigurationResult describeConfiguration(DescribeConfigurationRequest request) {<MASKED>return executeDescribeConfiguration(request);},request = beforeClientExecution(request);
872,c#,expression_statement,"public virtual DescribeConfigurationResponse DescribeConfiguration(DescribeConfigurationRequest request){var options = new InvokeOptions();options.RequestMarshaller = DescribeConfigurationRequestMarshaller.Instance;options.ResponseUnmarshaller = DescribeConfigurationResponseUnmarshaller.Instance;return Invoke<DescribeConfigurationResponse>(request, options);}","public virtual DescribeConfigurationResponse DescribeConfiguration(DescribeConfigurationRequest request){var options = new InvokeOptions();options.RequestMarshaller = DescribeConfigurationRequestMarshaller.Instance;<MASKED>return Invoke<DescribeConfigurationResponse>(request, options);}",options.ResponseUnmarshaller = DescribeConfigurationResponseUnmarshaller.Instance;
873,java,expression_statement,public GetApplicationRevisionResult getApplicationRevision(GetApplicationRevisionRequest request) {request = beforeClientExecution(request);return executeGetApplicationRevision(request);},public GetApplicationRevisionResult getApplicationRevision(GetApplicationRevisionRequest request) {<MASKED>return executeGetApplicationRevision(request);},request = beforeClientExecution(request);
874,c#,expression_statement,"public virtual GetApplicationRevisionResponse GetApplicationRevision(GetApplicationRevisionRequest request){var options = new InvokeOptions();options.RequestMarshaller = GetApplicationRevisionRequestMarshaller.Instance;options.ResponseUnmarshaller = GetApplicationRevisionResponseUnmarshaller.Instance;return Invoke<GetApplicationRevisionResponse>(request, options);}","public virtual GetApplicationRevisionResponse GetApplicationRevision(GetApplicationRevisionRequest request){var options = new InvokeOptions();options.RequestMarshaller = GetApplicationRevisionRequestMarshaller.Instance;<MASKED>return Invoke<GetApplicationRevisionResponse>(request, options);}",options.ResponseUnmarshaller = GetApplicationRevisionResponseUnmarshaller.Instance;
875,java,expression_statement,public DeleteGameServerGroupResult deleteGameServerGroup(DeleteGameServerGroupRequest request) {request = beforeClientExecution(request);return executeDeleteGameServerGroup(request);},public DeleteGameServerGroupResult deleteGameServerGroup(DeleteGameServerGroupRequest request) {<MASKED>return executeDeleteGameServerGroup(request);},request = beforeClientExecution(request);
876,c#,expression_statement,"public virtual DeleteGameServerGroupResponse DeleteGameServerGroup(DeleteGameServerGroupRequest request){var options = new InvokeOptions();options.RequestMarshaller = DeleteGameServerGroupRequestMarshaller.Instance;options.ResponseUnmarshaller = DeleteGameServerGroupResponseUnmarshaller.Instance;return Invoke<DeleteGameServerGroupResponse>(request, options);}","public virtual DeleteGameServerGroupResponse DeleteGameServerGroup(DeleteGameServerGroupRequest request){var options = new InvokeOptions();options.RequestMarshaller = DeleteGameServerGroupRequestMarshaller.Instance;<MASKED>return Invoke<DeleteGameServerGroupResponse>(request, options);}",options.ResponseUnmarshaller = DeleteGameServerGroupResponseUnmarshaller.Instance;
877,java,expression_statement,"public Builder() {PositiveIntOutputs outputs = PositiveIntOutputs.getSingleton();fstCompiler = new FSTCompiler<>(FST.INPUT_TYPE.BYTE1, outputs);scratchInts = new IntsRefBuilder();}","public Builder() {PositiveIntOutputs outputs = PositiveIntOutputs.getSingleton();fstCompiler = new FSTCompiler<>(FST.INPUT_TYPE.BYTE1, outputs);<MASKED>}",scratchInts = new IntsRefBuilder();
878,c#,expression_statement,public Builder(){data = new GrowableByteArrayDataOutput(128);bufferSize = 0;previousDoc = -1;indexInterval = 2;cardinality = 0;numBlocks = 0;},public Builder(){data = new GrowableByteArrayDataOutput(128);bufferSize = 0;<MASKED>indexInterval = 2;cardinality = 0;numBlocks = 0;},previousDoc = -1;
879,java,expression_statement,public UpdateFleetPortSettingsResult updateFleetPortSettings(UpdateFleetPortSettingsRequest request) {request = beforeClientExecution(request);return executeUpdateFleetPortSettings(request);},public UpdateFleetPortSettingsResult updateFleetPortSettings(UpdateFleetPortSettingsRequest request) {<MASKED>return executeUpdateFleetPortSettings(request);},request = beforeClientExecution(request);
880,c#,expression_statement,"public virtual UpdateFleetPortSettingsResponse UpdateFleetPortSettings(UpdateFleetPortSettingsRequest request){var options = new InvokeOptions();options.RequestMarshaller = UpdateFleetPortSettingsRequestMarshaller.Instance;options.ResponseUnmarshaller = UpdateFleetPortSettingsResponseUnmarshaller.Instance;return Invoke<UpdateFleetPortSettingsResponse>(request, options);}","public virtual UpdateFleetPortSettingsResponse UpdateFleetPortSettings(UpdateFleetPortSettingsRequest request){var options = new InvokeOptions();<MASKED>options.ResponseUnmarshaller = UpdateFleetPortSettingsResponseUnmarshaller.Instance;return Invoke<UpdateFleetPortSettingsResponse>(request, options);}",options.RequestMarshaller = UpdateFleetPortSettingsRequestMarshaller.Instance;
881,java,expression_statement,public UpdateNodegroupVersionResult updateNodegroupVersion(UpdateNodegroupVersionRequest request) {request = beforeClientExecution(request);return executeUpdateNodegroupVersion(request);},public UpdateNodegroupVersionResult updateNodegroupVersion(UpdateNodegroupVersionRequest request) {<MASKED>return executeUpdateNodegroupVersion(request);},request = beforeClientExecution(request);
882,c#,expression_statement,"public virtual UpdateNodegroupVersionResponse UpdateNodegroupVersion(UpdateNodegroupVersionRequest request){var options = new InvokeOptions();options.RequestMarshaller = UpdateNodegroupVersionRequestMarshaller.Instance;options.ResponseUnmarshaller = UpdateNodegroupVersionResponseUnmarshaller.Instance;return Invoke<UpdateNodegroupVersionResponse>(request, options);}","public virtual UpdateNodegroupVersionResponse UpdateNodegroupVersion(UpdateNodegroupVersionRequest request){var options = new InvokeOptions();<MASKED>options.ResponseUnmarshaller = UpdateNodegroupVersionResponseUnmarshaller.Instance;return Invoke<UpdateNodegroupVersionResponse>(request, options);}",options.RequestMarshaller = UpdateNodegroupVersionRequestMarshaller.Instance;
883,java,expression_statement,public ModifySnapshotScheduleResult modifySnapshotSchedule(ModifySnapshotScheduleRequest request) {request = beforeClientExecution(request);return executeModifySnapshotSchedule(request);},public ModifySnapshotScheduleResult modifySnapshotSchedule(ModifySnapshotScheduleRequest request) {<MASKED>return executeModifySnapshotSchedule(request);},request = beforeClientExecution(request);
884,c#,expression_statement,"public virtual ModifySnapshotScheduleResponse ModifySnapshotSchedule(ModifySnapshotScheduleRequest request){var options = new InvokeOptions();options.RequestMarshaller = ModifySnapshotScheduleRequestMarshaller.Instance;options.ResponseUnmarshaller = ModifySnapshotScheduleResponseUnmarshaller.Instance;return Invoke<ModifySnapshotScheduleResponse>(request, options);}","public virtual ModifySnapshotScheduleResponse ModifySnapshotSchedule(ModifySnapshotScheduleRequest request){var options = new InvokeOptions();<MASKED>options.ResponseUnmarshaller = ModifySnapshotScheduleResponseUnmarshaller.Instance;return Invoke<ModifySnapshotScheduleResponse>(request, options);}",options.RequestMarshaller = ModifySnapshotScheduleRequestMarshaller.Instance;
885,java,expression_statement,public DescribeTransitGatewaysResult describeTransitGateways(DescribeTransitGatewaysRequest request) {request = beforeClientExecution(request);return executeDescribeTransitGateways(request);},public DescribeTransitGatewaysResult describeTransitGateways(DescribeTransitGatewaysRequest request) {<MASKED>return executeDescribeTransitGateways(request);},request = beforeClientExecution(request);
886,c#,expression_statement,"public virtual DescribeTransitGatewaysResponse DescribeTransitGateways(DescribeTransitGatewaysRequest request){var options = new InvokeOptions();options.RequestMarshaller = DescribeTransitGatewaysRequestMarshaller.Instance;options.ResponseUnmarshaller = DescribeTransitGatewaysResponseUnmarshaller.Instance;return Invoke<DescribeTransitGatewaysResponse>(request, options);}","public virtual DescribeTransitGatewaysResponse DescribeTransitGateways(DescribeTransitGatewaysRequest request){var options = new InvokeOptions();options.RequestMarshaller = DescribeTransitGatewaysRequestMarshaller.Instance;<MASKED>return Invoke<DescribeTransitGatewaysResponse>(request, options);}",options.ResponseUnmarshaller = DescribeTransitGatewaysResponseUnmarshaller.Instance;
887,java,string_literal,"public ExternalName getExternalName(String nameName, String sheetName, int externalWorkbookNumber) {throw new IllegalStateException(""XSSF-style external names are not supported for HSSF"");}","public ExternalName getExternalName(String nameName, String sheetName, int externalWorkbookNumber) {throw new IllegalStateException(<MASKED>);}","""XSSF-style external names are not supported for HSSF"""
888,c#,string_literal,"public ExternalName GetExternalName(String nameName, String sheetName, int externalWorkbookNumber){throw new InvalidOperationException(""XSSF-style external names are not supported for HSSF"");}","public ExternalName GetExternalName(String nameName, String sheetName, int externalWorkbookNumber){throw new InvalidOperationException(<MASKED>);}","""XSSF-style external names are not supported for HSSF"""
889,java,expression_statement,public ListDatasetImportJobsResult listDatasetImportJobs(ListDatasetImportJobsRequest request) {request = beforeClientExecution(request);return executeListDatasetImportJobs(request);},public ListDatasetImportJobsResult listDatasetImportJobs(ListDatasetImportJobsRequest request) {<MASKED>return executeListDatasetImportJobs(request);},request = beforeClientExecution(request);
890,c#,expression_statement,"public virtual ListDatasetImportJobsResponse ListDatasetImportJobs(ListDatasetImportJobsRequest request){var options = new InvokeOptions();options.RequestMarshaller = ListDatasetImportJobsRequestMarshaller.Instance;options.ResponseUnmarshaller = ListDatasetImportJobsResponseUnmarshaller.Instance;return Invoke<ListDatasetImportJobsResponse>(request, options);}","public virtual ListDatasetImportJobsResponse ListDatasetImportJobs(ListDatasetImportJobsRequest request){var options = new InvokeOptions();<MASKED>options.ResponseUnmarshaller = ListDatasetImportJobsResponseUnmarshaller.Instance;return Invoke<ListDatasetImportJobsResponse>(request, options);}",options.RequestMarshaller = ListDatasetImportJobsRequestMarshaller.Instance;
891,java,expression_statement,public DescribeVolumeAttributeResult describeVolumeAttribute(DescribeVolumeAttributeRequest request) {request = beforeClientExecution(request);return executeDescribeVolumeAttribute(request);},public DescribeVolumeAttributeResult describeVolumeAttribute(DescribeVolumeAttributeRequest request) {<MASKED>return executeDescribeVolumeAttribute(request);},request = beforeClientExecution(request);
892,c#,expression_statement,"public virtual DescribeVolumeAttributeResponse DescribeVolumeAttribute(DescribeVolumeAttributeRequest request){var options = new InvokeOptions();options.RequestMarshaller = DescribeVolumeAttributeRequestMarshaller.Instance;options.ResponseUnmarshaller = DescribeVolumeAttributeResponseUnmarshaller.Instance;return Invoke<DescribeVolumeAttributeResponse>(request, options);}","public virtual DescribeVolumeAttributeResponse DescribeVolumeAttribute(DescribeVolumeAttributeRequest request){var options = new InvokeOptions();<MASKED>options.ResponseUnmarshaller = DescribeVolumeAttributeResponseUnmarshaller.Instance;return Invoke<DescribeVolumeAttributeResponse>(request, options);}",options.RequestMarshaller = DescribeVolumeAttributeRequestMarshaller.Instance;
893,java,expression_statement,public OpenInstancePublicPortsResult openInstancePublicPorts(OpenInstancePublicPortsRequest request) {request = beforeClientExecution(request);return executeOpenInstancePublicPorts(request);},public OpenInstancePublicPortsResult openInstancePublicPorts(OpenInstancePublicPortsRequest request) {<MASKED>return executeOpenInstancePublicPorts(request);},request = beforeClientExecution(request);
894,c#,expression_statement,"public virtual OpenInstancePublicPortsResponse OpenInstancePublicPorts(OpenInstancePublicPortsRequest request){var options = new InvokeOptions();options.RequestMarshaller = OpenInstancePublicPortsRequestMarshaller.Instance;options.ResponseUnmarshaller = OpenInstancePublicPortsResponseUnmarshaller.Instance;return Invoke<OpenInstancePublicPortsResponse>(request, options);}","public virtual OpenInstancePublicPortsResponse OpenInstancePublicPorts(OpenInstancePublicPortsRequest request){var options = new InvokeOptions();options.RequestMarshaller = OpenInstancePublicPortsRequestMarshaller.Instance;<MASKED>return Invoke<OpenInstancePublicPortsResponse>(request, options);}",options.ResponseUnmarshaller = OpenInstancePublicPortsResponseUnmarshaller.Instance;
895,java,expression_statement,public DeleteGatewayResponseResult deleteGatewayResponse(DeleteGatewayResponseRequest request) {request = beforeClientExecution(request);return executeDeleteGatewayResponse(request);},public DeleteGatewayResponseResult deleteGatewayResponse(DeleteGatewayResponseRequest request) {<MASKED>return executeDeleteGatewayResponse(request);},request = beforeClientExecution(request);
896,c#,expression_statement,"public virtual DeleteGatewayResponseResponse DeleteGatewayResponse(DeleteGatewayResponseRequest request){var options = new InvokeOptions();options.RequestMarshaller = DeleteGatewayResponseRequestMarshaller.Instance;options.ResponseUnmarshaller = DeleteGatewayResponseResponseUnmarshaller.Instance;return Invoke<DeleteGatewayResponseResponse>(request, options);}","public virtual DeleteGatewayResponseResponse DeleteGatewayResponse(DeleteGatewayResponseRequest request){var options = new InvokeOptions();options.RequestMarshaller = DeleteGatewayResponseRequestMarshaller.Instance;<MASKED>return Invoke<DeleteGatewayResponseResponse>(request, options);}",options.ResponseUnmarshaller = DeleteGatewayResponseResponseUnmarshaller.Instance;
897,java,expression_statement,public ResetEbsDefaultKmsKeyIdResult resetEbsDefaultKmsKeyId(ResetEbsDefaultKmsKeyIdRequest request) {request = beforeClientExecution(request);return executeResetEbsDefaultKmsKeyId(request);},public ResetEbsDefaultKmsKeyIdResult resetEbsDefaultKmsKeyId(ResetEbsDefaultKmsKeyIdRequest request) {<MASKED>return executeResetEbsDefaultKmsKeyId(request);},request = beforeClientExecution(request);
898,c#,expression_statement,"public virtual ResetEbsDefaultKmsKeyIdResponse ResetEbsDefaultKmsKeyId(ResetEbsDefaultKmsKeyIdRequest request){var options = new InvokeOptions();options.RequestMarshaller = ResetEbsDefaultKmsKeyIdRequestMarshaller.Instance;options.ResponseUnmarshaller = ResetEbsDefaultKmsKeyIdResponseUnmarshaller.Instance;return Invoke<ResetEbsDefaultKmsKeyIdResponse>(request, options);}","public virtual ResetEbsDefaultKmsKeyIdResponse ResetEbsDefaultKmsKeyId(ResetEbsDefaultKmsKeyIdRequest request){var options = new InvokeOptions();options.RequestMarshaller = ResetEbsDefaultKmsKeyIdRequestMarshaller.Instance;<MASKED>return Invoke<ResetEbsDefaultKmsKeyIdResponse>(request, options);}",options.ResponseUnmarshaller = ResetEbsDefaultKmsKeyIdResponseUnmarshaller.Instance;
899,java,expression_statement,public PageBreakRecord(RecordInputStream in) {final int nBreaks = in.readShort();_breaks.ensureCapacity(nBreaks + 2);for(int k = 0; k < nBreaks; k++) {_breaks.add(new Break(in));}initMap();},public PageBreakRecord(RecordInputStream in) {final int nBreaks = in.readShort();_breaks.ensureCapacity(nBreaks + 2);for(int k = 0; k < nBreaks; k++) {<MASKED>}initMap();},_breaks.add(new Break(in));
900,c#,expression_statement,public PageBreakRecord(RecordInputStream in1){int nBreaks = in1.ReadShort();_breaks = new List<Break>(nBreaks + 2);_breakMap = new Hashtable();for (int k = 0; k < nBreaks; k++){Break br = new Break(in1);_breaks.Add(br);_breakMap[br.main] = br;}},public PageBreakRecord(RecordInputStream in1){int nBreaks = in1.ReadShort();_breaks = new List<Break>(nBreaks + 2);<MASKED>for (int k = 0; k < nBreaks; k++){Break br = new Break(in1);_breaks.Add(br);_breakMap[br.main] = br;}},_breakMap = new Hashtable();
901,java,expression_statement,public DeleteDirectoryConfigResult deleteDirectoryConfig(DeleteDirectoryConfigRequest request) {request = beforeClientExecution(request);return executeDeleteDirectoryConfig(request);},public DeleteDirectoryConfigResult deleteDirectoryConfig(DeleteDirectoryConfigRequest request) {<MASKED>return executeDeleteDirectoryConfig(request);},request = beforeClientExecution(request);
902,c#,expression_statement,"public virtual DeleteDirectoryConfigResponse DeleteDirectoryConfig(DeleteDirectoryConfigRequest request){var options = new InvokeOptions();options.RequestMarshaller = DeleteDirectoryConfigRequestMarshaller.Instance;options.ResponseUnmarshaller = DeleteDirectoryConfigResponseUnmarshaller.Instance;return Invoke<DeleteDirectoryConfigResponse>(request, options);}","public virtual DeleteDirectoryConfigResponse DeleteDirectoryConfig(DeleteDirectoryConfigRequest request){var options = new InvokeOptions();options.RequestMarshaller = DeleteDirectoryConfigRequestMarshaller.Instance;<MASKED>return Invoke<DeleteDirectoryConfigResponse>(request, options);}",options.ResponseUnmarshaller = DeleteDirectoryConfigResponseUnmarshaller.Instance;
903,java,expression_statement,public CreateLifecyclePolicyResult createLifecyclePolicy(CreateLifecyclePolicyRequest request) {request = beforeClientExecution(request);return executeCreateLifecyclePolicy(request);},public CreateLifecyclePolicyResult createLifecyclePolicy(CreateLifecyclePolicyRequest request) {<MASKED>return executeCreateLifecyclePolicy(request);},request = beforeClientExecution(request);
904,c#,expression_statement,"public virtual CreateLifecyclePolicyResponse CreateLifecyclePolicy(CreateLifecyclePolicyRequest request){var options = new InvokeOptions();options.RequestMarshaller = CreateLifecyclePolicyRequestMarshaller.Instance;options.ResponseUnmarshaller = CreateLifecyclePolicyResponseUnmarshaller.Instance;return Invoke<CreateLifecyclePolicyResponse>(request, options);}","public virtual CreateLifecyclePolicyResponse CreateLifecyclePolicy(CreateLifecyclePolicyRequest request){var options = new InvokeOptions();<MASKED>options.ResponseUnmarshaller = CreateLifecyclePolicyResponseUnmarshaller.Instance;return Invoke<CreateLifecyclePolicyResponse>(request, options);}",options.RequestMarshaller = CreateLifecyclePolicyRequestMarshaller.Instance;
905,java,expression_statement,"public FileDictionary(InputStream dictFile, String fieldDelimiter) {in = new BufferedReader(IOUtils.getDecodingReader(dictFile, StandardCharsets.UTF_8));this.fieldDelimiter = fieldDelimiter;}","public FileDictionary(InputStream dictFile, String fieldDelimiter) {<MASKED>this.fieldDelimiter = fieldDelimiter;}","in = new BufferedReader(IOUtils.getDecodingReader(dictFile, StandardCharsets.UTF_8));"
906,c#,expression_statement,"public FileDictionary(Stream dictFile, string fieldDelimiter){@in = IOUtils.GetDecodingReader(dictFile, Encoding.UTF8);this.fieldDelimiter = fieldDelimiter;}","public FileDictionary(Stream dictFile, string fieldDelimiter){<MASKED>this.fieldDelimiter = fieldDelimiter;}","@in = IOUtils.GetDecodingReader(dictFile, Encoding.UTF8);"
907,java,expression_statement,public DeleteGroupMembershipResult deleteGroupMembership(DeleteGroupMembershipRequest request) {request = beforeClientExecution(request);return executeDeleteGroupMembership(request);},public DeleteGroupMembershipResult deleteGroupMembership(DeleteGroupMembershipRequest request) {<MASKED>return executeDeleteGroupMembership(request);},request = beforeClientExecution(request);
908,c#,expression_statement,"public virtual DeleteGroupMembershipResponse DeleteGroupMembership(DeleteGroupMembershipRequest request){var options = new InvokeOptions();options.RequestMarshaller = DeleteGroupMembershipRequestMarshaller.Instance;options.ResponseUnmarshaller = DeleteGroupMembershipResponseUnmarshaller.Instance;return Invoke<DeleteGroupMembershipResponse>(request, options);}","public virtual DeleteGroupMembershipResponse DeleteGroupMembership(DeleteGroupMembershipRequest request){var options = new InvokeOptions();<MASKED>options.ResponseUnmarshaller = DeleteGroupMembershipResponseUnmarshaller.Instance;return Invoke<DeleteGroupMembershipResponse>(request, options);}",options.RequestMarshaller = DeleteGroupMembershipRequestMarshaller.Instance;
909,java,expression_statement,public DBInstance createDBInstanceReadReplica(CreateDBInstanceReadReplicaRequest request) {request = beforeClientExecution(request);return executeCreateDBInstanceReadReplica(request);},public DBInstance createDBInstanceReadReplica(CreateDBInstanceReadReplicaRequest request) {<MASKED>return executeCreateDBInstanceReadReplica(request);},request = beforeClientExecution(request);
910,c#,expression_statement,"public virtual CreateDBInstanceReadReplicaResponse CreateDBInstanceReadReplica(CreateDBInstanceReadReplicaRequest request){var options = new InvokeOptions();options.RequestMarshaller = CreateDBInstanceReadReplicaRequestMarshaller.Instance;options.ResponseUnmarshaller = CreateDBInstanceReadReplicaResponseUnmarshaller.Instance;return Invoke<CreateDBInstanceReadReplicaResponse>(request, options);}","public virtual CreateDBInstanceReadReplicaResponse CreateDBInstanceReadReplica(CreateDBInstanceReadReplicaRequest request){var options = new InvokeOptions();<MASKED>options.ResponseUnmarshaller = CreateDBInstanceReadReplicaResponseUnmarshaller.Instance;return Invoke<CreateDBInstanceReadReplicaResponse>(request, options);}",options.RequestMarshaller = CreateDBInstanceReadReplicaRequestMarshaller.Instance;
911,java,expression_statement,"public GroupingSearch setCachingInMB(double maxCacheRAMMB, boolean cacheScores) {this.maxCacheRAMMB = maxCacheRAMMB;this.maxDocsToCache = null;this.cacheScores = cacheScores;return this;}","public GroupingSearch setCachingInMB(double maxCacheRAMMB, boolean cacheScores) {<MASKED>this.maxDocsToCache = null;this.cacheScores = cacheScores;return this;}",this.maxCacheRAMMB = maxCacheRAMMB;
912,c#,expression_statement,"public virtual GroupingSearch SetCachingInMB(double maxCacheRAMMB, bool cacheScores){this.maxCacheRAMMB = maxCacheRAMMB;this.maxDocsToCache = null;this.cacheScores = cacheScores;return this;}","public virtual GroupingSearch SetCachingInMB(double maxCacheRAMMB, bool cacheScores){this.maxCacheRAMMB = maxCacheRAMMB;<MASKED>this.cacheScores = cacheScores;return this;}",this.maxDocsToCache = null;
913,java,expression_statement,public StartMonitoringMembersResult startMonitoringMembers(StartMonitoringMembersRequest request) {request = beforeClientExecution(request);return executeStartMonitoringMembers(request);},public StartMonitoringMembersResult startMonitoringMembers(StartMonitoringMembersRequest request) {<MASKED>return executeStartMonitoringMembers(request);},request = beforeClientExecution(request);
914,c#,expression_statement,"public virtual StartMonitoringMembersResponse StartMonitoringMembers(StartMonitoringMembersRequest request){var options = new InvokeOptions();options.RequestMarshaller = StartMonitoringMembersRequestMarshaller.Instance;options.ResponseUnmarshaller = StartMonitoringMembersResponseUnmarshaller.Instance;return Invoke<StartMonitoringMembersResponse>(request, options);}","public virtual StartMonitoringMembersResponse StartMonitoringMembers(StartMonitoringMembersRequest request){var options = new InvokeOptions();options.RequestMarshaller = StartMonitoringMembersRequestMarshaller.Instance;<MASKED>return Invoke<StartMonitoringMembersResponse>(request, options);}",options.ResponseUnmarshaller = StartMonitoringMembersResponseUnmarshaller.Instance;
915,java,expression_statement,public ListSmartHomeAppliancesResult listSmartHomeAppliances(ListSmartHomeAppliancesRequest request) {request = beforeClientExecution(request);return executeListSmartHomeAppliances(request);},public ListSmartHomeAppliancesResult listSmartHomeAppliances(ListSmartHomeAppliancesRequest request) {<MASKED>return executeListSmartHomeAppliances(request);},request = beforeClientExecution(request);
916,c#,expression_statement,"public virtual ListSmartHomeAppliancesResponse ListSmartHomeAppliances(ListSmartHomeAppliancesRequest request){var options = new InvokeOptions();options.RequestMarshaller = ListSmartHomeAppliancesRequestMarshaller.Instance;options.ResponseUnmarshaller = ListSmartHomeAppliancesResponseUnmarshaller.Instance;return Invoke<ListSmartHomeAppliancesResponse>(request, options);}","public virtual ListSmartHomeAppliancesResponse ListSmartHomeAppliances(ListSmartHomeAppliancesRequest request){var options = new InvokeOptions();<MASKED>options.ResponseUnmarshaller = ListSmartHomeAppliancesResponseUnmarshaller.Instance;return Invoke<ListSmartHomeAppliancesResponse>(request, options);}",options.RequestMarshaller = ListSmartHomeAppliancesRequestMarshaller.Instance;
917,java,expression_statement,public DetachInternetGatewayResult detachInternetGateway(DetachInternetGatewayRequest request) {request = beforeClientExecution(request);return executeDetachInternetGateway(request);},public DetachInternetGatewayResult detachInternetGateway(DetachInternetGatewayRequest request) {<MASKED>return executeDetachInternetGateway(request);},request = beforeClientExecution(request);
918,c#,expression_statement,"public virtual DetachInternetGatewayResponse DetachInternetGateway(DetachInternetGatewayRequest request){var options = new InvokeOptions();options.RequestMarshaller = DetachInternetGatewayRequestMarshaller.Instance;options.ResponseUnmarshaller = DetachInternetGatewayResponseUnmarshaller.Instance;return Invoke<DetachInternetGatewayResponse>(request, options);}","public virtual DetachInternetGatewayResponse DetachInternetGateway(DetachInternetGatewayRequest request){var options = new InvokeOptions();options.RequestMarshaller = DetachInternetGatewayRequestMarshaller.Instance;<MASKED>return Invoke<DetachInternetGatewayResponse>(request, options);}",options.ResponseUnmarshaller = DetachInternetGatewayResponseUnmarshaller.Instance;
919,java,string_literal,"public GetRepoBuildLogsRequest() {super(""cr"", ""2016-06-07"", ""GetRepoBuildLogs"", ""cr"");setUriPattern(""/repos/[RepoNamespace]/[RepoName]/build/[BuildId]/logs"");setMethod(MethodType.GET);}","public GetRepoBuildLogsRequest() {super(""cr"", <MASKED>, ""GetRepoBuildLogs"", ""cr"");setUriPattern(""/repos/[RepoNamespace]/[RepoName]/build/[BuildId]/logs"");setMethod(MethodType.GET);}","""2016-06-07"""
920,c#,string_literal,"public GetRepoBuildLogsRequest(): base(""cr"", ""2016-06-07"", ""GetRepoBuildLogs"", ""cr"", ""openAPI""){UriPattern = ""/repos/[RepoNamespace]/[RepoName]/build/[BuildId]/logs"";Method = MethodType.GET;}","public GetRepoBuildLogsRequest(): base(""cr"", <MASKED>, ""GetRepoBuildLogs"", ""cr"", ""openAPI""){UriPattern = ""/repos/[RepoNamespace]/[RepoName]/build/[BuildId]/logs"";Method = MethodType.GET;}","""2016-06-07"""
921,java,expression_statement,public CreateExclusionsPreviewResult createExclusionsPreview(CreateExclusionsPreviewRequest request) {request = beforeClientExecution(request);return executeCreateExclusionsPreview(request);},public CreateExclusionsPreviewResult createExclusionsPreview(CreateExclusionsPreviewRequest request) {<MASKED>return executeCreateExclusionsPreview(request);},request = beforeClientExecution(request);
922,c#,expression_statement,"public virtual CreateExclusionsPreviewResponse CreateExclusionsPreview(CreateExclusionsPreviewRequest request){var options = new InvokeOptions();options.RequestMarshaller = CreateExclusionsPreviewRequestMarshaller.Instance;options.ResponseUnmarshaller = CreateExclusionsPreviewResponseUnmarshaller.Instance;return Invoke<CreateExclusionsPreviewResponse>(request, options);}","public virtual CreateExclusionsPreviewResponse CreateExclusionsPreview(CreateExclusionsPreviewRequest request){var options = new InvokeOptions();options.RequestMarshaller = CreateExclusionsPreviewRequestMarshaller.Instance;<MASKED>return Invoke<CreateExclusionsPreviewResponse>(request, options);}",options.ResponseUnmarshaller = CreateExclusionsPreviewResponseUnmarshaller.Instance;
923,java,expression_statement,public GetFieldLevelEncryptionResult getFieldLevelEncryption(GetFieldLevelEncryptionRequest request) {request = beforeClientExecution(request);return executeGetFieldLevelEncryption(request);},public GetFieldLevelEncryptionResult getFieldLevelEncryption(GetFieldLevelEncryptionRequest request) {<MASKED>return executeGetFieldLevelEncryption(request);},request = beforeClientExecution(request);
924,c#,expression_statement,"public virtual GetFieldLevelEncryptionResponse GetFieldLevelEncryption(GetFieldLevelEncryptionRequest request){var options = new InvokeOptions();options.RequestMarshaller = GetFieldLevelEncryptionRequestMarshaller.Instance;options.ResponseUnmarshaller = GetFieldLevelEncryptionResponseUnmarshaller.Instance;return Invoke<GetFieldLevelEncryptionResponse>(request, options);}","public virtual GetFieldLevelEncryptionResponse GetFieldLevelEncryption(GetFieldLevelEncryptionRequest request){var options = new InvokeOptions();options.RequestMarshaller = GetFieldLevelEncryptionRequestMarshaller.Instance;<MASKED>return Invoke<GetFieldLevelEncryptionResponse>(request, options);}",options.ResponseUnmarshaller = GetFieldLevelEncryptionResponseUnmarshaller.Instance;
925,java,expression_statement,"public void insertSST() {LOG.log(DEBUG, ""creating new SST via insertSST!"");sst = new SSTRecord();records.add(records.size() - 1, createExtendedSST());records.add(records.size() - 2, sst);}","public void insertSST() {LOG.log(DEBUG, ""creating new SST via insertSST!"");<MASKED>records.add(records.size() - 1, createExtendedSST());records.add(records.size() - 2, sst);}",sst = new SSTRecord();
926,c#,expression_statement,"public void InsertSST(){sst = new SSTRecord();records.Add(records.Count- 1, CreateExtendedSST());records.Add(records.Count - 2, sst);}","public void InsertSST(){sst = new SSTRecord();<MASKED>records.Add(records.Count - 2, sst);}","records.Add(records.Count- 1, CreateExtendedSST());"
927,java,expression_statement,"public static final int prevLF(byte[] b, int ptr, char chrA) {if (ptr == b.length)--ptr;while (ptr >= 0) {final byte c = b[ptr--];if (c == chrA || c == '\n')return ptr;}return ptr;}","public static final int prevLF(byte[] b, int ptr, char chrA) {if (ptr == b.length)<MASKED>while (ptr >= 0) {final byte c = b[ptr--];if (c == chrA || c == '\n')return ptr;}return ptr;}",--ptr;
928,c#,expression_statement,"public static int PrevLF(byte[] b, int ptr, char chrA){if (ptr == b.Length){--ptr;}while (ptr >= 0){byte c = b[ptr--];if (c == chrA || c == '\n'){return ptr;}}return ptr;}","public static int PrevLF(byte[] b, int ptr, char chrA){if (ptr == b.Length){<MASKED>}while (ptr >= 0){byte c = b[ptr--];if (c == chrA || c == '\n'){return ptr;}}return ptr;}",--ptr;
929,java,expression_statement,public ListAccessControlRulesResult listAccessControlRules(ListAccessControlRulesRequest request) {request = beforeClientExecution(request);return executeListAccessControlRules(request);},public ListAccessControlRulesResult listAccessControlRules(ListAccessControlRulesRequest request) {<MASKED>return executeListAccessControlRules(request);},request = beforeClientExecution(request);
930,c#,expression_statement,"public virtual ListAccessControlRulesResponse ListAccessControlRules(ListAccessControlRulesRequest request){var options = new InvokeOptions();options.RequestMarshaller = ListAccessControlRulesRequestMarshaller.Instance;options.ResponseUnmarshaller = ListAccessControlRulesResponseUnmarshaller.Instance;return Invoke<ListAccessControlRulesResponse>(request, options);}","public virtual ListAccessControlRulesResponse ListAccessControlRules(ListAccessControlRulesRequest request){var options = new InvokeOptions();options.RequestMarshaller = ListAccessControlRulesRequestMarshaller.Instance;<MASKED>return Invoke<ListAccessControlRulesResponse>(request, options);}",options.ResponseUnmarshaller = ListAccessControlRulesResponseUnmarshaller.Instance;
931,java,expression_statement,public DeleteQualificationTypeResult deleteQualificationType(DeleteQualificationTypeRequest request) {request = beforeClientExecution(request);return executeDeleteQualificationType(request);},public DeleteQualificationTypeResult deleteQualificationType(DeleteQualificationTypeRequest request) {<MASKED>return executeDeleteQualificationType(request);},request = beforeClientExecution(request);
932,c#,expression_statement,"public virtual DeleteQualificationTypeResponse DeleteQualificationType(DeleteQualificationTypeRequest request){var options = new InvokeOptions();options.RequestMarshaller = DeleteQualificationTypeRequestMarshaller.Instance;options.ResponseUnmarshaller = DeleteQualificationTypeResponseUnmarshaller.Instance;return Invoke<DeleteQualificationTypeResponse>(request, options);}","public virtual DeleteQualificationTypeResponse DeleteQualificationType(DeleteQualificationTypeRequest request){var options = new InvokeOptions();<MASKED>options.ResponseUnmarshaller = DeleteQualificationTypeResponseUnmarshaller.Instance;return Invoke<DeleteQualificationTypeResponse>(request, options);}",options.RequestMarshaller = DeleteQualificationTypeRequestMarshaller.Instance;
933,java,expression_statement,public StartDocumentAnalysisResult startDocumentAnalysis(StartDocumentAnalysisRequest request) {request = beforeClientExecution(request);return executeStartDocumentAnalysis(request);},public StartDocumentAnalysisResult startDocumentAnalysis(StartDocumentAnalysisRequest request) {<MASKED>return executeStartDocumentAnalysis(request);},request = beforeClientExecution(request);
934,c#,expression_statement,"public virtual StartDocumentAnalysisResponse StartDocumentAnalysis(StartDocumentAnalysisRequest request){var options = new InvokeOptions();options.RequestMarshaller = StartDocumentAnalysisRequestMarshaller.Instance;options.ResponseUnmarshaller = StartDocumentAnalysisResponseUnmarshaller.Instance;return Invoke<StartDocumentAnalysisResponse>(request, options);}","public virtual StartDocumentAnalysisResponse StartDocumentAnalysis(StartDocumentAnalysisRequest request){var options = new InvokeOptions();options.RequestMarshaller = StartDocumentAnalysisRequestMarshaller.Instance;<MASKED>return Invoke<StartDocumentAnalysisResponse>(request, options);}",options.ResponseUnmarshaller = StartDocumentAnalysisResponseUnmarshaller.Instance;
935,java,expression_statement,public GetDocumentationVersionResult getDocumentationVersion(GetDocumentationVersionRequest request) {request = beforeClientExecution(request);return executeGetDocumentationVersion(request);},public GetDocumentationVersionResult getDocumentationVersion(GetDocumentationVersionRequest request) {<MASKED>return executeGetDocumentationVersion(request);},request = beforeClientExecution(request);
936,c#,expression_statement,"public virtual GetDocumentationVersionResponse GetDocumentationVersion(GetDocumentationVersionRequest request){var options = new InvokeOptions();options.RequestMarshaller = GetDocumentationVersionRequestMarshaller.Instance;options.ResponseUnmarshaller = GetDocumentationVersionResponseUnmarshaller.Instance;return Invoke<GetDocumentationVersionResponse>(request, options);}","public virtual GetDocumentationVersionResponse GetDocumentationVersion(GetDocumentationVersionRequest request){var options = new InvokeOptions();options.RequestMarshaller = GetDocumentationVersionRequestMarshaller.Instance;<MASKED>return Invoke<GetDocumentationVersionResponse>(request, options);}",options.ResponseUnmarshaller = GetDocumentationVersionResponseUnmarshaller.Instance;
937,java,expression_statement,public History getWorkflowExecutionHistory(GetWorkflowExecutionHistoryRequest request) {request = beforeClientExecution(request);return executeGetWorkflowExecutionHistory(request);},public History getWorkflowExecutionHistory(GetWorkflowExecutionHistoryRequest request) {<MASKED>return executeGetWorkflowExecutionHistory(request);},request = beforeClientExecution(request);
938,c#,expression_statement,"public virtual GetWorkflowExecutionHistoryResponse GetWorkflowExecutionHistory(GetWorkflowExecutionHistoryRequest request){var options = new InvokeOptions();options.RequestMarshaller = GetWorkflowExecutionHistoryRequestMarshaller.Instance;options.ResponseUnmarshaller = GetWorkflowExecutionHistoryResponseUnmarshaller.Instance;return Invoke<GetWorkflowExecutionHistoryResponse>(request, options);}","public virtual GetWorkflowExecutionHistoryResponse GetWorkflowExecutionHistory(GetWorkflowExecutionHistoryRequest request){var options = new InvokeOptions();options.RequestMarshaller = GetWorkflowExecutionHistoryRequestMarshaller.Instance;<MASKED>return Invoke<GetWorkflowExecutionHistoryResponse>(request, options);}",options.ResponseUnmarshaller = GetWorkflowExecutionHistoryResponseUnmarshaller.Instance;
939,java,expression_statement,public BatchUpdatePhoneNumberResult batchUpdatePhoneNumber(BatchUpdatePhoneNumberRequest request) {request = beforeClientExecution(request);return executeBatchUpdatePhoneNumber(request);},public BatchUpdatePhoneNumberResult batchUpdatePhoneNumber(BatchUpdatePhoneNumberRequest request) {<MASKED>return executeBatchUpdatePhoneNumber(request);},request = beforeClientExecution(request);
940,c#,expression_statement,"public virtual BatchUpdatePhoneNumberResponse BatchUpdatePhoneNumber(BatchUpdatePhoneNumberRequest request){var options = new InvokeOptions();options.RequestMarshaller = BatchUpdatePhoneNumberRequestMarshaller.Instance;options.ResponseUnmarshaller = BatchUpdatePhoneNumberResponseUnmarshaller.Instance;return Invoke<BatchUpdatePhoneNumberResponse>(request, options);}","public virtual BatchUpdatePhoneNumberResponse BatchUpdatePhoneNumber(BatchUpdatePhoneNumberRequest request){var options = new InvokeOptions();<MASKED>options.ResponseUnmarshaller = BatchUpdatePhoneNumberResponseUnmarshaller.Instance;return Invoke<BatchUpdatePhoneNumberResponse>(request, options);}",options.RequestMarshaller = BatchUpdatePhoneNumberRequestMarshaller.Instance;
941,java,expression_statement,public CreateDeploymentConfigResult createDeploymentConfig(CreateDeploymentConfigRequest request) {request = beforeClientExecution(request);return executeCreateDeploymentConfig(request);},public CreateDeploymentConfigResult createDeploymentConfig(CreateDeploymentConfigRequest request) {<MASKED>return executeCreateDeploymentConfig(request);},request = beforeClientExecution(request);
942,c#,expression_statement,"public virtual CreateDeploymentConfigResponse CreateDeploymentConfig(CreateDeploymentConfigRequest request){var options = new InvokeOptions();options.RequestMarshaller = CreateDeploymentConfigRequestMarshaller.Instance;options.ResponseUnmarshaller = CreateDeploymentConfigResponseUnmarshaller.Instance;return Invoke<CreateDeploymentConfigResponse>(request, options);}","public virtual CreateDeploymentConfigResponse CreateDeploymentConfig(CreateDeploymentConfigRequest request){var options = new InvokeOptions();options.RequestMarshaller = CreateDeploymentConfigRequestMarshaller.Instance;<MASKED>return Invoke<CreateDeploymentConfigResponse>(request, options);}",options.ResponseUnmarshaller = CreateDeploymentConfigResponseUnmarshaller.Instance;
943,java,expression_statement,public DeregisterDBProxyTargetsResult deregisterDBProxyTargets(DeregisterDBProxyTargetsRequest request) {request = beforeClientExecution(request);return executeDeregisterDBProxyTargets(request);},public DeregisterDBProxyTargetsResult deregisterDBProxyTargets(DeregisterDBProxyTargetsRequest request) {<MASKED>return executeDeregisterDBProxyTargets(request);},request = beforeClientExecution(request);
944,c#,expression_statement,"public virtual DeregisterDBProxyTargetsResponse DeregisterDBProxyTargets(DeregisterDBProxyTargetsRequest request){var options = new InvokeOptions();options.RequestMarshaller = DeregisterDBProxyTargetsRequestMarshaller.Instance;options.ResponseUnmarshaller = DeregisterDBProxyTargetsResponseUnmarshaller.Instance;return Invoke<DeregisterDBProxyTargetsResponse>(request, options);}","public virtual DeregisterDBProxyTargetsResponse DeregisterDBProxyTargets(DeregisterDBProxyTargetsRequest request){var options = new InvokeOptions();<MASKED>options.ResponseUnmarshaller = DeregisterDBProxyTargetsResponseUnmarshaller.Instance;return Invoke<DeregisterDBProxyTargetsResponse>(request, options);}",options.RequestMarshaller = DeregisterDBProxyTargetsRequestMarshaller.Instance;
945,java,expression_statement,public IncreaseReplicationFactorResult increaseReplicationFactor(IncreaseReplicationFactorRequest request) {request = beforeClientExecution(request);return executeIncreaseReplicationFactor(request);},public IncreaseReplicationFactorResult increaseReplicationFactor(IncreaseReplicationFactorRequest request) {<MASKED>return executeIncreaseReplicationFactor(request);},request = beforeClientExecution(request);
946,c#,expression_statement,"public virtual IncreaseReplicationFactorResponse IncreaseReplicationFactor(IncreaseReplicationFactorRequest request){var options = new InvokeOptions();options.RequestMarshaller = IncreaseReplicationFactorRequestMarshaller.Instance;options.ResponseUnmarshaller = IncreaseReplicationFactorResponseUnmarshaller.Instance;return Invoke<IncreaseReplicationFactorResponse>(request, options);}","public virtual IncreaseReplicationFactorResponse IncreaseReplicationFactor(IncreaseReplicationFactorRequest request){var options = new InvokeOptions();<MASKED>options.ResponseUnmarshaller = IncreaseReplicationFactorResponseUnmarshaller.Instance;return Invoke<IncreaseReplicationFactorResponse>(request, options);}",options.RequestMarshaller = IncreaseReplicationFactorRequestMarshaller.Instance;
947,java,expression_statement,public DBSnapshotAttributesResult describeDBSnapshotAttributes(DescribeDBSnapshotAttributesRequest request) {request = beforeClientExecution(request);return executeDescribeDBSnapshotAttributes(request);},public DBSnapshotAttributesResult describeDBSnapshotAttributes(DescribeDBSnapshotAttributesRequest request) {<MASKED>return executeDescribeDBSnapshotAttributes(request);},request = beforeClientExecution(request);
948,c#,expression_statement,"public virtual DescribeDBSnapshotAttributesResponse DescribeDBSnapshotAttributes(DescribeDBSnapshotAttributesRequest request){var options = new InvokeOptions();options.RequestMarshaller = DescribeDBSnapshotAttributesRequestMarshaller.Instance;options.ResponseUnmarshaller = DescribeDBSnapshotAttributesResponseUnmarshaller.Instance;return Invoke<DescribeDBSnapshotAttributesResponse>(request, options);}","public virtual DescribeDBSnapshotAttributesResponse DescribeDBSnapshotAttributes(DescribeDBSnapshotAttributesRequest request){var options = new InvokeOptions();options.RequestMarshaller = DescribeDBSnapshotAttributesRequestMarshaller.Instance;<MASKED>return Invoke<DescribeDBSnapshotAttributesResponse>(request, options);}",options.ResponseUnmarshaller = DescribeDBSnapshotAttributesResponseUnmarshaller.Instance;
949,java,expression_statement,public DescribeDBEngineVersionsResult describeDBEngineVersions(DescribeDBEngineVersionsRequest request) {request = beforeClientExecution(request);return executeDescribeDBEngineVersions(request);},public DescribeDBEngineVersionsResult describeDBEngineVersions(DescribeDBEngineVersionsRequest request) {<MASKED>return executeDescribeDBEngineVersions(request);},request = beforeClientExecution(request);
950,c#,expression_statement,"public virtual DescribeDBEngineVersionsResponse DescribeDBEngineVersions(DescribeDBEngineVersionsRequest request){var options = new InvokeOptions();options.RequestMarshaller = DescribeDBEngineVersionsRequestMarshaller.Instance;options.ResponseUnmarshaller = DescribeDBEngineVersionsResponseUnmarshaller.Instance;return Invoke<DescribeDBEngineVersionsResponse>(request, options);}","public virtual DescribeDBEngineVersionsResponse DescribeDBEngineVersions(DescribeDBEngineVersionsRequest request){var options = new InvokeOptions();<MASKED>options.ResponseUnmarshaller = DescribeDBEngineVersionsResponseUnmarshaller.Instance;return Invoke<DescribeDBEngineVersionsResponse>(request, options);}",options.RequestMarshaller = DescribeDBEngineVersionsRequestMarshaller.Instance;
951,java,expression_statement,public CreateLoadBalancerPolicyResult createLoadBalancerPolicy(CreateLoadBalancerPolicyRequest request) {request = beforeClientExecution(request);return executeCreateLoadBalancerPolicy(request);},public CreateLoadBalancerPolicyResult createLoadBalancerPolicy(CreateLoadBalancerPolicyRequest request) {<MASKED>return executeCreateLoadBalancerPolicy(request);},request = beforeClientExecution(request);
952,c#,expression_statement,"public virtual CreateLoadBalancerPolicyResponse CreateLoadBalancerPolicy(CreateLoadBalancerPolicyRequest request){var options = new InvokeOptions();options.RequestMarshaller = CreateLoadBalancerPolicyRequestMarshaller.Instance;options.ResponseUnmarshaller = CreateLoadBalancerPolicyResponseUnmarshaller.Instance;return Invoke<CreateLoadBalancerPolicyResponse>(request, options);}","public virtual CreateLoadBalancerPolicyResponse CreateLoadBalancerPolicy(CreateLoadBalancerPolicyRequest request){var options = new InvokeOptions();options.RequestMarshaller = CreateLoadBalancerPolicyRequestMarshaller.Instance;<MASKED>return Invoke<CreateLoadBalancerPolicyResponse>(request, options);}",options.ResponseUnmarshaller = CreateLoadBalancerPolicyResponseUnmarshaller.Instance;
953,java,expression_statement,"public synchronized void  execute() throws Exception {if (executed) {throw new IllegalStateException(""Benchmark was already executed"");}executed = true;runData.setStartTimeMillis();algorithm.execute();}","public synchronized void  execute() throws Exception {if (executed) {throw new IllegalStateException(""Benchmark was already executed"");}executed = true;runData.setStartTimeMillis();<MASKED>}",algorithm.execute();
954,c#,string_literal,"public virtual void Execute(){lock (this){if (executed){throw new InvalidOperationException(""Benchmark was already executed"");}executed = true;runData.SetStartTimeMillis();algorithm.Execute();}}",public virtual void Execute(){lock (this){if (executed){throw new InvalidOperationException(<MASKED>);}executed = true;runData.SetStartTimeMillis();algorithm.Execute();}},"""Benchmark was already executed"""
955,java,expression_statement,public void serialize(LittleEndianOutput out) {out.writeShort(rt);out.writeShort(grbitFrt);out.writeShort(wOffset);out.writeShort(at);out.writeShort(grbit);if(unused != null)out.writeShort(unused);},public void serialize(LittleEndianOutput out) {out.writeShort(rt);out.writeShort(grbitFrt);out.writeShort(wOffset);out.writeShort(at);<MASKED>if(unused != null)out.writeShort(unused);},out.writeShort(grbit);
956,c#,expression_statement,public override void Serialize(ILittleEndianOutput out1){out1.WriteShort(rt);out1.WriteShort(grbitFrt);out1.WriteShort(wOffset);out1.WriteShort(at);out1.WriteShort(grbit);if (unused != null)out1.WriteShort((short)unused);},public override void Serialize(ILittleEndianOutput out1){out1.WriteShort(rt);out1.WriteShort(grbitFrt);<MASKED>out1.WriteShort(at);out1.WriteShort(grbit);if (unused != null)out1.WriteShort((short)unused);},out1.WriteShort(wOffset);
957,java,expression_statement,public CreateRelationalDatabaseResult createRelationalDatabase(CreateRelationalDatabaseRequest request) {request = beforeClientExecution(request);return executeCreateRelationalDatabase(request);},public CreateRelationalDatabaseResult createRelationalDatabase(CreateRelationalDatabaseRequest request) {<MASKED>return executeCreateRelationalDatabase(request);},request = beforeClientExecution(request);
958,c#,expression_statement,"public virtual CreateRelationalDatabaseResponse CreateRelationalDatabase(CreateRelationalDatabaseRequest request){var options = new InvokeOptions();options.RequestMarshaller = CreateRelationalDatabaseRequestMarshaller.Instance;options.ResponseUnmarshaller = CreateRelationalDatabaseResponseUnmarshaller.Instance;return Invoke<CreateRelationalDatabaseResponse>(request, options);}","public virtual CreateRelationalDatabaseResponse CreateRelationalDatabase(CreateRelationalDatabaseRequest request){var options = new InvokeOptions();<MASKED>options.ResponseUnmarshaller = CreateRelationalDatabaseResponseUnmarshaller.Instance;return Invoke<CreateRelationalDatabaseResponse>(request, options);}",options.RequestMarshaller = CreateRelationalDatabaseRequestMarshaller.Instance;
959,java,expression_statement,"public void readBytes(byte[] b, int offset, int len) throws IOException {while (len > 0) {final int cnt = is.read(b, offset, len);if (cnt < 0) {throw new EOFException();}len -= cnt;offset += cnt;}}","public void readBytes(byte[] b, int offset, int len) throws IOException {while (len > 0) {final int cnt = is.read(b, offset, len);if (cnt < 0) {throw new EOFException();}len -= cnt;<MASKED>}}",offset += cnt;
960,c#,expression_statement,"public override void ReadBytes(byte[] b, int offset, int len){while (len > 0){int cnt = _reader.Read(b, offset, len);if (cnt < 0){throw new EndOfStreamException();}len -= cnt;offset += cnt;}}","public override void ReadBytes(byte[] b, int offset, int len){while (len > 0){int cnt = _reader.Read(b, offset, len);if (cnt < 0){throw new EndOfStreamException();}len -= cnt;<MASKED>}}",offset += cnt;
961,java,expression_statement,public DescribeWorkspaceSnapshotsResult describeWorkspaceSnapshots(DescribeWorkspaceSnapshotsRequest request) {request = beforeClientExecution(request);return executeDescribeWorkspaceSnapshots(request);},public DescribeWorkspaceSnapshotsResult describeWorkspaceSnapshots(DescribeWorkspaceSnapshotsRequest request) {<MASKED>return executeDescribeWorkspaceSnapshots(request);},request = beforeClientExecution(request);
962,c#,expression_statement,"public virtual DescribeWorkspaceSnapshotsResponse DescribeWorkspaceSnapshots(DescribeWorkspaceSnapshotsRequest request){var options = new InvokeOptions();options.RequestMarshaller = DescribeWorkspaceSnapshotsRequestMarshaller.Instance;options.ResponseUnmarshaller = DescribeWorkspaceSnapshotsResponseUnmarshaller.Instance;return Invoke<DescribeWorkspaceSnapshotsResponse>(request, options);}","public virtual DescribeWorkspaceSnapshotsResponse DescribeWorkspaceSnapshots(DescribeWorkspaceSnapshotsRequest request){var options = new InvokeOptions();<MASKED>options.ResponseUnmarshaller = DescribeWorkspaceSnapshotsResponseUnmarshaller.Instance;return Invoke<DescribeWorkspaceSnapshotsResponse>(request, options);}",options.RequestMarshaller = DescribeWorkspaceSnapshotsRequestMarshaller.Instance;
963,java,expression_statement,public DescribeScalingParametersResult describeScalingParameters(DescribeScalingParametersRequest request) {request = beforeClientExecution(request);return executeDescribeScalingParameters(request);},public DescribeScalingParametersResult describeScalingParameters(DescribeScalingParametersRequest request) {<MASKED>return executeDescribeScalingParameters(request);},request = beforeClientExecution(request);
964,c#,expression_statement,"public virtual DescribeScalingParametersResponse DescribeScalingParameters(DescribeScalingParametersRequest request){var options = new InvokeOptions();options.RequestMarshaller = DescribeScalingParametersRequestMarshaller.Instance;options.ResponseUnmarshaller = DescribeScalingParametersResponseUnmarshaller.Instance;return Invoke<DescribeScalingParametersResponse>(request, options);}","public virtual DescribeScalingParametersResponse DescribeScalingParameters(DescribeScalingParametersRequest request){var options = new InvokeOptions();<MASKED>options.ResponseUnmarshaller = DescribeScalingParametersResponseUnmarshaller.Instance;return Invoke<DescribeScalingParametersResponse>(request, options);}",options.RequestMarshaller = DescribeScalingParametersRequestMarshaller.Instance;
965,java,expression_statement,public DescribeAutoScalingGroupsResult describeAutoScalingGroups(DescribeAutoScalingGroupsRequest request) {request = beforeClientExecution(request);return executeDescribeAutoScalingGroups(request);},public DescribeAutoScalingGroupsResult describeAutoScalingGroups(DescribeAutoScalingGroupsRequest request) {<MASKED>return executeDescribeAutoScalingGroups(request);},request = beforeClientExecution(request);
966,c#,expression_statement,"public virtual DescribeAutoScalingGroupsResponse DescribeAutoScalingGroups(DescribeAutoScalingGroupsRequest request){var options = new InvokeOptions();options.RequestMarshaller = DescribeAutoScalingGroupsRequestMarshaller.Instance;options.ResponseUnmarshaller = DescribeAutoScalingGroupsResponseUnmarshaller.Instance;return Invoke<DescribeAutoScalingGroupsResponse>(request, options);}","public virtual DescribeAutoScalingGroupsResponse DescribeAutoScalingGroups(DescribeAutoScalingGroupsRequest request){var options = new InvokeOptions();options.RequestMarshaller = DescribeAutoScalingGroupsRequestMarshaller.Instance;<MASKED>return Invoke<DescribeAutoScalingGroupsResponse>(request, options);}",options.ResponseUnmarshaller = DescribeAutoScalingGroupsResponseUnmarshaller.Instance;
967,java,expression_statement,public CloseInstancePublicPortsResult closeInstancePublicPorts(CloseInstancePublicPortsRequest request) {request = beforeClientExecution(request);return executeCloseInstancePublicPorts(request);},public CloseInstancePublicPortsResult closeInstancePublicPorts(CloseInstancePublicPortsRequest request) {<MASKED>return executeCloseInstancePublicPorts(request);},request = beforeClientExecution(request);
968,c#,expression_statement,"public virtual CloseInstancePublicPortsResponse CloseInstancePublicPorts(CloseInstancePublicPortsRequest request){var options = new InvokeOptions();options.RequestMarshaller = CloseInstancePublicPortsRequestMarshaller.Instance;options.ResponseUnmarshaller = CloseInstancePublicPortsResponseUnmarshaller.Instance;return Invoke<CloseInstancePublicPortsResponse>(request, options);}","public virtual CloseInstancePublicPortsResponse CloseInstancePublicPorts(CloseInstancePublicPortsRequest request){var options = new InvokeOptions();options.RequestMarshaller = CloseInstancePublicPortsRequestMarshaller.Instance;<MASKED>return Invoke<CloseInstancePublicPortsResponse>(request, options);}",options.ResponseUnmarshaller = CloseInstancePublicPortsResponseUnmarshaller.Instance;
969,java,expression_statement,public PurchaseScheduledInstancesResult purchaseScheduledInstances(PurchaseScheduledInstancesRequest request) {request = beforeClientExecution(request);return executePurchaseScheduledInstances(request);},public PurchaseScheduledInstancesResult purchaseScheduledInstances(PurchaseScheduledInstancesRequest request) {<MASKED>return executePurchaseScheduledInstances(request);},request = beforeClientExecution(request);
970,c#,expression_statement,"public virtual PurchaseScheduledInstancesResponse PurchaseScheduledInstances(PurchaseScheduledInstancesRequest request){var options = new InvokeOptions();options.RequestMarshaller = PurchaseScheduledInstancesRequestMarshaller.Instance;options.ResponseUnmarshaller = PurchaseScheduledInstancesResponseUnmarshaller.Instance;return Invoke<PurchaseScheduledInstancesResponse>(request, options);}","public virtual PurchaseScheduledInstancesResponse PurchaseScheduledInstances(PurchaseScheduledInstancesRequest request){var options = new InvokeOptions();options.RequestMarshaller = PurchaseScheduledInstancesRequestMarshaller.Instance;<MASKED>return Invoke<PurchaseScheduledInstancesResponse>(request, options);}",options.ResponseUnmarshaller = PurchaseScheduledInstancesResponseUnmarshaller.Instance;
971,java,expression_statement,public DescribeScheduledActionsResult describeScheduledActions(DescribeScheduledActionsRequest request) {request = beforeClientExecution(request);return executeDescribeScheduledActions(request);},public DescribeScheduledActionsResult describeScheduledActions(DescribeScheduledActionsRequest request) {<MASKED>return executeDescribeScheduledActions(request);},request = beforeClientExecution(request);
972,c#,expression_statement,"public virtual DescribeScheduledActionsResponse DescribeScheduledActions(DescribeScheduledActionsRequest request){var options = new InvokeOptions();options.RequestMarshaller = DescribeScheduledActionsRequestMarshaller.Instance;options.ResponseUnmarshaller = DescribeScheduledActionsResponseUnmarshaller.Instance;return Invoke<DescribeScheduledActionsResponse>(request, options);}","public virtual DescribeScheduledActionsResponse DescribeScheduledActions(DescribeScheduledActionsRequest request){var options = new InvokeOptions();<MASKED>options.ResponseUnmarshaller = DescribeScheduledActionsResponseUnmarshaller.Instance;return Invoke<DescribeScheduledActionsResponse>(request, options);}",options.RequestMarshaller = DescribeScheduledActionsRequestMarshaller.Instance;
973,java,expression_statement,public DescribeScalingActivitiesResult describeScalingActivities(DescribeScalingActivitiesRequest request) {request = beforeClientExecution(request);return executeDescribeScalingActivities(request);},public DescribeScalingActivitiesResult describeScalingActivities(DescribeScalingActivitiesRequest request) {<MASKED>return executeDescribeScalingActivities(request);},request = beforeClientExecution(request);
974,c#,expression_statement,"public virtual DescribeScalingActivitiesResponse DescribeScalingActivities(DescribeScalingActivitiesRequest request){var options = new InvokeOptions();options.RequestMarshaller = DescribeScalingActivitiesRequestMarshaller.Instance;options.ResponseUnmarshaller = DescribeScalingActivitiesResponseUnmarshaller.Instance;return Invoke<DescribeScalingActivitiesResponse>(request, options);}","public virtual DescribeScalingActivitiesResponse DescribeScalingActivities(DescribeScalingActivitiesRequest request){var options = new InvokeOptions();<MASKED>options.ResponseUnmarshaller = DescribeScalingActivitiesResponseUnmarshaller.Instance;return Invoke<DescribeScalingActivitiesResponse>(request, options);}",options.RequestMarshaller = DescribeScalingActivitiesRequestMarshaller.Instance;
975,java,expression_statement,"public int read(byte[] buf, int off, int cnt) throws IOException {try {beginRead();return super.read(buf, off, cnt);} catch (InterruptedIOException e) {throw readTimedOut(e);} finally {endRead();}}","public int read(byte[] buf, int off, int cnt) throws IOException {try {<MASKED>return super.read(buf, off, cnt);} catch (InterruptedIOException e) {throw readTimedOut(e);} finally {endRead();}}",beginRead();
976,c#,expression_statement,"public override int Read(byte[] buf, int off, int cnt){try{BeginRead();return base.Read(buf, off, cnt);}catch (ThreadInterruptedException){throw ReadTimedOut();}finally{EndRead();}}","public override int Read(byte[] buf, int off, int cnt){try{<MASKED>return base.Read(buf, off, cnt);}catch (ThreadInterruptedException){throw ReadTimedOut();}finally{EndRead();}}",BeginRead();
977,c#,expression_statement,"public virtual ListTablesResponse ListTables(string exclusiveStartTableName, int limit){var request = new ListTablesRequest();request.ExclusiveStartTableName = exclusiveStartTableName;request.Limit = limit;return ListTables(request);}","public virtual ListTablesResponse ListTables(string exclusiveStartTableName, int limit){var request = new ListTablesRequest();request.ExclusiveStartTableName = exclusiveStartTableName;<MASKED>return ListTables(request);}",request.Limit = limit;
978,java,expression_statement,public DescribeInstallationMediaResult describeInstallationMedia(DescribeInstallationMediaRequest request) {request = beforeClientExecution(request);return executeDescribeInstallationMedia(request);},public DescribeInstallationMediaResult describeInstallationMedia(DescribeInstallationMediaRequest request) {<MASKED>return executeDescribeInstallationMedia(request);},request = beforeClientExecution(request);
979,c#,expression_statement,"public virtual DescribeInstallationMediaResponse DescribeInstallationMedia(DescribeInstallationMediaRequest request){var options = new InvokeOptions();options.RequestMarshaller = DescribeInstallationMediaRequestMarshaller.Instance;options.ResponseUnmarshaller = DescribeInstallationMediaResponseUnmarshaller.Instance;return Invoke<DescribeInstallationMediaResponse>(request, options);}","public virtual DescribeInstallationMediaResponse DescribeInstallationMedia(DescribeInstallationMediaRequest request){var options = new InvokeOptions();<MASKED>options.ResponseUnmarshaller = DescribeInstallationMediaResponseUnmarshaller.Instance;return Invoke<DescribeInstallationMediaResponse>(request, options);}",options.RequestMarshaller = DescribeInstallationMediaRequestMarshaller.Instance;
980,java,expression_statement,"public int alloc(int size) {int index = n;int len = array.length;if (n + size >= len) {byte[] aux = new byte[len + blockSize];System.arraycopy(array, 0, aux, 0, len);array = aux;}n += size;return index;}","public int alloc(int size) {int index = n;int len = array.length;if (n + size >= len) {byte[] aux = new byte[len + blockSize];System.arraycopy(array, 0, aux, 0, len);<MASKED>}n += size;return index;}",array = aux;
981,c#,expression_statement,"public virtual int Alloc(int size){int index = n;int len = array.Length;if (n + size >= len){byte[] aux = new byte[len + blockSize];System.Array.Copy(array, 0, aux, 0, len);array = aux;}n += size;return index;}",public virtual int Alloc(int size){int index = n;int len = array.Length;if (n + size >= len){byte[] aux = new byte[len + blockSize];<MASKED>array = aux;}n += size;return index;},"System.Array.Copy(array, 0, aux, 0, len);"
982,java,expression_statement,public WorkflowExecutionInfos listOpenWorkflowExecutions(ListOpenWorkflowExecutionsRequest request) {request = beforeClientExecution(request);return executeListOpenWorkflowExecutions(request);},public WorkflowExecutionInfos listOpenWorkflowExecutions(ListOpenWorkflowExecutionsRequest request) {<MASKED>return executeListOpenWorkflowExecutions(request);},request = beforeClientExecution(request);
983,c#,expression_statement,"public virtual ListOpenWorkflowExecutionsResponse ListOpenWorkflowExecutions(ListOpenWorkflowExecutionsRequest request){var options = new InvokeOptions();options.RequestMarshaller = ListOpenWorkflowExecutionsRequestMarshaller.Instance;options.ResponseUnmarshaller = ListOpenWorkflowExecutionsResponseUnmarshaller.Instance;return Invoke<ListOpenWorkflowExecutionsResponse>(request, options);}","public virtual ListOpenWorkflowExecutionsResponse ListOpenWorkflowExecutions(ListOpenWorkflowExecutionsRequest request){var options = new InvokeOptions();<MASKED>options.ResponseUnmarshaller = ListOpenWorkflowExecutionsResponseUnmarshaller.Instance;return Invoke<ListOpenWorkflowExecutionsResponse>(request, options);}",options.RequestMarshaller = ListOpenWorkflowExecutionsRequestMarshaller.Instance;
984,java,expression_statement,public ListApplicationSnapshotsResult listApplicationSnapshots(ListApplicationSnapshotsRequest request) {request = beforeClientExecution(request);return executeListApplicationSnapshots(request);},public ListApplicationSnapshotsResult listApplicationSnapshots(ListApplicationSnapshotsRequest request) {<MASKED>return executeListApplicationSnapshots(request);},request = beforeClientExecution(request);
985,c#,expression_statement,"public virtual ListApplicationSnapshotsResponse ListApplicationSnapshots(ListApplicationSnapshotsRequest request){var options = new InvokeOptions();options.RequestMarshaller = ListApplicationSnapshotsRequestMarshaller.Instance;options.ResponseUnmarshaller = ListApplicationSnapshotsResponseUnmarshaller.Instance;return Invoke<ListApplicationSnapshotsResponse>(request, options);}","public virtual ListApplicationSnapshotsResponse ListApplicationSnapshots(ListApplicationSnapshotsRequest request){var options = new InvokeOptions();options.RequestMarshaller = ListApplicationSnapshotsRequestMarshaller.Instance;<MASKED>return Invoke<ListApplicationSnapshotsResponse>(request, options);}",options.ResponseUnmarshaller = ListApplicationSnapshotsResponseUnmarshaller.Instance;
986,java,expression_statement,public DescribeClusterParametersResult describeClusterParameters(DescribeClusterParametersRequest request) {request = beforeClientExecution(request);return executeDescribeClusterParameters(request);},public DescribeClusterParametersResult describeClusterParameters(DescribeClusterParametersRequest request) {<MASKED>return executeDescribeClusterParameters(request);},request = beforeClientExecution(request);
987,c#,expression_statement,"public virtual DescribeClusterParametersResponse DescribeClusterParameters(DescribeClusterParametersRequest request){var options = new InvokeOptions();options.RequestMarshaller = DescribeClusterParametersRequestMarshaller.Instance;options.ResponseUnmarshaller = DescribeClusterParametersResponseUnmarshaller.Instance;return Invoke<DescribeClusterParametersResponse>(request, options);}","public virtual DescribeClusterParametersResponse DescribeClusterParameters(DescribeClusterParametersRequest request){var options = new InvokeOptions();options.RequestMarshaller = DescribeClusterParametersRequestMarshaller.Instance;<MASKED>return Invoke<DescribeClusterParametersResponse>(request, options);}",options.ResponseUnmarshaller = DescribeClusterParametersResponseUnmarshaller.Instance;
988,java,expression_statement,public long ramBytesUsed() {long mem = RamUsageEstimator.shallowSizeOf(this) + RamUsageEstimator.sizeOf(offsets);if (offsets != ordinals) {mem += RamUsageEstimator.sizeOf(ordinals);}return mem;},public long ramBytesUsed() {long mem = RamUsageEstimator.shallowSizeOf(this) + RamUsageEstimator.sizeOf(offsets);if (offsets != ordinals) {<MASKED>}return mem;},mem += RamUsageEstimator.sizeOf(ordinals);
989,c#,expression_statement,public long RamBytesUsed(){long mem = RamUsageEstimator.ShallowSizeOf(this) + RamUsageEstimator.SizeOf(Offsets);if (Offsets != Ordinals){mem += RamUsageEstimator.SizeOf(Ordinals);}return mem;},public long RamBytesUsed(){long mem = RamUsageEstimator.ShallowSizeOf(this) + RamUsageEstimator.SizeOf(Offsets);if (Offsets != Ordinals){<MASKED>}return mem;},mem += RamUsageEstimator.SizeOf(Ordinals);
990,java,string_literal,"public int following(int pos) {if (pos < start || pos > end) {throw new IllegalArgumentException(""offset out of bounds"");} else if (pos == end) {current = end;return DONE;} else {return last();}}",public int following(int pos) {if (pos < start || pos > end) {throw new IllegalArgumentException(<MASKED>);} else if (pos == end) {current = end;return DONE;} else {return last();}},"""offset out of bounds"""
991,c#,expression_statement,"public override int Following(int pos){if (pos < start || pos > end){throw new ArgumentException(""offset out of bounds"");}else if (pos == end){current = end;return Done;}else{return Last();}}","public override int Following(int pos){if (pos < start || pos > end){throw new ArgumentException(""offset out of bounds"");}else if (pos == end){<MASKED>return Done;}else{return Last();}}",current = end;
992,java,expression_statement,public DeleteVoiceConnectorProxyResult deleteVoiceConnectorProxy(DeleteVoiceConnectorProxyRequest request) {request = beforeClientExecution(request);return executeDeleteVoiceConnectorProxy(request);},public DeleteVoiceConnectorProxyResult deleteVoiceConnectorProxy(DeleteVoiceConnectorProxyRequest request) {<MASKED>return executeDeleteVoiceConnectorProxy(request);},request = beforeClientExecution(request);
993,c#,expression_statement,"public virtual DeleteVoiceConnectorProxyResponse DeleteVoiceConnectorProxy(DeleteVoiceConnectorProxyRequest request){var options = new InvokeOptions();options.RequestMarshaller = DeleteVoiceConnectorProxyRequestMarshaller.Instance;options.ResponseUnmarshaller = DeleteVoiceConnectorProxyResponseUnmarshaller.Instance;return Invoke<DeleteVoiceConnectorProxyResponse>(request, options);}","public virtual DeleteVoiceConnectorProxyResponse DeleteVoiceConnectorProxy(DeleteVoiceConnectorProxyRequest request){var options = new InvokeOptions();options.RequestMarshaller = DeleteVoiceConnectorProxyRequestMarshaller.Instance;<MASKED>return Invoke<DeleteVoiceConnectorProxyResponse>(request, options);}",options.ResponseUnmarshaller = DeleteVoiceConnectorProxyResponseUnmarshaller.Instance;
994,java,expression_statement,public AssociateSubnetCidrBlockResult associateSubnetCidrBlock(AssociateSubnetCidrBlockRequest request) {request = beforeClientExecution(request);return executeAssociateSubnetCidrBlock(request);},public AssociateSubnetCidrBlockResult associateSubnetCidrBlock(AssociateSubnetCidrBlockRequest request) {<MASKED>return executeAssociateSubnetCidrBlock(request);},request = beforeClientExecution(request);
995,c#,expression_statement,"public virtual AssociateSubnetCidrBlockResponse AssociateSubnetCidrBlock(AssociateSubnetCidrBlockRequest request){var options = new InvokeOptions();options.RequestMarshaller = AssociateSubnetCidrBlockRequestMarshaller.Instance;options.ResponseUnmarshaller = AssociateSubnetCidrBlockResponseUnmarshaller.Instance;return Invoke<AssociateSubnetCidrBlockResponse>(request, options);}","public virtual AssociateSubnetCidrBlockResponse AssociateSubnetCidrBlock(AssociateSubnetCidrBlockRequest request){var options = new InvokeOptions();<MASKED>options.ResponseUnmarshaller = AssociateSubnetCidrBlockResponseUnmarshaller.Instance;return Invoke<AssociateSubnetCidrBlockResponse>(request, options);}",options.RequestMarshaller = AssociateSubnetCidrBlockRequestMarshaller.Instance;
996,java,expression_statement,public UpdateIntegrationResponseResult updateIntegrationResponse(UpdateIntegrationResponseRequest request) {request = beforeClientExecution(request);return executeUpdateIntegrationResponse(request);},public UpdateIntegrationResponseResult updateIntegrationResponse(UpdateIntegrationResponseRequest request) {<MASKED>return executeUpdateIntegrationResponse(request);},request = beforeClientExecution(request);
997,c#,expression_statement,"public virtual UpdateIntegrationResponseResponse UpdateIntegrationResponse(UpdateIntegrationResponseRequest request){var options = new InvokeOptions();options.RequestMarshaller = UpdateIntegrationResponseRequestMarshaller.Instance;options.ResponseUnmarshaller = UpdateIntegrationResponseResponseUnmarshaller.Instance;return Invoke<UpdateIntegrationResponseResponse>(request, options);}","public virtual UpdateIntegrationResponseResponse UpdateIntegrationResponse(UpdateIntegrationResponseRequest request){var options = new InvokeOptions();options.RequestMarshaller = UpdateIntegrationResponseRequestMarshaller.Instance;<MASKED>return Invoke<UpdateIntegrationResponseResponse>(request, options);}",options.ResponseUnmarshaller = UpdateIntegrationResponseResponseUnmarshaller.Instance;
998,java,expression_statement,"public synchronized Span[] getTerms(String sentence) {if (tokenizer == null) {Span[] span1 = new Span[1];span1[0] = new Span(0, sentence.length());return span1;}return tokenizer.tokenizePos(sentence);}",public synchronized Span[] getTerms(String sentence) {if (tokenizer == null) {Span[] span1 = new Span[1];<MASKED>return span1;}return tokenizer.tokenizePos(sentence);},"span1[0] = new Span(0, sentence.length());"
999,c#,expression_statement,"public virtual Span[] GetTerms(string sentence){lock (this){if (tokenizer == null){Span[] span1 = new Span[1];span1[0] = new Span(0, sentence.Length);return span1;}return tokenizer.tokenizePos(sentence);}}",public virtual Span[] GetTerms(string sentence){lock (this){if (tokenizer == null){Span[] span1 = new Span[1];<MASKED>return span1;}return tokenizer.tokenizePos(sentence);}},"span1[0] = new Span(0, sentence.Length);"
1000,java,expression_statement,public DescribeReservedInstancesResult describeReservedInstances(DescribeReservedInstancesRequest request) {request = beforeClientExecution(request);return executeDescribeReservedInstances(request);},public DescribeReservedInstancesResult describeReservedInstances(DescribeReservedInstancesRequest request) {<MASKED>return executeDescribeReservedInstances(request);},request = beforeClientExecution(request);
1001,c#,expression_statement,"public virtual DescribeReservedInstancesResponse DescribeReservedInstances(DescribeReservedInstancesRequest request){var options = new InvokeOptions();options.RequestMarshaller = DescribeReservedInstancesRequestMarshaller.Instance;options.ResponseUnmarshaller = DescribeReservedInstancesResponseUnmarshaller.Instance;return Invoke<DescribeReservedInstancesResponse>(request, options);}","public virtual DescribeReservedInstancesResponse DescribeReservedInstances(DescribeReservedInstancesRequest request){var options = new InvokeOptions();<MASKED>options.ResponseUnmarshaller = DescribeReservedInstancesResponseUnmarshaller.Instance;return Invoke<DescribeReservedInstancesResponse>(request, options);}",options.RequestMarshaller = DescribeReservedInstancesRequestMarshaller.Instance;
1002,java,expression_statement,"public static String getRFC2616Date(Date date) {SimpleDateFormat df = new SimpleDateFormat(FORMAT_RFC2616, Locale.ENGLISH);df.setTimeZone(new SimpleTimeZone(0, TIME_ZONE));return df.format(date);}","public static String getRFC2616Date(Date date) {SimpleDateFormat df = new SimpleDateFormat(FORMAT_RFC2616, Locale.ENGLISH);<MASKED>return df.format(date);}","df.setTimeZone(new SimpleTimeZone(0, TIME_ZONE));"
1003,c#,expression_statement,public static string GetRFC2616Date(DateTime datetime){if (null == datetime){datetime = DateTime.UtcNow;}return datetime.ToUniversalTime().GetDateTimeFormats('r') [0];},public static string GetRFC2616Date(DateTime datetime){if (null == datetime){<MASKED>}return datetime.ToUniversalTime().GetDateTimeFormats('r') [0];},datetime = DateTime.UtcNow;
1004,java,expression_statement,public DeleteConferenceProviderResult deleteConferenceProvider(DeleteConferenceProviderRequest request) {request = beforeClientExecution(request);return executeDeleteConferenceProvider(request);},public DeleteConferenceProviderResult deleteConferenceProvider(DeleteConferenceProviderRequest request) {<MASKED>return executeDeleteConferenceProvider(request);},request = beforeClientExecution(request);
1005,c#,expression_statement,"public virtual DeleteConferenceProviderResponse DeleteConferenceProvider(DeleteConferenceProviderRequest request){var options = new InvokeOptions();options.RequestMarshaller = DeleteConferenceProviderRequestMarshaller.Instance;options.ResponseUnmarshaller = DeleteConferenceProviderResponseUnmarshaller.Instance;return Invoke<DeleteConferenceProviderResponse>(request, options);}","public virtual DeleteConferenceProviderResponse DeleteConferenceProvider(DeleteConferenceProviderRequest request){var options = new InvokeOptions();<MASKED>options.ResponseUnmarshaller = DeleteConferenceProviderResponseUnmarshaller.Instance;return Invoke<DeleteConferenceProviderResponse>(request, options);}",options.RequestMarshaller = DeleteConferenceProviderRequestMarshaller.Instance;
1006,java,expression_statement,public ListSpeechSynthesisTasksResult listSpeechSynthesisTasks(ListSpeechSynthesisTasksRequest request) {request = beforeClientExecution(request);return executeListSpeechSynthesisTasks(request);},public ListSpeechSynthesisTasksResult listSpeechSynthesisTasks(ListSpeechSynthesisTasksRequest request) {<MASKED>return executeListSpeechSynthesisTasks(request);},request = beforeClientExecution(request);
1007,c#,expression_statement,"public virtual ListSpeechSynthesisTasksResponse ListSpeechSynthesisTasks(ListSpeechSynthesisTasksRequest request){var options = new InvokeOptions();options.RequestMarshaller = ListSpeechSynthesisTasksRequestMarshaller.Instance;options.ResponseUnmarshaller = ListSpeechSynthesisTasksResponseUnmarshaller.Instance;return Invoke<ListSpeechSynthesisTasksResponse>(request, options);}","public virtual ListSpeechSynthesisTasksResponse ListSpeechSynthesisTasks(ListSpeechSynthesisTasksRequest request){var options = new InvokeOptions();<MASKED>options.ResponseUnmarshaller = ListSpeechSynthesisTasksResponseUnmarshaller.Instance;return Invoke<ListSpeechSynthesisTasksResponse>(request, options);}",options.RequestMarshaller = ListSpeechSynthesisTasksRequestMarshaller.Instance;
1008,java,expression_statement,public DescribeClientPropertiesResult describeClientProperties(DescribeClientPropertiesRequest request) {request = beforeClientExecution(request);return executeDescribeClientProperties(request);},public DescribeClientPropertiesResult describeClientProperties(DescribeClientPropertiesRequest request) {<MASKED>return executeDescribeClientProperties(request);},request = beforeClientExecution(request);
1009,c#,expression_statement,"public virtual DescribeClientPropertiesResponse DescribeClientProperties(DescribeClientPropertiesRequest request){var options = new InvokeOptions();options.RequestMarshaller = DescribeClientPropertiesRequestMarshaller.Instance;options.ResponseUnmarshaller = DescribeClientPropertiesResponseUnmarshaller.Instance;return Invoke<DescribeClientPropertiesResponse>(request, options);}","public virtual DescribeClientPropertiesResponse DescribeClientProperties(DescribeClientPropertiesRequest request){var options = new InvokeOptions();options.RequestMarshaller = DescribeClientPropertiesRequestMarshaller.Instance;<MASKED>return Invoke<DescribeClientPropertiesResponse>(request, options);}",options.ResponseUnmarshaller = DescribeClientPropertiesResponseUnmarshaller.Instance;
1010,java,expression_statement,public DeleteLaunchConfigurationResult deleteLaunchConfiguration(DeleteLaunchConfigurationRequest request) {request = beforeClientExecution(request);return executeDeleteLaunchConfiguration(request);},public DeleteLaunchConfigurationResult deleteLaunchConfiguration(DeleteLaunchConfigurationRequest request) {<MASKED>return executeDeleteLaunchConfiguration(request);},request = beforeClientExecution(request);
1011,c#,expression_statement,"public virtual DeleteLaunchConfigurationResponse DeleteLaunchConfiguration(DeleteLaunchConfigurationRequest request){var options = new InvokeOptions();options.RequestMarshaller = DeleteLaunchConfigurationRequestMarshaller.Instance;options.ResponseUnmarshaller = DeleteLaunchConfigurationResponseUnmarshaller.Instance;return Invoke<DeleteLaunchConfigurationResponse>(request, options);}","public virtual DeleteLaunchConfigurationResponse DeleteLaunchConfiguration(DeleteLaunchConfigurationRequest request){var options = new InvokeOptions();options.RequestMarshaller = DeleteLaunchConfigurationRequestMarshaller.Instance;<MASKED>return Invoke<DeleteLaunchConfigurationResponse>(request, options);}",options.ResponseUnmarshaller = DeleteLaunchConfigurationResponseUnmarshaller.Instance;
1012,java,expression_statement,"public int replace(char s[], int len) {if (replacement.length > 0) {System.arraycopy(replacement, 0, s, len - suffix.length, replacement.length);}return len - suffix.length + replacement.length;}","public int replace(char s[], int len) {if (replacement.length > 0) {<MASKED>}return len - suffix.length + replacement.length;}","System.arraycopy(replacement, 0, s, len - suffix.length, replacement.length);"
1013,c#,expression_statement,"public virtual int Replace(char[] s, int len){if (m_replacement.Length > 0){Array.Copy(m_replacement, 0, s, len - m_suffix.Length, m_replacement.Length);}return len - m_suffix.Length + m_replacement.Length;}","public virtual int Replace(char[] s, int len){if (m_replacement.Length > 0){<MASKED>}return len - m_suffix.Length + m_replacement.Length;}","Array.Copy(m_replacement, 0, s, len - m_suffix.Length, m_replacement.Length);"
1014,java,string_literal,"public String toString() {if ( text==null ) {return ""<DeleteOp@""+tokens.get(index)+""..""+tokens.get(lastIndex)+"">"";}return ""<ReplaceOp@""+tokens.get(index)+""..""+tokens.get(lastIndex)+"":\""""+text+""\"">"";}","public String toString() {if ( text==null ) {return ""<DeleteOp@""+tokens.get(index)+""..""+tokens.get(lastIndex)+"">"";}return <MASKED>+tokens.get(index)+""..""+tokens.get(lastIndex)+"":\""""+text+""\"">"";}","""<ReplaceOp@"""
1015,c#,expression_statement,"public override string ToString(){string opName = GetType().FullName;int index = opName.IndexOf('$');opName = Sharpen.Runtime.Substring(opName, index + 1, opName.Length);return ""<"" + opName + ""@"" + tokens.Get(this.index) + "":\"""" + text + ""\"">"";}","public override string ToString(){string opName = GetType().FullName;int index = opName.IndexOf('$');<MASKED>return ""<"" + opName + ""@"" + tokens.Get(this.index) + "":\"""" + text + ""\"">"";}","opName = Sharpen.Runtime.Substring(opName, index + 1, opName.Length);"
1016,java,expression_statement,public DescribeIdentityPoolUsageResult describeIdentityPoolUsage(DescribeIdentityPoolUsageRequest request) {request = beforeClientExecution(request);return executeDescribeIdentityPoolUsage(request);},public DescribeIdentityPoolUsageResult describeIdentityPoolUsage(DescribeIdentityPoolUsageRequest request) {<MASKED>return executeDescribeIdentityPoolUsage(request);},request = beforeClientExecution(request);
1017,c#,expression_statement,"public virtual DescribeIdentityPoolUsageResponse DescribeIdentityPoolUsage(DescribeIdentityPoolUsageRequest request){var options = new InvokeOptions();options.RequestMarshaller = DescribeIdentityPoolUsageRequestMarshaller.Instance;options.ResponseUnmarshaller = DescribeIdentityPoolUsageResponseUnmarshaller.Instance;return Invoke<DescribeIdentityPoolUsageResponse>(request, options);}","public virtual DescribeIdentityPoolUsageResponse DescribeIdentityPoolUsage(DescribeIdentityPoolUsageRequest request){var options = new InvokeOptions();options.RequestMarshaller = DescribeIdentityPoolUsageRequestMarshaller.Instance;<MASKED>return Invoke<DescribeIdentityPoolUsageResponse>(request, options);}",options.ResponseUnmarshaller = DescribeIdentityPoolUsageResponseUnmarshaller.Instance;
1018,java,expression_statement,public ModifyDBProxyTargetGroupResult modifyDBProxyTargetGroup(ModifyDBProxyTargetGroupRequest request) {request = beforeClientExecution(request);return executeModifyDBProxyTargetGroup(request);},public ModifyDBProxyTargetGroupResult modifyDBProxyTargetGroup(ModifyDBProxyTargetGroupRequest request) {<MASKED>return executeModifyDBProxyTargetGroup(request);},request = beforeClientExecution(request);
1019,c#,expression_statement,"public virtual ModifyDBProxyTargetGroupResponse ModifyDBProxyTargetGroup(ModifyDBProxyTargetGroupRequest request){var options = new InvokeOptions();options.RequestMarshaller = ModifyDBProxyTargetGroupRequestMarshaller.Instance;options.ResponseUnmarshaller = ModifyDBProxyTargetGroupResponseUnmarshaller.Instance;return Invoke<ModifyDBProxyTargetGroupResponse>(request, options);}","public virtual ModifyDBProxyTargetGroupResponse ModifyDBProxyTargetGroup(ModifyDBProxyTargetGroupRequest request){var options = new InvokeOptions();<MASKED>options.ResponseUnmarshaller = ModifyDBProxyTargetGroupResponseUnmarshaller.Instance;return Invoke<ModifyDBProxyTargetGroupResponse>(request, options);}",options.RequestMarshaller = ModifyDBProxyTargetGroupRequestMarshaller.Instance;
1020,java,expression_statement,public DisableVgwRoutePropagationResult disableVgwRoutePropagation(DisableVgwRoutePropagationRequest request) {request = beforeClientExecution(request);return executeDisableVgwRoutePropagation(request);},public DisableVgwRoutePropagationResult disableVgwRoutePropagation(DisableVgwRoutePropagationRequest request) {<MASKED>return executeDisableVgwRoutePropagation(request);},request = beforeClientExecution(request);
1021,c#,expression_statement,"public virtual DisableVgwRoutePropagationResponse DisableVgwRoutePropagation(DisableVgwRoutePropagationRequest request){var options = new InvokeOptions();options.RequestMarshaller = DisableVgwRoutePropagationRequestMarshaller.Instance;options.ResponseUnmarshaller = DisableVgwRoutePropagationResponseUnmarshaller.Instance;return Invoke<DisableVgwRoutePropagationResponse>(request, options);}","public virtual DisableVgwRoutePropagationResponse DisableVgwRoutePropagation(DisableVgwRoutePropagationRequest request){var options = new InvokeOptions();<MASKED>options.ResponseUnmarshaller = DisableVgwRoutePropagationResponseUnmarshaller.Instance;return Invoke<DisableVgwRoutePropagationResponse>(request, options);}",options.RequestMarshaller = DisableVgwRoutePropagationRequestMarshaller.Instance;
1022,java,expression_statement,public ListRepositoryAssociationsResult listRepositoryAssociations(ListRepositoryAssociationsRequest request) {request = beforeClientExecution(request);return executeListRepositoryAssociations(request);},public ListRepositoryAssociationsResult listRepositoryAssociations(ListRepositoryAssociationsRequest request) {<MASKED>return executeListRepositoryAssociations(request);},request = beforeClientExecution(request);
1023,c#,expression_statement,"public virtual ListRepositoryAssociationsResponse ListRepositoryAssociations(ListRepositoryAssociationsRequest request){var options = new InvokeOptions();options.RequestMarshaller = ListRepositoryAssociationsRequestMarshaller.Instance;options.ResponseUnmarshaller = ListRepositoryAssociationsResponseUnmarshaller.Instance;return Invoke<ListRepositoryAssociationsResponse>(request, options);}","public virtual ListRepositoryAssociationsResponse ListRepositoryAssociations(ListRepositoryAssociationsRequest request){var options = new InvokeOptions();options.RequestMarshaller = ListRepositoryAssociationsRequestMarshaller.Instance;<MASKED>return Invoke<ListRepositoryAssociationsResponse>(request, options);}",options.ResponseUnmarshaller = ListRepositoryAssociationsResponseUnmarshaller.Instance;
1024,java,expression_statement,"public void write(byte[] buf, int off, int len) throws IOException {try {beginWrite();dst.write(buf, off, len);} catch (InterruptedIOException e) {throw writeTimedOut(e);} finally {endWrite();}}","public void write(byte[] buf, int off, int len) throws IOException {try {<MASKED>dst.write(buf, off, len);} catch (InterruptedIOException e) {throw writeTimedOut(e);} finally {endWrite();}}",beginWrite();
1025,c#,expression_statement,"public override void Write(byte[] buf, int off, int len){try{BeginWrite();dst.Write(buf, off, len);}catch (ThreadInterruptedException){throw WriteTimedOut();}finally{EndWrite();}}","public override void Write(byte[] buf, int off, int len){try{BeginWrite();<MASKED>}catch (ThreadInterruptedException){throw WriteTimedOut();}finally{EndWrite();}}","dst.Write(buf, off, len);"
1026,java,expression_statement,public DeleteQueryLoggingConfigResult deleteQueryLoggingConfig(DeleteQueryLoggingConfigRequest request) {request = beforeClientExecution(request);return executeDeleteQueryLoggingConfig(request);},public DeleteQueryLoggingConfigResult deleteQueryLoggingConfig(DeleteQueryLoggingConfigRequest request) {<MASKED>return executeDeleteQueryLoggingConfig(request);},request = beforeClientExecution(request);
1027,c#,expression_statement,"public virtual DeleteQueryLoggingConfigResponse DeleteQueryLoggingConfig(DeleteQueryLoggingConfigRequest request){var options = new InvokeOptions();options.RequestMarshaller = DeleteQueryLoggingConfigRequestMarshaller.Instance;options.ResponseUnmarshaller = DeleteQueryLoggingConfigResponseUnmarshaller.Instance;return Invoke<DeleteQueryLoggingConfigResponse>(request, options);}","public virtual DeleteQueryLoggingConfigResponse DeleteQueryLoggingConfig(DeleteQueryLoggingConfigRequest request){var options = new InvokeOptions();options.RequestMarshaller = DeleteQueryLoggingConfigRequestMarshaller.Instance;<MASKED>return Invoke<DeleteQueryLoggingConfigResponse>(request, options);}",options.ResponseUnmarshaller = DeleteQueryLoggingConfigResponseUnmarshaller.Instance;
1028,java,expression_statement,public ListReviewPolicyResultsForHITResult listReviewPolicyResultsForHIT(ListReviewPolicyResultsForHITRequest request) {request = beforeClientExecution(request);return executeListReviewPolicyResultsForHIT(request);},public ListReviewPolicyResultsForHITResult listReviewPolicyResultsForHIT(ListReviewPolicyResultsForHITRequest request) {<MASKED>return executeListReviewPolicyResultsForHIT(request);},request = beforeClientExecution(request);
1029,c#,expression_statement,"public virtual ListReviewPolicyResultsForHITResponse ListReviewPolicyResultsForHIT(ListReviewPolicyResultsForHITRequest request){var options = new InvokeOptions();options.RequestMarshaller = ListReviewPolicyResultsForHITRequestMarshaller.Instance;options.ResponseUnmarshaller = ListReviewPolicyResultsForHITResponseUnmarshaller.Instance;return Invoke<ListReviewPolicyResultsForHITResponse>(request, options);}","public virtual ListReviewPolicyResultsForHITResponse ListReviewPolicyResultsForHIT(ListReviewPolicyResultsForHITRequest request){var options = new InvokeOptions();<MASKED>options.ResponseUnmarshaller = ListReviewPolicyResultsForHITResponseUnmarshaller.Instance;return Invoke<ListReviewPolicyResultsForHITResponse>(request, options);}",options.RequestMarshaller = ListReviewPolicyResultsForHITRequestMarshaller.Instance;
1030,java,string_literal,"public double readDouble() {long valueLongBits = readLong();double result = Double.longBitsToDouble(valueLongBits);if (Double.isNaN(result)) {throw new RuntimeException(""Did not expect to read NaN"");}return result;}",public double readDouble() {long valueLongBits = readLong();double result = Double.longBitsToDouble(valueLongBits);if (Double.isNaN(result)) {throw new RuntimeException(<MASKED>);}return result;},"""Did not expect to read NaN"""
1031,c#,string_literal,"public double ReadDouble(){long valueLongBits = ReadLong();double result = BitConverter.Int64BitsToDouble(valueLongBits);if (Double.IsNaN(result)){throw new Exception(""Did not expect to read NaN""); }return result;}",public double ReadDouble(){long valueLongBits = ReadLong();double result = BitConverter.Int64BitsToDouble(valueLongBits);if (Double.IsNaN(result)){throw new Exception(<MASKED>); }return result;},"""Did not expect to read NaN"""
1032,java,expression_statement,public ReplaceRouteTableAssociationResult replaceRouteTableAssociation(ReplaceRouteTableAssociationRequest request) {request = beforeClientExecution(request);return executeReplaceRouteTableAssociation(request);},public ReplaceRouteTableAssociationResult replaceRouteTableAssociation(ReplaceRouteTableAssociationRequest request) {<MASKED>return executeReplaceRouteTableAssociation(request);},request = beforeClientExecution(request);
1033,c#,expression_statement,"public virtual ReplaceRouteTableAssociationResponse ReplaceRouteTableAssociation(ReplaceRouteTableAssociationRequest request){var options = new InvokeOptions();options.RequestMarshaller = ReplaceRouteTableAssociationRequestMarshaller.Instance;options.ResponseUnmarshaller = ReplaceRouteTableAssociationResponseUnmarshaller.Instance;return Invoke<ReplaceRouteTableAssociationResponse>(request, options);}","public virtual ReplaceRouteTableAssociationResponse ReplaceRouteTableAssociation(ReplaceRouteTableAssociationRequest request){var options = new InvokeOptions();<MASKED>options.ResponseUnmarshaller = ReplaceRouteTableAssociationResponseUnmarshaller.Instance;return Invoke<ReplaceRouteTableAssociationResponse>(request, options);}",options.RequestMarshaller = ReplaceRouteTableAssociationRequestMarshaller.Instance;
1034,java,expression_statement,public BatchModifyClusterSnapshotsResult batchModifyClusterSnapshots(BatchModifyClusterSnapshotsRequest request) {request = beforeClientExecution(request);return executeBatchModifyClusterSnapshots(request);},public BatchModifyClusterSnapshotsResult batchModifyClusterSnapshots(BatchModifyClusterSnapshotsRequest request) {<MASKED>return executeBatchModifyClusterSnapshots(request);},request = beforeClientExecution(request);
1035,c#,expression_statement,"public virtual BatchModifyClusterSnapshotsResponse BatchModifyClusterSnapshots(BatchModifyClusterSnapshotsRequest request){var options = new InvokeOptions();options.RequestMarshaller = BatchModifyClusterSnapshotsRequestMarshaller.Instance;options.ResponseUnmarshaller = BatchModifyClusterSnapshotsResponseUnmarshaller.Instance;return Invoke<BatchModifyClusterSnapshotsResponse>(request, options);}","public virtual BatchModifyClusterSnapshotsResponse BatchModifyClusterSnapshots(BatchModifyClusterSnapshotsRequest request){var options = new InvokeOptions();<MASKED>options.ResponseUnmarshaller = BatchModifyClusterSnapshotsResponseUnmarshaller.Instance;return Invoke<BatchModifyClusterSnapshotsResponse>(request, options);}",options.RequestMarshaller = BatchModifyClusterSnapshotsRequestMarshaller.Instance;
1036,java,expression_statement,public CreatePublishingDestinationResult createPublishingDestination(CreatePublishingDestinationRequest request) {request = beforeClientExecution(request);return executeCreatePublishingDestination(request);},public CreatePublishingDestinationResult createPublishingDestination(CreatePublishingDestinationRequest request) {<MASKED>return executeCreatePublishingDestination(request);},request = beforeClientExecution(request);
1037,c#,expression_statement,"public virtual CreatePublishingDestinationResponse CreatePublishingDestination(CreatePublishingDestinationRequest request){var options = new InvokeOptions();options.RequestMarshaller = CreatePublishingDestinationRequestMarshaller.Instance;options.ResponseUnmarshaller = CreatePublishingDestinationResponseUnmarshaller.Instance;return Invoke<CreatePublishingDestinationResponse>(request, options);}","public virtual CreatePublishingDestinationResponse CreatePublishingDestination(CreatePublishingDestinationRequest request){var options = new InvokeOptions();<MASKED>options.ResponseUnmarshaller = CreatePublishingDestinationResponseUnmarshaller.Instance;return Invoke<CreatePublishingDestinationResponse>(request, options);}",options.RequestMarshaller = CreatePublishingDestinationRequestMarshaller.Instance;
1038,java,expression_statement,public SendCustomVerificationEmailResult sendCustomVerificationEmail(SendCustomVerificationEmailRequest request) {request = beforeClientExecution(request);return executeSendCustomVerificationEmail(request);},public SendCustomVerificationEmailResult sendCustomVerificationEmail(SendCustomVerificationEmailRequest request) {<MASKED>return executeSendCustomVerificationEmail(request);},request = beforeClientExecution(request);
1039,c#,expression_statement,"public virtual SendCustomVerificationEmailResponse SendCustomVerificationEmail(SendCustomVerificationEmailRequest request){var options = new InvokeOptions();options.RequestMarshaller = SendCustomVerificationEmailRequestMarshaller.Instance;options.ResponseUnmarshaller = SendCustomVerificationEmailResponseUnmarshaller.Instance;return Invoke<SendCustomVerificationEmailResponse>(request, options);}","public virtual SendCustomVerificationEmailResponse SendCustomVerificationEmail(SendCustomVerificationEmailRequest request){var options = new InvokeOptions();options.RequestMarshaller = SendCustomVerificationEmailRequestMarshaller.Instance;<MASKED>return Invoke<SendCustomVerificationEmailResponse>(request, options);}",options.ResponseUnmarshaller = SendCustomVerificationEmailResponseUnmarshaller.Instance;
1040,java,expression_statement,public ModifyClusterParameterGroupResult modifyClusterParameterGroup(ModifyClusterParameterGroupRequest request) {request = beforeClientExecution(request);return executeModifyClusterParameterGroup(request);},public ModifyClusterParameterGroupResult modifyClusterParameterGroup(ModifyClusterParameterGroupRequest request) {<MASKED>return executeModifyClusterParameterGroup(request);},request = beforeClientExecution(request);
1041,c#,expression_statement,"public virtual ModifyClusterParameterGroupResponse ModifyClusterParameterGroup(ModifyClusterParameterGroupRequest request){var options = new InvokeOptions();options.RequestMarshaller = ModifyClusterParameterGroupRequestMarshaller.Instance;options.ResponseUnmarshaller = ModifyClusterParameterGroupResponseUnmarshaller.Instance;return Invoke<ModifyClusterParameterGroupResponse>(request, options);}","public virtual ModifyClusterParameterGroupResponse ModifyClusterParameterGroup(ModifyClusterParameterGroupRequest request){var options = new InvokeOptions();<MASKED>options.ResponseUnmarshaller = ModifyClusterParameterGroupResponseUnmarshaller.Instance;return Invoke<ModifyClusterParameterGroupResponse>(request, options);}",options.RequestMarshaller = ModifyClusterParameterGroupRequestMarshaller.Instance;
1042,java,expression_statement,public DescribeContributorInsightsResult describeContributorInsights(DescribeContributorInsightsRequest request) {request = beforeClientExecution(request);return executeDescribeContributorInsights(request);},public DescribeContributorInsightsResult describeContributorInsights(DescribeContributorInsightsRequest request) {<MASKED>return executeDescribeContributorInsights(request);},request = beforeClientExecution(request);
1043,c#,expression_statement,"public virtual DescribeContributorInsightsResponse DescribeContributorInsights(DescribeContributorInsightsRequest request){var options = new InvokeOptions();options.RequestMarshaller = DescribeContributorInsightsRequestMarshaller.Instance;options.ResponseUnmarshaller = DescribeContributorInsightsResponseUnmarshaller.Instance;return Invoke<DescribeContributorInsightsResponse>(request, options);}","public virtual DescribeContributorInsightsResponse DescribeContributorInsights(DescribeContributorInsightsRequest request){var options = new InvokeOptions();<MASKED>options.ResponseUnmarshaller = DescribeContributorInsightsResponseUnmarshaller.Instance;return Invoke<DescribeContributorInsightsResponse>(request, options);}",options.RequestMarshaller = DescribeContributorInsightsRequestMarshaller.Instance;
1044,java,expression_statement,public ListJournalS3ExportsForLedgerResult listJournalS3ExportsForLedger(ListJournalS3ExportsForLedgerRequest request) {request = beforeClientExecution(request);return executeListJournalS3ExportsForLedger(request);},public ListJournalS3ExportsForLedgerResult listJournalS3ExportsForLedger(ListJournalS3ExportsForLedgerRequest request) {<MASKED>return executeListJournalS3ExportsForLedger(request);},request = beforeClientExecution(request);
1045,c#,expression_statement,"public virtual ListJournalS3ExportsForLedgerResponse ListJournalS3ExportsForLedger(ListJournalS3ExportsForLedgerRequest request){var options = new InvokeOptions();options.RequestMarshaller = ListJournalS3ExportsForLedgerRequestMarshaller.Instance;options.ResponseUnmarshaller = ListJournalS3ExportsForLedgerResponseUnmarshaller.Instance;return Invoke<ListJournalS3ExportsForLedgerResponse>(request, options);}","public virtual ListJournalS3ExportsForLedgerResponse ListJournalS3ExportsForLedger(ListJournalS3ExportsForLedgerRequest request){var options = new InvokeOptions();<MASKED>options.ResponseUnmarshaller = ListJournalS3ExportsForLedgerResponseUnmarshaller.Instance;return Invoke<ListJournalS3ExportsForLedgerResponse>(request, options);}",options.RequestMarshaller = ListJournalS3ExportsForLedgerRequestMarshaller.Instance;
1046,java,expression_statement,public GetRelationalDatabaseBlueprintsResult getRelationalDatabaseBlueprints(GetRelationalDatabaseBlueprintsRequest request) {request = beforeClientExecution(request);return executeGetRelationalDatabaseBlueprints(request);},public GetRelationalDatabaseBlueprintsResult getRelationalDatabaseBlueprints(GetRelationalDatabaseBlueprintsRequest request) {<MASKED>return executeGetRelationalDatabaseBlueprints(request);},request = beforeClientExecution(request);
1047,c#,expression_statement,"public virtual GetRelationalDatabaseBlueprintsResponse GetRelationalDatabaseBlueprints(GetRelationalDatabaseBlueprintsRequest request){var options = new InvokeOptions();options.RequestMarshaller = GetRelationalDatabaseBlueprintsRequestMarshaller.Instance;options.ResponseUnmarshaller = GetRelationalDatabaseBlueprintsResponseUnmarshaller.Instance;return Invoke<GetRelationalDatabaseBlueprintsResponse>(request, options);}","public virtual GetRelationalDatabaseBlueprintsResponse GetRelationalDatabaseBlueprints(GetRelationalDatabaseBlueprintsRequest request){var options = new InvokeOptions();options.RequestMarshaller = GetRelationalDatabaseBlueprintsRequestMarshaller.Instance;<MASKED>return Invoke<GetRelationalDatabaseBlueprintsResponse>(request, options);}",options.ResponseUnmarshaller = GetRelationalDatabaseBlueprintsResponseUnmarshaller.Instance;
1048,java,expression_statement,public AssociateContactWithAddressBookResult associateContactWithAddressBook(AssociateContactWithAddressBookRequest request) {request = beforeClientExecution(request);return executeAssociateContactWithAddressBook(request);},public AssociateContactWithAddressBookResult associateContactWithAddressBook(AssociateContactWithAddressBookRequest request) {<MASKED>return executeAssociateContactWithAddressBook(request);},request = beforeClientExecution(request);
1049,c#,expression_statement,"public virtual AssociateContactWithAddressBookResponse AssociateContactWithAddressBook(AssociateContactWithAddressBookRequest request){var options = new InvokeOptions();options.RequestMarshaller = AssociateContactWithAddressBookRequestMarshaller.Instance;options.ResponseUnmarshaller = AssociateContactWithAddressBookResponseUnmarshaller.Instance;return Invoke<AssociateContactWithAddressBookResponse>(request, options);}","public virtual AssociateContactWithAddressBookResponse AssociateContactWithAddressBook(AssociateContactWithAddressBookRequest request){var options = new InvokeOptions();<MASKED>options.ResponseUnmarshaller = AssociateContactWithAddressBookResponseUnmarshaller.Instance;return Invoke<AssociateContactWithAddressBookResponse>(request, options);}",options.RequestMarshaller = AssociateContactWithAddressBookRequestMarshaller.Instance;
1050,java,expression_statement,public DescribeClusterParameterGroupsResult describeClusterParameterGroups(DescribeClusterParameterGroupsRequest request) {request = beforeClientExecution(request);return executeDescribeClusterParameterGroups(request);},public DescribeClusterParameterGroupsResult describeClusterParameterGroups(DescribeClusterParameterGroupsRequest request) {<MASKED>return executeDescribeClusterParameterGroups(request);},request = beforeClientExecution(request);
1051,c#,expression_statement,"public virtual DescribeClusterParameterGroupsResponse DescribeClusterParameterGroups(DescribeClusterParameterGroupsRequest request){var options = new InvokeOptions();options.RequestMarshaller = DescribeClusterParameterGroupsRequestMarshaller.Instance;options.ResponseUnmarshaller = DescribeClusterParameterGroupsResponseUnmarshaller.Instance;return Invoke<DescribeClusterParameterGroupsResponse>(request, options);}","public virtual DescribeClusterParameterGroupsResponse DescribeClusterParameterGroups(DescribeClusterParameterGroupsRequest request){var options = new InvokeOptions();<MASKED>options.ResponseUnmarshaller = DescribeClusterParameterGroupsResponseUnmarshaller.Instance;return Invoke<DescribeClusterParameterGroupsResponse>(request, options);}",options.RequestMarshaller = DescribeClusterParameterGroupsRequestMarshaller.Instance;
1052,java,expression_statement,public ListLabelingJobsForWorkteamResult listLabelingJobsForWorkteam(ListLabelingJobsForWorkteamRequest request) {request = beforeClientExecution(request);return executeListLabelingJobsForWorkteam(request);},public ListLabelingJobsForWorkteamResult listLabelingJobsForWorkteam(ListLabelingJobsForWorkteamRequest request) {<MASKED>return executeListLabelingJobsForWorkteam(request);},request = beforeClientExecution(request);
1053,c#,expression_statement,"public virtual ListLabelingJobsForWorkteamResponse ListLabelingJobsForWorkteam(ListLabelingJobsForWorkteamRequest request){var options = new InvokeOptions();options.RequestMarshaller = ListLabelingJobsForWorkteamRequestMarshaller.Instance;options.ResponseUnmarshaller = ListLabelingJobsForWorkteamResponseUnmarshaller.Instance;return Invoke<ListLabelingJobsForWorkteamResponse>(request, options);}","public virtual ListLabelingJobsForWorkteamResponse ListLabelingJobsForWorkteam(ListLabelingJobsForWorkteamRequest request){var options = new InvokeOptions();options.RequestMarshaller = ListLabelingJobsForWorkteamRequestMarshaller.Instance;<MASKED>return Invoke<ListLabelingJobsForWorkteamResponse>(request, options);}",options.ResponseUnmarshaller = ListLabelingJobsForWorkteamResponseUnmarshaller.Instance;
1054,java,expression_statement,public EnableOrganizationAdminAccountResult enableOrganizationAdminAccount(EnableOrganizationAdminAccountRequest request) {request = beforeClientExecution(request);return executeEnableOrganizationAdminAccount(request);},public EnableOrganizationAdminAccountResult enableOrganizationAdminAccount(EnableOrganizationAdminAccountRequest request) {<MASKED>return executeEnableOrganizationAdminAccount(request);},request = beforeClientExecution(request);
1055,c#,expression_statement,"public virtual EnableOrganizationAdminAccountResponse EnableOrganizationAdminAccount(EnableOrganizationAdminAccountRequest request){var options = new InvokeOptions();options.RequestMarshaller = EnableOrganizationAdminAccountRequestMarshaller.Instance;options.ResponseUnmarshaller = EnableOrganizationAdminAccountResponseUnmarshaller.Instance;return Invoke<EnableOrganizationAdminAccountResponse>(request, options);}","public virtual EnableOrganizationAdminAccountResponse EnableOrganizationAdminAccount(EnableOrganizationAdminAccountRequest request){var options = new InvokeOptions();<MASKED>options.ResponseUnmarshaller = EnableOrganizationAdminAccountResponseUnmarshaller.Instance;return Invoke<EnableOrganizationAdminAccountResponse>(request, options);}",options.RequestMarshaller = EnableOrganizationAdminAccountRequestMarshaller.Instance;
1056,java,expression_statement,public CreateReusableDelegationSetResult createReusableDelegationSet(CreateReusableDelegationSetRequest request) {request = beforeClientExecution(request);return executeCreateReusableDelegationSet(request);},public CreateReusableDelegationSetResult createReusableDelegationSet(CreateReusableDelegationSetRequest request) {<MASKED>return executeCreateReusableDelegationSet(request);},request = beforeClientExecution(request);
1057,c#,expression_statement,"public virtual CreateReusableDelegationSetResponse CreateReusableDelegationSet(CreateReusableDelegationSetRequest request){var options = new InvokeOptions();options.RequestMarshaller = CreateReusableDelegationSetRequestMarshaller.Instance;options.ResponseUnmarshaller = CreateReusableDelegationSetResponseUnmarshaller.Instance;return Invoke<CreateReusableDelegationSetResponse>(request, options);}","public virtual CreateReusableDelegationSetResponse CreateReusableDelegationSet(CreateReusableDelegationSetRequest request){var options = new InvokeOptions();<MASKED>options.ResponseUnmarshaller = CreateReusableDelegationSetResponseUnmarshaller.Instance;return Invoke<CreateReusableDelegationSetResponse>(request, options);}",options.RequestMarshaller = CreateReusableDelegationSetRequestMarshaller.Instance;
1058,java,expression_statement,public DescribeTrafficMirrorSessionsResult describeTrafficMirrorSessions(DescribeTrafficMirrorSessionsRequest request) {request = beforeClientExecution(request);return executeDescribeTrafficMirrorSessions(request);},public DescribeTrafficMirrorSessionsResult describeTrafficMirrorSessions(DescribeTrafficMirrorSessionsRequest request) {<MASKED>return executeDescribeTrafficMirrorSessions(request);},request = beforeClientExecution(request);
1059,c#,expression_statement,"public virtual DescribeTrafficMirrorSessionsResponse DescribeTrafficMirrorSessions(DescribeTrafficMirrorSessionsRequest request){var options = new InvokeOptions();options.RequestMarshaller = DescribeTrafficMirrorSessionsRequestMarshaller.Instance;options.ResponseUnmarshaller = DescribeTrafficMirrorSessionsResponseUnmarshaller.Instance;return Invoke<DescribeTrafficMirrorSessionsResponse>(request, options);}","public virtual DescribeTrafficMirrorSessionsResponse DescribeTrafficMirrorSessions(DescribeTrafficMirrorSessionsRequest request){var options = new InvokeOptions();options.RequestMarshaller = DescribeTrafficMirrorSessionsRequestMarshaller.Instance;<MASKED>return Invoke<DescribeTrafficMirrorSessionsResponse>(request, options);}",options.ResponseUnmarshaller = DescribeTrafficMirrorSessionsResponseUnmarshaller.Instance;
1060,java,expression_statement,"public void serialize(LittleEndianOutput out) {out.writeShort(_wStyle);out.writeShort(_cLine);out.writeShort(_dxMin);StringUtil.writeUnicodeString(out, _str);if(_unused != null) {out.writeByte(_unused);}}","public void serialize(LittleEndianOutput out) {out.writeShort(_wStyle);<MASKED>out.writeShort(_dxMin);StringUtil.writeUnicodeString(out, _str);if(_unused != null) {out.writeByte(_unused);}}",out.writeShort(_cLine);
1061,c#,expression_statement,"public void Serialize(ILittleEndianOutput out1) {out1.WriteShort(_wStyle);out1.WriteShort(_cLine);out1.WriteShort(_dxMin);StringUtil.WriteUnicodeString(out1, _str);out1.WriteByte(_unused);}","public void Serialize(ILittleEndianOutput out1) {out1.WriteShort(_wStyle);out1.WriteShort(_cLine);out1.WriteShort(_dxMin);StringUtil.WriteUnicodeString(out1, _str);<MASKED>}",out1.WriteByte(_unused);
1062,java,expression_statement,"public BlockJoinWeight(Query joinQuery, Weight childWeight, BitSetProducer parentsFilter, ScoreMode scoreMode) {super(joinQuery, childWeight);this.parentsFilter = parentsFilter;this.scoreMode = scoreMode;}","public BlockJoinWeight(Query joinQuery, Weight childWeight, BitSetProducer parentsFilter, ScoreMode scoreMode) {super(joinQuery, childWeight);this.parentsFilter = parentsFilter;<MASKED>}",this.scoreMode = scoreMode;
1063,c#,expression_statement,"public BlockJoinWeight(Query joinQuery, Weight childWeight, Filter parentsFilter, ScoreMode scoreMode): base(){this.joinQuery = joinQuery;this.childWeight = childWeight;this.parentsFilter = parentsFilter;this.scoreMode = scoreMode;}","public BlockJoinWeight(Query joinQuery, Weight childWeight, Filter parentsFilter, ScoreMode scoreMode): base(){<MASKED>this.childWeight = childWeight;this.parentsFilter = parentsFilter;this.scoreMode = scoreMode;}",this.joinQuery = joinQuery;
1064,java,string_literal,"public String toString() {StringBuilder sb = new StringBuilder(64);sb.append(getClass().getName()).append("" ["");sb.append(_offset).append(""..."").append(getLastIndex());sb.append(""]"");return sb.toString();}","public String toString() {StringBuilder sb = new StringBuilder(64);sb.append(getClass().getName()).append(<MASKED>);sb.append(_offset).append(""..."").append(getLastIndex());sb.append(""]"");return sb.toString();}",""" ["""
1065,c#,expression_statement,"public override String ToString(){StringBuilder sb = new StringBuilder(64);sb.Append(GetType().Name).Append("" ["");sb.Append(_offset).Append(""..."").Append(LastIndex);sb.Append(""]"");return sb.ToString();}","public override String ToString(){StringBuilder sb = new StringBuilder(64);sb.Append(GetType().Name).Append("" ["");<MASKED>sb.Append(""]"");return sb.ToString();}","sb.Append(_offset).Append(""..."").Append(LastIndex);"
1066,java,expression_statement,"public int stemSuffix(char s[], int len) {for (int i = 0; i < suffixes.length; i++)if (endsWithCheckLength(s, len, suffixes[i]))len = deleteN(s, len - suffixes[i].length, len, suffixes[i].length);return len;}","public int stemSuffix(char s[], int len) {for (int i = 0; i < suffixes.length; i++)if (endsWithCheckLength(s, len, suffixes[i]))<MASKED>return len;}","len = deleteN(s, len - suffixes[i].length, len, suffixes[i].length);"
1067,c#,expression_statement,"public virtual int StemSuffix(char[] s, int len){for (int i = 0; i < suffixes.Length; i++){if (EndsWithCheckLength(s, len, suffixes[i])){len = StemmerUtil.DeleteN(s, len - suffixes[i].Length, len, suffixes[i].Length);}}return len;}","public virtual int StemSuffix(char[] s, int len){for (int i = 0; i < suffixes.Length; i++){if (EndsWithCheckLength(s, len, suffixes[i])){<MASKED>}}return len;}","len = StemmerUtil.DeleteN(s, len - suffixes[i].Length, len, suffixes[i].Length);"
1068,java,expression_statement,public DescribePublishingDestinationResult describePublishingDestination(DescribePublishingDestinationRequest request) {request = beforeClientExecution(request);return executeDescribePublishingDestination(request);},public DescribePublishingDestinationResult describePublishingDestination(DescribePublishingDestinationRequest request) {<MASKED>return executeDescribePublishingDestination(request);},request = beforeClientExecution(request);
1069,c#,expression_statement,"public virtual DescribePublishingDestinationResponse DescribePublishingDestination(DescribePublishingDestinationRequest request){var options = new InvokeOptions();options.RequestMarshaller = DescribePublishingDestinationRequestMarshaller.Instance;options.ResponseUnmarshaller = DescribePublishingDestinationResponseUnmarshaller.Instance;return Invoke<DescribePublishingDestinationResponse>(request, options);}","public virtual DescribePublishingDestinationResponse DescribePublishingDestination(DescribePublishingDestinationRequest request){var options = new InvokeOptions();<MASKED>options.ResponseUnmarshaller = DescribePublishingDestinationResponseUnmarshaller.Instance;return Invoke<DescribePublishingDestinationResponse>(request, options);}",options.RequestMarshaller = DescribePublishingDestinationRequestMarshaller.Instance;
1070,java,expression_statement,"public Vector(int capacity, int capacityIncrement) {if (capacity < 0) {throw new IllegalArgumentException();}elementData = newElementArray(capacity);elementCount = 0;this.capacityIncrement = capacityIncrement;}","public Vector(int capacity, int capacityIncrement) {if (capacity < 0) {throw new IllegalArgumentException();}elementData = newElementArray(capacity);elementCount = 0;<MASKED>}",this.capacityIncrement = capacityIncrement;
1071,c#,expression_statement,"public Vector(int capacity_1, int capacityIncrement){if (capacity_1 < 0){throw new System.ArgumentException();}elementData = new object[capacity_1];elementCount = 0;this.capacityIncrement = capacityIncrement;}","public Vector(int capacity_1, int capacityIncrement){if (capacity_1 < 0){throw new System.ArgumentException();}<MASKED>elementCount = 0;this.capacityIncrement = capacityIncrement;}",elementData = new object[capacity_1];
1072,java,expression_statement,public DescribeDataSourcePermissionsResult describeDataSourcePermissions(DescribeDataSourcePermissionsRequest request) {request = beforeClientExecution(request);return executeDescribeDataSourcePermissions(request);},public DescribeDataSourcePermissionsResult describeDataSourcePermissions(DescribeDataSourcePermissionsRequest request) {<MASKED>return executeDescribeDataSourcePermissions(request);},request = beforeClientExecution(request);
1073,c#,expression_statement,"public virtual DescribeDataSourcePermissionsResponse DescribeDataSourcePermissions(DescribeDataSourcePermissionsRequest request){var options = new InvokeOptions();options.RequestMarshaller = DescribeDataSourcePermissionsRequestMarshaller.Instance;options.ResponseUnmarshaller = DescribeDataSourcePermissionsResponseUnmarshaller.Instance;return Invoke<DescribeDataSourcePermissionsResponse>(request, options);}","public virtual DescribeDataSourcePermissionsResponse DescribeDataSourcePermissions(DescribeDataSourcePermissionsRequest request){var options = new InvokeOptions();options.RequestMarshaller = DescribeDataSourcePermissionsRequestMarshaller.Instance;<MASKED>return Invoke<DescribeDataSourcePermissionsResponse>(request, options);}",options.ResponseUnmarshaller = DescribeDataSourcePermissionsResponseUnmarshaller.Instance;
1074,java,expression_statement,public ModifyWorkspaceAccessPropertiesResult modifyWorkspaceAccessProperties(ModifyWorkspaceAccessPropertiesRequest request) {request = beforeClientExecution(request);return executeModifyWorkspaceAccessProperties(request);},public ModifyWorkspaceAccessPropertiesResult modifyWorkspaceAccessProperties(ModifyWorkspaceAccessPropertiesRequest request) {<MASKED>return executeModifyWorkspaceAccessProperties(request);},request = beforeClientExecution(request);
1075,c#,expression_statement,"public virtual ModifyWorkspaceAccessPropertiesResponse ModifyWorkspaceAccessProperties(ModifyWorkspaceAccessPropertiesRequest request){var options = new InvokeOptions();options.RequestMarshaller = ModifyWorkspaceAccessPropertiesRequestMarshaller.Instance;options.ResponseUnmarshaller = ModifyWorkspaceAccessPropertiesResponseUnmarshaller.Instance;return Invoke<ModifyWorkspaceAccessPropertiesResponse>(request, options);}","public virtual ModifyWorkspaceAccessPropertiesResponse ModifyWorkspaceAccessProperties(ModifyWorkspaceAccessPropertiesRequest request){var options = new InvokeOptions();<MASKED>options.ResponseUnmarshaller = ModifyWorkspaceAccessPropertiesResponseUnmarshaller.Instance;return Invoke<ModifyWorkspaceAccessPropertiesResponse>(request, options);}",options.RequestMarshaller = ModifyWorkspaceAccessPropertiesRequestMarshaller.Instance;
1076,java,expression_statement,public StartKeyPhrasesDetectionJobResult startKeyPhrasesDetectionJob(StartKeyPhrasesDetectionJobRequest request) {request = beforeClientExecution(request);return executeStartKeyPhrasesDetectionJob(request);},public StartKeyPhrasesDetectionJobResult startKeyPhrasesDetectionJob(StartKeyPhrasesDetectionJobRequest request) {<MASKED>return executeStartKeyPhrasesDetectionJob(request);},request = beforeClientExecution(request);
1077,c#,expression_statement,"public virtual StartKeyPhrasesDetectionJobResponse StartKeyPhrasesDetectionJob(StartKeyPhrasesDetectionJobRequest request){var options = new InvokeOptions();options.RequestMarshaller = StartKeyPhrasesDetectionJobRequestMarshaller.Instance;options.ResponseUnmarshaller = StartKeyPhrasesDetectionJobResponseUnmarshaller.Instance;return Invoke<StartKeyPhrasesDetectionJobResponse>(request, options);}","public virtual StartKeyPhrasesDetectionJobResponse StartKeyPhrasesDetectionJob(StartKeyPhrasesDetectionJobRequest request){var options = new InvokeOptions();<MASKED>options.ResponseUnmarshaller = StartKeyPhrasesDetectionJobResponseUnmarshaller.Instance;return Invoke<StartKeyPhrasesDetectionJobResponse>(request, options);}",options.RequestMarshaller = StartKeyPhrasesDetectionJobRequestMarshaller.Instance;
1078,java,string_literal,"public String toString() {return getClass().getSimpleName() + ""(compressionMode="" + compressionMode+ "", chunkSize="" + chunkSize + "", maxDocsPerChunk="" + maxDocsPerChunk + "", blockShift="" + blockShift + "")"";}","public String toString() {return getClass().getSimpleName() + ""(compressionMode="" + compressionMode+ "", chunkSize="" + chunkSize + "", maxDocsPerChunk="" + maxDocsPerChunk + "", blockShift="" + blockShift + <MASKED>;}",""")"""
1079,c#,string_literal,"public override string ToString(){return this.GetType().Name + ""(compressionMode="" + compressionMode + "", chunkSize="" + chunkSize + "")"";}","public override string ToString(){return this.GetType().Name + <MASKED> + compressionMode + "", chunkSize="" + chunkSize + "")"";}","""(compressionMode="""
1080,java,expression_statement,public DeleteLoadBalancerListenersResult deleteLoadBalancerListeners(DeleteLoadBalancerListenersRequest request) {request = beforeClientExecution(request);return executeDeleteLoadBalancerListeners(request);},public DeleteLoadBalancerListenersResult deleteLoadBalancerListeners(DeleteLoadBalancerListenersRequest request) {<MASKED>return executeDeleteLoadBalancerListeners(request);},request = beforeClientExecution(request);
1081,c#,expression_statement,"public virtual DeleteLoadBalancerListenersResponse DeleteLoadBalancerListeners(DeleteLoadBalancerListenersRequest request){var options = new InvokeOptions();options.RequestMarshaller = DeleteLoadBalancerListenersRequestMarshaller.Instance;options.ResponseUnmarshaller = DeleteLoadBalancerListenersResponseUnmarshaller.Instance;return Invoke<DeleteLoadBalancerListenersResponse>(request, options);}","public virtual DeleteLoadBalancerListenersResponse DeleteLoadBalancerListeners(DeleteLoadBalancerListenersRequest request){var options = new InvokeOptions();options.RequestMarshaller = DeleteLoadBalancerListenersRequestMarshaller.Instance;<MASKED>return Invoke<DeleteLoadBalancerListenersResponse>(request, options);}",options.ResponseUnmarshaller = DeleteLoadBalancerListenersResponseUnmarshaller.Instance;
1082,java,expression_statement,public DescribeKeyPhrasesDetectionJobResult describeKeyPhrasesDetectionJob(DescribeKeyPhrasesDetectionJobRequest request) {request = beforeClientExecution(request);return executeDescribeKeyPhrasesDetectionJob(request);},public DescribeKeyPhrasesDetectionJobResult describeKeyPhrasesDetectionJob(DescribeKeyPhrasesDetectionJobRequest request) {<MASKED>return executeDescribeKeyPhrasesDetectionJob(request);},request = beforeClientExecution(request);
1083,c#,expression_statement,"public virtual DescribeKeyPhrasesDetectionJobResponse DescribeKeyPhrasesDetectionJob(DescribeKeyPhrasesDetectionJobRequest request){var options = new InvokeOptions();options.RequestMarshaller = DescribeKeyPhrasesDetectionJobRequestMarshaller.Instance;options.ResponseUnmarshaller = DescribeKeyPhrasesDetectionJobResponseUnmarshaller.Instance;return Invoke<DescribeKeyPhrasesDetectionJobResponse>(request, options);}","public virtual DescribeKeyPhrasesDetectionJobResponse DescribeKeyPhrasesDetectionJob(DescribeKeyPhrasesDetectionJobRequest request){var options = new InvokeOptions();<MASKED>options.ResponseUnmarshaller = DescribeKeyPhrasesDetectionJobResponseUnmarshaller.Instance;return Invoke<DescribeKeyPhrasesDetectionJobResponse>(request, options);}",options.RequestMarshaller = DescribeKeyPhrasesDetectionJobRequestMarshaller.Instance;
1084,java,string_literal,"public LengthFilterFactory(Map<String, String> args) {super(args);min = requireInt(args, MIN_KEY);max = requireInt(args, MAX_KEY);if (!args.isEmpty()) {throw new IllegalArgumentException(""Unknown parameters: "" + args);}}","public LengthFilterFactory(Map<String, String> args) {super(args);min = requireInt(args, MIN_KEY);max = requireInt(args, MAX_KEY);if (!args.isEmpty()) {throw new IllegalArgumentException(<MASKED> + args);}}","""Unknown parameters: """
1085,c#,string_literal,"public LengthFilterFactory(IDictionary<string, string> args): base(args){min = RequireInt32(args, MIN_KEY);max = RequireInt32(args, MAX_KEY);enablePositionIncrements = GetBoolean(args, ""enablePositionIncrements"", true);if (args.Count > 0){throw new System.ArgumentException(""Unknown parameters: "" + args);}}","public LengthFilterFactory(IDictionary<string, string> args): base(args){min = RequireInt32(args, MIN_KEY);max = RequireInt32(args, MAX_KEY);enablePositionIncrements = GetBoolean(args, ""enablePositionIncrements"", true);if (args.Count > 0){throw new System.ArgumentException(<MASKED> + args);}}","""Unknown parameters: """
1086,java,expression_statement,public CreateHyperParameterTuningJobResult createHyperParameterTuningJob(CreateHyperParameterTuningJobRequest request) {request = beforeClientExecution(request);return executeCreateHyperParameterTuningJob(request);},public CreateHyperParameterTuningJobResult createHyperParameterTuningJob(CreateHyperParameterTuningJobRequest request) {<MASKED>return executeCreateHyperParameterTuningJob(request);},request = beforeClientExecution(request);
1087,c#,expression_statement,"public virtual CreateHyperParameterTuningJobResponse CreateHyperParameterTuningJob(CreateHyperParameterTuningJobRequest request){var options = new InvokeOptions();options.RequestMarshaller = CreateHyperParameterTuningJobRequestMarshaller.Instance;options.ResponseUnmarshaller = CreateHyperParameterTuningJobResponseUnmarshaller.Instance;return Invoke<CreateHyperParameterTuningJobResponse>(request, options);}","public virtual CreateHyperParameterTuningJobResponse CreateHyperParameterTuningJob(CreateHyperParameterTuningJobRequest request){var options = new InvokeOptions();<MASKED>options.ResponseUnmarshaller = CreateHyperParameterTuningJobResponseUnmarshaller.Instance;return Invoke<CreateHyperParameterTuningJobResponse>(request, options);}",options.RequestMarshaller = CreateHyperParameterTuningJobRequestMarshaller.Instance;
1088,java,expression_statement,public DescribeCacheSecurityGroupsResult describeCacheSecurityGroups(DescribeCacheSecurityGroupsRequest request) {request = beforeClientExecution(request);return executeDescribeCacheSecurityGroups(request);},public DescribeCacheSecurityGroupsResult describeCacheSecurityGroups(DescribeCacheSecurityGroupsRequest request) {<MASKED>return executeDescribeCacheSecurityGroups(request);},request = beforeClientExecution(request);
1089,c#,expression_statement,"public virtual DescribeCacheSecurityGroupsResponse DescribeCacheSecurityGroups(DescribeCacheSecurityGroupsRequest request){var options = new InvokeOptions();options.RequestMarshaller = DescribeCacheSecurityGroupsRequestMarshaller.Instance;options.ResponseUnmarshaller = DescribeCacheSecurityGroupsResponseUnmarshaller.Instance;return Invoke<DescribeCacheSecurityGroupsResponse>(request, options);}","public virtual DescribeCacheSecurityGroupsResponse DescribeCacheSecurityGroups(DescribeCacheSecurityGroupsRequest request){var options = new InvokeOptions();options.RequestMarshaller = DescribeCacheSecurityGroupsRequestMarshaller.Instance;<MASKED>return Invoke<DescribeCacheSecurityGroupsResponse>(request, options);}",options.ResponseUnmarshaller = DescribeCacheSecurityGroupsResponseUnmarshaller.Instance;
1090,java,expression_statement,"public String toString() {StringBuilder buffer = new StringBuilder();buffer.append(""[UNCALCED]\n"");buffer.append(""    _reserved: "").append(_reserved).append('\n');buffer.append(""[/UNCALCED]\n"");return buffer.toString();}","public String toString() {StringBuilder buffer = new StringBuilder();<MASKED>buffer.append(""    _reserved: "").append(_reserved).append('\n');buffer.append(""[/UNCALCED]\n"");return buffer.toString();}","buffer.append(""[UNCALCED]\n"");"
1091,c#,expression_statement,"public override String ToString(){StringBuilder buffer = new StringBuilder();buffer.Append(""[UNCALCED]\n"");buffer.Append(""[/UNCALCED]\n"");return buffer.ToString();}","public override String ToString(){StringBuilder buffer = new StringBuilder();<MASKED>buffer.Append(""[/UNCALCED]\n"");return buffer.ToString();}","buffer.Append(""[UNCALCED]\n"");"
1092,java,expression_statement,public synchronized E pop() {if (elementCount == 0) {throw new EmptyStackException();}final int index = --elementCount;final E obj = (E) elementData[index];elementData[index] = null;modCount++;return obj;},public synchronized E pop() {if (elementCount == 0) {throw new EmptyStackException();}final int index = --elementCount;final E obj = (E) elementData[index];elementData[index] = null;<MASKED>return obj;},modCount++;
1093,c#,expression_statement,public virtual E pop(){lock (this){if (elementCount == 0){throw new java.util.EmptyStackException();}int index = --elementCount;E obj = (E)elementData[index];elementData[index] = null;modCount++;return obj;}},public virtual E pop(){lock (this){if (elementCount == 0){throw new java.util.EmptyStackException();}int index = --elementCount;E obj = (E)elementData[index];<MASKED>modCount++;return obj;}},elementData[index] = null;
1094,java,expression_statement,"public String toInfoString(Parser recognizer) {List<String> rules = recognizer.getRuleInvocationStack(this);Collections.reverse(rules);return ""ParserRuleContext""+rules+""{"" +""start="" + start +"", stop="" + stop +'}';}","public String toInfoString(Parser recognizer) {List<String> rules = recognizer.getRuleInvocationStack(this);<MASKED>return ""ParserRuleContext""+rules+""{"" +""start="" + start +"", stop="" + stop +'}';}",Collections.reverse(rules);
1095,c#,string_literal,"public virtual string ToInfoString(Parser recognizer){List<string> rules = new List<string>(recognizer.GetRuleInvocationStack(this));rules.Reverse();return ""ParserRuleContext"" + rules + ""{"" + ""start="" + _start + "", stop="" + _stop + '}';}","public virtual string ToInfoString(Parser recognizer){List<string> rules = new List<string>(recognizer.GetRuleInvocationStack(this));rules.Reverse();return <MASKED> + rules + ""{"" + ""start="" + _start + "", stop="" + _stop + '}';}","""ParserRuleContext"""
1096,java,expression_statement,public GetDefaultCreditSpecificationResult getDefaultCreditSpecification(GetDefaultCreditSpecificationRequest request) {request = beforeClientExecution(request);return executeGetDefaultCreditSpecification(request);},public GetDefaultCreditSpecificationResult getDefaultCreditSpecification(GetDefaultCreditSpecificationRequest request) {<MASKED>return executeGetDefaultCreditSpecification(request);},request = beforeClientExecution(request);
1097,c#,expression_statement,"public virtual GetDefaultCreditSpecificationResponse GetDefaultCreditSpecification(GetDefaultCreditSpecificationRequest request){var options = new InvokeOptions();options.RequestMarshaller = GetDefaultCreditSpecificationRequestMarshaller.Instance;options.ResponseUnmarshaller = GetDefaultCreditSpecificationResponseUnmarshaller.Instance;return Invoke<GetDefaultCreditSpecificationResponse>(request, options);}","public virtual GetDefaultCreditSpecificationResponse GetDefaultCreditSpecification(GetDefaultCreditSpecificationRequest request){var options = new InvokeOptions();options.RequestMarshaller = GetDefaultCreditSpecificationRequestMarshaller.Instance;<MASKED>return Invoke<GetDefaultCreditSpecificationResponse>(request, options);}",options.ResponseUnmarshaller = GetDefaultCreditSpecificationResponseUnmarshaller.Instance;
1098,java,expression_statement,public DescribeActiveReceiptRuleSetResult describeActiveReceiptRuleSet(DescribeActiveReceiptRuleSetRequest request) {request = beforeClientExecution(request);return executeDescribeActiveReceiptRuleSet(request);},public DescribeActiveReceiptRuleSetResult describeActiveReceiptRuleSet(DescribeActiveReceiptRuleSetRequest request) {<MASKED>return executeDescribeActiveReceiptRuleSet(request);},request = beforeClientExecution(request);
1099,c#,expression_statement,"public virtual DescribeActiveReceiptRuleSetResponse DescribeActiveReceiptRuleSet(DescribeActiveReceiptRuleSetRequest request){var options = new InvokeOptions();options.RequestMarshaller = DescribeActiveReceiptRuleSetRequestMarshaller.Instance;options.ResponseUnmarshaller = DescribeActiveReceiptRuleSetResponseUnmarshaller.Instance;return Invoke<DescribeActiveReceiptRuleSetResponse>(request, options);}","public virtual DescribeActiveReceiptRuleSetResponse DescribeActiveReceiptRuleSet(DescribeActiveReceiptRuleSetRequest request){var options = new InvokeOptions();options.RequestMarshaller = DescribeActiveReceiptRuleSetRequestMarshaller.Instance;<MASKED>return Invoke<DescribeActiveReceiptRuleSetResponse>(request, options);}",options.ResponseUnmarshaller = DescribeActiveReceiptRuleSetResponseUnmarshaller.Instance;
1100,java,expression_statement,"public FacetLabel(String dim, String[] path) {components = new String[1+path.length];components[0] = dim;System.arraycopy(path, 0, components, 1, path.length);length = components.length;checkComponents();}","public FacetLabel(String dim, String[] path) {components = new String[1+path.length];components[0] = dim;System.arraycopy(path, 0, components, 1, path.length);<MASKED>checkComponents();}",length = components.length;
1101,c#,expression_statement,"public FacetLabel(string dim, string[] path){Components = new string[1 + path.Length];Components[0] = dim;Array.Copy(path, 0, Components, 1, path.Length);Length = Components.Length;CheckComponents();}","public FacetLabel(string dim, string[] path){Components = new string[1 + path.Length];Components[0] = dim;Array.Copy(path, 0, Components, 1, path.Length);Length = Components.Length;<MASKED>}",CheckComponents();
1102,java,expression_statement,public DescribeClusterSubnetGroupsResult describeClusterSubnetGroups(DescribeClusterSubnetGroupsRequest request) {request = beforeClientExecution(request);return executeDescribeClusterSubnetGroups(request);},public DescribeClusterSubnetGroupsResult describeClusterSubnetGroups(DescribeClusterSubnetGroupsRequest request) {<MASKED>return executeDescribeClusterSubnetGroups(request);},request = beforeClientExecution(request);
1103,c#,expression_statement,"public virtual DescribeClusterSubnetGroupsResponse DescribeClusterSubnetGroups(DescribeClusterSubnetGroupsRequest request){var options = new InvokeOptions();options.RequestMarshaller = DescribeClusterSubnetGroupsRequestMarshaller.Instance;options.ResponseUnmarshaller = DescribeClusterSubnetGroupsResponseUnmarshaller.Instance;return Invoke<DescribeClusterSubnetGroupsResponse>(request, options);}","public virtual DescribeClusterSubnetGroupsResponse DescribeClusterSubnetGroups(DescribeClusterSubnetGroupsRequest request){var options = new InvokeOptions();<MASKED>options.ResponseUnmarshaller = DescribeClusterSubnetGroupsResponseUnmarshaller.Instance;return Invoke<DescribeClusterSubnetGroupsResponse>(request, options);}",options.RequestMarshaller = DescribeClusterSubnetGroupsRequestMarshaller.Instance;
1104,java,expression_statement,"public SetSubscriptionAttributesRequest(String subscriptionArn, String attributeName, String attributeValue) {setSubscriptionArn(subscriptionArn);setAttributeName(attributeName);setAttributeValue(attributeValue);}","public SetSubscriptionAttributesRequest(String subscriptionArn, String attributeName, String attributeValue) {setSubscriptionArn(subscriptionArn);setAttributeName(attributeName);<MASKED>}",setAttributeValue(attributeValue);
1105,c#,expression_statement,"public SetSubscriptionAttributesRequest(string subscriptionArn, string attributeName, string attributeValue){_subscriptionArn = subscriptionArn;_attributeName = attributeName;_attributeValue = attributeValue;}","public SetSubscriptionAttributesRequest(string subscriptionArn, string attributeName, string attributeValue){<MASKED>_attributeName = attributeName;_attributeValue = attributeValue;}",_subscriptionArn = subscriptionArn;
1106,java,string_literal,"public char setIndex(int position) {if (position < getBeginIndex() || position > getEndIndex())throw new IllegalArgumentException(""Illegal Position: "" + position);index = start + position;return current();}",public char setIndex(int position) {if (position < getBeginIndex() || position > getEndIndex())throw new IllegalArgumentException(<MASKED> + position);index = start + position;return current();},"""Illegal Position: """
1107,c#,expression_statement,"public override char SetIndex(int position){if (position < BeginIndex || position > EndIndex)throw new ArgumentException(""Illegal Position: "" + position);index = start + position;return Current;}","public override char SetIndex(int position){if (position < BeginIndex || position > EndIndex)throw new ArgumentException(""Illegal Position: "" + position);<MASKED>return Current;}",index = start + position;
1108,java,expression_statement,"public void collect(int doc) throws IOException {final long time = clock.get();if (time - timeout > 0L) {if (greedy) {in.collect(doc);}throw new TimeExceededException( timeout-t0, time-t0, docBase + doc );}in.collect(doc);}","public void collect(int doc) throws IOException {final long time = clock.get();if (time - timeout > 0L) {if (greedy) {in.collect(doc);}throw new TimeExceededException( timeout-t0, time-t0, docBase + doc );}<MASKED>}",in.collect(doc);
1109,c#,expression_statement,"public virtual void Collect(int doc){long time = clock.Get();if (timeout < time){if (greedy){collector.Collect(doc);}throw new TimeExceededException(timeout - t0, time - t0, docBase + doc);}collector.Collect(doc);}","public virtual void Collect(int doc){long time = clock.Get();if (timeout < time){if (greedy){<MASKED>}throw new TimeExceededException(timeout - t0, time - t0, docBase + doc);}collector.Collect(doc);}",collector.Collect(doc);
1110,java,expression_statement,public CreateBusinessReportScheduleResult createBusinessReportSchedule(CreateBusinessReportScheduleRequest request) {request = beforeClientExecution(request);return executeCreateBusinessReportSchedule(request);},public CreateBusinessReportScheduleResult createBusinessReportSchedule(CreateBusinessReportScheduleRequest request) {<MASKED>return executeCreateBusinessReportSchedule(request);},request = beforeClientExecution(request);
1111,c#,expression_statement,"public virtual CreateBusinessReportScheduleResponse CreateBusinessReportSchedule(CreateBusinessReportScheduleRequest request){var options = new InvokeOptions();options.RequestMarshaller = CreateBusinessReportScheduleRequestMarshaller.Instance;options.ResponseUnmarshaller = CreateBusinessReportScheduleResponseUnmarshaller.Instance;return Invoke<CreateBusinessReportScheduleResponse>(request, options);}","public virtual CreateBusinessReportScheduleResponse CreateBusinessReportSchedule(CreateBusinessReportScheduleRequest request){var options = new InvokeOptions();options.RequestMarshaller = CreateBusinessReportScheduleRequestMarshaller.Instance;<MASKED>return Invoke<CreateBusinessReportScheduleResponse>(request, options);}",options.ResponseUnmarshaller = CreateBusinessReportScheduleResponseUnmarshaller.Instance;
1112,java,expression_statement,public UpdateTemplateActiveVersionResult updateTemplateActiveVersion(UpdateTemplateActiveVersionRequest request) {request = beforeClientExecution(request);return executeUpdateTemplateActiveVersion(request);},public UpdateTemplateActiveVersionResult updateTemplateActiveVersion(UpdateTemplateActiveVersionRequest request) {<MASKED>return executeUpdateTemplateActiveVersion(request);},request = beforeClientExecution(request);
1113,c#,expression_statement,"public virtual UpdateTemplateActiveVersionResponse UpdateTemplateActiveVersion(UpdateTemplateActiveVersionRequest request){var options = new InvokeOptions();options.RequestMarshaller = UpdateTemplateActiveVersionRequestMarshaller.Instance;options.ResponseUnmarshaller = UpdateTemplateActiveVersionResponseUnmarshaller.Instance;return Invoke<UpdateTemplateActiveVersionResponse>(request, options);}","public virtual UpdateTemplateActiveVersionResponse UpdateTemplateActiveVersion(UpdateTemplateActiveVersionRequest request){var options = new InvokeOptions();options.RequestMarshaller = UpdateTemplateActiveVersionRequestMarshaller.Instance;<MASKED>return Invoke<UpdateTemplateActiveVersionResponse>(request, options);}",options.ResponseUnmarshaller = UpdateTemplateActiveVersionResponseUnmarshaller.Instance;
1114,java,expression_statement,public DescribeIAMPolicyAssignmentResult describeIAMPolicyAssignment(DescribeIAMPolicyAssignmentRequest request) {request = beforeClientExecution(request);return executeDescribeIAMPolicyAssignment(request);},public DescribeIAMPolicyAssignmentResult describeIAMPolicyAssignment(DescribeIAMPolicyAssignmentRequest request) {<MASKED>return executeDescribeIAMPolicyAssignment(request);},request = beforeClientExecution(request);
1115,c#,expression_statement,"public virtual DescribeIAMPolicyAssignmentResponse DescribeIAMPolicyAssignment(DescribeIAMPolicyAssignmentRequest request){var options = new InvokeOptions();options.RequestMarshaller = DescribeIAMPolicyAssignmentRequestMarshaller.Instance;options.ResponseUnmarshaller = DescribeIAMPolicyAssignmentResponseUnmarshaller.Instance;return Invoke<DescribeIAMPolicyAssignmentResponse>(request, options);}","public virtual DescribeIAMPolicyAssignmentResponse DescribeIAMPolicyAssignment(DescribeIAMPolicyAssignmentRequest request){var options = new InvokeOptions();<MASKED>options.ResponseUnmarshaller = DescribeIAMPolicyAssignmentResponseUnmarshaller.Instance;return Invoke<DescribeIAMPolicyAssignmentResponse>(request, options);}",options.RequestMarshaller = DescribeIAMPolicyAssignmentRequestMarshaller.Instance;
1116,java,expression_statement,public GetConfigurationSetEventDestinationsResult getConfigurationSetEventDestinations(GetConfigurationSetEventDestinationsRequest request) {request = beforeClientExecution(request);return executeGetConfigurationSetEventDestinations(request);},public GetConfigurationSetEventDestinationsResult getConfigurationSetEventDestinations(GetConfigurationSetEventDestinationsRequest request) {<MASKED>return executeGetConfigurationSetEventDestinations(request);},request = beforeClientExecution(request);
1117,c#,expression_statement,"public virtual GetConfigurationSetEventDestinationsResponse GetConfigurationSetEventDestinations(GetConfigurationSetEventDestinationsRequest request){var options = new InvokeOptions();options.RequestMarshaller = GetConfigurationSetEventDestinationsRequestMarshaller.Instance;options.ResponseUnmarshaller = GetConfigurationSetEventDestinationsResponseUnmarshaller.Instance;return Invoke<GetConfigurationSetEventDestinationsResponse>(request, options);}","public virtual GetConfigurationSetEventDestinationsResponse GetConfigurationSetEventDestinations(GetConfigurationSetEventDestinationsRequest request){var options = new InvokeOptions();options.RequestMarshaller = GetConfigurationSetEventDestinationsRequestMarshaller.Instance;<MASKED>return Invoke<GetConfigurationSetEventDestinationsResponse>(request, options);}",options.ResponseUnmarshaller = GetConfigurationSetEventDestinationsResponseUnmarshaller.Instance;
1118,java,expression_statement,public ChartFormatRecord(RecordInputStream in) {field1_x_position = in.readInt();field2_y_position = in.readInt();field3_width = in.readInt();field4_height = in.readInt();field5_grbit = in.readUShort();field6_unknown = in.readUShort();},public ChartFormatRecord(RecordInputStream in) {field1_x_position = in.readInt();field2_y_position = in.readInt();<MASKED>field4_height = in.readInt();field5_grbit = in.readUShort();field6_unknown = in.readUShort();},field3_width = in.readInt();
1119,c#,expression_statement,public ChartFormatRecord(RecordInputStream in1){field1_x_position = in1.ReadInt();field2_y_position = in1.ReadInt();field3_width = in1.ReadInt();field4_height = in1.ReadInt();field5_grbit = in1.ReadShort();field6_icrt = in1.ReadShort();},public ChartFormatRecord(RecordInputStream in1){field1_x_position = in1.ReadInt();field2_y_position = in1.ReadInt();field3_width = in1.ReadInt();field4_height = in1.ReadInt();field5_grbit = in1.ReadShort();<MASKED>},field6_icrt = in1.ReadShort();
1120,java,expression_statement,"public void setElement(int index, byte[] element) {if (emptyComplexPart) {return;}int actualSize = getActualSizeOfElements(getSizeOfElements());System.arraycopy( element, 0, getComplexData(), FIXED_SIZE + index * actualSize, actualSize);}","public void setElement(int index, byte[] element) {if (emptyComplexPart) {return;}int actualSize = getActualSizeOfElements(getSizeOfElements());<MASKED>}","System.arraycopy( element, 0, getComplexData(), FIXED_SIZE + index * actualSize, actualSize);"
1121,c#,expression_statement,"public void SetElement(int index, byte[] element){int actualSize = GetActualSizeOfElements(SizeOfElements);Array.Copy(element, 0, _complexData, FIXED_SIZE + index * actualSize, actualSize);}","public void SetElement(int index, byte[] element){int actualSize = GetActualSizeOfElements(SizeOfElements);<MASKED>}","Array.Copy(element, 0, _complexData, FIXED_SIZE + index * actualSize, actualSize);"
1122,java,expression_statement,public ListWebsiteCertificateAuthoritiesResult listWebsiteCertificateAuthorities(ListWebsiteCertificateAuthoritiesRequest request) {request = beforeClientExecution(request);return executeListWebsiteCertificateAuthorities(request);},public ListWebsiteCertificateAuthoritiesResult listWebsiteCertificateAuthorities(ListWebsiteCertificateAuthoritiesRequest request) {<MASKED>return executeListWebsiteCertificateAuthorities(request);},request = beforeClientExecution(request);
1123,c#,expression_statement,"public virtual ListWebsiteCertificateAuthoritiesResponse ListWebsiteCertificateAuthorities(ListWebsiteCertificateAuthoritiesRequest request){var options = new InvokeOptions();options.RequestMarshaller = ListWebsiteCertificateAuthoritiesRequestMarshaller.Instance;options.ResponseUnmarshaller = ListWebsiteCertificateAuthoritiesResponseUnmarshaller.Instance;return Invoke<ListWebsiteCertificateAuthoritiesResponse>(request, options);}","public virtual ListWebsiteCertificateAuthoritiesResponse ListWebsiteCertificateAuthorities(ListWebsiteCertificateAuthoritiesRequest request){var options = new InvokeOptions();options.RequestMarshaller = ListWebsiteCertificateAuthoritiesRequestMarshaller.Instance;<MASKED>return Invoke<ListWebsiteCertificateAuthoritiesResponse>(request, options);}",options.ResponseUnmarshaller = ListWebsiteCertificateAuthoritiesResponseUnmarshaller.Instance;
1124,java,expression_statement,"public String buildExtensionField(String extensionKey, String field) {StringBuilder builder = new StringBuilder(field);builder.append(this.extensionFieldDelimiter);builder.append(extensionKey);return escapeExtensionField(builder.toString());}","public String buildExtensionField(String extensionKey, String field) {StringBuilder builder = new StringBuilder(field);<MASKED>builder.append(extensionKey);return escapeExtensionField(builder.toString());}",builder.append(this.extensionFieldDelimiter);
1125,c#,expression_statement,"public virtual string BuildExtensionField(string extensionKey, string field){StringBuilder builder = new StringBuilder(field);builder.Append(this.extensionFieldDelimiter);builder.Append(extensionKey);return EscapeExtensionField(builder.ToString());}","public virtual string BuildExtensionField(string extensionKey, string field){StringBuilder builder = new StringBuilder(field);<MASKED>builder.Append(extensionKey);return EscapeExtensionField(builder.ToString());}",builder.Append(this.extensionFieldDelimiter);
1126,java,expression_statement,"public static long pop_intersect(long[] arr1, long[] arr2, int wordOffset, int numWords) {long popCount = 0;for (int i = wordOffset, end = wordOffset + numWords; i < end; ++i) {popCount += Long.bitCount(arr1[i] & arr2[i]);}return popCount;}","public static long pop_intersect(long[] arr1, long[] arr2, int wordOffset, int numWords) {long popCount = 0;for (int i = wordOffset, end = wordOffset + numWords; i < end; ++i) {<MASKED>}return popCount;}",popCount += Long.bitCount(arr1[i] & arr2[i]);
1127,c#,expression_statement,"public static long Pop_Intersect(long[] arr1, long[] arr2, int wordOffset, int numWords){long popCount = 0;for (int i = wordOffset, end = wordOffset + numWords; i < end; ++i){popCount += (arr1[i] & arr2[i]).PopCount();}return popCount;}","public static long Pop_Intersect(long[] arr1, long[] arr2, int wordOffset, int numWords){long popCount = 0;for (int i = wordOffset, end = wordOffset + numWords; i < end; ++i){<MASKED>}return popCount;}",popCount += (arr1[i] & arr2[i]).PopCount();
1128,java,expression_statement,"public ConcurrentRefUpdateException(String message, Ref ref,RefUpdate.Result rc) {super((rc == null) ? message : message + "". "" + MessageFormat.format(JGitText.get().refUpdateReturnCodeWas, rc));this.rc = rc;this.ref = ref;}","public ConcurrentRefUpdateException(String message, Ref ref,RefUpdate.Result rc) {super((rc == null) ? message : message + "". "" + MessageFormat.format(JGitText.get().refUpdateReturnCodeWas, rc));this.rc = rc;<MASKED>}",this.ref = ref;
1129,c#,string_literal,"public ConcurrentRefUpdateException(string message, Ref @ref, RefUpdate.Result rc) : base((rc == null) ? message : message + "". "" + MessageFormat.Format(JGitText.Get().refUpdateReturnCodeWas, rc)){this.rc = rc;this.@ref = @ref;}","public ConcurrentRefUpdateException(string message, Ref @ref, RefUpdate.Result rc) : base((rc == null) ? message : message + <MASKED> + MessageFormat.Format(JGitText.Get().refUpdateReturnCodeWas, rc)){this.rc = rc;this.@ref = @ref;}",""". """
1130,java,expression_statement,"public String toString() {StringBuilder buffer = new StringBuilder();buffer.append(""[WRITEACCESS]\n"");buffer.append(""    .name = "").append(field_1_username).append(""\n"");buffer.append(""[/WRITEACCESS]\n"");return buffer.toString();}","public String toString() {StringBuilder buffer = new StringBuilder();buffer.append(""[WRITEACCESS]\n"");buffer.append(""    .name = "").append(field_1_username).append(""\n"");<MASKED>return buffer.toString();}","buffer.append(""[/WRITEACCESS]\n"");"
1131,c#,expression_statement,"public override String ToString(){StringBuilder buffer = new StringBuilder();buffer.Append(""[WriteACCESS]\n"");buffer.Append(""    .name            = "").Append(field_1_username).Append(""\n"");buffer.Append(""[/WriteACCESS]\n"");return buffer.ToString();}","public override String ToString(){StringBuilder buffer = new StringBuilder();buffer.Append(""[WriteACCESS]\n"");buffer.Append(""    .name            = "").Append(field_1_username).Append(""\n"");<MASKED>return buffer.ToString();}","buffer.Append(""[/WriteACCESS]\n"");"
1132,java,string_literal,"public ValueEval evaluate(int srcRowIndex, int srcColumnIndex, ValueEval arg0, ValueEval arg1,ValueEval arg2, ValueEval arg3) {throw new RuntimeException(""Incomplete code""+ "" - don't know how to support the 'area_num' parameter yet)"");}","public ValueEval evaluate(int srcRowIndex, int srcColumnIndex, ValueEval arg0, ValueEval arg1,ValueEval arg2, ValueEval arg3) {throw new RuntimeException(""Incomplete code""+ <MASKED>);}",""" - don't know how to support the 'area_num' parameter yet)"""
1133,c#,string_literal,"public ValueEval Evaluate(int srcRowIndex, int srcColumnIndex, ValueEval arg0, ValueEval arg1,ValueEval arg2, ValueEval arg3){throw new Exception(""Incomplete code""+ "" - don't know how to support the 'area_num' parameter yet)"");}","public ValueEval Evaluate(int srcRowIndex, int srcColumnIndex, ValueEval arg0, ValueEval arg1,ValueEval arg2, ValueEval arg3){throw new Exception(<MASKED>+ "" - don't know how to support the 'area_num' parameter yet)"");}","""Incomplete code"""
1134,java,expression_statement,public PutDeliverabilityDashboardOptionResult putDeliverabilityDashboardOption(PutDeliverabilityDashboardOptionRequest request) {request = beforeClientExecution(request);return executePutDeliverabilityDashboardOption(request);},public PutDeliverabilityDashboardOptionResult putDeliverabilityDashboardOption(PutDeliverabilityDashboardOptionRequest request) {<MASKED>return executePutDeliverabilityDashboardOption(request);},request = beforeClientExecution(request);
1135,c#,expression_statement,"public virtual PutDeliverabilityDashboardOptionResponse PutDeliverabilityDashboardOption(PutDeliverabilityDashboardOptionRequest request){var options = new InvokeOptions();options.RequestMarshaller = PutDeliverabilityDashboardOptionRequestMarshaller.Instance;options.ResponseUnmarshaller = PutDeliverabilityDashboardOptionResponseUnmarshaller.Instance;return Invoke<PutDeliverabilityDashboardOptionResponse>(request, options);}","public virtual PutDeliverabilityDashboardOptionResponse PutDeliverabilityDashboardOption(PutDeliverabilityDashboardOptionRequest request){var options = new InvokeOptions();options.RequestMarshaller = PutDeliverabilityDashboardOptionRequestMarshaller.Instance;<MASKED>return Invoke<PutDeliverabilityDashboardOptionResponse>(request, options);}",options.ResponseUnmarshaller = PutDeliverabilityDashboardOptionResponseUnmarshaller.Instance;
1136,java,expression_statement,"public SetLoadBalancerListenerSSLCertificateRequest(String loadBalancerName, Integer loadBalancerPort, String sSLCertificateId) {setLoadBalancerName(loadBalancerName);setLoadBalancerPort(loadBalancerPort);setSSLCertificateId(sSLCertificateId);}","public SetLoadBalancerListenerSSLCertificateRequest(String loadBalancerName, Integer loadBalancerPort, String sSLCertificateId) {setLoadBalancerName(loadBalancerName);setLoadBalancerPort(loadBalancerPort);<MASKED>}",setSSLCertificateId(sSLCertificateId);
1137,c#,expression_statement,"public SetLoadBalancerListenerSSLCertificateRequest(string loadBalancerName, int loadBalancerPort, string sslCertificateId){_loadBalancerName = loadBalancerName;_loadBalancerPort = loadBalancerPort;_sslCertificateId = sslCertificateId;}","public SetLoadBalancerListenerSSLCertificateRequest(string loadBalancerName, int loadBalancerPort, string sslCertificateId){<MASKED>_loadBalancerPort = loadBalancerPort;_sslCertificateId = sslCertificateId;}",_loadBalancerName = loadBalancerName;
1138,java,expression_statement,public ModifyTransitGatewayVpcAttachmentResult modifyTransitGatewayVpcAttachment(ModifyTransitGatewayVpcAttachmentRequest request) {request = beforeClientExecution(request);return executeModifyTransitGatewayVpcAttachment(request);},public ModifyTransitGatewayVpcAttachmentResult modifyTransitGatewayVpcAttachment(ModifyTransitGatewayVpcAttachmentRequest request) {<MASKED>return executeModifyTransitGatewayVpcAttachment(request);},request = beforeClientExecution(request);
1139,c#,expression_statement,"public virtual ModifyTransitGatewayVpcAttachmentResponse ModifyTransitGatewayVpcAttachment(ModifyTransitGatewayVpcAttachmentRequest request){var options = new InvokeOptions();options.RequestMarshaller = ModifyTransitGatewayVpcAttachmentRequestMarshaller.Instance;options.ResponseUnmarshaller = ModifyTransitGatewayVpcAttachmentResponseUnmarshaller.Instance;return Invoke<ModifyTransitGatewayVpcAttachmentResponse>(request, options);}","public virtual ModifyTransitGatewayVpcAttachmentResponse ModifyTransitGatewayVpcAttachment(ModifyTransitGatewayVpcAttachmentRequest request){var options = new InvokeOptions();options.RequestMarshaller = ModifyTransitGatewayVpcAttachmentRequestMarshaller.Instance;<MASKED>return Invoke<ModifyTransitGatewayVpcAttachmentResponse>(request, options);}",options.ResponseUnmarshaller = ModifyTransitGatewayVpcAttachmentResponseUnmarshaller.Instance;
1140,java,expression_statement,public GetReservedInstancesExchangeQuoteResult getReservedInstancesExchangeQuote(GetReservedInstancesExchangeQuoteRequest request) {request = beforeClientExecution(request);return executeGetReservedInstancesExchangeQuote(request);},public GetReservedInstancesExchangeQuoteResult getReservedInstancesExchangeQuote(GetReservedInstancesExchangeQuoteRequest request) {<MASKED>return executeGetReservedInstancesExchangeQuote(request);},request = beforeClientExecution(request);
1141,c#,expression_statement,"public virtual GetReservedInstancesExchangeQuoteResponse GetReservedInstancesExchangeQuote(GetReservedInstancesExchangeQuoteRequest request){var options = new InvokeOptions();options.RequestMarshaller = GetReservedInstancesExchangeQuoteRequestMarshaller.Instance;options.ResponseUnmarshaller = GetReservedInstancesExchangeQuoteResponseUnmarshaller.Instance;return Invoke<GetReservedInstancesExchangeQuoteResponse>(request, options);}","public virtual GetReservedInstancesExchangeQuoteResponse GetReservedInstancesExchangeQuote(GetReservedInstancesExchangeQuoteRequest request){var options = new InvokeOptions();<MASKED>options.ResponseUnmarshaller = GetReservedInstancesExchangeQuoteResponseUnmarshaller.Instance;return Invoke<GetReservedInstancesExchangeQuoteResponse>(request, options);}",options.RequestMarshaller = GetReservedInstancesExchangeQuoteRequestMarshaller.Instance;
1142,java,expression_statement,public DisassociateDelegateFromResourceResult disassociateDelegateFromResource(DisassociateDelegateFromResourceRequest request) {request = beforeClientExecution(request);return executeDisassociateDelegateFromResource(request);},public DisassociateDelegateFromResourceResult disassociateDelegateFromResource(DisassociateDelegateFromResourceRequest request) {<MASKED>return executeDisassociateDelegateFromResource(request);},request = beforeClientExecution(request);
1143,c#,expression_statement,"public virtual DisassociateDelegateFromResourceResponse DisassociateDelegateFromResource(DisassociateDelegateFromResourceRequest request){var options = new InvokeOptions();options.RequestMarshaller = DisassociateDelegateFromResourceRequestMarshaller.Instance;options.ResponseUnmarshaller = DisassociateDelegateFromResourceResponseUnmarshaller.Instance;return Invoke<DisassociateDelegateFromResourceResponse>(request, options);}","public virtual DisassociateDelegateFromResourceResponse DisassociateDelegateFromResource(DisassociateDelegateFromResourceRequest request){var options = new InvokeOptions();options.RequestMarshaller = DisassociateDelegateFromResourceRequestMarshaller.Instance;<MASKED>return Invoke<DisassociateDelegateFromResourceResponse>(request, options);}",options.ResponseUnmarshaller = DisassociateDelegateFromResourceResponseUnmarshaller.Instance;
1144,java,string_literal,"public ElisionFilterFactory(Map<String,String> args) {super(args);articlesFile = get(args, ""articles"");ignoreCase = getBoolean(args, ""ignoreCase"", false);if (!args.isEmpty()) {throw new IllegalArgumentException(""Unknown parameters: "" + args);}}","public ElisionFilterFactory(Map<String,String> args) {super(args);articlesFile = get(args, <MASKED>);ignoreCase = getBoolean(args, ""ignoreCase"", false);if (!args.isEmpty()) {throw new IllegalArgumentException(""Unknown parameters: "" + args);}}","""articles"""
1145,c#,string_literal,"public ElisionFilterFactory(IDictionary<string, string> args) : base(args){articlesFile = Get(args, ""articles"");ignoreCase = GetBoolean(args, ""ignoreCase"", false);if (args.Count > 0){throw new System.ArgumentException(""Unknown parameters: "" + args);}}","public ElisionFilterFactory(IDictionary<string, string> args) : base(args){articlesFile = Get(args, <MASKED>);ignoreCase = GetBoolean(args, ""ignoreCase"", false);if (args.Count > 0){throw new System.ArgumentException(""Unknown parameters: "" + args);}}","""articles"""
1146,java,expression_statement,public String toString(String field) {StringBuilder buffer = new StringBuilder();if (!getField().equals(field)) {buffer.append(getField());buffer.append(':');}buffer.append(term.text());buffer.append('*');return buffer.toString();},public String toString(String field) {StringBuilder buffer = new StringBuilder();if (!getField().equals(field)) {buffer.append(getField());<MASKED>}buffer.append(term.text());buffer.append('*');return buffer.toString();},buffer.append(':');
1147,c#,expression_statement,"public override string ToString(string field){StringBuilder buffer = new StringBuilder();if (!Field.Equals(field, StringComparison.Ordinal)){buffer.Append(Field);buffer.Append("":"");}buffer.Append(_prefix.Text());buffer.Append('*');buffer.Append(ToStringUtils.Boost(Boost));return buffer.ToString();}","public override string ToString(string field){StringBuilder buffer = new StringBuilder();if (!Field.Equals(field, StringComparison.Ordinal)){buffer.Append(Field);<MASKED>}buffer.Append(_prefix.Text());buffer.Append('*');buffer.Append(ToStringUtils.Boost(Boost));return buffer.ToString();}","buffer.Append("":"");"
1148,java,expression_statement,"public void replace(int start, int limit, char[] text, int charsStart,int charsLen) {final int newLength = shiftForReplace(start, limit, charsLen);System.arraycopy(text, charsStart, buffer, start, charsLen);token.setLength(length = newLength);}","public void replace(int start, int limit, char[] text, int charsStart,int charsLen) {final int newLength = shiftForReplace(start, limit, charsLen);System.arraycopy(text, charsStart, buffer, start, charsLen);<MASKED>}",token.setLength(length = newLength);
1149,c#,expression_statement,"public void Replace(int start, int length, char[] text, int charsStart,int charsLen){int newLength = ShiftForReplace(start, length + start, charsLen); System.Array.Copy(text, charsStart, buffer, start, charsLen);token.Length = (this.length = newLength);}","public void Replace(int start, int length, char[] text, int charsStart,int charsLen){int newLength = ShiftForReplace(start, length + start, charsLen); <MASKED>token.Length = (this.length = newLength);}","System.Array.Copy(text, charsStart, buffer, start, charsLen);"
1150,java,expression_statement,public DescribeWorkspacesConnectionStatusResult describeWorkspacesConnectionStatus(DescribeWorkspacesConnectionStatusRequest request) {request = beforeClientExecution(request);return executeDescribeWorkspacesConnectionStatus(request);},public DescribeWorkspacesConnectionStatusResult describeWorkspacesConnectionStatus(DescribeWorkspacesConnectionStatusRequest request) {<MASKED>return executeDescribeWorkspacesConnectionStatus(request);},request = beforeClientExecution(request);
1151,c#,expression_statement,"public virtual DescribeWorkspacesConnectionStatusResponse DescribeWorkspacesConnectionStatus(DescribeWorkspacesConnectionStatusRequest request){var options = new InvokeOptions();options.RequestMarshaller = DescribeWorkspacesConnectionStatusRequestMarshaller.Instance;options.ResponseUnmarshaller = DescribeWorkspacesConnectionStatusResponseUnmarshaller.Instance;return Invoke<DescribeWorkspacesConnectionStatusResponse>(request, options);}","public virtual DescribeWorkspacesConnectionStatusResponse DescribeWorkspacesConnectionStatus(DescribeWorkspacesConnectionStatusRequest request){var options = new InvokeOptions();options.RequestMarshaller = DescribeWorkspacesConnectionStatusRequestMarshaller.Instance;<MASKED>return Invoke<DescribeWorkspacesConnectionStatusResponse>(request, options);}",options.ResponseUnmarshaller = DescribeWorkspacesConnectionStatusResponseUnmarshaller.Instance;
1152,java,string_literal,"public static String getLocalizedMessage(String key, Locale locale) {Object message = getResourceBundleObject(key, locale);if (message == null) {return ""Message with key:"" + key + "" and locale: "" + locale+ "" not found."";}return message.toString();}","public static String getLocalizedMessage(String key, Locale locale) {Object message = getResourceBundleObject(key, locale);if (message == null) {return ""Message with key:"" + key + "" and locale: "" + locale+ <MASKED>;}return message.toString();}",""" not found."""
1153,c#,string_literal,"public static string GetLocalizedMessage(string key, CultureInfo locale){string message = GetResourceBundleObject(key, locale);if (message == null){return ""Message with key:"" + key + "" and locale: "" + locale+ "" not found."";}return message;}","public static string GetLocalizedMessage(string key, CultureInfo locale){string message = GetResourceBundleObject(key, locale);if (message == null){return ""Message with key:"" + key + <MASKED> + locale+ "" not found."";}return message;}",""" and locale: """
1154,java,string_literal,"public double getPrecisionAt(int n) {if (n<1 || n>MAX_POINTS) {throw new IllegalArgumentException(""n=""+n+"" - but it must be in [1,""+MAX_POINTS+""] range!"");}if (n>numPoints) {return (numPoints * pAt[(int)numPoints])/n;}return pAt[n];}","public double getPrecisionAt(int n) {if (n<1 || n>MAX_POINTS) {throw new IllegalArgumentException(<MASKED>+n+"" - but it must be in [1,""+MAX_POINTS+""] range!"");}if (n>numPoints) {return (numPoints * pAt[(int)numPoints])/n;}return pAt[n];}","""n="""
1155,c#,string_literal,"public virtual double GetPrecisionAt(int n){if (n < 1 || n > MAX_POINTS){throw new ArgumentException(""n="" + n + "" - but it must be in [1,"" + MAX_POINTS + ""] range!"");}if (n > numPoints){return (numPoints * pAt[(int)numPoints]) / n;}return pAt[n];}","public virtual double GetPrecisionAt(int n){if (n < 1 || n > MAX_POINTS){throw new ArgumentException(""n="" + n + <MASKED> + MAX_POINTS + ""] range!"");}if (n > numPoints){return (numPoints * pAt[(int)numPoints]) / n;}return pAt[n];}",""" - but it must be in [1,"""
1156,java,string_literal,"public SaveTaskForSubmittingDomainRealNameVerificationByIdentityCredentialRequest() {super(""Domain-intl"", ""2017-12-18"", ""SaveTaskForSubmittingDomainRealNameVerificationByIdentityCredential"", ""domain"");setMethod(MethodType.POST);}","public SaveTaskForSubmittingDomainRealNameVerificationByIdentityCredentialRequest() {super(""Domain-intl"", ""2017-12-18"", ""SaveTaskForSubmittingDomainRealNameVerificationByIdentityCredential"", <MASKED>);setMethod(MethodType.POST);}","""domain"""
1157,c#,string_literal,"public SaveTaskForSubmittingDomainRealNameVerificationByIdentityCredentialRequest(): base(""Domain-intl"", ""2017-12-18"", ""SaveTaskForSubmittingDomainRealNameVerificationByIdentityCredential"", ""domain"", ""openAPI""){Method = MethodType.POST;}","public SaveTaskForSubmittingDomainRealNameVerificationByIdentityCredentialRequest(): base(""Domain-intl"", <MASKED>, ""SaveTaskForSubmittingDomainRealNameVerificationByIdentityCredential"", ""domain"", ""openAPI""){Method = MethodType.POST;}","""2017-12-18"""
1158,java,string_literal,"public void SwitchTo(int lexState){if (lexState >= 3 || lexState < 0)throw new TokenMgrError(""Error: Ignoring invalid lexical state : "" + lexState + "". State unchanged."", TokenMgrError.INVALID_LEXICAL_STATE);elsecurLexState = lexState;}","public void SwitchTo(int lexState){if (lexState >= 3 || lexState < 0)throw new TokenMgrError(""Error: Ignoring invalid lexical state : "" + lexState + <MASKED>, TokenMgrError.INVALID_LEXICAL_STATE);elsecurLexState = lexState;}",""". State unchanged."""
1159,c#,expression_statement,"public virtual void SwitchTo(int lexState){if (lexState >= 3 || lexState < 0)throw new TokenMgrError(""Error: Ignoring invalid lexical state : "" + lexState + "". State unchanged."", TokenMgrError.INVALID_LEXICAL_STATE);elsecurLexState = lexState;}","public virtual void SwitchTo(int lexState){if (lexState >= 3 || lexState < 0)throw new TokenMgrError(""Error: Ignoring invalid lexical state : "" + lexState + "". State unchanged."", TokenMgrError.INVALID_LEXICAL_STATE);<MASKED>}",elsecurLexState = lexState;
1160,java,expression_statement,"public void writeByte(byte b) {assert slice != null;if (slice[upto] != 0) {upto = pool.allocSlice(slice, upto);slice = pool.buffer;offset0 = pool.byteOffset;assert slice != null;}slice[upto++] = b;assert upto != slice.length;}",public void writeByte(byte b) {assert slice != null;if (slice[upto] != 0) {<MASKED>slice = pool.buffer;offset0 = pool.byteOffset;assert slice != null;}slice[upto++] = b;assert upto != slice.length;},"upto = pool.allocSlice(slice, upto);"
1161,c#,expression_statement,"public override void WriteByte(byte b){Debug.Assert(slice != null);if (slice[upto] != 0){upto = pool.AllocSlice(slice, upto);slice = pool.Buffer;offset0 = pool.ByteOffset;Debug.Assert(slice != null);}slice[upto++] = (byte)b;Debug.Assert(upto != slice.Length);}","public override void WriteByte(byte b){Debug.Assert(slice != null);if (slice[upto] != 0){upto = pool.AllocSlice(slice, upto);slice = pool.Buffer;offset0 = pool.ByteOffset;<MASKED>}slice[upto++] = (byte)b;Debug.Assert(upto != slice.Length);}",Debug.Assert(slice != null);
1162,java,expression_statement,public int next() {if (text.getIndex() == text.getEndIndex() || 0 == sentenceStarts.length) {return DONE;} else if (currentSentence < sentenceStarts.length - 1) {text.setIndex(sentenceStarts[++currentSentence]);return current();} else {return last();}},public int next() {if (text.getIndex() == text.getEndIndex() || 0 == sentenceStarts.length) {return DONE;} else if (currentSentence < sentenceStarts.length - 1) {<MASKED>return current();} else {return last();}},text.setIndex(sentenceStarts[++currentSentence]);
1163,c#,expression_statement,public override int Next(){if (text.Index == text.EndIndex || 0 == sentenceStarts.Length){return Done;}else if (currentSentence < sentenceStarts.Length - 1){text.SetIndex(sentenceStarts[++currentSentence]);return Current;}else{return Last();}},public override int Next(){if (text.Index == text.EndIndex || 0 == sentenceStarts.Length){return Done;}else if (currentSentence < sentenceStarts.Length - 1){<MASKED>return Current;}else{return Last();}},text.SetIndex(sentenceStarts[++currentSentence]);
1164,java,expression_statement,"public IntervalSet subtract(IntSet a) {if (a == null || a.isNil()) {return new IntervalSet(this);}if (a instanceof IntervalSet) {return subtract(this, (IntervalSet)a);}IntervalSet other = new IntervalSet();other.addAll(a);return subtract(this, other);}","public IntervalSet subtract(IntSet a) {if (a == null || a.isNil()) {return new IntervalSet(this);}if (a instanceof IntervalSet) {return subtract(this, (IntervalSet)a);}IntervalSet other = new IntervalSet();<MASKED>return subtract(this, other);}",other.addAll(a);
1165,c#,expression_statement,"public virtual Antlr4.Runtime.Misc.IntervalSet Subtract(IIntSet a){if (a == null || a.IsNil){return new Antlr4.Runtime.Misc.IntervalSet(this);}if (a is Antlr4.Runtime.Misc.IntervalSet){return Subtract(this, (Antlr4.Runtime.Misc.IntervalSet)a);}Antlr4.Runtime.Misc.IntervalSet other = new Antlr4.Runtime.Misc.IntervalSet();other.AddAll(a);return Subtract(this, other);}","public virtual Antlr4.Runtime.Misc.IntervalSet Subtract(IIntSet a){if (a == null || a.IsNil){return new Antlr4.Runtime.Misc.IntervalSet(this);}if (a is Antlr4.Runtime.Misc.IntervalSet){return Subtract(this, (Antlr4.Runtime.Misc.IntervalSet)a);}Antlr4.Runtime.Misc.IntervalSet other = new Antlr4.Runtime.Misc.IntervalSet();<MASKED>return Subtract(this, other);}",other.AddAll(a);
1166,java,expression_statement,"public final void addParents(RevCommit c, RevFlag queueControl) {final RevCommit[] pList = c.parents;if (pList == null) {return;}for (int i = 0; i < pList.length; i++) {if (firstParent && i > 0) {break;}add(pList[i], queueControl);}}","public final void addParents(RevCommit c, RevFlag queueControl) {final RevCommit[] pList = c.parents;if (pList == null) {return;}for (int i = 0; i < pList.length; i++) {if (firstParent && i > 0) {break;}<MASKED>}}","add(pList[i], queueControl);"
1167,c#,expression_statement,"public void AddParents(RevCommit c, RevFlag queueControl){RevCommit[] pList = c.parents;if (pList == null){return;}foreach (RevCommit p in pList){Add(p, queueControl);}}","public void AddParents(RevCommit c, RevFlag queueControl){RevCommit[] pList = c.parents;if (pList == null){return;}foreach (RevCommit p in pList){<MASKED>}}","Add(p, queueControl);"
1168,java,string_literal,"public void SwitchTo(int lexState){if (lexState >= 3 || lexState < 0)throw new TokenMgrError(""Error: Ignoring invalid lexical state : "" + lexState + "". State unchanged."", TokenMgrError.INVALID_LEXICAL_STATE);elsecurLexState = lexState;}","public void SwitchTo(int lexState){if (lexState >= 3 || lexState < 0)throw new TokenMgrError(""Error: Ignoring invalid lexical state : "" + lexState + <MASKED>, TokenMgrError.INVALID_LEXICAL_STATE);elsecurLexState = lexState;}",""". State unchanged."""
1169,c#,string_literal,"public void SwitchTo(int lexState){if (lexState >= 3 || lexState < 0)throw new TokenMgrError(""Error: Ignoring invalid lexical state : "" + lexState + "". State unchanged."", TokenMgrError.INVALID_LEXICAL_STATE);elsecurLexState = lexState;}","public void SwitchTo(int lexState){if (lexState >= 3 || lexState < 0)throw new TokenMgrError(<MASKED> + lexState + "". State unchanged."", TokenMgrError.INVALID_LEXICAL_STATE);elsecurLexState = lexState;}","""Error: Ignoring invalid lexical state : """
1170,java,string_literal,"public String toString() {StringBuilder buffer = new StringBuilder();buffer.append(""[CONTINUE RECORD]\n"");buffer.append(""    .data = "").append(HexDump.toHex(_data)).append(""\n"");buffer.append(""[/CONTINUE RECORD]\n"");return buffer.toString();}","public String toString() {StringBuilder buffer = new StringBuilder();buffer.append(<MASKED>);buffer.append(""    .data = "").append(HexDump.toHex(_data)).append(""\n"");buffer.append(""[/CONTINUE RECORD]\n"");return buffer.toString();}","""[CONTINUE RECORD]\n"""
1171,c#,string_literal,"public override String ToString(){StringBuilder buffer = new StringBuilder();buffer.Append(""[CONTINUE RECORD]\n"");buffer.Append(""    .data        = "").Append(StringUtil.ToHexString(sid)).Append(""\n"");buffer.Append(""[/CONTINUE RECORD]\n"");return buffer.ToString();}","public override String ToString(){StringBuilder buffer = new StringBuilder();buffer.Append(""[CONTINUE RECORD]\n"");buffer.Append(""    .data        = "").Append(StringUtil.ToHexString(sid)).Append(""\n"");buffer.Append(<MASKED>);return buffer.ToString();}","""[/CONTINUE RECORD]\n"""
1172,java,expression_statement,public DescribeDevicePolicyConfigurationResult describeDevicePolicyConfiguration(DescribeDevicePolicyConfigurationRequest request) {request = beforeClientExecution(request);return executeDescribeDevicePolicyConfiguration(request);},public DescribeDevicePolicyConfigurationResult describeDevicePolicyConfiguration(DescribeDevicePolicyConfigurationRequest request) {<MASKED>return executeDescribeDevicePolicyConfiguration(request);},request = beforeClientExecution(request);
1173,c#,expression_statement,"public virtual DescribeDevicePolicyConfigurationResponse DescribeDevicePolicyConfiguration(DescribeDevicePolicyConfigurationRequest request){var options = new InvokeOptions();options.RequestMarshaller = DescribeDevicePolicyConfigurationRequestMarshaller.Instance;options.ResponseUnmarshaller = DescribeDevicePolicyConfigurationResponseUnmarshaller.Instance;return Invoke<DescribeDevicePolicyConfigurationResponse>(request, options);}","public virtual DescribeDevicePolicyConfigurationResponse DescribeDevicePolicyConfiguration(DescribeDevicePolicyConfigurationRequest request){var options = new InvokeOptions();options.RequestMarshaller = DescribeDevicePolicyConfigurationRequestMarshaller.Instance;<MASKED>return Invoke<DescribeDevicePolicyConfigurationResponse>(request, options);}",options.ResponseUnmarshaller = DescribeDevicePolicyConfigurationResponseUnmarshaller.Instance;
1174,java,string_literal,"public StringPtg(String value) {if (value.length() > 255) {throw new IllegalArgumentException(""String literals in formulas can't be bigger than 255 characters ASCII"");}_is16bitUnicode = StringUtil.hasMultibyte(value);field_3_string = value;}",public StringPtg(String value) {if (value.length() > 255) {throw new IllegalArgumentException(<MASKED>);}_is16bitUnicode = StringUtil.hasMultibyte(value);field_3_string = value;},"""String literals in formulas can't be bigger than 255 characters ASCII"""
1175,c#,expression_statement,"public StringPtg(String value){if (value.Length > 255){throw new ArgumentException(""String literals in formulas can't be bigger than 255 Chars ASCII"");}_is16bitUnicode = StringUtil.HasMultibyte(value);field_3_string = value;field_1_Length = value.Length; }","public StringPtg(String value){if (value.Length > 255){throw new ArgumentException(""String literals in formulas can't be bigger than 255 Chars ASCII"");}<MASKED>field_3_string = value;field_1_Length = value.Length; }",_is16bitUnicode = StringUtil.HasMultibyte(value);
1176,java,expression_statement,public DescribeMatchmakingConfigurationsResult describeMatchmakingConfigurations(DescribeMatchmakingConfigurationsRequest request) {request = beforeClientExecution(request);return executeDescribeMatchmakingConfigurations(request);},public DescribeMatchmakingConfigurationsResult describeMatchmakingConfigurations(DescribeMatchmakingConfigurationsRequest request) {<MASKED>return executeDescribeMatchmakingConfigurations(request);},request = beforeClientExecution(request);
1177,c#,expression_statement,"public virtual DescribeMatchmakingConfigurationsResponse DescribeMatchmakingConfigurations(DescribeMatchmakingConfigurationsRequest request){var options = new InvokeOptions();options.RequestMarshaller = DescribeMatchmakingConfigurationsRequestMarshaller.Instance;options.ResponseUnmarshaller = DescribeMatchmakingConfigurationsResponseUnmarshaller.Instance;return Invoke<DescribeMatchmakingConfigurationsResponse>(request, options);}","public virtual DescribeMatchmakingConfigurationsResponse DescribeMatchmakingConfigurations(DescribeMatchmakingConfigurationsRequest request){var options = new InvokeOptions();<MASKED>options.ResponseUnmarshaller = DescribeMatchmakingConfigurationsResponseUnmarshaller.Instance;return Invoke<DescribeMatchmakingConfigurationsResponse>(request, options);}",options.RequestMarshaller = DescribeMatchmakingConfigurationsRequestMarshaller.Instance;
1178,java,expression_statement,"public String toString(){StringBuilder buffer = new StringBuilder(40 * (path.length() + 1));for (int j = 0; j < path.length(); j++){buffer.append(path.getComponent(j)).append(""/"");}buffer.append(name);return buffer.toString();}","public String toString(){StringBuilder buffer = new StringBuilder(40 * (path.length() + 1));for (int j = 0; j < path.length(); j++){buffer.append(path.getComponent(j)).append(""/"");}<MASKED>return buffer.toString();}",buffer.append(name);
1179,c#,expression_statement,"public override String ToString(){StringBuilder buffer = new StringBuilder(40 * (path.Length + 1));for (int j = 0; j < path.Length; j++){buffer.Append(path.GetComponent(j)).Append(""/"");}buffer.Append(name);return buffer.ToString();}","public override String ToString(){StringBuilder buffer = new StringBuilder(40 * (path.Length + 1));for (int j = 0; j < path.Length; j++){buffer.Append(path.GetComponent(j)).Append(""/"");}<MASKED>return buffer.ToString();}",buffer.Append(name);
1180,java,expression_statement,"public NumericPayloadTokenFilterFactory(Map<String, String> args) {super(args);payload = requireFloat(args, ""payload"");typeMatch = require(args, ""typeMatch"");if (!args.isEmpty()) {throw new IllegalArgumentException(""Unknown parameters: "" + args);}}","public NumericPayloadTokenFilterFactory(Map<String, String> args) {super(args);<MASKED>typeMatch = require(args, ""typeMatch"");if (!args.isEmpty()) {throw new IllegalArgumentException(""Unknown parameters: "" + args);}}","payload = requireFloat(args, ""payload"");"
1181,c#,string_literal,"public NumericPayloadTokenFilterFactory(IDictionary<string, string> args) : base(args){payload = RequireSingle(args, ""payload"");typeMatch = Require(args, ""typeMatch"");if (args.Count > 0){throw new System.ArgumentException(""Unknown parameters: "" + args);}}","public NumericPayloadTokenFilterFactory(IDictionary<string, string> args) : base(args){payload = RequireSingle(args, ""payload"");typeMatch = Require(args, ""typeMatch"");if (args.Count > 0){throw new System.ArgumentException(<MASKED> + args);}}","""Unknown parameters: """
1182,java,expression_statement,public FloatBuffer duplicate() {ByteBuffer bb = byteBuffer.duplicate().order(byteBuffer.order());FloatToByteBufferAdapter buf = new FloatToByteBufferAdapter(bb);buf.limit = limit;buf.position = position;buf.mark = mark;return buf;},public FloatBuffer duplicate() {ByteBuffer bb = byteBuffer.duplicate().order(byteBuffer.order());FloatToByteBufferAdapter buf = new FloatToByteBufferAdapter(bb);buf.limit = limit;<MASKED>buf.mark = mark;return buf;},buf.position = position;
1183,c#,expression_statement,public override java.nio.FloatBuffer duplicate(){java.nio.ByteBuffer bb = byteBuffer.duplicate().order(byteBuffer.order());java.nio.FloatToByteBufferAdapter buf = new java.nio.FloatToByteBufferAdapter(bb);buf._limit = _limit;buf._position = _position;buf._mark = _mark;return buf;},public override java.nio.FloatBuffer duplicate(){java.nio.ByteBuffer bb = byteBuffer.duplicate().order(byteBuffer.order());java.nio.FloatToByteBufferAdapter buf = new java.nio.FloatToByteBufferAdapter(bb);buf._limit = _limit;<MASKED>buf._mark = _mark;return buf;},buf._position = _position;
1184,java,expression_statement,public DisassociateContactFromAddressBookResult disassociateContactFromAddressBook(DisassociateContactFromAddressBookRequest request) {request = beforeClientExecution(request);return executeDisassociateContactFromAddressBook(request);},public DisassociateContactFromAddressBookResult disassociateContactFromAddressBook(DisassociateContactFromAddressBookRequest request) {<MASKED>return executeDisassociateContactFromAddressBook(request);},request = beforeClientExecution(request);
1185,c#,expression_statement,"public virtual DisassociateContactFromAddressBookResponse DisassociateContactFromAddressBook(DisassociateContactFromAddressBookRequest request){var options = new InvokeOptions();options.RequestMarshaller = DisassociateContactFromAddressBookRequestMarshaller.Instance;options.ResponseUnmarshaller = DisassociateContactFromAddressBookResponseUnmarshaller.Instance;return Invoke<DisassociateContactFromAddressBookResponse>(request, options);}","public virtual DisassociateContactFromAddressBookResponse DisassociateContactFromAddressBook(DisassociateContactFromAddressBookRequest request){var options = new InvokeOptions();<MASKED>options.ResponseUnmarshaller = DisassociateContactFromAddressBookResponseUnmarshaller.Instance;return Invoke<DisassociateContactFromAddressBookResponse>(request, options);}",options.RequestMarshaller = DisassociateContactFromAddressBookRequestMarshaller.Instance;
1186,java,expression_statement,"public static long pop_andnot(long[] arr1, long[] arr2, int wordOffset, int numWords) {long popCount = 0;for (int i = wordOffset, end = wordOffset + numWords; i < end; ++i) {popCount += Long.bitCount(arr1[i] & ~arr2[i]);}return popCount;}","public static long pop_andnot(long[] arr1, long[] arr2, int wordOffset, int numWords) {long popCount = 0;for (int i = wordOffset, end = wordOffset + numWords; i < end; ++i) {<MASKED>}return popCount;}",popCount += Long.bitCount(arr1[i] & ~arr2[i]);
1187,c#,expression_statement,"public static long Pop_AndNot(long[] arr1, long[] arr2, int wordOffset, int numWords){long popCount = 0;for (int i = wordOffset, end = wordOffset + numWords; i < end; ++i){popCount += (arr1[i] & ~arr2[i]).PopCount();}return popCount;}","public static long Pop_AndNot(long[] arr1, long[] arr2, int wordOffset, int numWords){long popCount = 0;for (int i = wordOffset, end = wordOffset + numWords; i < end; ++i){<MASKED>}return popCount;}",popCount += (arr1[i] & ~arr2[i]).PopCount();
1188,java,expression_statement,public ShortBuffer asReadOnlyBuffer() {ShortToByteBufferAdapter buf = new ShortToByteBufferAdapter(byteBuffer.asReadOnlyBuffer());buf.limit = limit;buf.position = position;buf.mark = mark;buf.byteBuffer.order = byteBuffer.order;return buf;},public ShortBuffer asReadOnlyBuffer() {ShortToByteBufferAdapter buf = new ShortToByteBufferAdapter(byteBuffer.asReadOnlyBuffer());buf.limit = limit;buf.position = position;<MASKED>buf.byteBuffer.order = byteBuffer.order;return buf;},buf.mark = mark;
1189,c#,expression_statement,public override java.nio.ShortBuffer asReadOnlyBuffer(){java.nio.ShortToByteBufferAdapter buf = new java.nio.ShortToByteBufferAdapter(byteBuffer.asReadOnlyBuffer());buf._limit = _limit;buf._position = _position;buf._mark = _mark;buf.byteBuffer._order = byteBuffer._order;return buf;},public override java.nio.ShortBuffer asReadOnlyBuffer(){java.nio.ShortToByteBufferAdapter buf = new java.nio.ShortToByteBufferAdapter(byteBuffer.asReadOnlyBuffer());<MASKED>buf._position = _position;buf._mark = _mark;buf.byteBuffer._order = byteBuffer._order;return buf;},buf._limit = _limit;
1190,java,expression_statement,public void serialize(LittleEndianOutput out) {out.writeShort(rt);out.writeShort(grbitFrt);out.writeByte(verOriginator);out.writeByte(verWriter);out.writeShort(rgCFRTID.length);for (CFRTID cfrtid : rgCFRTID) {cfrtid.serialize(out);}},public void serialize(LittleEndianOutput out) {<MASKED>out.writeShort(grbitFrt);out.writeByte(verOriginator);out.writeByte(verWriter);out.writeShort(rgCFRTID.length);for (CFRTID cfrtid : rgCFRTID) {cfrtid.serialize(out);}},out.writeShort(rt);
1191,c#,expression_statement,public override void Serialize(ILittleEndianOutput out1){out1.WriteShort(rt);out1.WriteShort(grbitFrt);out1.WriteByte(verOriginator);out1.WriteByte(verWriter);int nCFRTIDs = rgCFRTID.Length;out1.WriteShort(nCFRTIDs);for (int i = 0; i < nCFRTIDs; i++){rgCFRTID[i].Serialize(out1);}},public override void Serialize(ILittleEndianOutput out1){out1.WriteShort(rt);<MASKED>out1.WriteByte(verOriginator);out1.WriteByte(verWriter);int nCFRTIDs = rgCFRTID.Length;out1.WriteShort(nCFRTIDs);for (int i = 0; i < nCFRTIDs; i++){rgCFRTID[i].Serialize(out1);}},out1.WriteShort(grbitFrt);
1192,java,expression_statement,"public static final int tagger(byte[] b, int ptr) {final int sz = b.length;if (ptr == 0)ptr += 48; while (ptr < sz) {if (b[ptr] == '\n')return -1;final int m = match(b, ptr, tagger);if (m >= 0)return m;ptr = nextLF(b, ptr);}return -1;}","public static final int tagger(byte[] b, int ptr) {final int sz = b.length;if (ptr == 0)<MASKED> while (ptr < sz) {if (b[ptr] == '\n')return -1;final int m = match(b, ptr, tagger);if (m >= 0)return m;ptr = nextLF(b, ptr);}return -1;}",ptr += 48;
1193,c#,expression_statement,"public static int Tagger(byte[] b, int ptr){int sz = b.Length;if (ptr == 0){ptr += 48;}while (ptr < sz){if (b[ptr] == '\n'){return -1;}int m = Match(b, ptr, ObjectChecker.tagger);if (m >= 0){return m;}ptr = NextLF(b, ptr);}return -1;}","public static int Tagger(byte[] b, int ptr){int sz = b.Length;if (ptr == 0){<MASKED>}while (ptr < sz){if (b[ptr] == '\n'){return -1;}int m = Match(b, ptr, ObjectChecker.tagger);if (m >= 0){return m;}ptr = NextLF(b, ptr);}return -1;}",ptr += 48;
1194,java,expression_statement,public PutConfigurationSetSuppressionOptionsResult putConfigurationSetSuppressionOptions(PutConfigurationSetSuppressionOptionsRequest request) {request = beforeClientExecution(request);return executePutConfigurationSetSuppressionOptions(request);},public PutConfigurationSetSuppressionOptionsResult putConfigurationSetSuppressionOptions(PutConfigurationSetSuppressionOptionsRequest request) {<MASKED>return executePutConfigurationSetSuppressionOptions(request);},request = beforeClientExecution(request);
1195,c#,expression_statement,"public virtual PutConfigurationSetSuppressionOptionsResponse PutConfigurationSetSuppressionOptions(PutConfigurationSetSuppressionOptionsRequest request){var options = new InvokeOptions();options.RequestMarshaller = PutConfigurationSetSuppressionOptionsRequestMarshaller.Instance;options.ResponseUnmarshaller = PutConfigurationSetSuppressionOptionsResponseUnmarshaller.Instance;return Invoke<PutConfigurationSetSuppressionOptionsResponse>(request, options);}","public virtual PutConfigurationSetSuppressionOptionsResponse PutConfigurationSetSuppressionOptions(PutConfigurationSetSuppressionOptionsRequest request){var options = new InvokeOptions();options.RequestMarshaller = PutConfigurationSetSuppressionOptionsRequestMarshaller.Instance;<MASKED>return Invoke<PutConfigurationSetSuppressionOptionsResponse>(request, options);}",options.ResponseUnmarshaller = PutConfigurationSetSuppressionOptionsResponseUnmarshaller.Instance;
1196,java,expression_statement,"public void decode(byte[] blocks, int blocksOffset, long[] values, int valuesOffset, int iterations) {for (int j = 0; j < iterations; ++j) {values[valuesOffset++] = ((blocks[blocksOffset++] & 0xFFL) << 8) | (blocks[blocksOffset++] & 0xFFL);}}","public void decode(byte[] blocks, int blocksOffset, long[] values, int valuesOffset, int iterations) {for (int j = 0; j < iterations; ++j) {<MASKED>}}",values[valuesOffset++] = ((blocks[blocksOffset++] & 0xFFL) << 8) | (blocks[blocksOffset++] & 0xFFL);
1197,c#,expression_statement,"public override void Decode(byte[] blocks, int blocksOffset, int[] values, int valuesOffset, int iterations){for (int j = 0; j < iterations; ++j){values[valuesOffset++] = ((blocks[blocksOffset++] & 0xFF) << 8) | (blocks[blocksOffset++] & 0xFF);}}","public override void Decode(byte[] blocks, int blocksOffset, int[] values, int valuesOffset, int iterations){for (int j = 0; j < iterations; ++j){<MASKED>}}",values[valuesOffset++] = ((blocks[blocksOffset++] & 0xFF) << 8) | (blocks[blocksOffset++] & 0xFF);
1198,c#,expression_statement,"public virtual DeleteMessageBatchResponse DeleteMessageBatch(string queueUrl, List<DeleteMessageBatchRequestEntry> entries){var request = new DeleteMessageBatchRequest();request.QueueUrl = queueUrl;request.Entries = entries;return DeleteMessageBatch(request);}","public virtual DeleteMessageBatchResponse DeleteMessageBatch(string queueUrl, List<DeleteMessageBatchRequestEntry> entries){var request = new DeleteMessageBatchRequest();request.QueueUrl = queueUrl;<MASKED>return DeleteMessageBatch(request);}",request.Entries = entries;
1199,java,expression_statement,public ListWebsiteAuthorizationProvidersResult listWebsiteAuthorizationProviders(ListWebsiteAuthorizationProvidersRequest request) {request = beforeClientExecution(request);return executeListWebsiteAuthorizationProviders(request);},public ListWebsiteAuthorizationProvidersResult listWebsiteAuthorizationProviders(ListWebsiteAuthorizationProvidersRequest request) {<MASKED>return executeListWebsiteAuthorizationProviders(request);},request = beforeClientExecution(request);
1200,c#,expression_statement,"public virtual ListWebsiteAuthorizationProvidersResponse ListWebsiteAuthorizationProviders(ListWebsiteAuthorizationProvidersRequest request){var options = new InvokeOptions();options.RequestMarshaller = ListWebsiteAuthorizationProvidersRequestMarshaller.Instance;options.ResponseUnmarshaller = ListWebsiteAuthorizationProvidersResponseUnmarshaller.Instance;return Invoke<ListWebsiteAuthorizationProvidersResponse>(request, options);}","public virtual ListWebsiteAuthorizationProvidersResponse ListWebsiteAuthorizationProviders(ListWebsiteAuthorizationProvidersRequest request){var options = new InvokeOptions();options.RequestMarshaller = ListWebsiteAuthorizationProvidersRequestMarshaller.Instance;<MASKED>return Invoke<ListWebsiteAuthorizationProvidersResponse>(request, options);}",options.ResponseUnmarshaller = ListWebsiteAuthorizationProvidersResponseUnmarshaller.Instance;
1201,java,expression_statement,public CreateStreamingDistributionWithTagsResult createStreamingDistributionWithTags(CreateStreamingDistributionWithTagsRequest request) {request = beforeClientExecution(request);return executeCreateStreamingDistributionWithTags(request);},public CreateStreamingDistributionWithTagsResult createStreamingDistributionWithTags(CreateStreamingDistributionWithTagsRequest request) {<MASKED>return executeCreateStreamingDistributionWithTags(request);},request = beforeClientExecution(request);
1202,c#,expression_statement,"public virtual CreateStreamingDistributionWithTagsResponse CreateStreamingDistributionWithTags(CreateStreamingDistributionWithTagsRequest request){var options = new InvokeOptions();options.RequestMarshaller = CreateStreamingDistributionWithTagsRequestMarshaller.Instance;options.ResponseUnmarshaller = CreateStreamingDistributionWithTagsResponseUnmarshaller.Instance;return Invoke<CreateStreamingDistributionWithTagsResponse>(request, options);}","public virtual CreateStreamingDistributionWithTagsResponse CreateStreamingDistributionWithTags(CreateStreamingDistributionWithTagsRequest request){var options = new InvokeOptions();<MASKED>options.ResponseUnmarshaller = CreateStreamingDistributionWithTagsResponseUnmarshaller.Instance;return Invoke<CreateStreamingDistributionWithTagsResponse>(request, options);}",options.RequestMarshaller = CreateStreamingDistributionWithTagsRequestMarshaller.Instance;
1203,java,expression_statement,public PutVoiceConnectorLoggingConfigurationResult putVoiceConnectorLoggingConfiguration(PutVoiceConnectorLoggingConfigurationRequest request) {request = beforeClientExecution(request);return executePutVoiceConnectorLoggingConfiguration(request);},public PutVoiceConnectorLoggingConfigurationResult putVoiceConnectorLoggingConfiguration(PutVoiceConnectorLoggingConfigurationRequest request) {<MASKED>return executePutVoiceConnectorLoggingConfiguration(request);},request = beforeClientExecution(request);
1204,c#,expression_statement,"public virtual PutVoiceConnectorLoggingConfigurationResponse PutVoiceConnectorLoggingConfiguration(PutVoiceConnectorLoggingConfigurationRequest request){var options = new InvokeOptions();options.RequestMarshaller = PutVoiceConnectorLoggingConfigurationRequestMarshaller.Instance;options.ResponseUnmarshaller = PutVoiceConnectorLoggingConfigurationResponseUnmarshaller.Instance;return Invoke<PutVoiceConnectorLoggingConfigurationResponse>(request, options);}","public virtual PutVoiceConnectorLoggingConfigurationResponse PutVoiceConnectorLoggingConfiguration(PutVoiceConnectorLoggingConfigurationRequest request){var options = new InvokeOptions();options.RequestMarshaller = PutVoiceConnectorLoggingConfigurationRequestMarshaller.Instance;<MASKED>return Invoke<PutVoiceConnectorLoggingConfigurationResponse>(request, options);}",options.ResponseUnmarshaller = PutVoiceConnectorLoggingConfigurationResponseUnmarshaller.Instance;
1205,java,expression_statement,public void ReInit(QueryParserTokenManager tm) {token_source = tm;token = new Token();jj_ntk = -1;jj_gen = 0;for (int i = 0; i < 10; i++) jj_la1[i] = -1;for (int i = 0; i < jj_2_rtns.length; i++) jj_2_rtns[i] = new JJCalls();},public void ReInit(QueryParserTokenManager tm) {token_source = tm;token = new Token();jj_ntk = -1;<MASKED>for (int i = 0; i < 10; i++) jj_la1[i] = -1;for (int i = 0; i < jj_2_rtns.length; i++) jj_2_rtns[i] = new JJCalls();},jj_gen = 0;
1206,c#,expression_statement,public virtual void ReInit(QueryParserTokenManager tm){TokenSource = tm;Token = new Token();jj_ntk = -1;jj_gen = 0;for (int i = 0; i < 21; i++) jj_la1[i] = -1;for (int i = 0; i < jj_2_rtns.Length; i++) jj_2_rtns[i] = new JJCalls();},public virtual void ReInit(QueryParserTokenManager tm){<MASKED>Token = new Token();jj_ntk = -1;jj_gen = 0;for (int i = 0; i < 21; i++) jj_la1[i] = -1;for (int i = 0; i < jj_2_rtns.Length; i++) jj_2_rtns[i] = new JJCalls();},TokenSource = tm;
1207,java,expression_statement,public GlobalReplicationGroup increaseNodeGroupsInGlobalReplicationGroup(IncreaseNodeGroupsInGlobalReplicationGroupRequest request) {request = beforeClientExecution(request);return executeIncreaseNodeGroupsInGlobalReplicationGroup(request);},public GlobalReplicationGroup increaseNodeGroupsInGlobalReplicationGroup(IncreaseNodeGroupsInGlobalReplicationGroupRequest request) {<MASKED>return executeIncreaseNodeGroupsInGlobalReplicationGroup(request);},request = beforeClientExecution(request);
1208,c#,expression_statement,"public virtual IncreaseNodeGroupsInGlobalReplicationGroupResponse IncreaseNodeGroupsInGlobalReplicationGroup(IncreaseNodeGroupsInGlobalReplicationGroupRequest request){var options = new InvokeOptions();options.RequestMarshaller = IncreaseNodeGroupsInGlobalReplicationGroupRequestMarshaller.Instance;options.ResponseUnmarshaller = IncreaseNodeGroupsInGlobalReplicationGroupResponseUnmarshaller.Instance;return Invoke<IncreaseNodeGroupsInGlobalReplicationGroupResponse>(request, options);}","public virtual IncreaseNodeGroupsInGlobalReplicationGroupResponse IncreaseNodeGroupsInGlobalReplicationGroup(IncreaseNodeGroupsInGlobalReplicationGroupRequest request){var options = new InvokeOptions();options.RequestMarshaller = IncreaseNodeGroupsInGlobalReplicationGroupRequestMarshaller.Instance;<MASKED>return Invoke<IncreaseNodeGroupsInGlobalReplicationGroupResponse>(request, options);}",options.ResponseUnmarshaller = IncreaseNodeGroupsInGlobalReplicationGroupResponseUnmarshaller.Instance;
1209,java,string_literal,"public void setParams(String params) {this.params = params; fieldsToLoad = new HashSet<>();for (StringTokenizer tokenizer = new StringTokenizer(params, "",""); tokenizer.hasMoreTokens();) {String s = tokenizer.nextToken();fieldsToLoad.add(s);}}","public void setParams(String params) {this.params = params; fieldsToLoad = new HashSet<>();for (StringTokenizer tokenizer = new StringTokenizer(params, <MASKED>); tokenizer.hasMoreTokens();) {String s = tokenizer.nextToken();fieldsToLoad.add(s);}}",""","""
1210,c#,expression_statement,"public override void SetParams(string @params){this.m_params = @params; m_fieldsToLoad = new JCG.HashSet<string>();for (StringTokenizer tokenizer = new StringTokenizer(@params, "",""); tokenizer.MoveNext();){string s = tokenizer.Current;m_fieldsToLoad.Add(s);}}","public override void SetParams(string @params){<MASKED> m_fieldsToLoad = new JCG.HashSet<string>();for (StringTokenizer tokenizer = new StringTokenizer(@params, "",""); tokenizer.MoveNext();){string s = tokenizer.Current;m_fieldsToLoad.Add(s);}}",this.m_params = @params;
1211,java,expression_statement,"public void addClass(String chargroup) {if (chargroup.length() > 0) {char equivChar = chargroup.charAt(0);char[] key = new char[2];key[1] = 0;for (int i = 0; i < chargroup.length(); i++) {key[0] = chargroup.charAt(i);classmap.insert(key, 0, equivChar);}}}","public void addClass(String chargroup) {if (chargroup.length() > 0) {char equivChar = chargroup.charAt(0);char[] key = new char[2];<MASKED>for (int i = 0; i < chargroup.length(); i++) {key[0] = chargroup.charAt(i);classmap.insert(key, 0, equivChar);}}}",key[1] = 0;
1212,c#,expression_statement,"public virtual void AddClass(string chargroup){if (chargroup.Length > 0){char equivChar = chargroup[0];char[] key = new char[2];key[1] = (char)0;for (int i = 0; i < chargroup.Length; i++){key[0] = chargroup[i];m_classmap.Insert(key, 0, equivChar);}}}","public virtual void AddClass(string chargroup){if (chargroup.Length > 0){char equivChar = chargroup[0];char[] key = new char[2];key[1] = (char)0;for (int i = 0; i < chargroup.Length; i++){<MASKED>m_classmap.Insert(key, 0, equivChar);}}}",key[0] = chargroup[i];
1213,java,string_literal,"public String formatAsString() {switch (_cellType) {case NUMERIC:return String.valueOf(_numberValue);case STRING:return '""' + _textValue + '""';case BOOLEAN:return _booleanValue ? ""TRUE"" : ""FALSE"";case ERROR:return ErrorEval.getText(_errorCode);default:return ""<error unexpected cell type "" + _cellType + "">"";}}","public String formatAsString() {switch (_cellType) {case NUMERIC:return String.valueOf(_numberValue);case STRING:return '""' + _textValue + '""';case BOOLEAN:return _booleanValue ? <MASKED> : ""FALSE"";case ERROR:return ErrorEval.getText(_errorCode);default:return ""<error unexpected cell type "" + _cellType + "">"";}}","""TRUE"""
1214,c#,string_literal,"public String FormatAsString(){switch (_cellType){case CellType.Numeric:string result = _numberValue.ToString(CultureInfo.InvariantCulture);return result;case CellType.String:return '""' + _textValue + '""';case CellType.Boolean:return _boolValue ? ""TRUE"" : ""FALSE"";case CellType.Error:return ErrorEval.GetText(_errorCode);}return ""<error unexpected cell type "" + _cellType + "">"";}","public String FormatAsString(){switch (_cellType){case CellType.Numeric:string result = _numberValue.ToString(CultureInfo.InvariantCulture);return result;case CellType.String:return '""' + _textValue + '""';case CellType.Boolean:return _boolValue ? <MASKED> : ""FALSE"";case CellType.Error:return ErrorEval.GetText(_errorCode);}return ""<error unexpected cell type "" + _cellType + "">"";}","""TRUE"""
1215,java,expression_statement,"public HeaderBlock(InputStream stream) throws IOException {this(readFirst512(stream));if(bigBlockSize.getBigBlockSize() != 512) {int rest = bigBlockSize.getBigBlockSize() - 512;byte[] tmp = IOUtils.safelyAllocate(rest, MAX_RECORD_LENGTH);IOUtils.readFully(stream, tmp);}}","public HeaderBlock(InputStream stream) throws IOException {this<MASKED>if(bigBlockSize.getBigBlockSize() != 512) {int rest = bigBlockSize.getBigBlockSize() - 512;byte[] tmp = IOUtils.safelyAllocate(rest, MAX_RECORD_LENGTH);IOUtils.readFully(stream, tmp);}}",(readFirst512(stream));
1216,c#,expression_statement,"public HeaderBlock(Stream stream){try{stream.Position = 0;PrivateHeaderBlock(ReadFirst512(stream));if (bigBlockSize.GetBigBlockSize() != 512){int rest = bigBlockSize.GetBigBlockSize() - 512;byte[] temp = new byte[rest];IOUtils.ReadFully(stream, temp);}}catch(IOException ex){throw ex;}}","public HeaderBlock(Stream stream){try{stream.Position = 0;<MASKED>if (bigBlockSize.GetBigBlockSize() != 512){int rest = bigBlockSize.GetBigBlockSize() - 512;byte[] temp = new byte[rest];IOUtils.ReadFully(stream, temp);}}catch(IOException ex){throw ex;}}",PrivateHeaderBlock(ReadFirst512(stream));
1217,java,expression_statement,public SmallDocSet union(SmallDocSet other) {SmallDocSet bigger;SmallDocSet smaller;if (other.intSet.size() > this.intSet.size()) {bigger = other;smaller = this;} else {bigger = this;smaller = other;}for (int v : smaller.intSet.keys) {if (v == smaller.intSet.emptyVal)continue;bigger.set(v);}return bigger;},public SmallDocSet union(SmallDocSet other) {SmallDocSet bigger;SmallDocSet smaller;if (other.intSet.size() > this.intSet.size()) {bigger = other;<MASKED>} else {bigger = this;smaller = other;}for (int v : smaller.intSet.keys) {if (v == smaller.intSet.emptyVal)continue;bigger.set(v);}return bigger;},smaller = this;
1218,c#,expression_statement,public virtual SmallDocSet Union(SmallDocSet other){SmallDocSet bigger;SmallDocSet smaller;if (other.intSet.Count > this.intSet.Count){bigger = other;smaller = this;}else{bigger = this;smaller = other;}foreach (int v in smaller.intSet.Keys){if (v == smaller.intSet.EmptyVal){continue;}bigger.Set(v);}return bigger;},public virtual SmallDocSet Union(SmallDocSet other){SmallDocSet bigger;SmallDocSet smaller;if (other.intSet.Count > this.intSet.Count){bigger = other;<MASKED>}else{bigger = this;smaller = other;}foreach (int v in smaller.intSet.Keys){if (v == smaller.intSet.EmptyVal){continue;}bigger.Set(v);}return bigger;},smaller = this;
1219,java,expression_statement,public void setSensitiveInputCells(CellCacheEntry[] sensitiveInputCells) {if (sensitiveInputCells == null) {_sensitiveInputCells = null;changeConsumingCells(CellCacheEntry.EMPTY_ARRAY);} else {_sensitiveInputCells = sensitiveInputCells.clone();changeConsumingCells(_sensitiveInputCells);}},public void setSensitiveInputCells(CellCacheEntry[] sensitiveInputCells) {if (sensitiveInputCells == null) {_sensitiveInputCells = null;changeConsumingCells(CellCacheEntry.EMPTY_ARRAY);} else {<MASKED>changeConsumingCells(_sensitiveInputCells);}},_sensitiveInputCells = sensitiveInputCells.clone();
1220,c#,expression_statement,public void SetSensitiveInputCells(CellCacheEntry[] sensitiveInputCells){ChangeConsumingCells(sensitiveInputCells == null ? CellCacheEntry.EMPTY_ARRAY : sensitiveInputCells);_sensitiveInputCells = sensitiveInputCells;},public void SetSensitiveInputCells(CellCacheEntry[] sensitiveInputCells){ChangeConsumingCells(sensitiveInputCells == null ? CellCacheEntry.EMPTY_ARRAY : sensitiveInputCells);<MASKED>},_sensitiveInputCells = sensitiveInputCells;
1221,java,expression_statement,public static TreeFilter createFromStrings(String... paths) {if (paths.length == 0)throw new IllegalArgumentException(JGitText.get().atLeastOnePathIsRequired);final int length = paths.length;final PathFilter[] p = new PathFilter[length];for (int i = 0; i < length; i++)p[i] = PathFilter.create(paths[i]);return create(p);},public static TreeFilter createFromStrings(String... paths) {if (paths.length == 0)throw new IllegalArgumentException(JGitText.get().atLeastOnePathIsRequired);final int length = paths.length;final PathFilter[] p = new PathFilter[length];for (int i = 0; i < length; i++)<MASKED>return create(p);},p[i] = PathFilter.create(paths[i]);
1222,c#,expression_statement,public static TreeFilter CreateFromStrings(params string[] paths){if (paths.Length == 0){throw new ArgumentException(JGitText.Get().atLeastOnePathIsRequired);}int length = paths.Length;PathFilter[] p = new PathFilter[length];for (int i = 0; i < length; i++){p[i] = PathFilter.Create(paths[i]);}return Create(p);},public static TreeFilter CreateFromStrings(params string[] paths){if (paths.Length == 0){throw new ArgumentException(JGitText.Get().atLeastOnePathIsRequired);}int length = paths.Length;PathFilter[] p = new PathFilter[length];for (int i = 0; i < length; i++){<MASKED>}return Create(p);},p[i] = PathFilter.Create(paths[i]);
1223,java,expression_statement,public DisassociateWebsiteCertificateAuthorityResult disassociateWebsiteCertificateAuthority(DisassociateWebsiteCertificateAuthorityRequest request) {request = beforeClientExecution(request);return executeDisassociateWebsiteCertificateAuthority(request);},public DisassociateWebsiteCertificateAuthorityResult disassociateWebsiteCertificateAuthority(DisassociateWebsiteCertificateAuthorityRequest request) {<MASKED>return executeDisassociateWebsiteCertificateAuthority(request);},request = beforeClientExecution(request);
1224,c#,expression_statement,"public virtual DisassociateWebsiteCertificateAuthorityResponse DisassociateWebsiteCertificateAuthority(DisassociateWebsiteCertificateAuthorityRequest request){var options = new InvokeOptions();options.RequestMarshaller = DisassociateWebsiteCertificateAuthorityRequestMarshaller.Instance;options.ResponseUnmarshaller = DisassociateWebsiteCertificateAuthorityResponseUnmarshaller.Instance;return Invoke<DisassociateWebsiteCertificateAuthorityResponse>(request, options);}","public virtual DisassociateWebsiteCertificateAuthorityResponse DisassociateWebsiteCertificateAuthority(DisassociateWebsiteCertificateAuthorityRequest request){var options = new InvokeOptions();options.RequestMarshaller = DisassociateWebsiteCertificateAuthorityRequestMarshaller.Instance;<MASKED>return Invoke<DisassociateWebsiteCertificateAuthorityResponse>(request, options);}",options.ResponseUnmarshaller = DisassociateWebsiteCertificateAuthorityResponseUnmarshaller.Instance;
1225,java,expression_statement,"public static String toHex(final short[] value){StringBuilder retVal = new StringBuilder();retVal.append('[');for(int x = 0; x < value.length; x++){if (x>0) {retVal.append("", "");}retVal.append(toHex(value[x]));}retVal.append(']');return retVal.toString();}","public static String toHex(final short[] value){StringBuilder retVal = new StringBuilder();retVal.append('[');for(int x = 0; x < value.length; x++){if (x>0) {retVal.append("", "");}<MASKED>}retVal.append(']');return retVal.toString();}",retVal.append(toHex(value[x]));
1226,c#,expression_statement,"public static string ToHex(short[] value){StringBuilder buffer = new StringBuilder();buffer.Append('[');for (int i = 0; i < value.Length; i++){if (i > 0){buffer.Append("", "");}buffer.Append(ToHex(value[i]));}buffer.Append(']');return buffer.ToString();}",public static string ToHex(short[] value){StringBuilder buffer = new StringBuilder();buffer.Append('[');for (int i = 0; i < value.Length; i++){if (i > 0){<MASKED>}buffer.Append(ToHex(value[i]));}buffer.Append(']');return buffer.ToString();},"buffer.Append("", "");"
1227,java,expression_statement,public void freeBefore(int pos) {final int toFree = count - (nextPos - pos);assert toFree >= 0;assert toFree <= count;int index = nextWrite - count;if (index < 0) {index += positions.length;}for(int i=0;i<toFree;i++) {if (index == positions.length) {index = 0;}positions[index].reset();index++;}count -= toFree;},public void freeBefore(int pos) {final int toFree = count - (nextPos - pos);assert toFree >= 0;assert toFree <= count;int index = nextWrite - count;if (index < 0) {index += positions.length;}for(int i=0;i<toFree;i++) {if (index == positions.length) {<MASKED>}positions[index].reset();index++;}count -= toFree;},index = 0;
1228,c#,expression_statement,public void FreeBefore(int pos){int toFree = count - (nextPos - pos);Debug.Assert(toFree >= 0);Debug.Assert(toFree <= count);int index = nextWrite - count;if (index < 0){index += positions.Length;}for (int i = 0; i < toFree; i++){if (index == positions.Length){index = 0;}positions[index].Reset();index++;}count -= toFree;},public void FreeBefore(int pos){int toFree = count - (nextPos - pos);Debug.Assert(toFree >= 0);Debug.Assert(toFree <= count);int index = nextWrite - count;if (index < 0){index += positions.Length;}for (int i = 0; i < toFree; i++){if (index == positions.Length){<MASKED>}positions[index].Reset();index++;}count -= toFree;},index = 0;
1229,java,expression_statement,"public BatchRefUpdate setRefLogMessage(String msg, boolean appendStatus) {if (msg == null && !appendStatus)disableRefLog();else if (msg == null && appendStatus) {refLogMessage = """"; refLogIncludeResult = true;} else {refLogMessage = msg;refLogIncludeResult = appendStatus;}return this;}","public BatchRefUpdate setRefLogMessage(String msg, boolean appendStatus) {if (msg == null && !appendStatus)disableRefLog();else if (msg == null && appendStatus) {refLogMessage = """"; refLogIncludeResult = true;} else {<MASKED>refLogIncludeResult = appendStatus;}return this;}",refLogMessage = msg;
1230,c#,expression_statement,"public virtual NGit.BatchRefUpdate SetRefLogMessage(string msg, bool appendStatus){if (msg == null && !appendStatus){DisableRefLog();}else{if (msg == null && appendStatus){refLogMessage = string.Empty;refLogIncludeResult = true;}else{refLogMessage = msg;refLogIncludeResult = appendStatus;}}return this;}","public virtual NGit.BatchRefUpdate SetRefLogMessage(string msg, bool appendStatus){if (msg == null && !appendStatus){DisableRefLog();}else{if (msg == null && appendStatus){<MASKED>refLogIncludeResult = true;}else{refLogMessage = msg;refLogIncludeResult = appendStatus;}}return this;}",refLogMessage = string.Empty;
1231,java,expression_statement,public MergeCellsRecord(RecordInputStream in) {int nRegions = in.readUShort();CellRangeAddress[] cras = new CellRangeAddress[nRegions];for (int i = 0; i < nRegions; i++) {cras[i] = new CellRangeAddress(in);}_numberOfRegions = nRegions;_startIndex = 0;_regions = cras;},public MergeCellsRecord(RecordInputStream in) {int nRegions = in.readUShort();CellRangeAddress[] cras = new CellRangeAddress[nRegions];for (int i = 0; i < nRegions; i++) {cras[i] = new CellRangeAddress(in);}_numberOfRegions = nRegions;<MASKED>_regions = cras;},_startIndex = 0;
1232,c#,expression_statement,public MergeCellsRecord(RecordInputStream in1){int nRegions = in1.ReadUShort();CellRangeAddress[] cras = new CellRangeAddress[nRegions];for (int i = 0; i < nRegions; i++){cras[i] = new CellRangeAddress(in1);}_numberOfRegions = nRegions;_startIndex = 0;_regions = cras;},public MergeCellsRecord(RecordInputStream in1){int nRegions = in1.ReadUShort();CellRangeAddress[] cras = new CellRangeAddress[nRegions];for (int i = 0; i < nRegions; i++){<MASKED>}_numberOfRegions = nRegions;_startIndex = 0;_regions = cras;},cras[i] = new CellRangeAddress(in1);
1233,java,expression_statement,"public static Ptg createPtg(LittleEndianInput in) {byte id = in.readByte();if (id < 0x20) {return createBasePtg(id, in);}Ptg  retval = createClassifiedPtg(id, in);if (id >= 0x60) {retval.setClass(CLASS_ARRAY);} else if (id >= 0x40) {retval.setClass(CLASS_VALUE);} else {retval.setClass(CLASS_REF);}return retval;}","public static Ptg createPtg(LittleEndianInput in) {byte id = in.readByte();if (id < 0x20) {return createBasePtg(id, in);}Ptg  retval = createClassifiedPtg(id, in);if (id >= 0x60) {retval.setClass(CLASS_ARRAY);} else if (id >= 0x40) {<MASKED>} else {retval.setClass(CLASS_REF);}return retval;}",retval.setClass(CLASS_VALUE);
1234,c#,expression_statement,"public static Ptg CreatePtg(ILittleEndianInput in1){byte id = (byte)in1.ReadByte();if (id < 0x20){return CreateBasePtg(id, in1);}Ptg retval = CreateClassifiedPtg(id, in1);if (id >= 0x60){retval.PtgClass = CLASS_ARRAY;}else if (id >= 0x40){retval.PtgClass = CLASS_VALUE;}else{retval.PtgClass = CLASS_REF;}return retval;}","public static Ptg CreatePtg(ILittleEndianInput in1){byte id = (byte)in1.ReadByte();if (id < 0x20){return CreateBasePtg(id, in1);}Ptg retval = CreateClassifiedPtg(id, in1);if (id >= 0x60){retval.PtgClass = CLASS_ARRAY;}else if (id >= 0x40){retval.PtgClass = CLASS_VALUE;}else{<MASKED>}return retval;}",retval.PtgClass = CLASS_REF;
1235,java,expression_statement,public AddApplicationInputProcessingConfigurationResult addApplicationInputProcessingConfiguration(AddApplicationInputProcessingConfigurationRequest request) {request = beforeClientExecution(request);return executeAddApplicationInputProcessingConfiguration(request);},public AddApplicationInputProcessingConfigurationResult addApplicationInputProcessingConfiguration(AddApplicationInputProcessingConfigurationRequest request) {<MASKED>return executeAddApplicationInputProcessingConfiguration(request);},request = beforeClientExecution(request);
1236,c#,expression_statement,"public virtual AddApplicationInputProcessingConfigurationResponse AddApplicationInputProcessingConfiguration(AddApplicationInputProcessingConfigurationRequest request){var options = new InvokeOptions();options.RequestMarshaller = AddApplicationInputProcessingConfigurationRequestMarshaller.Instance;options.ResponseUnmarshaller = AddApplicationInputProcessingConfigurationResponseUnmarshaller.Instance;return Invoke<AddApplicationInputProcessingConfigurationResponse>(request, options);}","public virtual AddApplicationInputProcessingConfigurationResponse AddApplicationInputProcessingConfiguration(AddApplicationInputProcessingConfigurationRequest request){var options = new InvokeOptions();options.RequestMarshaller = AddApplicationInputProcessingConfigurationRequestMarshaller.Instance;<MASKED>return Invoke<AddApplicationInputProcessingConfigurationResponse>(request, options);}",options.ResponseUnmarshaller = AddApplicationInputProcessingConfigurationResponseUnmarshaller.Instance;
1237,java,expression_statement,public static String[] tokenize( String format ) {List<String> result = new ArrayList<>();DateFormatTokenizer tokenizer = new DateFormatTokenizer(format);String token;while( ( token = tokenizer.getNextToken() ) != null ) {result.add(token);}return result.toArray(new String[0]);},public static String[] tokenize( String format ) {List<String> result = new ArrayList<>();DateFormatTokenizer tokenizer = new DateFormatTokenizer(format);String token;while( ( token = tokenizer.getNextToken() ) != null ) {<MASKED>}return result.toArray(new String[0]);},result.add(token);
1238,c#,expression_statement,public static string[] Tokenize(string format){List<string> result = new List<string>();DateFormatTokenizer tokenizer = new DateFormatTokenizer(format);string token;while ((token = tokenizer.GetNextToken()) != null){result.Add(token);}return result.ToArray();},public static string[] Tokenize(string format){List<string> result = new List<string>();DateFormatTokenizer tokenizer = new DateFormatTokenizer(format);string token;while ((token = tokenizer.GetNextToken()) != null){<MASKED>}return result.ToArray();},result.Add(token);
1239,java,expression_statement,"public NoteMapMerger(Repository db, NoteMerger noteMerger,MergeStrategy nonNotesMergeStrategy) {this.db = db;this.reader = db.newObjectReader();this.inserter = db.newObjectInserter();this.noteMerger = noteMerger;this.nonNotesMergeStrategy = nonNotesMergeStrategy;this.objectIdPrefix = new MutableObjectId();}","public NoteMapMerger(Repository db, NoteMerger noteMerger,MergeStrategy nonNotesMergeStrategy) {<MASKED>this.reader = db.newObjectReader();this.inserter = db.newObjectInserter();this.noteMerger = noteMerger;this.nonNotesMergeStrategy = nonNotesMergeStrategy;this.objectIdPrefix = new MutableObjectId();}",this.db = db;
1240,c#,expression_statement,"public NoteMapMerger(Repository db, NoteMerger noteMerger, MergeStrategy nonNotesMergeStrategy){this.db = db;this.reader = db.NewObjectReader();this.inserter = db.NewObjectInserter();this.noteMerger = noteMerger;this.nonNotesMergeStrategy = nonNotesMergeStrategy;this.objectIdPrefix = new MutableObjectId();}","public NoteMapMerger(Repository db, NoteMerger noteMerger, MergeStrategy nonNotesMergeStrategy){this.db = db;this.reader = db.NewObjectReader();<MASKED>this.noteMerger = noteMerger;this.nonNotesMergeStrategy = nonNotesMergeStrategy;this.objectIdPrefix = new MutableObjectId();}",this.inserter = db.NewObjectInserter();
1241,java,expression_statement,public ListTrainingJobsForHyperParameterTuningJobResult listTrainingJobsForHyperParameterTuningJob(ListTrainingJobsForHyperParameterTuningJobRequest request) {request = beforeClientExecution(request);return executeListTrainingJobsForHyperParameterTuningJob(request);},public ListTrainingJobsForHyperParameterTuningJobResult listTrainingJobsForHyperParameterTuningJob(ListTrainingJobsForHyperParameterTuningJobRequest request) {<MASKED>return executeListTrainingJobsForHyperParameterTuningJob(request);},request = beforeClientExecution(request);
1242,c#,expression_statement,"public virtual ListTrainingJobsForHyperParameterTuningJobResponse ListTrainingJobsForHyperParameterTuningJob(ListTrainingJobsForHyperParameterTuningJobRequest request){var options = new InvokeOptions();options.RequestMarshaller = ListTrainingJobsForHyperParameterTuningJobRequestMarshaller.Instance;options.ResponseUnmarshaller = ListTrainingJobsForHyperParameterTuningJobResponseUnmarshaller.Instance;return Invoke<ListTrainingJobsForHyperParameterTuningJobResponse>(request, options);}","public virtual ListTrainingJobsForHyperParameterTuningJobResponse ListTrainingJobsForHyperParameterTuningJob(ListTrainingJobsForHyperParameterTuningJobRequest request){var options = new InvokeOptions();options.RequestMarshaller = ListTrainingJobsForHyperParameterTuningJobRequestMarshaller.Instance;<MASKED>return Invoke<ListTrainingJobsForHyperParameterTuningJobResponse>(request, options);}",options.ResponseUnmarshaller = ListTrainingJobsForHyperParameterTuningJobResponseUnmarshaller.Instance;
1243,java,expression_statement,public DescribeLocalGatewayVirtualInterfaceGroupsResult describeLocalGatewayVirtualInterfaceGroups(DescribeLocalGatewayVirtualInterfaceGroupsRequest request) {request = beforeClientExecution(request);return executeDescribeLocalGatewayVirtualInterfaceGroups(request);},public DescribeLocalGatewayVirtualInterfaceGroupsResult describeLocalGatewayVirtualInterfaceGroups(DescribeLocalGatewayVirtualInterfaceGroupsRequest request) {<MASKED>return executeDescribeLocalGatewayVirtualInterfaceGroups(request);},request = beforeClientExecution(request);
1244,c#,expression_statement,"public virtual DescribeLocalGatewayVirtualInterfaceGroupsResponse DescribeLocalGatewayVirtualInterfaceGroups(DescribeLocalGatewayVirtualInterfaceGroupsRequest request){var options = new InvokeOptions();options.RequestMarshaller = DescribeLocalGatewayVirtualInterfaceGroupsRequestMarshaller.Instance;options.ResponseUnmarshaller = DescribeLocalGatewayVirtualInterfaceGroupsResponseUnmarshaller.Instance;return Invoke<DescribeLocalGatewayVirtualInterfaceGroupsResponse>(request, options);}","public virtual DescribeLocalGatewayVirtualInterfaceGroupsResponse DescribeLocalGatewayVirtualInterfaceGroups(DescribeLocalGatewayVirtualInterfaceGroupsRequest request){var options = new InvokeOptions();options.RequestMarshaller = DescribeLocalGatewayVirtualInterfaceGroupsRequestMarshaller.Instance;<MASKED>return Invoke<DescribeLocalGatewayVirtualInterfaceGroupsResponse>(request, options);}",options.ResponseUnmarshaller = DescribeLocalGatewayVirtualInterfaceGroupsResponseUnmarshaller.Instance;
1245,java,expression_statement,"public void add(int index, T element) {if (index == size) {add(element);} else if (index < 0 || size < index) {throw new IndexOutOfBoundsException(String.valueOf(index));} else {add(null); for (int oldIdx = size - 2; index <= oldIdx; oldIdx--)set(oldIdx + 1, get(oldIdx));set(index, element);}}","public void add(int index, T element) {if (index == size) {<MASKED>} else if (index < 0 || size < index) {throw new IndexOutOfBoundsException(String.valueOf(index));} else {add(null); for (int oldIdx = size - 2; index <= oldIdx; oldIdx--)set(oldIdx + 1, get(oldIdx));set(index, element);}}",add(element);
1246,c#,expression_statement,"public override void Add(int index, T element){if (index == size){AddItem(element);}else{if (index < 0 || size < index){throw new IndexOutOfRangeException(index.ToString());}else{AddItem(default(T));for (int oldIdx = size - 2; index <= oldIdx; oldIdx--){Set(oldIdx + 1, this[oldIdx]);}Set(index, element);}}}","public override void Add(int index, T element){if (index == size){AddItem(element);}else{if (index < 0 || size < index){throw new IndexOutOfRangeException(index.ToString());}else{AddItem(default(T));for (int oldIdx = size - 2; index <= oldIdx; oldIdx--){Set(oldIdx + 1, this[oldIdx]);}<MASKED>}}}","Set(index, element);"
1247,java,expression_statement,"public final ValueEval evaluate(ValueEval[] args, int srcCellRow, int srcCellCol) {double result;try {result = eval(args, srcCellRow, srcCellCol);checkValue(result);} catch (EvaluationException e) {return e.getErrorEval();}return new NumberEval(result);}","public final ValueEval evaluate(ValueEval[] args, int srcCellRow, int srcCellCol) {double result;try {<MASKED>checkValue(result);} catch (EvaluationException e) {return e.getErrorEval();}return new NumberEval(result);}","result = eval(args, srcCellRow, srcCellCol);"
1248,c#,expression_statement,"public ValueEval Evaluate(ValueEval[] args, int srcCellRow, int srcCellCol){double result;try{result = Eval(args, srcCellRow, srcCellCol);CheckValue(result);}catch (EvaluationException e){return e.GetErrorEval();}return new NumberEval(result);}","public ValueEval Evaluate(ValueEval[] args, int srcCellRow, int srcCellCol){double result;try{result = Eval(args, srcCellRow, srcCellCol);<MASKED>}catch (EvaluationException e){return e.GetErrorEval();}return new NumberEval(result);}",CheckValue(result);
1249,java,expression_statement,"public void encode(int[] values, int valuesOffset, byte[] blocks,int blocksOffset, int iterations) {for (int i = 0; i < iterations; ++i) {final long block = encode(values, valuesOffset);valuesOffset += valueCount;blocksOffset = writeLong(block, blocks, blocksOffset);}}","public void encode(int[] values, int valuesOffset, byte[] blocks,int blocksOffset, int iterations) {for (int i = 0; i < iterations; ++i) {final long block = encode(values, valuesOffset);<MASKED>blocksOffset = writeLong(block, blocks, blocksOffset);}}",valuesOffset += valueCount;
1250,c#,expression_statement,"public override void Encode(int[] values, int valuesOffset, byte[] blocks, int blocksOffset, int iterations){for (int i = 0; i < iterations; ++i){long block = Encode(values, valuesOffset);valuesOffset += valueCount;blocksOffset = WriteInt64(block, blocks, blocksOffset);}}","public override void Encode(int[] values, int valuesOffset, byte[] blocks, int blocksOffset, int iterations){for (int i = 0; i < iterations; ++i){long block = Encode(values, valuesOffset);valuesOffset += valueCount;<MASKED>}}","blocksOffset = WriteInt64(block, blocks, blocksOffset);"
1251,java,expression_statement,"@Override public void add(int index, E object) {synchronized (CopyOnWriteArrayList.this) {slice.checkPositionIndex(index);slice.checkConcurrentModification(elements);CopyOnWriteArrayList.this.add(index + slice.from, object);slice = new Slice(elements, slice.from, slice.to + 1);}}","@Override public void add(int index, E object) {synchronized (CopyOnWriteArrayList.this) {slice.checkPositionIndex(index);slice.checkConcurrentModification(elements);<MASKED>slice = new Slice(elements, slice.from, slice.to + 1);}}","CopyOnWriteArrayList.this.add(index + slice.from, object);"
1252,c#,expression_statement,"public virtual void add(int index, E e){lock (this){object[] newElements = new object[elements.Length + 1];System.Array.Copy(elements, 0, newElements, 0, index);newElements[index] = e;System.Array.Copy(elements, index, newElements, index + 1, elements.Length - index);elements = newElements;}}","public virtual void add(int index, E e){lock (this){object[] newElements = new object[elements.Length + 1];<MASKED>newElements[index] = e;System.Array.Copy(elements, index, newElements, index + 1, elements.Length - index);elements = newElements;}}","System.Array.Copy(elements, 0, newElements, 0, index);"
1253,java,expression_statement,"public LimitTokenCountFilter(TokenStream in, int maxTokenCount, boolean consumeAllTokens) {super(in);if (maxTokenCount < 1) {throw new IllegalArgumentException(""maxTokenCount must be greater than zero"");}this.maxTokenCount = maxTokenCount;this.consumeAllTokens = consumeAllTokens;}","public LimitTokenCountFilter(TokenStream in, int maxTokenCount, boolean consumeAllTokens) {super(in);if (maxTokenCount < 1) {throw new IllegalArgumentException(""maxTokenCount must be greater than zero"");}this.maxTokenCount = maxTokenCount;<MASKED>}",this.consumeAllTokens = consumeAllTokens;
1254,c#,string_literal,"public LimitTokenCountFilter(TokenStream @in, int maxTokenCount, bool consumeAllTokens): base(@in){if (maxTokenCount < 1){throw new System.ArgumentOutOfRangeException(""maxTokenCount must be greater than zero"");}this.maxTokenCount = maxTokenCount;this.consumeAllTokens = consumeAllTokens;}","public LimitTokenCountFilter(TokenStream @in, int maxTokenCount, bool consumeAllTokens): base(@in){if (maxTokenCount < 1){throw new System.ArgumentOutOfRangeException(<MASKED>);}this.maxTokenCount = maxTokenCount;this.consumeAllTokens = consumeAllTokens;}","""maxTokenCount must be greater than zero"""
1255,java,expression_statement,"public static Cell createCell(Row row, int column, String value, CellStyle style) {Cell cell = getCell(row, column);cell.setCellValue(cell.getRow().getSheet().getWorkbook().getCreationHelper().createRichTextString(value));if (style != null) {cell.setCellStyle(style);}return cell;}","public static Cell createCell(Row row, int column, String value, CellStyle style) {Cell cell = getCell(row, column);<MASKED>if (style != null) {cell.setCellStyle(style);}return cell;}",cell.setCellValue(cell.getRow().getSheet().getWorkbook().getCreationHelper().createRichTextString(value));
1256,c#,expression_statement,"public static ICell CreateCell(IRow row, int column, String value, HSSFCellStyle style){ICell cell = GetCell(row, column);cell.SetCellValue(new HSSFRichTextString(value));if (style != null){cell.CellStyle = (style);}return cell;}","public static ICell CreateCell(IRow row, int column, String value, HSSFCellStyle style){ICell cell = GetCell(row, column);cell.SetCellValue(new HSSFRichTextString(value));if (style != null){<MASKED>}return cell;}",cell.CellStyle = (style);
1257,java,expression_statement,"public CommonToken(Pair<TokenSource, CharStream> source, int type, int channel, int start, int stop) {this.source = source;this.type = type;this.channel = channel;this.start = start;this.stop = stop;if (source.a != null) {this.line = source.a.getLine();this.charPositionInLine = source.a.getCharPositionInLine();}}","public CommonToken(Pair<TokenSource, CharStream> source, int type, int channel, int start, int stop) {this.source = source;this.type = type;this.channel = channel;this.start = start;<MASKED>if (source.a != null) {this.line = source.a.getLine();this.charPositionInLine = source.a.getCharPositionInLine();}}",this.stop = stop;
1258,c#,expression_statement,"public CommonToken(Tuple<ITokenSource, ICharStream> source, int type, int channel, int start, int stop){this.source = source;this._type = type;this._channel = channel;this.start = start;this.stop = stop;if (source.Item1 != null){this._line = source.Item1.Line;this.charPositionInLine = source.Item1.Column;}}","public CommonToken(Tuple<ITokenSource, ICharStream> source, int type, int channel, int start, int stop){this.source = source;this._type = type;this._channel = channel;<MASKED>this.stop = stop;if (source.Item1 != null){this._line = source.Item1.Line;this.charPositionInLine = source.Item1.Column;}}",this.start = start;
1259,java,expression_statement,public LineFormatRecord(RecordInputStream in) {field_1_lineColor          = in.readInt();field_2_linePattern        = in.readShort();field_3_weight             = in.readShort();field_4_format             = in.readShort();field_5_colourPaletteIndex = in.readShort();},public LineFormatRecord(RecordInputStream in) {field_1_lineColor          = in.readInt();field_2_linePattern        = in.readShort();field_3_weight             = in.readShort();field_4_format             = in.readShort();<MASKED>},field_5_colourPaletteIndex = in.readShort();
1260,c#,expression_statement,public LineFormatRecord(RecordInputStream in1){field_1_lineColor = in1.ReadInt();field_2_linePattern = in1.ReadShort();field_3_weight = in1.ReadShort();field_4_format = in1.ReadShort();field_5_colourPaletteIndex = in1.ReadShort();},public LineFormatRecord(RecordInputStream in1){<MASKED>field_2_linePattern = in1.ReadShort();field_3_weight = in1.ReadShort();field_4_format = in1.ReadShort();field_5_colourPaletteIndex = in1.ReadShort();},field_1_lineColor = in1.ReadInt();
1261,java,expression_statement,"public void decode(byte[] blocks, int blocksOffset, int[] values, int valuesOffset, int iterations) {for (int j = 0; j < iterations; ++j) {final byte block = blocks[blocksOffset++];values[valuesOffset++] = (block >>> 4) & 15;values[valuesOffset++] = block & 15;}}","public void decode(byte[] blocks, int blocksOffset, int[] values, int valuesOffset, int iterations) {for (int j = 0; j < iterations; ++j) {final byte block = blocks[blocksOffset++];values[valuesOffset++] = (block >>> 4) & 15;<MASKED>}}",values[valuesOffset++] = block & 15;
1262,c#,expression_statement,"public override void Decode(byte[] blocks, int blocksOffset, int[] values, int valuesOffset, int iterations){for (int j = 0; j < iterations; ++j){var block = blocks[blocksOffset++];values[valuesOffset++] = ((int)((uint)block >> 4)) & 15;values[valuesOffset++] = block & 15;}}","public override void Decode(byte[] blocks, int blocksOffset, int[] values, int valuesOffset, int iterations){for (int j = 0; j < iterations; ++j){var block = blocks[blocksOffset++];values[valuesOffset++] = ((int)((uint)block >> 4)) & 15;<MASKED>}}",values[valuesOffset++] = block & 15;
1263,java,expression_statement,public DescribeLocalGatewayRouteTableVpcAssociationsResult describeLocalGatewayRouteTableVpcAssociations(DescribeLocalGatewayRouteTableVpcAssociationsRequest request) {request = beforeClientExecution(request);return executeDescribeLocalGatewayRouteTableVpcAssociations(request);},public DescribeLocalGatewayRouteTableVpcAssociationsResult describeLocalGatewayRouteTableVpcAssociations(DescribeLocalGatewayRouteTableVpcAssociationsRequest request) {<MASKED>return executeDescribeLocalGatewayRouteTableVpcAssociations(request);},request = beforeClientExecution(request);
1264,c#,expression_statement,"public virtual DescribeLocalGatewayRouteTableVpcAssociationsResponse DescribeLocalGatewayRouteTableVpcAssociations(DescribeLocalGatewayRouteTableVpcAssociationsRequest request){var options = new InvokeOptions();options.RequestMarshaller = DescribeLocalGatewayRouteTableVpcAssociationsRequestMarshaller.Instance;options.ResponseUnmarshaller = DescribeLocalGatewayRouteTableVpcAssociationsResponseUnmarshaller.Instance;return Invoke<DescribeLocalGatewayRouteTableVpcAssociationsResponse>(request, options);}","public virtual DescribeLocalGatewayRouteTableVpcAssociationsResponse DescribeLocalGatewayRouteTableVpcAssociations(DescribeLocalGatewayRouteTableVpcAssociationsRequest request){var options = new InvokeOptions();<MASKED>options.ResponseUnmarshaller = DescribeLocalGatewayRouteTableVpcAssociationsResponseUnmarshaller.Instance;return Invoke<DescribeLocalGatewayRouteTableVpcAssociationsResponse>(request, options);}",options.RequestMarshaller = DescribeLocalGatewayRouteTableVpcAssociationsRequestMarshaller.Instance;
1265,java,expression_statement,"public MergeInfo(int totalMaxDoc, long estimatedMergeBytes, boolean isExternal, int mergeMaxNumSegments) {this.totalMaxDoc = totalMaxDoc;this.estimatedMergeBytes = estimatedMergeBytes;this.isExternal = isExternal;this.mergeMaxNumSegments = mergeMaxNumSegments;}","public MergeInfo(int totalMaxDoc, long estimatedMergeBytes, boolean isExternal, int mergeMaxNumSegments) {this.totalMaxDoc = totalMaxDoc;this.estimatedMergeBytes = estimatedMergeBytes;<MASKED>this.mergeMaxNumSegments = mergeMaxNumSegments;}",this.isExternal = isExternal;
1266,c#,expression_statement,"public MergeInfo(int totalDocCount, long estimatedMergeBytes, bool isExternal, int mergeMaxNumSegments){this.TotalDocCount = totalDocCount;this.EstimatedMergeBytes = estimatedMergeBytes;this.IsExternal = isExternal;this.MergeMaxNumSegments = mergeMaxNumSegments;}","public MergeInfo(int totalDocCount, long estimatedMergeBytes, bool isExternal, int mergeMaxNumSegments){this.TotalDocCount = totalDocCount;<MASKED>this.IsExternal = isExternal;this.MergeMaxNumSegments = mergeMaxNumSegments;}",this.EstimatedMergeBytes = estimatedMergeBytes;
1267,java,expression_statement,"public List<PackedObjectInfo> getSortedObjectList(Comparator<PackedObjectInfo> cmp) {Arrays.sort(entries, 0, entryCount, cmp);List<PackedObjectInfo> list = Arrays.asList(entries);if (entryCount < entries.length)list = list.subList(0, entryCount);return list;}","public List<PackedObjectInfo> getSortedObjectList(Comparator<PackedObjectInfo> cmp) {<MASKED>List<PackedObjectInfo> list = Arrays.asList(entries);if (entryCount < entries.length)list = list.subList(0, entryCount);return list;}","Arrays.sort(entries, 0, entryCount, cmp);"
1268,c#,expression_statement,"public virtual IList<PackedObjectInfo> GetSortedObjectList(IComparer<PackedObjectInfo> cmp){Arrays.Sort(entries, 0, entryCount, cmp);IList<PackedObjectInfo> list = Arrays.AsList(entries);if (entryCount < entries.Length){list = list.SubList(0, entryCount);}return list;}","public virtual IList<PackedObjectInfo> GetSortedObjectList(IComparer<PackedObjectInfo> cmp){<MASKED>IList<PackedObjectInfo> list = Arrays.AsList(entries);if (entryCount < entries.Length){list = list.SubList(0, entryCount);}return list;}","Arrays.Sort(entries, 0, entryCount, cmp);"
1269,java,expression_statement,"public GrowableWriter(int startBitsPerValue, int valueCount, float acceptableOverheadRatio) {this.acceptableOverheadRatio = acceptableOverheadRatio;current = PackedInts.getMutable(valueCount, startBitsPerValue, this.acceptableOverheadRatio);currentMask = mask(current.getBitsPerValue());}","public GrowableWriter(int startBitsPerValue, int valueCount, float acceptableOverheadRatio) {this.acceptableOverheadRatio = acceptableOverheadRatio;current = PackedInts.getMutable(valueCount, startBitsPerValue, this.acceptableOverheadRatio);<MASKED>}",currentMask = mask(current.getBitsPerValue());
1270,c#,expression_statement,"public GrowableWriter(int startBitsPerValue, int valueCount, float acceptableOverheadRatio){this.acceptableOverheadRatio = acceptableOverheadRatio;current = PackedInt32s.GetMutable(valueCount, startBitsPerValue, this.acceptableOverheadRatio);currentMask = Mask(current.BitsPerValue);}","public GrowableWriter(int startBitsPerValue, int valueCount, float acceptableOverheadRatio){this.acceptableOverheadRatio = acceptableOverheadRatio;current = PackedInt32s.GetMutable(valueCount, startBitsPerValue, this.acceptableOverheadRatio);<MASKED>}",currentMask = Mask(current.BitsPerValue);
1271,java,expression_statement,"public LimitTokenCountFilterFactory(Map<String, String> args) {super(args);maxTokenCount = requireInt(args, MAX_TOKEN_COUNT_KEY);consumeAllTokens = getBoolean(args, CONSUME_ALL_TOKENS_KEY, false);if (!args.isEmpty()) {throw new IllegalArgumentException(""Unknown parameters: "" + args);}}","public LimitTokenCountFilterFactory(Map<String, String> args) {super(args);<MASKED>consumeAllTokens = getBoolean(args, CONSUME_ALL_TOKENS_KEY, false);if (!args.isEmpty()) {throw new IllegalArgumentException(""Unknown parameters: "" + args);}}","maxTokenCount = requireInt(args, MAX_TOKEN_COUNT_KEY);"
1272,c#,string_literal,"public LimitTokenCountFilterFactory(IDictionary<string, string> args): base(args){maxTokenCount = RequireInt32(args, MAX_TOKEN_COUNT_KEY);consumeAllTokens = GetBoolean(args, CONSUME_ALL_TOKENS_KEY, false);if (args.Count > 0){throw new System.ArgumentException(""Unknown parameters: "" + args);}}","public LimitTokenCountFilterFactory(IDictionary<string, string> args): base(args){maxTokenCount = RequireInt32(args, MAX_TOKEN_COUNT_KEY);consumeAllTokens = GetBoolean(args, CONSUME_ALL_TOKENS_KEY, false);if (args.Count > 0){throw new System.ArgumentException(<MASKED> + args);}}","""Unknown parameters: """
1273,java,string_literal,"public String toString() {StringBuilder buffer = new StringBuilder(""[Data Table - Parent cell is an interior cell in a data table]\n"");buffer.append(""top left row = "").append(getRow()).append(""\n"");buffer.append(""top left col = "").append(getColumn()).append(""\n"");return buffer.toString();}","public String toString() {StringBuilder buffer = new StringBuilder(""[Data Table - Parent cell is an interior cell in a data table]\n"");buffer.append(<MASKED>).append(getRow()).append(""\n"");buffer.append(""top left col = "").append(getColumn()).append(""\n"");return buffer.toString();}","""top left row = """
1274,c#,string_literal,"public override String ToString(){StringBuilder buffer = new StringBuilder(""[Data Table - Parent cell is an interior cell in a data table]\n"");buffer.Append(""top left row = "").Append(Row).Append(""\n"");buffer.Append(""top left col = "").Append(Column).Append(""\n"");return buffer.ToString();}","public override String ToString(){StringBuilder buffer = new StringBuilder(""[Data Table - Parent cell is an interior cell in a data table]\n"");buffer.Append(""top left row = "").Append(Row).Append(""\n"");buffer.Append(<MASKED>).Append(Column).Append(""\n"");return buffer.ToString();}","""top left col = """
1275,java,expression_statement,"public void setRepetitions(int repetitions) throws Exception {fixedTime = false;this.repetitions = repetitions;if (repetitions==REPEAT_EXHAUST) {if (isParallel()) {throw new Exception(""REPEAT_EXHAUST is not allowed for parallel tasks"");}}setSequenceName();}","public void setRepetitions(int repetitions) throws Exception {fixedTime = false;<MASKED>if (repetitions==REPEAT_EXHAUST) {if (isParallel()) {throw new Exception(""REPEAT_EXHAUST is not allowed for parallel tasks"");}}setSequenceName();}",this.repetitions = repetitions;
1276,c#,expression_statement,"public virtual void SetRepetitions(int repetitions){fixedTime = false;this.repetitions = repetitions;if (repetitions == REPEAT_EXHAUST){if (IsParallel){throw new Exception(""REPEAT_EXHAUST is not allowed for parallel tasks"");}}SetSequenceName();}","public virtual void SetRepetitions(int repetitions){fixedTime = false;<MASKED>if (repetitions == REPEAT_EXHAUST){if (IsParallel){throw new Exception(""REPEAT_EXHAUST is not allowed for parallel tasks"");}}SetSequenceName();}",this.repetitions = repetitions;
1277,java,expression_statement,public TableRecord(RecordInputStream in) {super(in);field_5_flags        = in.readByte();field_6_res          = in.readByte();field_7_rowInputRow  = in.readShort();field_8_colInputRow  = in.readShort();field_9_rowInputCol  = in.readShort();field_10_colInputCol = in.readShort();},public TableRecord(RecordInputStream in) {super<MASKED>field_5_flags        = in.readByte();field_6_res          = in.readByte();field_7_rowInputRow  = in.readShort();field_8_colInputRow  = in.readShort();field_9_rowInputCol  = in.readShort();field_10_colInputCol = in.readShort();},(in);
1278,c#,expression_statement,public TableRecord(RecordInputStream in1): base(in1){field_5_flags = in1.ReadByte();field_6_res = in1.ReadByte();field_7_rowInputRow = in1.ReadShort();field_8_colInputRow = in1.ReadShort();field_9_rowInputCol = in1.ReadShort();field_10_colInputCol = in1.ReadShort();},public TableRecord(RecordInputStream in1): base(in1){field_5_flags = in1.ReadByte();field_6_res = in1.ReadByte();<MASKED>field_8_colInputRow = in1.ReadShort();field_9_rowInputCol = in1.ReadShort();field_10_colInputCol = in1.ReadShort();},field_7_rowInputRow = in1.ReadShort();
1279,java,expression_statement,"public static void writeUnicodeString(LittleEndianOutput out, String value) {int nChars = value.length();out.writeShort(nChars);boolean is16Bit = hasMultibyte(value);out.writeByte(is16Bit ? 0x01 : 0x00);if (is16Bit) {putUnicodeLE(value, out);} else {putCompressedUnicode(value, out);}}","public static void writeUnicodeString(LittleEndianOutput out, String value) {int nChars = value.length();out.writeShort(nChars);boolean is16Bit = hasMultibyte(value);out.writeByte(is16Bit ? 0x01 : 0x00);if (is16Bit) {<MASKED>} else {putCompressedUnicode(value, out);}}","putUnicodeLE(value, out);"
1280,c#,expression_statement,"public static void WriteUnicodeString(ILittleEndianOutput out1, String value){int nChars = value.Length;out1.WriteShort(nChars);bool is16Bit = HasMultibyte(value);out1.WriteByte(is16Bit ? 0x01 : 0x00);if (is16Bit){PutUnicodeLE(value, out1);}else{PutCompressedUnicode(value, out1);}}","public static void WriteUnicodeString(ILittleEndianOutput out1, String value){int nChars = value.Length;out1.WriteShort(nChars);bool is16Bit = HasMultibyte(value);<MASKED>if (is16Bit){PutUnicodeLE(value, out1);}else{PutCompressedUnicode(value, out1);}}",out1.WriteByte(is16Bit ? 0x01 : 0x00);
1281,java,expression_statement,"public void setValueAt(int relativeOffset, int value) {int oldValue = _values[relativeOffset];_values[relativeOffset] = value;if(value == POIFSConstants.UNUSED_BLOCK) {_has_free_sectors = true;return;}if(oldValue == POIFSConstants.UNUSED_BLOCK) {recomputeFree();}}","public void setValueAt(int relativeOffset, int value) {int oldValue = _values[relativeOffset];<MASKED>if(value == POIFSConstants.UNUSED_BLOCK) {_has_free_sectors = true;return;}if(oldValue == POIFSConstants.UNUSED_BLOCK) {recomputeFree();}}",_values[relativeOffset] = value;
1282,c#,expression_statement,"public void SetValueAt(int relativeOffset, int value){int oldValue = _values[relativeOffset];_values[relativeOffset] = value;if (value == POIFSConstants.UNUSED_BLOCK){_has_free_sectors = true;return;}if (oldValue == POIFSConstants.UNUSED_BLOCK){RecomputeFree();}}","public void SetValueAt(int relativeOffset, int value){int oldValue = _values[relativeOffset];_values[relativeOffset] = value;if (value == POIFSConstants.UNUSED_BLOCK){_has_free_sectors = true;return;}if (oldValue == POIFSConstants.UNUSED_BLOCK){<MASKED>}}",RecomputeFree();
1283,java,expression_statement,"public DelimitedPayloadTokenFilterFactory(Map<String, String> args) {super(args);encoderClass = require(args, ENCODER_ATTR);delimiter = getChar(args, DELIMITER_ATTR, '|');if (!args.isEmpty()) {throw new IllegalArgumentException(""Unknown parameters: "" + args);}}","public DelimitedPayloadTokenFilterFactory(Map<String, String> args) {super(args);<MASKED>delimiter = getChar(args, DELIMITER_ATTR, '|');if (!args.isEmpty()) {throw new IllegalArgumentException(""Unknown parameters: "" + args);}}","encoderClass = require(args, ENCODER_ATTR);"
1284,c#,expression_statement,"public DelimitedPayloadTokenFilterFactory(IDictionary<string, string> args): base(args){encoderClass = Require(args, ENCODER_ATTR);delimiter = GetChar(args, DELIMITER_ATTR, '|');if (args.Count > 0){throw new System.ArgumentException(""Unknown parameters: "" + args);}}","public DelimitedPayloadTokenFilterFactory(IDictionary<string, string> args): base(args){encoderClass = Require(args, ENCODER_ATTR);<MASKED>if (args.Count > 0){throw new System.ArgumentException(""Unknown parameters: "" + args);}}","delimiter = GetChar(args, DELIMITER_ATTR, '|');"
1285,java,expression_statement,"public ShortBuffer get(short[] dst, int dstOffset, int shortCount) {Arrays.checkOffsetAndCount(dst.length, dstOffset, shortCount);if (shortCount > remaining()) {throw new BufferUnderflowException();}for (int i = dstOffset; i < dstOffset + shortCount; ++i) {dst[i] = get();}return this;}","public ShortBuffer get(short[] dst, int dstOffset, int shortCount) {<MASKED>if (shortCount > remaining()) {throw new BufferUnderflowException();}for (int i = dstOffset; i < dstOffset + shortCount; ++i) {dst[i] = get();}return this;}","Arrays.checkOffsetAndCount(dst.length, dstOffset, shortCount);"
1286,c#,expression_statement,"public virtual java.nio.ShortBuffer get(short[] dst, int dstOffset, int shortCount){java.util.Arrays.checkOffsetAndCount(dst.Length, dstOffset, shortCount);if (shortCount > remaining()){throw new java.nio.BufferUnderflowException();}{for (int i = dstOffset; i < dstOffset + shortCount; ++i){dst[i] = get();}}return this;}","public virtual java.nio.ShortBuffer get(short[] dst, int dstOffset, int shortCount){java.util.Arrays.checkOffsetAndCount(dst.Length, dstOffset, shortCount);if (shortCount > remaining()){throw new java.nio.BufferUnderflowException();}{for (int i = dstOffset; i < dstOffset + shortCount; ++i){<MASKED>}}return this;}",dst[i] = get();
1287,java,string_literal,"public String toString() {CellReference crA = new CellReference(getFirstRow(), getFirstColumn());CellReference crB = new CellReference(getLastRow(), getLastColumn());return getClass().getName() + ""["" +_evaluator.getSheetNameRange() +'!' +crA.formatAsString() +':' +crB.formatAsString() +""]"";}","public String toString() {CellReference crA = new CellReference(getFirstRow(), getFirstColumn());CellReference crB = new CellReference(getLastRow(), getLastColumn());return getClass().getName() + ""["" +_evaluator.getSheetNameRange() +'!' +crA.formatAsString() +':' +crB.formatAsString() +<MASKED>;}","""]"""
1288,c#,expression_statement,"public override String ToString(){CellReference crA = new CellReference(FirstRow, FirstColumn);CellReference crB = new CellReference(LastRow, LastColumn);StringBuilder sb = new StringBuilder();sb.Append(GetType().Name).Append(""["");sb.Append(_evaluator.SheetNameRange);sb.Append('!');sb.Append(crA.FormatAsString());sb.Append(':');sb.Append(crB.FormatAsString());sb.Append(""]"");return sb.ToString();}","public override String ToString(){CellReference crA = new CellReference(FirstRow, FirstColumn);CellReference crB = new CellReference(LastRow, LastColumn);StringBuilder sb = new StringBuilder();sb.Append(GetType().Name).Append(""["");sb.Append(_evaluator.SheetNameRange);sb.Append('!');sb.Append(crA.FormatAsString());sb.Append(':');sb.Append(crB.FormatAsString());<MASKED>return sb.ToString();}","sb.Append(""]"");"
1289,java,expression_statement,"public StringCharacterIterator(String value, int start, int end, int location) {string = value;if (start < 0 || end > string.length() || start > end|| location < start || location > end) {throw new IllegalArgumentException();}this.start = start;this.end = end;offset = location;}","public StringCharacterIterator(String value, int start, int end, int location) {string = value;if (start < 0 || end > string.length() || start > end|| location < start || location > end) {throw new IllegalArgumentException();}this.start = start;<MASKED>offset = location;}",this.end = end;
1290,c#,expression_statement,"public StringCharacterIterator(string value, int start, int end, int location){@string = value;if (start < 0 || end > @string.Length || start > end || location < start || location> end){throw new System.ArgumentException();}this.start = start;this.end = end;offset = location;}","public StringCharacterIterator(string value, int start, int end, int location){@string = value;if (start < 0 || end > @string.Length || start > end || location < start || location> end){throw new System.ArgumentException();}this.start = start;<MASKED>offset = location;}",this.end = end;
1291,java,expression_statement,public static Collection<String> getNotSupportedFunctionNames(){Collection<String> lst = new TreeSet<>();lst.addAll(FunctionEval.getNotSupportedFunctionNames());lst.addAll(AnalysisToolPak.getNotSupportedFunctionNames());return Collections.unmodifiableCollection(lst);},public static Collection<String> getNotSupportedFunctionNames(){Collection<String> lst = new TreeSet<>();<MASKED>lst.addAll(AnalysisToolPak.getNotSupportedFunctionNames());return Collections.unmodifiableCollection(lst);},lst.addAll(FunctionEval.getNotSupportedFunctionNames());
1292,c#,expression_statement,public static List<String> GetNotSupportedFunctionNames(){List<String> lst = new List<String>();lst.AddRange(FunctionEval.GetNotSupportedFunctionNames());lst.AddRange(AnalysisToolPak.GetNotSupportedFunctionNames());return lst;},public static List<String> GetNotSupportedFunctionNames(){List<String> lst = new List<String>();lst.AddRange(FunctionEval.GetNotSupportedFunctionNames());<MASKED>return lst;},lst.AddRange(AnalysisToolPak.GetNotSupportedFunctionNames());
1293,java,expression_statement,"public CreateCacheParameterGroupRequest(String cacheParameterGroupName, String cacheParameterGroupFamily, String description) {setCacheParameterGroupName(cacheParameterGroupName);setCacheParameterGroupFamily(cacheParameterGroupFamily);setDescription(description);}","public CreateCacheParameterGroupRequest(String cacheParameterGroupName, String cacheParameterGroupFamily, String description) {<MASKED>setCacheParameterGroupFamily(cacheParameterGroupFamily);setDescription(description);}",setCacheParameterGroupName(cacheParameterGroupName);
1294,c#,expression_statement,"public CreateCacheParameterGroupRequest(string cacheParameterGroupName, string cacheParameterGroupFamily, string description){_cacheParameterGroupName = cacheParameterGroupName;_cacheParameterGroupFamily = cacheParameterGroupFamily;_description = description;}","public CreateCacheParameterGroupRequest(string cacheParameterGroupName, string cacheParameterGroupFamily, string description){_cacheParameterGroupName = cacheParameterGroupName;<MASKED>_description = description;}",_cacheParameterGroupFamily = cacheParameterGroupFamily;
1295,java,expression_statement,public float getTokenScore() {String termText = termAtt.toString();WeightedTerm queryTerm = termsToFind.get(termText);if (queryTerm == null) {return 0;}if (!uniqueTermsInFragment.contains(termText)) {totalScore += queryTerm.getWeight();uniqueTermsInFragment.add(termText);}return queryTerm.getWeight();},public float getTokenScore() {String termText = termAtt.toString();WeightedTerm queryTerm = termsToFind.get(termText);if (queryTerm == null) {return 0;}if (!uniqueTermsInFragment.contains(termText)) {totalScore += queryTerm.getWeight();<MASKED>}return queryTerm.getWeight();},uniqueTermsInFragment.add(termText);
1296,c#,expression_statement,"public virtual float GetTokenScore(){string termText = termAtt.ToString();WeightedTerm queryTerm;if (!termsToFind.TryGetValue(termText, out queryTerm) || queryTerm == null){return 0;}if (!uniqueTermsInFragment.Contains(termText)){totalScore += queryTerm.Weight;uniqueTermsInFragment.Add(termText);}return queryTerm.Weight;}","public virtual float GetTokenScore(){string termText = termAtt.ToString();WeightedTerm queryTerm;if (!termsToFind.TryGetValue(termText, out queryTerm) || queryTerm == null){return 0;}if (!uniqueTermsInFragment.Contains(termText)){totalScore += queryTerm.Weight;<MASKED>}return queryTerm.Weight;}",uniqueTermsInFragment.Add(termText);
1297,c#,expression_statement,"public OR(SemanticContext a, SemanticContext b){HashSet<SemanticContext> operands = new HashSet<SemanticContext>();if (a is SemanticContext.OR){operands.UnionWith(((OR)a).opnds);}else{operands.Add(a);}if (b is SemanticContext.OR){operands.UnionWith(((OR)b).opnds);}else{operands.Add(b);}IList<SemanticContext.PrecedencePredicate> precedencePredicates = FilterPrecedencePredicates(operands);if (precedencePredicates.Count > 0){SemanticContext.PrecedencePredicate reduced = precedencePredicates.Max();operands.Add(reduced);}this.opnds = operands.ToArray();}","public OR(SemanticContext a, SemanticContext b){HashSet<SemanticContext> operands = new HashSet<SemanticContext>();if (a is SemanticContext.OR){operands.UnionWith(((OR)a).opnds);}else{operands.Add(a);}if (b is SemanticContext.OR){<MASKED>}else{operands.Add(b);}IList<SemanticContext.PrecedencePredicate> precedencePredicates = FilterPrecedencePredicates(operands);if (precedencePredicates.Count > 0){SemanticContext.PrecedencePredicate reduced = precedencePredicates.Max();operands.Add(reduced);}this.opnds = operands.ToArray();}",operands.UnionWith(((OR)b).opnds);
1298,java,expression_statement,"public boolean startEvaluate(FormulaCellCacheEntry cce) {if (cce == null) {throw new IllegalArgumentException(""cellLoc must not be null"");}if (_currentlyEvaluatingCells.contains(cce)) {return false;}_currentlyEvaluatingCells.add(cce);_evaluationFrames.add(new CellEvaluationFrame(cce));return true;}","public boolean startEvaluate(FormulaCellCacheEntry cce) {if (cce == null) {throw new IllegalArgumentException(""cellLoc must not be null"");}if (_currentlyEvaluatingCells.contains(cce)) {return false;}_currentlyEvaluatingCells.add(cce);<MASKED>return true;}",_evaluationFrames.add(new CellEvaluationFrame(cce));
1299,c#,string_literal,"public bool StartEvaluate(FormulaCellCacheEntry cce){if (cce == null){throw new ArgumentException(""cellLoc must not be null"");}if (_currentlyEvaluatingCells.Contains(cce)){return false;}_currentlyEvaluatingCells.Add(cce);_evaluationFrames.Add(new CellEvaluationFrame(cce));return true;}",public bool StartEvaluate(FormulaCellCacheEntry cce){if (cce == null){throw new ArgumentException(<MASKED>);}if (_currentlyEvaluatingCells.Contains(cce)){return false;}_currentlyEvaluatingCells.Add(cce);_evaluationFrames.Add(new CellEvaluationFrame(cce));return true;},"""cellLoc must not be null"""
1300,java,string_literal,"public String toString() {StringBuilder sb = new StringBuilder();sb.append(""TrackingRefUpdate["");sb.append(remoteName);sb.append("" -> "");sb.append(localName);if (forceUpdate)sb.append("" (forced)"");sb.append("" "");sb.append(oldObjectId == null ? """" : oldObjectId.abbreviate(7).name());sb.append("".."");sb.append(newObjectId == null ? """" : newObjectId.abbreviate(7).name());sb.append(""]"");return sb.toString();}","public String toString() {StringBuilder sb = new StringBuilder();sb.append(""TrackingRefUpdate["");sb.append(remoteName);sb.append("" -> "");sb.append(localName);if (forceUpdate)sb.append("" (forced)"");sb.append("" "");sb.append(oldObjectId == null ? <MASKED> : oldObjectId.abbreviate(7).name());sb.append("".."");sb.append(newObjectId == null ? """" : newObjectId.abbreviate(7).name());sb.append(""]"");return sb.toString();}",""""""
1301,c#,expression_statement,"public override string ToString(){StringBuilder sb = new StringBuilder();sb.Append(""TrackingRefUpdate["");sb.Append(remoteName);sb.Append("" -> "");sb.Append(localName);if (forceUpdate){sb.Append("" (forced)"");}sb.Append("" "");sb.Append(oldObjectId == null ? string.Empty : oldObjectId.Abbreviate(7).Name);sb.Append("".."");sb.Append(newObjectId == null ? string.Empty : newObjectId.Abbreviate(7).Name);sb.Append(""]"");return sb.ToString();}","public override string ToString(){StringBuilder sb = new StringBuilder();sb.Append(""TrackingRefUpdate["");<MASKED>sb.Append("" -> "");sb.Append(localName);if (forceUpdate){sb.Append("" (forced)"");}sb.Append("" "");sb.Append(oldObjectId == null ? string.Empty : oldObjectId.Abbreviate(7).Name);sb.Append("".."");sb.Append(newObjectId == null ? string.Empty : newObjectId.Abbreviate(7).Name);sb.Append(""]"");return sb.ToString();}",sb.Append(remoteName);
1302,java,expression_statement,public ExtendedFormatRecord(RecordInputStream in) {field_1_font_index           = in.readShort();field_2_format_index         = in.readShort();field_3_cell_options         = in.readShort();field_4_alignment_options    = in.readShort();field_5_indention_options    = in.readShort();field_6_border_options       = in.readShort();field_7_palette_options      = in.readShort();field_8_adtl_palette_options = in.readInt();field_9_fill_palette_options = in.readShort();},public ExtendedFormatRecord(RecordInputStream in) {field_1_font_index           = in.readShort();field_2_format_index         = in.readShort();field_3_cell_options         = in.readShort();field_4_alignment_options    = in.readShort();<MASKED>field_6_border_options       = in.readShort();field_7_palette_options      = in.readShort();field_8_adtl_palette_options = in.readInt();field_9_fill_palette_options = in.readShort();},field_5_indention_options    = in.readShort();
1303,c#,expression_statement,public ExtendedFormatRecord(RecordInputStream in1){field_1_font_index = in1.ReadShort();field_2_format_index = in1.ReadShort();field_3_cell_options = in1.ReadShort();field_4_alignment_options = in1.ReadShort();field_5_indention_options = in1.ReadShort();field_6_border_options = in1.ReadShort();field_7_palette_options = in1.ReadShort();field_8_adtl_palette_options = in1.ReadInt();field_9_fill_palette_options = in1.ReadShort();},public ExtendedFormatRecord(RecordInputStream in1){field_1_font_index = in1.ReadShort();field_2_format_index = in1.ReadShort();field_3_cell_options = in1.ReadShort();field_4_alignment_options = in1.ReadShort();field_5_indention_options = in1.ReadShort();field_6_border_options = in1.ReadShort();field_7_palette_options = in1.ReadShort();<MASKED>field_9_fill_palette_options = in1.ReadShort();},field_8_adtl_palette_options = in1.ReadInt();
1304,java,expression_statement,"public PageItemRecord(RecordInputStream in) {int dataSize = in.remaining();if (dataSize % FieldInfo.ENCODED_SIZE != 0) {throw new RecordFormatException(""Bad data size "" + dataSize);}int nItems = dataSize / FieldInfo.ENCODED_SIZE;FieldInfo[] fis = new FieldInfo[nItems];for (int i = 0; i < fis.length; i++) {fis[i] = new FieldInfo(in);}_fieldInfos = fis;}","public PageItemRecord(RecordInputStream in) {int dataSize = in.remaining();if (dataSize % FieldInfo.ENCODED_SIZE != 0) {throw new RecordFormatException(""Bad data size "" + dataSize);}int nItems = dataSize / FieldInfo.ENCODED_SIZE;FieldInfo[] fis = new FieldInfo[nItems];for (int i = 0; i < fis.length; i++) {<MASKED>}_fieldInfos = fis;}",fis[i] = new FieldInfo(in);
1305,c#,string_literal,"public PageItemRecord(RecordInputStream in1){int dataSize = in1.Remaining;if (dataSize % FieldInfo.ENCODED_SIZE != 0){throw new RecordFormatException(""Bad data size "" + dataSize);}int nItems = dataSize / FieldInfo.ENCODED_SIZE;FieldInfo[] fis = new FieldInfo[nItems];for (int i = 0; i < fis.Length; i++){fis[i] = new FieldInfo(in1);}_fieldInfos = fis;}",public PageItemRecord(RecordInputStream in1){int dataSize = in1.Remaining;if (dataSize % FieldInfo.ENCODED_SIZE != 0){throw new RecordFormatException(<MASKED> + dataSize);}int nItems = dataSize / FieldInfo.ENCODED_SIZE;FieldInfo[] fis = new FieldInfo[nItems];for (int i = 0; i < fis.Length; i++){fis[i] = new FieldInfo(in1);}_fieldInfos = fis;},"""Bad data size """
1306,java,expression_statement,"public int fillFields( byte[] data, int offset,EscherRecordFactory recordFactory ){int bytesRemaining = readHeader( data, offset );short propertiesCount = readInstance( data, offset );int pos = offset + 8;EscherPropertyFactory f = new EscherPropertyFactory();properties.clear();properties.addAll( f.createProperties( data, pos, propertiesCount ) );return bytesRemaining + 8;}","public int fillFields( byte[] data, int offset,EscherRecordFactory recordFactory ){int bytesRemaining = readHeader( data, offset );short propertiesCount = readInstance( data, offset );int pos = offset + 8;EscherPropertyFactory f = new EscherPropertyFactory();<MASKED>properties.addAll( f.createProperties( data, pos, propertiesCount ) );return bytesRemaining + 8;}",properties.clear();
1307,c#,expression_statement,"public override int FillFields(byte[] data, int offset,IEscherRecordFactory recordFactory){int bytesRemaining = ReadHeader(data, offset);short propertiesCount = ReadInstance(data, offset);int pos = offset + 8;EscherPropertyFactory f = new EscherPropertyFactory();properties = f.CreateProperties(data, pos, propertiesCount);return bytesRemaining + 8;}","public override int FillFields(byte[] data, int offset,IEscherRecordFactory recordFactory){int bytesRemaining = ReadHeader(data, offset);short propertiesCount = ReadInstance(data, offset);int pos = offset + 8;EscherPropertyFactory f = new EscherPropertyFactory();<MASKED>return bytesRemaining + 8;}","properties = f.CreateProperties(data, pos, propertiesCount);"
1308,java,expression_statement,public float getTokenScore() {position += posIncAtt.getPositionIncrement();String termText = termAtt.toString();WeightedSpanTerm weightedSpanTerm;if ((weightedSpanTerm = fieldWeightedSpanTerms.get(termText)) == null) {return 0;}if (weightedSpanTerm.positionSensitive &&!weightedSpanTerm.checkPosition(position)) {return 0;}float score = weightedSpanTerm.getWeight();if (!foundTerms.contains(termText)) {totalScore += score;foundTerms.add(termText);}return score;},public float getTokenScore() {position += posIncAtt.getPositionIncrement();String termText = termAtt.toString();WeightedSpanTerm weightedSpanTerm;if ((weightedSpanTerm = fieldWeightedSpanTerms.get(termText)) == null) {return 0;}if (weightedSpanTerm.positionSensitive &&!weightedSpanTerm.checkPosition(position)) {return 0;}float score = weightedSpanTerm.getWeight();if (!foundTerms.contains(termText)) {<MASKED>foundTerms.add(termText);}return score;},totalScore += score;
1309,c#,expression_statement,"public virtual float GetTokenScore(){position += posIncAtt.PositionIncrement;string termText = termAtt.ToString();WeightedSpanTerm weightedSpanTerm;if (!fieldWeightedSpanTerms.TryGetValue(termText, out weightedSpanTerm) || weightedSpanTerm == null){return 0;}if (weightedSpanTerm.IsPositionSensitive &&!weightedSpanTerm.CheckPosition(position)){return 0;}float score = weightedSpanTerm.Weight;if (!foundTerms.Contains(termText)){totalScore += score;foundTerms.Add(termText);}return score;}","public virtual float GetTokenScore(){<MASKED>string termText = termAtt.ToString();WeightedSpanTerm weightedSpanTerm;if (!fieldWeightedSpanTerms.TryGetValue(termText, out weightedSpanTerm) || weightedSpanTerm == null){return 0;}if (weightedSpanTerm.IsPositionSensitive &&!weightedSpanTerm.CheckPosition(position)){return 0;}float score = weightedSpanTerm.Weight;if (!foundTerms.Contains(termText)){totalScore += score;foundTerms.Add(termText);}return score;}",position += posIncAtt.PositionIncrement;
1310,java,expression_statement,"public ProfilingATNSimulator(Parser parser) {super(parser,parser.getInterpreter().atn,parser.getInterpreter().decisionToDFA,parser.getInterpreter().sharedContextCache);numDecisions = atn.decisionToState.size();decisions = new DecisionInfo[numDecisions];for (int i=0; i<numDecisions; i++) {decisions[i] = new DecisionInfo(i);}}",public ProfilingATNSimulator(Parser parser) {super<MASKED>numDecisions = atn.decisionToState.size();decisions = new DecisionInfo[numDecisions];for (int i=0; i<numDecisions; i++) {decisions[i] = new DecisionInfo(i);}},"(parser,parser.getInterpreter().atn,parser.getInterpreter().decisionToDFA,parser.getInterpreter().sharedContextCache);"
1311,c#,expression_statement,"public ProfilingATNSimulator(Parser parser): base(parser,parser.Interpreter.atn,parser.Interpreter.decisionToDFA,parser.Interpreter.getSharedContextCache()){numDecisions = atn.decisionToState.Count;decisions = new DecisionInfo[numDecisions];for (int i = 0; i < numDecisions; i++){decisions[i] = new DecisionInfo(i);}}","public ProfilingATNSimulator(Parser parser): base(parser,parser.Interpreter.atn,parser.Interpreter.decisionToDFA,parser.Interpreter.getSharedContextCache()){numDecisions = atn.decisionToState.Count;decisions = new DecisionInfo[numDecisions];for (int i = 0; i < numDecisions; i++){<MASKED>}}",decisions[i] = new DecisionInfo(i);
1312,java,expression_statement,"public void finish(FieldInfos fis, int numDocs) throws IOException {if (numDocsWritten != numDocs) {throw new RuntimeException(""mergeFields produced an invalid result: docCount is "" + numDocs+ "" but only saw "" + numDocsWritten + "" file="" + out.toString() + ""; now aborting this merge to prevent index corruption"");}write(END);newLine();SimpleTextUtil.writeChecksum(out, scratch);}","public void finish(FieldInfos fis, int numDocs) throws IOException {if (numDocsWritten != numDocs) {throw new RuntimeException(""mergeFields produced an invalid result: docCount is "" + numDocs+ "" but only saw "" + numDocsWritten + "" file="" + out.toString() + ""; now aborting this merge to prevent index corruption"");}<MASKED>newLine();SimpleTextUtil.writeChecksum(out, scratch);}",write(END);
1313,c#,expression_statement,"public override void Finish(FieldInfos fis, int numDocs){if (_numDocsWritten != numDocs){throw new Exception(""mergeFields produced an invalid result: docCount is "" + numDocs + "" but only saw "" +_numDocsWritten + "" file="" + _output +""; now aborting this merge to prevent index corruption"");}Write(END);NewLine();SimpleTextUtil.WriteChecksum(_output, _scratch);}","public override void Finish(FieldInfos fis, int numDocs){if (_numDocsWritten != numDocs){throw new Exception(""mergeFields produced an invalid result: docCount is "" + numDocs + "" but only saw "" +_numDocsWritten + "" file="" + _output +""; now aborting this merge to prevent index corruption"");}<MASKED>NewLine();SimpleTextUtil.WriteChecksum(_output, _scratch);}",Write(END);
1314,java,expression_statement,"public long ramBytesUsed() {long ramBytesUsed = BASE_RAM_BYTES_USED;ramBytesUsed += fields.size() * 2L * RamUsageEstimator.NUM_BYTES_OBJECT_REF;ramBytesUsed += formats.size() * 2L * RamUsageEstimator.NUM_BYTES_OBJECT_REF;for(Map.Entry<String,FieldsProducer> entry: formats.entrySet()) {ramBytesUsed += entry.getValue().ramBytesUsed();}return ramBytesUsed;}","public long ramBytesUsed() {long ramBytesUsed = BASE_RAM_BYTES_USED;ramBytesUsed += fields.size() * 2L * RamUsageEstimator.NUM_BYTES_OBJECT_REF;<MASKED>for(Map.Entry<String,FieldsProducer> entry: formats.entrySet()) {ramBytesUsed += entry.getValue().ramBytesUsed();}return ramBytesUsed;}",ramBytesUsed += formats.size() * 2L * RamUsageEstimator.NUM_BYTES_OBJECT_REF;
1315,c#,expression_statement,"public override long RamBytesUsed(){long sizeInBytes = 0;foreach (KeyValuePair<string, FieldsProducer> entry in formats){sizeInBytes += entry.Key.Length * RamUsageEstimator.NUM_BYTES_CHAR;sizeInBytes += entry.Value.RamBytesUsed();}return sizeInBytes;}","public override long RamBytesUsed(){long sizeInBytes = 0;foreach (KeyValuePair<string, FieldsProducer> entry in formats){sizeInBytes += entry.Key.Length * RamUsageEstimator.NUM_BYTES_CHAR;<MASKED>}return sizeInBytes;}",sizeInBytes += entry.Value.RamBytesUsed();
1316,java,expression_statement,"public String printQueries() {String newline = System.getProperty(""line.separator"");StringBuilder sb = new StringBuilder();if (queries != null) {for (int i = 0; i < queries.length; i++) {sb.append(i).append("". "").append(queries[i].getClass().getSimpleName()).append("" - "").append(queries[i].toString());sb.append(newline);}}return sb.toString();}","public String printQueries() {String newline = System.getProperty(""line.separator"");StringBuilder sb = new StringBuilder();if (queries != null) {for (int i = 0; i < queries.length; i++) {sb.append(i).append("". "").append(queries[i].getClass().getSimpleName()).append("" - "").append(queries[i].toString());<MASKED>}}return sb.toString();}",sb.append(newline);
1317,c#,expression_statement,"public virtual string PrintQueries(){string newline = Environment.NewLine;StringBuilder sb = new StringBuilder();if (m_queries != null){for (int i = 0; i < m_queries.Length; i++){sb.Append(i + "". "" + m_queries[i].GetType().Name + "" - "" + m_queries[i].ToString());sb.Append(newline);}}return sb.ToString();}",public virtual string PrintQueries(){string newline = Environment.NewLine;StringBuilder sb = new StringBuilder();if (m_queries != null){for (int i = 0; i < m_queries.Length; i++){<MASKED>sb.Append(newline);}}return sb.ToString();},"sb.Append(i + "". "" + m_queries[i].GetType().Name + "" - "" + m_queries[i].ToString());"
1318,java,expression_statement,"public static String escape(String s) {StringBuilder sb = new StringBuilder();for (int i = 0; i < s.length(); i++) {char c = s.charAt(i);if (c == '\\' || c == '+' || c == '-' || c == '!' || c == '(' || c == ')'|| c == ':' || c == '^' || c == '[' || c == ']' || c == '\""'|| c == '{' || c == '}' || c == '~' || c == '*' || c == '?'|| c == '|' || c == '&' || c == '/') {sb.append('\\');}sb.append(c);}return sb.toString();}","public static String escape(String s) {StringBuilder sb = new StringBuilder();for (int i = 0; i < s.length(); i++) {char c = s.charAt(i);if (c == '\\' || c == '+' || c == '-' || c == '!' || c == '(' || c == ')'|| c == ':' || c == '^' || c == '[' || c == ']' || c == '\""'|| c == '{' || c == '}' || c == '~' || c == '*' || c == '?'|| c == '|' || c == '&' || c == '/') {sb.append('\\');}<MASKED>}return sb.toString();}",sb.append(c);
1319,c#,expression_statement,"public static string Escape(string s){StringBuilder sb = new StringBuilder();for (int i = 0; i < s.Length; i++){char c = s[i];if (c == '\\' || c == '+' || c == '-' || c == '!' || c == '(' || c == ')'|| c == ':' || c == '^' || c == '[' || c == ']' || c == '\""'|| c == '{' || c == '}' || c == '~' || c == '*' || c == '?'|| c == '|' || c == '&' || c == '/'){sb.Append('\\');}sb.Append(c);}return sb.ToString();}","public static string Escape(string s){StringBuilder sb = new StringBuilder();for (int i = 0; i < s.Length; i++){char c = s[i];if (c == '\\' || c == '+' || c == '-' || c == '!' || c == '(' || c == ')'|| c == ':' || c == '^' || c == '[' || c == ']' || c == '\""'|| c == '{' || c == '}' || c == '~' || c == '*' || c == '?'|| c == '|' || c == '&' || c == '/'){<MASKED>}sb.Append(c);}return sb.ToString();}",sb.Append('\\');
1320,java,expression_statement,"public IntBuffer put(int[] src, int srcOffset, int intCount) {byteBuffer.limit(limit * SizeOf.INT);byteBuffer.position(position * SizeOf.INT);if (byteBuffer instanceof ReadWriteDirectByteBuffer) {((ReadWriteDirectByteBuffer) byteBuffer).put(src, srcOffset, intCount);} else {((ReadWriteHeapByteBuffer) byteBuffer).put(src, srcOffset, intCount);}this.position += intCount;return this;}","public IntBuffer put(int[] src, int srcOffset, int intCount) {byteBuffer.limit(limit * SizeOf.INT);byteBuffer.position(position * SizeOf.INT);if (byteBuffer instanceof ReadWriteDirectByteBuffer) {<MASKED>} else {((ReadWriteHeapByteBuffer) byteBuffer).put(src, srcOffset, intCount);}this.position += intCount;return this;}","((ReadWriteDirectByteBuffer) byteBuffer).put(src, srcOffset, intCount);"
1321,c#,expression_statement,"public override java.nio.IntBuffer put(int[] src, int srcOffset, int intCount){byteBuffer.limit(_limit * libcore.io.SizeOf.INT);byteBuffer.position(_position * libcore.io.SizeOf.INT);if (byteBuffer is java.nio.ReadWriteDirectByteBuffer){((java.nio.ReadWriteDirectByteBuffer)byteBuffer).put(src, srcOffset, intCount);}else{((java.nio.ReadWriteHeapByteBuffer)byteBuffer).put(src, srcOffset, intCount);}this._position += intCount;return this;}","public override java.nio.IntBuffer put(int[] src, int srcOffset, int intCount){byteBuffer.limit(_limit * libcore.io.SizeOf.INT);byteBuffer.position(_position * libcore.io.SizeOf.INT);if (byteBuffer is java.nio.ReadWriteDirectByteBuffer){((java.nio.ReadWriteDirectByteBuffer)byteBuffer).put(src, srcOffset, intCount);}else{((java.nio.ReadWriteHeapByteBuffer)byteBuffer).put(src, srcOffset, intCount);}<MASKED>return this;}",this._position += intCount;
1322,java,expression_statement,"public void write(byte[] b, int off, int len) throws IOException {if ((off < 0) || (off > b.length) || (len < 0) ||((off + len) > b.length) || ((off + len) < 0)) {throw new IndexOutOfBoundsException();} else if (len == 0) {return;}do {createBlockIfNeeded();int writeBytes = Math.min(buffer.remaining(), len);buffer.put(b, off, writeBytes);off += writeBytes;len -= writeBytes;} while (len > 0);}","public void write(byte[] b, int off, int len) throws IOException {if ((off < 0) || (off > b.length) || (len < 0) ||((off + len) > b.length) || ((off + len) < 0)) {throw new IndexOutOfBoundsException();} else if (len == 0) {return;}do {createBlockIfNeeded();int writeBytes = Math.min(buffer.remaining(), len);buffer.put(b, off, writeBytes);off += writeBytes;<MASKED>} while (len > 0);}",len -= writeBytes;
1323,c#,expression_statement,"public override void Write(byte[] b, int off, int len){if ((off < 0) || (off > b.Length) || (len < 0) ||((off + len) > b.Length) || ((off + len) < 0)){throw new IndexOutOfRangeException();}else if (len == 0){return;}do{CreateBlockIfNeeded();int writeBytes = Math.Min(buffer.Remaining(), len);buffer.Write(b, off, writeBytes);off += writeBytes;len -= writeBytes;} while (len > 0);}","public override void Write(byte[] b, int off, int len){if ((off < 0) || (off > b.Length) || (len < 0) ||((off + len) > b.Length) || ((off + len) < 0)){throw new IndexOutOfRangeException();}else if (len == 0){return;}do{CreateBlockIfNeeded();int writeBytes = Math.Min(buffer.Remaining(), len);<MASKED>off += writeBytes;len -= writeBytes;} while (len > 0);}","buffer.Write(b, off, writeBytes);"
1324,java,string_literal,"public final void restoreState(State state) {if (state == null)  return;do {AttributeImpl targetImpl = attributeImpls.get(state.attribute.getClass());if (targetImpl == null) {throw new IllegalArgumentException(""State contains AttributeImpl of type "" +state.attribute.getClass().getName() + "" that is not in in this AttributeSource"");}state.attribute.copyTo(targetImpl);state = state.next;} while (state != null);}","public final void restoreState(State state) {if (state == null)  return;do {AttributeImpl targetImpl = attributeImpls.get(state.attribute.getClass());if (targetImpl == null) {throw new IllegalArgumentException(<MASKED> +state.attribute.getClass().getName() + "" that is not in in this AttributeSource"");}state.attribute.copyTo(targetImpl);state = state.next;} while (state != null);}","""State contains AttributeImpl of type """
1325,c#,expression_statement,"public void RestoreState(State state){if (state == null){return;}do{if (!attributeImpls.ContainsKey(state.attribute.GetType())){throw new ArgumentException(""State contains Attribute of type "" + state.attribute.GetType().Name + "" that is not in in this AttributeSource"");}state.attribute.CopyTo(attributeImpls[state.attribute.GetType()]);state = state.next;} while (state != null);}","public void RestoreState(State state){if (state == null){return;}do{if (!attributeImpls.ContainsKey(state.attribute.GetType())){throw new ArgumentException(""State contains Attribute of type "" + state.attribute.GetType().Name + "" that is not in in this AttributeSource"");}state.attribute.CopyTo(attributeImpls[state.attribute.GetType()]);<MASKED>} while (state != null);}",state = state.next;
1326,java,string_literal,"public FieldsConsumer fieldsConsumer(SegmentWriteState state)throws IOException {if (delegatePostingsFormat == null) {throw new UnsupportedOperationException(""Error - "" + getClass().getName()+ "" has been constructed without a choice of PostingsFormat"");}FieldsConsumer fieldsConsumer = delegatePostingsFormat.fieldsConsumer(state);return new BloomFilteredFieldsConsumer(fieldsConsumer, state);}","public FieldsConsumer fieldsConsumer(SegmentWriteState state)throws IOException {if (delegatePostingsFormat == null) {throw new UnsupportedOperationException(<MASKED> + getClass().getName()+ "" has been constructed without a choice of PostingsFormat"");}FieldsConsumer fieldsConsumer = delegatePostingsFormat.fieldsConsumer(state);return new BloomFilteredFieldsConsumer(fieldsConsumer, state);}","""Error - """
1327,c#,string_literal,"public override FieldsConsumer FieldsConsumer(SegmentWriteState state){if (_delegatePostingsFormat == null){throw new InvalidOperationException(""Error - constructed without a choice of PostingsFormat"");}return new BloomFilteredFieldsConsumer(this, _delegatePostingsFormat.FieldsConsumer(state), state);}","public override FieldsConsumer FieldsConsumer(SegmentWriteState state){if (_delegatePostingsFormat == null){throw new InvalidOperationException(<MASKED>);}return new BloomFilteredFieldsConsumer(this, _delegatePostingsFormat.FieldsConsumer(state), state);}","""Error - constructed without a choice of PostingsFormat"""
1328,java,expression_statement,"public final void write(byte[] b, int off, int len)throws IOException {while (0 < len) {final int n = Math.min(len, BYTES_TO_WRITE_BEFORE_CANCEL_CHECK);count += n;if (checkCancelAt <= count) {if (writeMonitor.isCancelled()) {throw new IOException(JGitText.get().packingCancelledDuringObjectsWriting);}checkCancelAt = count + BYTES_TO_WRITE_BEFORE_CANCEL_CHECK;}out.write(b, off, n);md.update(b, off, n);off += n;len -= n;}}","public final void write(byte[] b, int off, int len)throws IOException {while (0 < len) {final int n = Math.min(len, BYTES_TO_WRITE_BEFORE_CANCEL_CHECK);count += n;if (checkCancelAt <= count) {if (writeMonitor.isCancelled()) {throw new IOException(JGitText.get().packingCancelledDuringObjectsWriting);}checkCancelAt = count + BYTES_TO_WRITE_BEFORE_CANCEL_CHECK;}out.write(b, off, n);md.update(b, off, n);off += n;<MASKED>}}",len -= n;
1329,c#,expression_statement,"public override void Write(byte[] b, int off, int len){while (0 < len){int n = Math.Min(len, BYTES_TO_WRITE_BEFORE_CANCEL_CHECK);count += n;if (checkCancelAt <= count){if (writeMonitor.IsCancelled()){throw new IOException(JGitText.Get().packingCancelledDuringObjectsWriting);}checkCancelAt = count + BYTES_TO_WRITE_BEFORE_CANCEL_CHECK;}@out.Write(b, off, n);crc.Update(b, off, n);md.Update(b, off, n);off += n;len -= n;}}","public override void Write(byte[] b, int off, int len){while (0 < len){int n = Math.Min(len, BYTES_TO_WRITE_BEFORE_CANCEL_CHECK);<MASKED>if (checkCancelAt <= count){if (writeMonitor.IsCancelled()){throw new IOException(JGitText.Get().packingCancelledDuringObjectsWriting);}checkCancelAt = count + BYTES_TO_WRITE_BEFORE_CANCEL_CHECK;}@out.Write(b, off, n);crc.Update(b, off, n);md.Update(b, off, n);off += n;len -= n;}}",count += n;
1330,java,expression_statement,"public String toString(){StringBuilder buffer = new StringBuilder();buffer.append(""[COUNTRY]\n"");buffer.append(""    .defaultcountry  = "").append(Integer.toHexString(getDefaultCountry())).append(""\n"");buffer.append(""    .currentcountry  = "").append(Integer.toHexString(getCurrentCountry())).append(""\n"");buffer.append(""[/COUNTRY]\n"");return buffer.toString();}","public String toString(){StringBuilder buffer = new StringBuilder();buffer.append(""[COUNTRY]\n"");buffer.append(""    .defaultcountry  = "").append(Integer.toHexString(getDefaultCountry())).append(""\n"");buffer.append(""    .currentcountry  = "").append(Integer.toHexString(getCurrentCountry())).append(""\n"");<MASKED>return buffer.toString();}","buffer.append(""[/COUNTRY]\n"");"
1331,c#,expression_statement,"public override String ToString(){StringBuilder buffer = new StringBuilder();buffer.Append(""[COUNTRY]\n"");buffer.Append(""    .defaultcountry  = "").Append(StringUtil.ToHexString(DefaultCountry)).Append(""\n"");buffer.Append(""    .currentcountry  = "").Append(StringUtil.ToHexString(CurrentCountry)).Append(""\n"");buffer.Append(""[/COUNTRY]\n"");return buffer.ToString();}","public override String ToString(){StringBuilder buffer = new StringBuilder();buffer.Append(""[COUNTRY]\n"");<MASKED>buffer.Append(""    .currentcountry  = "").Append(StringUtil.ToHexString(CurrentCountry)).Append(""\n"");buffer.Append(""[/COUNTRY]\n"");return buffer.ToString();}","buffer.Append(""    .defaultcountry  = "").Append(StringUtil.ToHexString(DefaultCountry)).Append(""\n"");"
1332,java,expression_statement,"public static Collection<String> getSupportedFunctionNames() {Collection<String> lst = new TreeSet<>();for (int i = 0; i < functions.length; i++) {Function func = functions[i];FunctionMetadata metaData = FunctionMetadataRegistry.getFunctionByIndex(i);if (func != null && !(func instanceof NotImplementedFunction)) {lst.add(metaData.getName());}}lst.add(""INDIRECT""); return Collections.unmodifiableCollection(lst);}","public static Collection<String> getSupportedFunctionNames() {Collection<String> lst = new TreeSet<>();for (int i = 0; i < functions.length; i++) {Function func = functions[i];FunctionMetadata metaData = FunctionMetadataRegistry.getFunctionByIndex(i);if (func != null && !(func instanceof NotImplementedFunction)) {<MASKED>}}lst.add(""INDIRECT""); return Collections.unmodifiableCollection(lst);}",lst.add(metaData.getName());
1333,c#,expression_statement,"public static ReadOnlyCollection<String> GetSupportedFunctionNames(){List<String> lst = new List<String>();for (int i = 0; i < functions.Length; i++){Function func = functions[i];FunctionMetadata metaData = FunctionMetadataRegistry.GetFunctionByIndex(i);if (func != null && !(func is NotImplementedFunction)){lst.Add(metaData.Name);}}lst.Add(""INDIRECT""); return lst.AsReadOnly(); }","public static ReadOnlyCollection<String> GetSupportedFunctionNames(){List<String> lst = new List<String>();for (int i = 0; i < functions.Length; i++){Function func = functions[i];FunctionMetadata metaData = FunctionMetadataRegistry.GetFunctionByIndex(i);if (func != null && !(func is NotImplementedFunction)){<MASKED>}}lst.Add(""INDIRECT""); return lst.AsReadOnly(); }",lst.Add(metaData.Name);
1334,java,expression_statement,"public void fillRect(int x, int y, int width, int height){HSSFSimpleShape shape = escherGroup.createShape(new HSSFChildAnchor( x, y, x + width, y + height ) );shape.setShapeType(HSSFSimpleShape.OBJECT_TYPE_RECTANGLE);shape.setLineStyle(HSSFShape.LINESTYLE_NONE);shape.setFillColor(foreground.getRed(), foreground.getGreen(), foreground.getBlue());shape.setLineStyleColor(foreground.getRed(), foreground.getGreen(), foreground.getBlue());}","public void fillRect(int x, int y, int width, int height){HSSFSimpleShape shape = escherGroup.createShape(new HSSFChildAnchor( x, y, x + width, y + height ) );shape.setShapeType(HSSFSimpleShape.OBJECT_TYPE_RECTANGLE);shape.setLineStyle(HSSFShape.LINESTYLE_NONE);shape.setFillColor(foreground.getRed(), foreground.getGreen(), foreground.getBlue());<MASKED>}","shape.setLineStyleColor(foreground.getRed(), foreground.getGreen(), foreground.getBlue());"
1335,c#,expression_statement,"public void FillRect(int x, int y, int width, int height){HSSFSimpleShape shape = escherGroup.CreateShape(new HSSFChildAnchor(x, y, x + width, y + height));shape.ShapeType = (HSSFSimpleShape.OBJECT_TYPE_RECTANGLE);shape.LineStyle = LineStyle.None;shape.SetFillColor(foreground.R, foreground.G, foreground.B);shape.SetLineStyleColor(foreground.R, foreground.G, foreground.B);}","public void FillRect(int x, int y, int width, int height){HSSFSimpleShape shape = escherGroup.CreateShape(new HSSFChildAnchor(x, y, x + width, y + height));shape.ShapeType = (HSSFSimpleShape.OBJECT_TYPE_RECTANGLE);shape.LineStyle = LineStyle.None;shape.SetFillColor(foreground.R, foreground.G, foreground.B);<MASKED>}","shape.SetLineStyleColor(foreground.R, foreground.G, foreground.B);"
1336,java,expression_statement,public List<MatchingDocs> getMatchingDocs() {List<MatchingDocs> matchingDocs = super.getMatchingDocs();if (totalHits == NOT_CALCULATED) {totalHits = 0;for (MatchingDocs md : matchingDocs) {totalHits += md.totalHits;}}if (totalHits <= sampleSize) {return matchingDocs;}if (sampledDocs == null) {samplingRate = (1.0 * sampleSize) / totalHits;sampledDocs = createSampledDocs(matchingDocs);}return sampledDocs;},public List<MatchingDocs> getMatchingDocs() {List<MatchingDocs> matchingDocs = super.getMatchingDocs();if (totalHits == NOT_CALCULATED) {totalHits = 0;for (MatchingDocs md : matchingDocs) {<MASKED>}}if (totalHits <= sampleSize) {return matchingDocs;}if (sampledDocs == null) {samplingRate = (1.0 * sampleSize) / totalHits;sampledDocs = createSampledDocs(matchingDocs);}return sampledDocs;},totalHits += md.totalHits;
1337,c#,expression_statement,public override IList<MatchingDocs> GetMatchingDocs(){IList<MatchingDocs> matchingDocs = base.GetMatchingDocs();if (totalHits == NOT_CALCULATED){totalHits = 0;foreach (MatchingDocs md in matchingDocs){totalHits += md.TotalHits;}}if (totalHits <= sampleSize){return matchingDocs;}if (sampledDocs == null){samplingRate = (1.0 * sampleSize) / totalHits;sampledDocs = CreateSampledDocs(matchingDocs);}return sampledDocs;},public override IList<MatchingDocs> GetMatchingDocs(){IList<MatchingDocs> matchingDocs = base.GetMatchingDocs();if (totalHits == NOT_CALCULATED){totalHits = 0;foreach (MatchingDocs md in matchingDocs){totalHits += md.TotalHits;}}if (totalHits <= sampleSize){return matchingDocs;}if (sampledDocs == null){<MASKED>sampledDocs = CreateSampledDocs(matchingDocs);}return sampledDocs;},samplingRate = (1.0 * sampleSize) / totalHits;
1338,java,expression_statement,public void onRelease() {mPullDistance = 0;if (mState != STATE_PULL && mState != STATE_PULL_DECAY) {return;}mState = STATE_RECEDE;mEdgeAlphaStart = mEdgeAlpha;mEdgeScaleYStart = mEdgeScaleY;mGlowAlphaStart = mGlowAlpha;mGlowScaleYStart = mGlowScaleY;mEdgeAlphaFinish = 0.f;mEdgeScaleYFinish = 0.f;mGlowAlphaFinish = 0.f;mGlowScaleYFinish = 0.f;mStartTime = AnimationUtils.currentAnimationTimeMillis();mDuration = RECEDE_TIME;},public void onRelease() {mPullDistance = 0;if (mState != STATE_PULL && mState != STATE_PULL_DECAY) {return;}mState = STATE_RECEDE;mEdgeAlphaStart = mEdgeAlpha;mEdgeScaleYStart = mEdgeScaleY;mGlowAlphaStart = mGlowAlpha;<MASKED>mEdgeAlphaFinish = 0.f;mEdgeScaleYFinish = 0.f;mGlowAlphaFinish = 0.f;mGlowScaleYFinish = 0.f;mStartTime = AnimationUtils.currentAnimationTimeMillis();mDuration = RECEDE_TIME;},mGlowScaleYStart = mGlowScaleY;
1339,c#,expression_statement,public virtual void onRelease(){mPullDistance = 0;if (mState != STATE_PULL && mState != STATE_PULL_DECAY){return;}mState = STATE_RECEDE;mEdgeAlphaStart = mEdgeAlpha;mEdgeScaleYStart = mEdgeScaleY;mGlowAlphaStart = mGlowAlpha;mGlowScaleYStart = mGlowScaleY;mEdgeAlphaFinish = 0.0f;mEdgeScaleYFinish = 0.0f;mGlowAlphaFinish = 0.0f;mGlowScaleYFinish = 0.0f;mStartTime = android.view.animation.AnimationUtils.currentAnimationTimeMillis();mDuration = RECEDE_TIME;},public virtual void onRelease(){mPullDistance = 0;if (mState != STATE_PULL && mState != STATE_PULL_DECAY){return;}mState = STATE_RECEDE;mEdgeAlphaStart = mEdgeAlpha;mEdgeScaleYStart = mEdgeScaleY;<MASKED>mGlowScaleYStart = mGlowScaleY;mEdgeAlphaFinish = 0.0f;mEdgeScaleYFinish = 0.0f;mGlowAlphaFinish = 0.0f;mGlowScaleYFinish = 0.0f;mStartTime = android.view.animation.AnimationUtils.currentAnimationTimeMillis();mDuration = RECEDE_TIME;},mGlowAlphaStart = mGlowAlpha;
1340,java,expression_statement,"public static Transport open(URIish uri) throws NotSupportedException, TransportException {for (WeakReference<TransportProtocol> ref : protocols) {TransportProtocol proto = ref.get();if (proto == null) {protocols.remove(ref);continue;}if (proto.canHandle(uri, null, null))return proto.open(uri);}throw new NotSupportedException(MessageFormat.format(JGitText.get().URINotSupported, uri));}","public static Transport open(URIish uri) throws NotSupportedException, TransportException {for (WeakReference<TransportProtocol> ref : protocols) {TransportProtocol proto = ref.get();if (proto == null) {<MASKED>continue;}if (proto.canHandle(uri, null, null))return proto.open(uri);}throw new NotSupportedException(MessageFormat.format(JGitText.get().URINotSupported, uri));}",protocols.remove(ref);
1341,c#,expression_statement,"public static NGit.Transport.Transport Open(URIish uri){foreach (JavaWeakReference<TransportProtocol> @ref in protocols){TransportProtocol proto = @ref.Get();if (proto == null){protocols.Remove(@ref);continue;}if (proto.CanHandle(uri, null, null)){return proto.Open(uri);}}throw new NGit.Errors.NotSupportedException(MessageFormat.Format(JGitText.Get().URINotSupported, uri));}","public static NGit.Transport.Transport Open(URIish uri){foreach (JavaWeakReference<TransportProtocol> @ref in protocols){TransportProtocol proto = @ref.Get();if (proto == null){<MASKED>continue;}if (proto.CanHandle(uri, null, null)){return proto.Open(uri);}}throw new NGit.Errors.NotSupportedException(MessageFormat.Format(JGitText.Get().URINotSupported, uri));}",protocols.Remove(@ref);
1342,java,expression_statement,"public CharBuffer get(char[] dst, int dstOffset, int charCount) {byteBuffer.limit(limit * SizeOf.CHAR);byteBuffer.position(position * SizeOf.CHAR);if (byteBuffer instanceof DirectByteBuffer) {((DirectByteBuffer) byteBuffer).get(dst, dstOffset, charCount);} else {((HeapByteBuffer) byteBuffer).get(dst, dstOffset, charCount);}this.position += charCount;return this;}","public CharBuffer get(char[] dst, int dstOffset, int charCount) {byteBuffer.limit(limit * SizeOf.CHAR);byteBuffer.position(position * SizeOf.CHAR);if (byteBuffer instanceof DirectByteBuffer) {<MASKED>} else {((HeapByteBuffer) byteBuffer).get(dst, dstOffset, charCount);}this.position += charCount;return this;}","((DirectByteBuffer) byteBuffer).get(dst, dstOffset, charCount);"
1343,c#,expression_statement,"public override java.nio.CharBuffer get(char[] dst, int dstOffset, int charCount){byteBuffer.limit(_limit * libcore.io.SizeOf.CHAR);byteBuffer.position(_position * libcore.io.SizeOf.CHAR);if (byteBuffer is java.nio.DirectByteBuffer){((java.nio.DirectByteBuffer)byteBuffer).get(dst, dstOffset, charCount);}else{((java.nio.HeapByteBuffer)byteBuffer).get(dst, dstOffset, charCount);}this._position += charCount;return this;}","public override java.nio.CharBuffer get(char[] dst, int dstOffset, int charCount){byteBuffer.limit(_limit * libcore.io.SizeOf.CHAR);byteBuffer.position(_position * libcore.io.SizeOf.CHAR);if (byteBuffer is java.nio.DirectByteBuffer){((java.nio.DirectByteBuffer)byteBuffer).get(dst, dstOffset, charCount);}else{((java.nio.HeapByteBuffer)byteBuffer).get(dst, dstOffset, charCount);}<MASKED>return this;}",this._position += charCount;
1344,java,expression_statement,"public void drawOval(int x, int y, int width, int height){HSSFSimpleShape shape = escherGroup.createShape(new HSSFChildAnchor(x,y,x+width,y+height) );shape.setShapeType(HSSFSimpleShape.OBJECT_TYPE_OVAL);shape.setLineWidth(0);shape.setLineStyleColor(foreground.getRed(), foreground.getGreen(), foreground.getBlue());shape.setNoFill(true);}","public void drawOval(int x, int y, int width, int height){HSSFSimpleShape shape = escherGroup.createShape(new HSSFChildAnchor(x,y,x+width,y+height) );<MASKED>shape.setLineWidth(0);shape.setLineStyleColor(foreground.getRed(), foreground.getGreen(), foreground.getBlue());shape.setNoFill(true);}",shape.setShapeType(HSSFSimpleShape.OBJECT_TYPE_OVAL);
1345,c#,expression_statement,"public void DrawOval(int x, int y, int width, int height){HSSFSimpleShape shape = escherGroup.CreateShape(new HSSFChildAnchor(x, y, x + width, y + height));shape.ShapeType = (HSSFSimpleShape.OBJECT_TYPE_OVAL);shape.LineWidth = 0;shape.SetLineStyleColor(foreground.R, foreground.G, foreground.B);shape.IsNoFill = (true);}","public void DrawOval(int x, int y, int width, int height){HSSFSimpleShape shape = escherGroup.CreateShape(new HSSFChildAnchor(x, y, x + width, y + height));shape.ShapeType = (HSSFSimpleShape.OBJECT_TYPE_OVAL);shape.LineWidth = 0;<MASKED>shape.IsNoFill = (true);}","shape.SetLineStyleColor(foreground.R, foreground.G, foreground.B);"
1346,java,string_literal,"public String toString() {StringBuilder buf = new StringBuilder();buf.append(""DiffEntry["");buf.append(changeType);buf.append("" "");switch (changeType) {case ADD:buf.append(newPath);break;case COPY:buf.append(oldPath + ""->"" + newPath);break;case DELETE:buf.append(oldPath);break;case MODIFY:buf.append(oldPath);break;case RENAME:buf.append(oldPath + ""->"" + newPath);break;}buf.append(""]"");return buf.toString();}","public String toString() {StringBuilder buf = new StringBuilder();buf.append(<MASKED>);buf.append(changeType);buf.append("" "");switch (changeType) {case ADD:buf.append(newPath);break;case COPY:buf.append(oldPath + ""->"" + newPath);break;case DELETE:buf.append(oldPath);break;case MODIFY:buf.append(oldPath);break;case RENAME:buf.append(oldPath + ""->"" + newPath);break;}buf.append(""]"");return buf.toString();}","""DiffEntry["""
1347,c#,expression_statement,"public override string ToString(){StringBuilder buf = new StringBuilder();buf.Append(""DiffEntry["");buf.Append(changeType);buf.Append("" "");switch (changeType){case DiffEntry.ChangeType.ADD:{buf.Append(newPath);break;}case DiffEntry.ChangeType.COPY:{buf.Append(oldPath + ""->"" + newPath);break;}case DiffEntry.ChangeType.DELETE:{buf.Append(oldPath);break;}case DiffEntry.ChangeType.MODIFY:{buf.Append(oldPath);break;}case DiffEntry.ChangeType.RENAME:{buf.Append(oldPath + ""->"" + newPath);break;}}buf.Append(""]"");return buf.ToString();}","public override string ToString(){StringBuilder buf = new StringBuilder();buf.Append(""DiffEntry["");buf.Append(changeType);buf.Append("" "");switch (changeType){case DiffEntry.ChangeType.ADD:{<MASKED>break;}case DiffEntry.ChangeType.COPY:{buf.Append(oldPath + ""->"" + newPath);break;}case DiffEntry.ChangeType.DELETE:{buf.Append(oldPath);break;}case DiffEntry.ChangeType.MODIFY:{buf.Append(oldPath);break;}case DiffEntry.ChangeType.RENAME:{buf.Append(oldPath + ""->"" + newPath);break;}}buf.Append(""]"");return buf.ToString();}",buf.Append(newPath);
1348,java,expression_statement,"public LongBuffer put(long[] src, int srcOffset, int longCount) {byteBuffer.limit(limit * SizeOf.LONG);byteBuffer.position(position * SizeOf.LONG);if (byteBuffer instanceof ReadWriteDirectByteBuffer) {((ReadWriteDirectByteBuffer) byteBuffer).put(src, srcOffset, longCount);} else {((ReadWriteHeapByteBuffer) byteBuffer).put(src, srcOffset, longCount);}this.position += longCount;return this;}","public LongBuffer put(long[] src, int srcOffset, int longCount) {<MASKED>byteBuffer.position(position * SizeOf.LONG);if (byteBuffer instanceof ReadWriteDirectByteBuffer) {((ReadWriteDirectByteBuffer) byteBuffer).put(src, srcOffset, longCount);} else {((ReadWriteHeapByteBuffer) byteBuffer).put(src, srcOffset, longCount);}this.position += longCount;return this;}",byteBuffer.limit(limit * SizeOf.LONG);
1349,c#,expression_statement,"public override java.nio.LongBuffer put(long[] src, int srcOffset, int longCount){byteBuffer.limit(_limit * libcore.io.SizeOf.LONG);byteBuffer.position(_position * libcore.io.SizeOf.LONG);if (byteBuffer is java.nio.ReadWriteDirectByteBuffer){((java.nio.ReadWriteDirectByteBuffer)byteBuffer).put(src, srcOffset, longCount);}else{((java.nio.ReadWriteHeapByteBuffer)byteBuffer).put(src, srcOffset, longCount);}this._position += longCount;return this;}","public override java.nio.LongBuffer put(long[] src, int srcOffset, int longCount){byteBuffer.limit(_limit * libcore.io.SizeOf.LONG);byteBuffer.position(_position * libcore.io.SizeOf.LONG);if (byteBuffer is java.nio.ReadWriteDirectByteBuffer){((java.nio.ReadWriteDirectByteBuffer)byteBuffer).put(src, srcOffset, longCount);}else{((java.nio.ReadWriteHeapByteBuffer)byteBuffer).put(src, srcOffset, longCount);}<MASKED>return this;}",this._position += longCount;
1350,java,string_literal,"public static synchronized CoderResult unmappableForLength(int length)throws IllegalArgumentException {if (length > 0) {Integer key = Integer.valueOf(length);synchronized (_unmappableErrors) {CoderResult r = _unmappableErrors.get(key);if (r == null) {r = new CoderResult(TYPE_UNMAPPABLE_CHAR, length);_unmappableErrors.put(key, r);}return r;}}throw new IllegalArgumentException(""Length must be greater than 0; was "" + length);}","public static synchronized CoderResult unmappableForLength(int length)throws IllegalArgumentException {if (length > 0) {Integer key = Integer.valueOf(length);synchronized (_unmappableErrors) {CoderResult r = _unmappableErrors.get(key);if (r == null) {r = new CoderResult(TYPE_UNMAPPABLE_CHAR, length);_unmappableErrors.put(key, r);}return r;}}throw new IllegalArgumentException(<MASKED> + length);}","""Length must be greater than 0; was """
1351,c#,expression_statement,"public static java.nio.charset.CoderResult unmappableForLength(int length_1){lock (typeof(CoderResult)){if (length_1 > 0){int key = Sharpen.Util.IntValueOf(length_1);lock (_unmappableErrors){java.nio.charset.CoderResult r = _unmappableErrors.get(key);if (r == null){r = new java.nio.charset.CoderResult(TYPE_UNMAPPABLE_CHAR, length_1);_unmappableErrors.put(key, r);}return r;}}throw new System.ArgumentException(""Length must be greater than 0; was "" + length_1);}}","public static java.nio.charset.CoderResult unmappableForLength(int length_1){lock (typeof(CoderResult)){if (length_1 > 0){int key = Sharpen.Util.IntValueOf(length_1);lock (_unmappableErrors){java.nio.charset.CoderResult r = _unmappableErrors.get(key);if (r == null){r = new java.nio.charset.CoderResult(TYPE_UNMAPPABLE_CHAR, length_1);<MASKED>}return r;}}throw new System.ArgumentException(""Length must be greater than 0; was "" + length_1);}}","_unmappableErrors.put(key, r);"
1352,java,expression_statement,public Collection<ParseTree> evaluate(ParseTree t) {List<ParseTree> nodes = new ArrayList<ParseTree>();for (Tree c : Trees.getChildren(t)) {if ( c instanceof ParserRuleContext ) {ParserRuleContext ctx = (ParserRuleContext)c;if ( (ctx.getRuleIndex() == ruleIndex && !invert) ||(ctx.getRuleIndex() != ruleIndex && invert) ){nodes.add(ctx);}}}return nodes;},public Collection<ParseTree> evaluate(ParseTree t) {List<ParseTree> nodes = new ArrayList<ParseTree>();for (Tree c : Trees.getChildren(t)) {if ( c instanceof ParserRuleContext ) {ParserRuleContext ctx = (ParserRuleContext)c;if ( (ctx.getRuleIndex() == ruleIndex && !invert) ||(ctx.getRuleIndex() != ruleIndex && invert) ){<MASKED>}}}return nodes;},nodes.add(ctx);
1353,c#,expression_statement,public override ICollection<IParseTree> Evaluate(IParseTree t){IList<IParseTree> nodes = new List<IParseTree>();foreach (ITree c in Trees.GetChildren(t)){if (c is ParserRuleContext){ParserRuleContext ctx = (ParserRuleContext)c;if ((ctx.RuleIndex == ruleIndex && !invert) || (ctx.RuleIndex != ruleIndex && invert)){nodes.Add(ctx);}}}return nodes;},public override ICollection<IParseTree> Evaluate(IParseTree t){IList<IParseTree> nodes = new List<IParseTree>();foreach (ITree c in Trees.GetChildren(t)){if (c is ParserRuleContext){ParserRuleContext ctx = (ParserRuleContext)c;if ((ctx.RuleIndex == ruleIndex && !invert) || (ctx.RuleIndex != ruleIndex && invert)){<MASKED>}}}return nodes;},nodes.Add(ctx);
1354,java,expression_statement,"public void setDelimiters(String start, String stop, String escapeLeft) {if (start == null || start.isEmpty()) {throw new IllegalArgumentException(""start cannot be null or empty"");}if (stop == null || stop.isEmpty()) {throw new IllegalArgumentException(""stop cannot be null or empty"");}this.start = start;this.stop = stop;this.escape = escapeLeft;}","public void setDelimiters(String start, String stop, String escapeLeft) {if (start == null || start.isEmpty()) {throw new IllegalArgumentException(""start cannot be null or empty"");}if (stop == null || stop.isEmpty()) {throw new IllegalArgumentException(""stop cannot be null or empty"");}this.start = start;this.stop = stop;<MASKED>}",this.escape = escapeLeft;
1355,c#,string_literal,"public virtual void SetDelimiters(string start, string stop, string escapeLeft){if (string.IsNullOrEmpty(start)){throw new ArgumentException(""start cannot be null or empty"");}if (string.IsNullOrEmpty(stop)){throw new ArgumentException(""stop cannot be null or empty"");}this.start = start;this.stop = stop;this.escape = escapeLeft;}","public virtual void SetDelimiters(string start, string stop, string escapeLeft){if (string.IsNullOrEmpty(start)){throw new ArgumentException(""start cannot be null or empty"");}if (string.IsNullOrEmpty(stop)){throw new ArgumentException(<MASKED>);}this.start = start;this.stop = stop;this.escape = escapeLeft;}","""stop cannot be null or empty"""
1356,java,string_literal,"public LazyAreaEval getColumn(int columnIndex) {if (columnIndex >= getWidth()) {throw new IllegalArgumentException(""Invalid columnIndex "" + columnIndex+ "".  Allowable range is (0.."" + getWidth() + "")."");}int absColIx = getFirstColumn() + columnIndex;return new LazyAreaEval(getFirstRow(), absColIx, getLastRow(), absColIx, _evaluator);}","public LazyAreaEval getColumn(int columnIndex) {if (columnIndex >= getWidth()) {throw new IllegalArgumentException(""Invalid columnIndex "" + columnIndex+ <MASKED> + getWidth() + "")."");}int absColIx = getFirstColumn() + columnIndex;return new LazyAreaEval(getFirstRow(), absColIx, getLastRow(), absColIx, _evaluator);}",""".  Allowable range is (0.."""
1357,c#,string_literal,"public override TwoDEval GetColumn(int columnIndex){if (columnIndex >= Width){throw new ArgumentException(""Invalid columnIndex "" + columnIndex+ "".  Allowable range is (0.."" + Width + "")."");}int absColIx = FirstColumn + columnIndex;return new LazyAreaEval(FirstRow, absColIx, LastRow, absColIx, _evaluator);}","public override TwoDEval GetColumn(int columnIndex){if (columnIndex >= Width){throw new ArgumentException(<MASKED> + columnIndex+ "".  Allowable range is (0.."" + Width + "")."");}int absColIx = FirstColumn + columnIndex;return new LazyAreaEval(FirstRow, absColIx, LastRow, absColIx, _evaluator);}","""Invalid columnIndex """
1358,java,expression_statement,public void serialize(LittleEndianOutput out) {out.writeByte(field_1_horizontalAlignment);out.writeByte(field_2_verticalAlignment);out.writeShort(field_3_displayMode);out.writeInt(field_4_rgbColor);out.writeInt(field_5_x);out.writeInt(field_6_y);out.writeInt(field_7_width);out.writeInt(field_8_height);out.writeShort(field_9_options1);out.writeShort(field_10_indexOfColorValue);out.writeShort(field_11_options2);out.writeShort(field_12_textRotation);},public void serialize(LittleEndianOutput out) {out.writeByte(field_1_horizontalAlignment);out.writeByte(field_2_verticalAlignment);out.writeShort(field_3_displayMode);out.writeInt(field_4_rgbColor);out.writeInt(field_5_x);out.writeInt(field_6_y);out.writeInt(field_7_width);out.writeInt(field_8_height);out.writeShort(field_9_options1);<MASKED>out.writeShort(field_11_options2);out.writeShort(field_12_textRotation);},out.writeShort(field_10_indexOfColorValue);
1359,c#,expression_statement,public override void Serialize(ILittleEndianOutput out1){out1.WriteByte(field_1_horizontalAlignment);out1.WriteByte(field_2_verticalAlignment);out1.WriteShort(field_3_DisplayMode);out1.WriteInt(field_4_rgbColor);out1.WriteInt(field_5_x);out1.WriteInt(field_6_y);out1.WriteInt(field_7_width);out1.WriteInt(field_8_height);out1.WriteShort(field_9_options1);out1.WriteShort(field_10_IndexOfColorValue);out1.WriteShort(field_11_options2);out1.WriteShort(field_12_textRotation);},public override void Serialize(ILittleEndianOutput out1){out1.WriteByte(field_1_horizontalAlignment);out1.WriteByte(field_2_verticalAlignment);out1.WriteShort(field_3_DisplayMode);out1.WriteInt(field_4_rgbColor);out1.WriteInt(field_5_x);out1.WriteInt(field_6_y);out1.WriteInt(field_7_width);out1.WriteInt(field_8_height);out1.WriteShort(field_9_options1);out1.WriteShort(field_10_IndexOfColorValue);<MASKED>out1.WriteShort(field_12_textRotation);},out1.WriteShort(field_11_options2);
1360,java,expression_statement,"public static BATBlock createBATBlock(final POIFSBigBlockSize bigBlockSize, ByteBuffer data){BATBlock block = new BATBlock(bigBlockSize);byte[] buffer = new byte[LittleEndian.INT_SIZE];for(int i=0; i<block._values.length; i++) {data.get(buffer);block._values[i] = LittleEndian.getInt(buffer);}block.recomputeFree();return block;}","public static BATBlock createBATBlock(final POIFSBigBlockSize bigBlockSize, ByteBuffer data){BATBlock block = new BATBlock(bigBlockSize);byte[] buffer = new byte[LittleEndian.INT_SIZE];for(int i=0; i<block._values.length; i++) {<MASKED>block._values[i] = LittleEndian.getInt(buffer);}block.recomputeFree();return block;}",data.get(buffer);
1361,c#,expression_statement,"public static BATBlock CreateBATBlock(POIFSBigBlockSize bigBlockSize, ByteBuffer data){BATBlock block = new BATBlock(bigBlockSize);byte[] buffer = new byte[LittleEndianConsts.INT_SIZE];for (int i = 0; i < block._values.Length; i++){data.Read(buffer);block._values[i] = LittleEndian.GetInt(buffer);}block.RecomputeFree();return block;}","public static BATBlock CreateBATBlock(POIFSBigBlockSize bigBlockSize, ByteBuffer data){BATBlock block = new BATBlock(bigBlockSize);byte[] buffer = new byte[LittleEndianConsts.INT_SIZE];for (int i = 0; i < block._values.Length; i++){data.Read(buffer);<MASKED>}block.RecomputeFree();return block;}",block._values[i] = LittleEndian.GetInt(buffer);
1362,java,string_literal,"public int getFormatIndex(CellValueRecordInterface cell) {ExtendedFormatRecord xfr = _xfRecords.get(cell.getXFIndex());if (xfr == null) {logger.log( POILogger.ERROR, ""Cell "" + cell.getRow() + "","" + cell.getColumn()+ "" uses XF with index "" + cell.getXFIndex() + "", but we don't have that"");return -1;}return xfr.getFormatIndex();}","public int getFormatIndex(CellValueRecordInterface cell) {ExtendedFormatRecord xfr = _xfRecords.get(cell.getXFIndex());if (xfr == null) {logger.log( POILogger.ERROR, ""Cell "" + cell.getRow() + <MASKED> + cell.getColumn()+ "" uses XF with index "" + cell.getXFIndex() + "", but we don't have that"");return -1;}return xfr.getFormatIndex();}",""","""
1363,c#,string_literal,"public int GetFormatIndex(CellValueRecordInterface cell){ExtendedFormatRecord xfr = (ExtendedFormatRecord)xfRecords[cell.XFIndex];if (xfr == null){logger.Log(POILogger.ERROR, ""Cell "" + cell.Row + "","" + cell.Column + "" uses XF with index "" + cell.XFIndex + "", but we don't have that"");return -1;}return xfr.FormatIndex;}","public int GetFormatIndex(CellValueRecordInterface cell){ExtendedFormatRecord xfr = (ExtendedFormatRecord)xfRecords[cell.XFIndex];if (xfr == null){logger.Log(POILogger.ERROR, ""Cell "" + cell.Row + "","" + cell.Column + <MASKED> + cell.XFIndex + "", but we don't have that"");return -1;}return xfr.FormatIndex;}",""" uses XF with index """
1364,java,expression_statement,"public ValueEval evaluate(int srcRowIndex, int srcColumnIndex, ValueEval arg0, ValueEval arg1,ValueEval arg2) {double result;try {result = evaluate(evalArg(arg0, srcRowIndex, srcColumnIndex), evalArg(arg1, srcRowIndex, srcColumnIndex), evalArg(arg2, srcRowIndex, srcColumnIndex));} catch (EvaluationException e) {return e.getErrorEval();}return new NumberEval(result);}","public ValueEval evaluate(int srcRowIndex, int srcColumnIndex, ValueEval arg0, ValueEval arg1,ValueEval arg2) {double result;try {<MASKED>} catch (EvaluationException e) {return e.getErrorEval();}return new NumberEval(result);}","result = evaluate(evalArg(arg0, srcRowIndex, srcColumnIndex), evalArg(arg1, srcRowIndex, srcColumnIndex), evalArg(arg2, srcRowIndex, srcColumnIndex));"
1365,c#,expression_statement,"public override ValueEval Evaluate(int srcRowIndex, int srcColumnIndex, ValueEval arg0, ValueEval arg1,ValueEval arg2){double result;try{result = Evaluate(EvalArg(arg0, srcRowIndex, srcColumnIndex), EvalArg(arg1, srcRowIndex, srcColumnIndex), EvalArg(arg2, srcRowIndex, srcColumnIndex));}catch (EvaluationException e){return e.GetErrorEval();}return new NumberEval(result);}","public override ValueEval Evaluate(int srcRowIndex, int srcColumnIndex, ValueEval arg0, ValueEval arg1,ValueEval arg2){double result;try{<MASKED>}catch (EvaluationException e){return e.GetErrorEval();}return new NumberEval(result);}","result = Evaluate(EvalArg(arg0, srcRowIndex, srcColumnIndex), EvalArg(arg1, srcRowIndex, srcColumnIndex), EvalArg(arg2, srcRowIndex, srcColumnIndex));"
1366,java,expression_statement,"public void initReader(ByteSliceReader reader, int termID, int stream) {assert stream < streamCount;int intStart = postingsArray.intStarts[termID];final int[] ints = intPool.buffers[intStart >> IntBlockPool.INT_BLOCK_SHIFT];final int upto = intStart & IntBlockPool.INT_BLOCK_MASK;reader.init(bytePool,postingsArray.byteStarts[termID]+stream*ByteBlockPool.FIRST_LEVEL_SIZE,ints[upto+stream]);}","public void initReader(ByteSliceReader reader, int termID, int stream) {assert stream < streamCount;int intStart = postingsArray.intStarts[termID];final int[] ints = intPool.buffers[intStart >> IntBlockPool.INT_BLOCK_SHIFT];final int upto = intStart & IntBlockPool.INT_BLOCK_MASK;<MASKED>}","reader.init(bytePool,postingsArray.byteStarts[termID]+stream*ByteBlockPool.FIRST_LEVEL_SIZE,ints[upto+stream]);"
1367,c#,expression_statement,"public void InitReader(ByteSliceReader reader, int termID, int stream){Debug.Assert(stream < streamCount);int intStart = postingsArray.intStarts[termID];int[] ints = intPool.Buffers[intStart >> Int32BlockPool.INT32_BLOCK_SHIFT];int upto = intStart & Int32BlockPool.INT32_BLOCK_MASK;reader.Init(bytePool, postingsArray.byteStarts[termID] + stream * ByteBlockPool.FIRST_LEVEL_SIZE, ints[upto + stream]);}","public void InitReader(ByteSliceReader reader, int termID, int stream){Debug.Assert(stream < streamCount);int intStart = postingsArray.intStarts[termID];int[] ints = intPool.Buffers[intStart >> Int32BlockPool.INT32_BLOCK_SHIFT];int upto = intStart & Int32BlockPool.INT32_BLOCK_MASK;<MASKED>}","reader.Init(bytePool, postingsArray.byteStarts[termID] + stream * ByteBlockPool.FIRST_LEVEL_SIZE, ints[upto + stream]);"
1368,java,expression_statement,"public byte[] toByteArray() throws IOException {final long len = length();if (Integer.MAX_VALUE < len)throw new OutOfMemoryError(JGitText.get().lengthExceedsMaximumArraySize);final byte[] out = new byte[(int) len];int outPtr = 0;for (Block b : blocks) {System.arraycopy(b.buffer, 0, out, outPtr, b.count);outPtr += b.count;}return out;}","public byte[] toByteArray() throws IOException {final long len = length();if (Integer.MAX_VALUE < len)throw new OutOfMemoryError(JGitText.get().lengthExceedsMaximumArraySize);final byte[] out = new byte[(int) len];int outPtr = 0;for (Block b : blocks) {System.arraycopy(b.buffer, 0, out, outPtr, b.count);<MASKED>}return out;}",outPtr += b.count;
1369,c#,expression_statement,"public virtual byte[] ToByteArray(){long len = Length();if (int.MaxValue < len){throw new OutOfMemoryException(JGitText.Get().lengthExceedsMaximumArraySize);}byte[] @out = new byte[(int)len];int outPtr = 0;foreach (TemporaryBuffer.Block b in blocks){System.Array.Copy(b.buffer, 0, @out, outPtr, b.count);outPtr += b.count;}return @out;}",public virtual byte[] ToByteArray(){long len = Length();if (int.MaxValue < len){throw new OutOfMemoryException(JGitText.Get().lengthExceedsMaximumArraySize);}byte[] @out = new byte[(int)len];int outPtr = 0;foreach (TemporaryBuffer.Block b in blocks){<MASKED>outPtr += b.count;}return @out;},"System.Array.Copy(b.buffer, 0, @out, outPtr, b.count);"
1370,java,expression_statement,"public DefaultAcsClient(IClientProfile profile, AlibabaCloudCredentialsProvider credentialsProvider) {this.clientProfile = profile;this.credentialsProvider = credentialsProvider;this.clientProfile.setCredentialsProvider(this.credentialsProvider);this.httpClient = HttpClientFactory.buildClient(this.clientProfile);this.endpointResolver = new DefaultEndpointResolver(this, profile);this.appendUserAgent(""HTTPClient"", this.httpClient.getClass().getSimpleName());}","public DefaultAcsClient(IClientProfile profile, AlibabaCloudCredentialsProvider credentialsProvider) {this.clientProfile = profile;this.credentialsProvider = credentialsProvider;this.clientProfile.setCredentialsProvider(this.credentialsProvider);this.httpClient = HttpClientFactory.buildClient(this.clientProfile);this.endpointResolver = new DefaultEndpointResolver(this, profile);<MASKED>}","this.appendUserAgent(""HTTPClient"", this.httpClient.getClass().getSimpleName());"
1371,c#,expression_statement,"public DefaultAcsClient(IClientProfile profile, AlibabaCloudCredentialsProvider credentialsProvider) : this(){clientProfile = profile;this.credentialsProvider = credentialsProvider;clientProfile.SetCredentialsProvider(this.credentialsProvider);}","public DefaultAcsClient(IClientProfile profile, AlibabaCloudCredentialsProvider credentialsProvider) : this(){clientProfile = profile;this.credentialsProvider = credentialsProvider;<MASKED>}",clientProfile.SetCredentialsProvider(this.credentialsProvider);
1372,java,expression_statement,"synchronized public QueryMaker getQueryMaker(ReadTask readTask) {Class<? extends ReadTask> readTaskClass = readTask.getClass();QueryMaker qm = readTaskQueryMaker.get(readTaskClass);if (qm == null) {try {qm = qmkrClass.getConstructor().newInstance();qm.setConfig(config);} catch (Exception e) {throw new RuntimeException(e);}readTaskQueryMaker.put(readTaskClass,qm);}return qm;}",synchronized public QueryMaker getQueryMaker(ReadTask readTask) {Class<? extends ReadTask> readTaskClass = readTask.getClass();QueryMaker qm = readTaskQueryMaker.get(readTaskClass);if (qm == null) {try {qm = qmkrClass.getConstructor().newInstance();qm.setConfig(config);} catch (Exception e) {throw new RuntimeException(e);}<MASKED>}return qm;},"readTaskQueryMaker.put(readTaskClass,qm);"
1373,c#,expression_statement,"public virtual IQueryMaker GetQueryMaker(ReadTask readTask){lock (this){Type readTaskClass = readTask.GetType();IQueryMaker qm;if (!readTaskQueryMaker.TryGetValue(readTaskClass, out qm) || qm == null){try{qm = (IQueryMaker)Activator.CreateInstance(qmkrClass);qm.SetConfig(config);}catch (Exception e){throw new Exception(e.ToString(), e);}readTaskQueryMaker[readTaskClass] = qm;}return qm;}}","public virtual IQueryMaker GetQueryMaker(ReadTask readTask){lock (this){Type readTaskClass = readTask.GetType();IQueryMaker qm;if (!readTaskQueryMaker.TryGetValue(readTaskClass, out qm) || qm == null){try{qm = (IQueryMaker)Activator.CreateInstance(qmkrClass);qm.SetConfig(config);}catch (Exception e){throw new Exception(e.ToString(), e);}<MASKED>}return qm;}}",readTaskQueryMaker[readTaskClass] = qm;
1374,java,string_literal,"public String getText(Interval interval) {int start = interval.a;int stop = interval.b;if ( start<0 || stop<0 ) return """";fill();if ( stop>=tokens.size() ) stop = tokens.size()-1;StringBuilder buf = new StringBuilder();for (int i = start; i <= stop; i++) {Token t = tokens.get(i);if ( t.getType()==Token.EOF ) break;buf.append(t.getText());}return buf.toString();}",public String getText(Interval interval) {int start = interval.a;int stop = interval.b;if ( start<0 || stop<0 ) return <MASKED>;fill();if ( stop>=tokens.size() ) stop = tokens.size()-1;StringBuilder buf = new StringBuilder();for (int i = start; i <= stop; i++) {Token t = tokens.get(i);if ( t.getType()==Token.EOF ) break;buf.append(t.getText());}return buf.toString();},""""""
1375,c#,expression_statement,public virtual string GetText(Interval interval){int start = interval.a;int stop = interval.b;if (start < 0 || stop < 0){return string.Empty;}LazyInit();if (stop >= tokens.Count){stop = tokens.Count - 1;}StringBuilder buf = new StringBuilder();for (int i = start; i <= stop; i++){IToken t = tokens[i];if (t.Type == TokenConstants.EOF){break;}buf.Append(t.Text);}return buf.ToString();},public virtual string GetText(Interval interval){int start = interval.a;int stop = interval.b;if (start < 0 || stop < 0){return string.Empty;}LazyInit();if (stop >= tokens.Count){stop = tokens.Count - 1;}StringBuilder buf = new StringBuilder();for (int i = start; i <= stop; i++){IToken t = tokens[i];if (t.Type == TokenConstants.EOF){break;}<MASKED>}return buf.ToString();},buf.Append(t.Text);
1376,java,expression_statement,"public static int update(int hash, int value) {final int c1 = 0xCC9E2D51;final int c2 = 0x1B873593;final int r1 = 15;final int r2 = 13;final int m = 5;final int n = 0xE6546B64;int k = value;k = k * c1;k = (k << r1) | (k >>> (32 - r1));k = k * c2;hash = hash ^ k;hash = (hash << r2) | (hash >>> (32 - r2));hash = hash * m + n;return hash;}","public static int update(int hash, int value) {final int c1 = 0xCC9E2D51;final int c2 = 0x1B873593;final int r1 = 15;final int r2 = 13;final int m = 5;final int n = 0xE6546B64;int k = value;k = k * c1;k = (k << r1) | (k >>> (32 - r1));k = k * c2;hash = hash ^ k;hash = (hash << r2) | (hash >>> (32 - r2));<MASKED>return hash;}",hash = hash * m + n;
1377,c#,expression_statement,"public static int Update(int hash, int value){int c1 = unchecked((int)(0xCC9E2D51));int c2 = unchecked((int)(0x1B873593));int r1 = 15;int r2 = 13;int m = 5;int n = unchecked((int)(0xE6546B64));int k = value;k = k * c1;k = (k << r1) | ((int)(((uint)k) >> (32 - r1)));k = k * c2;hash = hash ^ k;hash = (hash << r2) | ((int)(((uint)hash) >> (32 - r2)));hash = hash * m + n;return hash;}","public static int Update(int hash, int value){int c1 = unchecked((int)(0xCC9E2D51));int c2 = unchecked((int)(0x1B873593));int r1 = 15;int r2 = 13;int m = 5;int n = unchecked((int)(0xE6546B64));int k = value;k = k * c1;k = (k << r1) | ((int)(((uint)k) >> (32 - r1)));k = k * c2;<MASKED>hash = (hash << r2) | ((int)(((uint)hash) >> (32 - r2)));hash = hash * m + n;return hash;}",hash = hash ^ k;
1378,java,string_literal,"public void inform(ResourceLoader loader) {if (encoderClass.equals(""float"")){encoder = new FloatEncoder();} else if (encoderClass.equals(""integer"")){encoder = new IntegerEncoder();} else if (encoderClass.equals(""identity"")){encoder = new IdentityEncoder();} else {encoder = loader.newInstance(encoderClass, PayloadEncoder.class);}}","public void inform(ResourceLoader loader) {if (encoderClass.equals(""float"")){encoder = new FloatEncoder();} else if (encoderClass.equals(""integer"")){encoder = new IntegerEncoder();} else if (encoderClass.equals(<MASKED>)){encoder = new IdentityEncoder();} else {encoder = loader.newInstance(encoderClass, PayloadEncoder.class);}}","""identity"""
1379,c#,string_literal,"public virtual void Inform(IResourceLoader loader){if (encoderClass.Equals(""float"", StringComparison.Ordinal)){encoder = new SingleEncoder();}else if (encoderClass.Equals(""integer"", StringComparison.Ordinal)){encoder = new IntegerEncoder();}else if (encoderClass.Equals(""identity"", StringComparison.Ordinal)){encoder = new IdentityEncoder();}else{encoder = loader.NewInstance<IPayloadEncoder>(encoderClass );}}","public virtual void Inform(IResourceLoader loader){if (encoderClass.Equals(""float"", StringComparison.Ordinal)){encoder = new SingleEncoder();}else if (encoderClass.Equals(<MASKED>, StringComparison.Ordinal)){encoder = new IntegerEncoder();}else if (encoderClass.Equals(""identity"", StringComparison.Ordinal)){encoder = new IdentityEncoder();}else{encoder = loader.NewInstance<IPayloadEncoder>(encoderClass );}}","""integer"""
1380,java,expression_statement,"public TermRangeQuery(String field, BytesRef lowerTerm, BytesRef upperTerm, boolean includeLower, boolean includeUpper) {super(new Term(field, lowerTerm), toAutomaton(lowerTerm, upperTerm, includeLower, includeUpper), Integer.MAX_VALUE, true);this.lowerTerm = lowerTerm;this.upperTerm = upperTerm;this.includeLower = includeLower;this.includeUpper = includeUpper;}","public TermRangeQuery(String field, BytesRef lowerTerm, BytesRef upperTerm, boolean includeLower, boolean includeUpper) {super<MASKED>this.lowerTerm = lowerTerm;this.upperTerm = upperTerm;this.includeLower = includeLower;this.includeUpper = includeUpper;}","(new Term(field, lowerTerm), toAutomaton(lowerTerm, upperTerm, includeLower, includeUpper), Integer.MAX_VALUE, true);"
1381,c#,expression_statement,"public TermRangeQuery(string field, BytesRef lowerTerm, BytesRef upperTerm, bool includeLower, bool includeUpper): base(field){this.lowerTerm = lowerTerm;this.upperTerm = upperTerm;this.includeLower = includeLower;this.includeUpper = includeUpper;}","public TermRangeQuery(string field, BytesRef lowerTerm, BytesRef upperTerm, bool includeLower, bool includeUpper): base(field){this.lowerTerm = lowerTerm;this.upperTerm = upperTerm;<MASKED>this.includeUpper = includeUpper;}",this.includeLower = includeLower;
1382,java,expression_statement,"public static String fileNameFromGeneration(String base, String ext, long gen) {if (gen == -1) {return null;} else if (gen == 0) {return segmentFileName(base, """", ext);} else {assert gen > 0;StringBuilder res = new StringBuilder(base.length() + 6 + ext.length()).append(base).append('_').append(Long.toString(gen, Character.MAX_RADIX));if (ext.length() > 0) {res.append('.').append(ext);}return res.toString();}}","public static String fileNameFromGeneration(String base, String ext, long gen) {if (gen == -1) {return null;} else if (gen == 0) {return segmentFileName(base, """", ext);} else {assert gen > 0;StringBuilder res = new StringBuilder(base.length() + 6 + ext.length()).append(base).append('_').append(Long.toString(gen, Character.MAX_RADIX));if (ext.length() > 0) {<MASKED>}return res.toString();}}",res.append('.').append(ext);
1383,c#,string_literal,"public static string FileNameFromGeneration(string @base, string ext, long gen){if (gen == -1){return null;}else if (gen == 0){return SegmentFileName(@base, """", ext);}else{Debug.Assert(gen > 0);StringBuilder res = (new StringBuilder(@base.Length + 6 + ext.Length)).Append(@base).Append('_').Append(gen.ToString(Character.MaxRadix));if (ext.Length > 0){res.Append('.').Append(ext);}return res.ToString();}}","public static string FileNameFromGeneration(string @base, string ext, long gen){if (gen == -1){return null;}else if (gen == 0){return SegmentFileName(@base, <MASKED>, ext);}else{Debug.Assert(gen > 0);StringBuilder res = (new StringBuilder(@base.Length + 6 + ext.Length)).Append(@base).Append('_').Append(gen.ToString(Character.MaxRadix));if (ext.Length > 0){res.Append('.').Append(ext);}return res.ToString();}}",""""""
1384,java,string_literal,"public String toString() {StringBuilder buffer = new StringBuilder();buffer.append(""[RECALCID]\n"");buffer.append(""    .reserved = "").append(HexDump.shortToHex(_reserved0)).append(""\n"");buffer.append(""    .engineId = "").append(HexDump.intToHex(_engineId)).append(""\n"");buffer.append(""[/RECALCID]\n"");return buffer.toString();}","public String toString() {StringBuilder buffer = new StringBuilder();buffer.append(""[RECALCID]\n"");buffer.append(<MASKED>).append(HexDump.shortToHex(_reserved0)).append(""\n"");buffer.append(""    .engineId = "").append(HexDump.intToHex(_engineId)).append(""\n"");buffer.append(""[/RECALCID]\n"");return buffer.toString();}","""    .reserved = """
1385,c#,expression_statement,"public override String ToString(){StringBuilder buffer = new StringBuilder();buffer.Append(""[RECALCID]\n"");buffer.Append(""    .reserved = "").Append(HexDump.ShortToHex(_reserved0)).Append(""\n"");buffer.Append(""    .engineId = "").Append(HexDump.IntToHex(_engineId)).Append(""\n"");buffer.Append(""[/RECALCID]\n"");return buffer.ToString();}","public override String ToString(){StringBuilder buffer = new StringBuilder();buffer.Append(""[RECALCID]\n"");buffer.Append(""    .reserved = "").Append(HexDump.ShortToHex(_reserved0)).Append(""\n"");<MASKED>buffer.Append(""[/RECALCID]\n"");return buffer.ToString();}","buffer.Append(""    .engineId = "").Append(HexDump.IntToHex(_engineId)).Append(""\n"");"
1386,java,string_literal,"public String toString(){StringBuilder buffer = new StringBuilder();buffer.append(""[DEFAULTROWHEIGHT]\n"");buffer.append(""    .optionflags    = "").append(Integer.toHexString(getOptionFlags())).append(""\n"");buffer.append(""    .rowheight      = "").append(Integer.toHexString(getRowHeight())).append(""\n"");buffer.append(""[/DEFAULTROWHEIGHT]\n"");return buffer.toString();}","public String toString(){StringBuilder buffer = new StringBuilder();buffer.append(""[DEFAULTROWHEIGHT]\n"");buffer.append(""    .optionflags    = "").append(Integer.toHexString(getOptionFlags())).append(""\n"");buffer.append(""    .rowheight      = "").append(Integer.toHexString(getRowHeight())).append(<MASKED>);buffer.append(""[/DEFAULTROWHEIGHT]\n"");return buffer.toString();}","""\n"""
1387,c#,string_literal,"public override String ToString(){StringBuilder buffer = new StringBuilder();buffer.Append(""[DEFAULTROWHEIGHT]\n"");buffer.Append(""    .optionflags    = "").Append(StringUtil.ToHexString(OptionFlags)).Append(""\n"");buffer.Append(""    .rowheight      = "").Append(StringUtil.ToHexString(RowHeight)).Append(""\n"");buffer.Append(""[/DEFAULTROWHEIGHT]\n"");return buffer.ToString();}","public override String ToString(){StringBuilder buffer = new StringBuilder();buffer.Append(""[DEFAULTROWHEIGHT]\n"");buffer.Append(<MASKED>).Append(StringUtil.ToHexString(OptionFlags)).Append(""\n"");buffer.Append(""    .rowheight      = "").Append(StringUtil.ToHexString(RowHeight)).Append(""\n"");buffer.Append(""[/DEFAULTROWHEIGHT]\n"");return buffer.ToString();}","""    .optionflags    = """
1388,java,expression_statement,public boolean stem() {r_mark_regions();limit_backward = cursor;cursor = limit;int v_2 = limit - cursor;r_attached_pronoun();cursor = limit - v_2;int v_3 = limit - cursor;lab0: {lab1: {int v_4 = limit - cursor;lab2: {if (!r_standard_suffix()){break lab2;}break lab1;}cursor = limit - v_4;if (!r_verb_suffix()){break lab0;}}}cursor = limit - v_3;int v_5 = limit - cursor;r_residual_suffix();cursor = limit - v_5;cursor = limit_backward;int v_6 = cursor;r_cleaning();cursor = v_6;return true;},public boolean stem() {r_mark_regions();limit_backward = cursor;cursor = limit;int v_2 = limit - cursor;<MASKED>cursor = limit - v_2;int v_3 = limit - cursor;lab0: {lab1: {int v_4 = limit - cursor;lab2: {if (!r_standard_suffix()){break lab2;}break lab1;}cursor = limit - v_4;if (!r_verb_suffix()){break lab0;}}}cursor = limit - v_3;int v_5 = limit - cursor;r_residual_suffix();cursor = limit - v_5;cursor = limit_backward;int v_6 = cursor;r_cleaning();cursor = v_6;return true;},r_attached_pronoun();
1389,c#,expression_statement,public override bool Stem(){int v_1;int v_2;int v_3;int v_4;int v_5;int v_6;v_1 = m_cursor;do{if (!r_mark_regions()){goto lab0;}} while (false);lab0:m_cursor = v_1;m_limit_backward = m_cursor; m_cursor = m_limit;v_2 = m_limit - m_cursor;do{if (!r_attached_pronoun()){goto lab1;}} while (false);lab1:m_cursor = m_limit - v_2;v_3 = m_limit - m_cursor;do{do{v_4 = m_limit - m_cursor;do{if (!r_standard_suffix()){goto lab4;}goto lab3;} while (false);lab4:m_cursor = m_limit - v_4;if (!r_verb_suffix()){goto lab2;}} while (false);lab3:;} while (false);lab2:m_cursor = m_limit - v_3;v_5 = m_limit - m_cursor;do{if (!r_residual_suffix()){goto lab5;}} while (false);lab5:m_cursor = m_limit - v_5;m_cursor = m_limit_backward;                    v_6 = m_cursor;do{if (!r_cleaning()){goto lab6;}} while (false);lab6:m_cursor = v_6;return true;},public override bool Stem(){int v_1;int v_2;int v_3;int v_4;int v_5;int v_6;v_1 = m_cursor;do{if (!r_mark_regions()){goto lab0;}} while (false);lab0:m_cursor = v_1;<MASKED> m_cursor = m_limit;v_2 = m_limit - m_cursor;do{if (!r_attached_pronoun()){goto lab1;}} while (false);lab1:m_cursor = m_limit - v_2;v_3 = m_limit - m_cursor;do{do{v_4 = m_limit - m_cursor;do{if (!r_standard_suffix()){goto lab4;}goto lab3;} while (false);lab4:m_cursor = m_limit - v_4;if (!r_verb_suffix()){goto lab2;}} while (false);lab3:;} while (false);lab2:m_cursor = m_limit - v_3;v_5 = m_limit - m_cursor;do{if (!r_residual_suffix()){goto lab5;}} while (false);lab5:m_cursor = m_limit - v_5;m_cursor = m_limit_backward;                    v_6 = m_cursor;do{if (!r_cleaning()){goto lab6;}} while (false);lab6:m_cursor = v_6;return true;},m_limit_backward = m_cursor;
1390,java,expression_statement,"final public void OptionalWeights(SrndQuery q) throws ParseException {Token weight=null;label_8:while (true) {switch ((jj_ntk==-1)?jj_ntk():jj_ntk) {case CARAT:;break;default:jj_la1[9] = jj_gen;break label_8;}jj_consume_token(CARAT);weight = jj_consume_token(NUMBER);float f;try {f = Float.parseFloat(weight.image);} catch (Exception floatExc) {{if (true) throw new ParseException(BOOST_ERROR_MESSAGE + weight.image + "" ("" + floatExc + "")"");}}if (f <= 0.0) {{if (true) throw new ParseException(BOOST_ERROR_MESSAGE + weight.image);}}q.setWeight(f * q.getWeight()); }}","final public void OptionalWeights(SrndQuery q) throws ParseException {Token weight=null;label_8:while (true) {switch ((jj_ntk==-1)?jj_ntk():jj_ntk) {case CARAT:;break;default:jj_la1[9] = jj_gen;break label_8;}<MASKED>weight = jj_consume_token(NUMBER);float f;try {f = Float.parseFloat(weight.image);} catch (Exception floatExc) {{if (true) throw new ParseException(BOOST_ERROR_MESSAGE + weight.image + "" ("" + floatExc + "")"");}}if (f <= 0.0) {{if (true) throw new ParseException(BOOST_ERROR_MESSAGE + weight.image);}}q.setWeight(f * q.getWeight()); }}",jj_consume_token(CARAT);
1391,c#,expression_statement,"public void OptionalWeights(SrndQuery q){Token weight = null;while (true){switch ((jj_ntk == -1) ? Jj_ntk() : jj_ntk){case RegexpToken.CARAT:;break;default:jj_la1[9] = jj_gen;goto label_8;}Jj_consume_token(RegexpToken.CARAT);weight = Jj_consume_token(RegexpToken.NUMBER);float f;try{f = float.Parse(weight.Image);}catch (Exception floatExc){{ if (true) throw new ParseException(boostErrorMessage + weight.Image + "" ("" + floatExc + "")""); }}if (f <= 0.0){{ if (true) throw new ParseException(boostErrorMessage + weight.Image); }}q.Weight = (f * q.Weight); }label_8: ;}","public void OptionalWeights(SrndQuery q){Token weight = null;while (true){switch ((jj_ntk == -1) ? Jj_ntk() : jj_ntk){case RegexpToken.CARAT:;break;default:<MASKED>goto label_8;}Jj_consume_token(RegexpToken.CARAT);weight = Jj_consume_token(RegexpToken.NUMBER);float f;try{f = float.Parse(weight.Image);}catch (Exception floatExc){{ if (true) throw new ParseException(boostErrorMessage + weight.Image + "" ("" + floatExc + "")""); }}if (f <= 0.0){{ if (true) throw new ParseException(boostErrorMessage + weight.Image); }}q.Weight = (f * q.Weight); }label_8: ;}",jj_la1[9] = jj_gen;
1392,java,expression_statement,"public DoubleRange(String label, double minIn, boolean minInclusive, double maxIn, boolean maxInclusive) {super(label);if (Double.isNaN(minIn)) {throw new IllegalArgumentException(""min cannot be NaN"");}if (!minInclusive) {minIn = Math.nextUp(minIn);}if (Double.isNaN(maxIn)) {throw new IllegalArgumentException(""max cannot be NaN"");}if (!maxInclusive) {maxIn = Math.nextAfter(maxIn, Double.NEGATIVE_INFINITY);}if (minIn > maxIn) {failNoMatch();}this.min = minIn;this.max = maxIn;}","public DoubleRange(String label, double minIn, boolean minInclusive, double maxIn, boolean maxInclusive) {super(label);if (Double.isNaN(minIn)) {throw new IllegalArgumentException(""min cannot be NaN"");}if (!minInclusive) {minIn = Math.nextUp(minIn);}if (Double.isNaN(maxIn)) {throw new IllegalArgumentException(""max cannot be NaN"");}if (!maxInclusive) {<MASKED>}if (minIn > maxIn) {failNoMatch();}this.min = minIn;this.max = maxIn;}","maxIn = Math.nextAfter(maxIn, Double.NEGATIVE_INFINITY);"
1393,c#,expression_statement,"public DoubleRange(string label, double minIn, bool minInclusive, double maxIn, bool maxInclusive): base(label){this.Min = minIn;this.Max = maxIn;this.MinInclusive = minInclusive;this.MaxInclusive = maxInclusive;if (double.IsNaN(Min)){throw new System.ArgumentException(""min cannot be NaN"");}if (!minInclusive){minIn += EPSILON;}if (double.IsNaN(Max)){throw new System.ArgumentException(""max cannot be NaN"");}if (!maxInclusive){maxIn = maxIn -= EPSILON;}if (minIn > maxIn){FailNoMatch();}this.minIncl = minIn;this.maxIncl = maxIn;}","public DoubleRange(string label, double minIn, bool minInclusive, double maxIn, bool maxInclusive): base(label){this.Min = minIn;<MASKED>this.MinInclusive = minInclusive;this.MaxInclusive = maxInclusive;if (double.IsNaN(Min)){throw new System.ArgumentException(""min cannot be NaN"");}if (!minInclusive){minIn += EPSILON;}if (double.IsNaN(Max)){throw new System.ArgumentException(""max cannot be NaN"");}if (!maxInclusive){maxIn = maxIn -= EPSILON;}if (minIn > maxIn){FailNoMatch();}this.minIncl = minIn;this.maxIncl = maxIn;}",this.Max = maxIn;
1394,java,expression_statement,"public RecordInputStream createDecryptingStream(InputStream original) {String userPassword = Biff8EncryptionKey.getCurrentUserPassword();if (userPassword == null) {userPassword = Decryptor.DEFAULT_PASSWORD;}EncryptionInfo info = _filePassRec.getEncryptionInfo();try {if (!info.getDecryptor().verifyPassword(userPassword)) {throw new EncryptedDocumentException((Decryptor.DEFAULT_PASSWORD.equals(userPassword) ? ""Default"" : ""Supplied"")+ "" password is invalid for salt/verifier/verifierHash"");}} catch (GeneralSecurityException e) {throw new EncryptedDocumentException(e);}return new RecordInputStream(original, info, _initialRecordsSize);}","public RecordInputStream createDecryptingStream(InputStream original) {String userPassword = Biff8EncryptionKey.getCurrentUserPassword();if (userPassword == null) {<MASKED>}EncryptionInfo info = _filePassRec.getEncryptionInfo();try {if (!info.getDecryptor().verifyPassword(userPassword)) {throw new EncryptedDocumentException((Decryptor.DEFAULT_PASSWORD.equals(userPassword) ? ""Default"" : ""Supplied"")+ "" password is invalid for salt/verifier/verifierHash"");}} catch (GeneralSecurityException e) {throw new EncryptedDocumentException(e);}return new RecordInputStream(original, info, _initialRecordsSize);}",userPassword = Decryptor.DEFAULT_PASSWORD;
1395,c#,string_literal,"public RecordInputStream CreateDecryptingStream(Stream original){FilePassRecord fpr = _filePassRec;String userPassword = Biff8EncryptionKey.CurrentUserPassword;Biff8EncryptionKey key;if (userPassword == null){key = Biff8EncryptionKey.Create(fpr.DocId);}else{key = Biff8EncryptionKey.Create(userPassword, fpr.DocId);}if (!key.Validate(fpr.SaltData, fpr.SaltHash)){throw new EncryptedDocumentException((userPassword == null ? ""Default"" : ""Supplied"")+ "" password is invalid for docId/saltData/saltHash"");}return new RecordInputStream(original, key, _InitialRecordsSize);}","public RecordInputStream CreateDecryptingStream(Stream original){FilePassRecord fpr = _filePassRec;String userPassword = Biff8EncryptionKey.CurrentUserPassword;Biff8EncryptionKey key;if (userPassword == null){key = Biff8EncryptionKey.Create(fpr.DocId);}else{key = Biff8EncryptionKey.Create(userPassword, fpr.DocId);}if (!key.Validate(fpr.SaltData, fpr.SaltHash)){throw new EncryptedDocumentException((userPassword == null ? <MASKED> : ""Supplied"")+ "" password is invalid for docId/saltData/saltHash"");}return new RecordInputStream(original, key, _InitialRecordsSize);}","""Default"""
1396,java,expression_statement,"public List<Note> call() throws GitAPIException {checkCallable();List<Note> notes = new ArrayList<>();NoteMap map = NoteMap.newEmptyMap();try (RevWalk walk = new RevWalk(repo)) {Ref ref = repo.findRef(notesRef);if (ref != null) {RevCommit notesCommit = walk.parseCommit(ref.getObjectId());map = NoteMap.read(walk.getObjectReader(), notesCommit);}Iterator<Note> i = map.iterator();while (i.hasNext())notes.add(i.next());} catch (IOException e) {throw new JGitInternalException(e.getMessage(), e);}return notes;}","public List<Note> call() throws GitAPIException {checkCallable();List<Note> notes = new ArrayList<>();NoteMap map = NoteMap.newEmptyMap();try (RevWalk walk = new RevWalk(repo)) {Ref ref = repo.findRef(notesRef);if (ref != null) {RevCommit notesCommit = walk.parseCommit(ref.getObjectId());map = NoteMap.read(walk.getObjectReader(), notesCommit);}Iterator<Note> i = map.iterator();while (i.hasNext())<MASKED>} catch (IOException e) {throw new JGitInternalException(e.getMessage(), e);}return notes;}",notes.add(i.next());
1397,c#,expression_statement,"public override IList<Note> Call(){CheckCallable();IList<Note> notes = new AList<Note>();RevWalk walk = new RevWalk(repo);NoteMap map = NoteMap.NewEmptyMap();try{Ref @ref = repo.GetRef(notesRef);if (@ref != null){RevCommit notesCommit = walk.ParseCommit(@ref.GetObjectId());map = NoteMap.Read(walk.GetObjectReader(), notesCommit);}Iterator<Note> i = map.Iterator();while (i.HasNext()){notes.AddItem(i.Next());}}catch (IOException e){throw new JGitInternalException(e.Message, e);}finally{walk.Release();}return notes;}","public override IList<Note> Call(){CheckCallable();IList<Note> notes = new AList<Note>();RevWalk walk = new RevWalk(repo);NoteMap map = NoteMap.NewEmptyMap();try{Ref @ref = repo.GetRef(notesRef);if (@ref != null){RevCommit notesCommit = walk.ParseCommit(@ref.GetObjectId());<MASKED>}Iterator<Note> i = map.Iterator();while (i.HasNext()){notes.AddItem(i.Next());}}catch (IOException e){throw new JGitInternalException(e.Message, e);}finally{walk.Release();}return notes;}","map = NoteMap.Read(walk.GetObjectReader(), notesCommit);"
1398,java,expression_statement,"public void addField(String fieldName, String text, Analyzer analyzer) {if (fieldName == null)throw new IllegalArgumentException(""fieldName must not be null"");if (text == null)throw new IllegalArgumentException(""text must not be null"");if (analyzer == null)throw new IllegalArgumentException(""analyzer must not be null"");TokenStream stream = analyzer.tokenStream(fieldName, text);storeTerms(getInfo(fieldName, defaultFieldType), stream,analyzer.getPositionIncrementGap(fieldName), analyzer.getOffsetGap(fieldName));}","public void addField(String fieldName, String text, Analyzer analyzer) {if (fieldName == null)throw new IllegalArgumentException(""fieldName must not be null"");if (text == null)throw new IllegalArgumentException(""text must not be null"");if (analyzer == null)throw new IllegalArgumentException(""analyzer must not be null"");TokenStream stream = analyzer.tokenStream(fieldName, text);<MASKED>}","storeTerms(getInfo(fieldName, defaultFieldType), stream,analyzer.getPositionIncrementGap(fieldName), analyzer.getOffsetGap(fieldName));"
1399,c#,string_literal,"public virtual void AddField(string fieldName, string text, Analyzer analyzer){if (fieldName == null){throw new System.ArgumentException(""fieldName must not be null"");}if (text == null){throw new System.ArgumentException(""text must not be null"");}if (analyzer == null){throw new System.ArgumentException(""analyzer must not be null"");}TokenStream stream;try{stream = analyzer.GetTokenStream(fieldName, text);}catch (IOException ex){throw new Exception(ex.ToString(), ex);}AddField(fieldName, stream, 1.0f, analyzer.GetPositionIncrementGap(fieldName), analyzer.GetOffsetGap(fieldName));}","public virtual void AddField(string fieldName, string text, Analyzer analyzer){if (fieldName == null){throw new System.ArgumentException(""fieldName must not be null"");}if (text == null){throw new System.ArgumentException(<MASKED>);}if (analyzer == null){throw new System.ArgumentException(""analyzer must not be null"");}TokenStream stream;try{stream = analyzer.GetTokenStream(fieldName, text);}catch (IOException ex){throw new Exception(ex.ToString(), ex);}AddField(fieldName, stream, 1.0f, analyzer.GetPositionIncrementGap(fieldName), analyzer.GetOffsetGap(fieldName));}","""text must not be null"""
1400,java,expression_statement,"public CapitalizationFilterFactory(Map<String, String> args) {super(args);boolean ignoreCase = getBoolean(args, KEEP_IGNORE_CASE, false);Set<String> k = getSet(args, KEEP);if (k != null) {keep = new CharArraySet(10, ignoreCase);keep.addAll(k);}k = getSet(args, OK_PREFIX);if (k != null) {okPrefix = new ArrayList<>();for (String item : k) {okPrefix.add(item.toCharArray());}}minWordLength = getInt(args, MIN_WORD_LENGTH, 0);maxWordCount = getInt(args, MAX_WORD_COUNT, CapitalizationFilter.DEFAULT_MAX_WORD_COUNT);maxTokenLength = getInt(args, MAX_TOKEN_LENGTH, CapitalizationFilter.DEFAULT_MAX_TOKEN_LENGTH);onlyFirstWord = getBoolean(args, ONLY_FIRST_WORD, true);forceFirstLetter = getBoolean(args, FORCE_FIRST_LETTER, true);if (!args.isEmpty()) {throw new IllegalArgumentException(""Unknown parameters: "" + args);}}","public CapitalizationFilterFactory(Map<String, String> args) {super(args);boolean ignoreCase = getBoolean(args, KEEP_IGNORE_CASE, false);Set<String> k = getSet(args, KEEP);if (k != null) {keep = new CharArraySet(10, ignoreCase);<MASKED>}k = getSet(args, OK_PREFIX);if (k != null) {okPrefix = new ArrayList<>();for (String item : k) {okPrefix.add(item.toCharArray());}}minWordLength = getInt(args, MIN_WORD_LENGTH, 0);maxWordCount = getInt(args, MAX_WORD_COUNT, CapitalizationFilter.DEFAULT_MAX_WORD_COUNT);maxTokenLength = getInt(args, MAX_TOKEN_LENGTH, CapitalizationFilter.DEFAULT_MAX_TOKEN_LENGTH);onlyFirstWord = getBoolean(args, ONLY_FIRST_WORD, true);forceFirstLetter = getBoolean(args, FORCE_FIRST_LETTER, true);if (!args.isEmpty()) {throw new IllegalArgumentException(""Unknown parameters: "" + args);}}",keep.addAll(k);
1401,c#,expression_statement,"public CapitalizationFilterFactory(IDictionary<string, string> args): base(args){AssureMatchVersion();bool ignoreCase = GetBoolean(args, KEEP_IGNORE_CASE, false);ICollection<string> k = GetSet(args, KEEP);if (k != null){keep = new CharArraySet(m_luceneMatchVersion, 10, ignoreCase);keep.UnionWith(k);}k = GetSet(args, OK_PREFIX);if (k != null){okPrefix = new List<char[]>();foreach (string item in k){okPrefix.Add(item.ToCharArray());}}minWordLength = GetInt32(args, MIN_WORD_LENGTH, 0);maxWordCount = GetInt32(args, MAX_WORD_COUNT, CapitalizationFilter.DEFAULT_MAX_WORD_COUNT);maxTokenLength = GetInt32(args, MAX_TOKEN_LENGTH, CapitalizationFilter.DEFAULT_MAX_TOKEN_LENGTH);onlyFirstWord = GetBoolean(args, ONLY_FIRST_WORD, true);forceFirstLetter = GetBoolean(args, FORCE_FIRST_LETTER, true);culture = GetCulture(args, CULTURE, null);if (args.Count > 0){throw new System.ArgumentException(""Unknown parameters: "" + args);}}","public CapitalizationFilterFactory(IDictionary<string, string> args): base(args){AssureMatchVersion();bool ignoreCase = GetBoolean(args, KEEP_IGNORE_CASE, false);ICollection<string> k = GetSet(args, KEEP);if (k != null){keep = new CharArraySet(m_luceneMatchVersion, 10, ignoreCase);keep.UnionWith(k);}<MASKED>if (k != null){okPrefix = new List<char[]>();foreach (string item in k){okPrefix.Add(item.ToCharArray());}}minWordLength = GetInt32(args, MIN_WORD_LENGTH, 0);maxWordCount = GetInt32(args, MAX_WORD_COUNT, CapitalizationFilter.DEFAULT_MAX_WORD_COUNT);maxTokenLength = GetInt32(args, MAX_TOKEN_LENGTH, CapitalizationFilter.DEFAULT_MAX_TOKEN_LENGTH);onlyFirstWord = GetBoolean(args, ONLY_FIRST_WORD, true);forceFirstLetter = GetBoolean(args, FORCE_FIRST_LETTER, true);culture = GetCulture(args, CULTURE, null);if (args.Count > 0){throw new System.ArgumentException(""Unknown parameters: "" + args);}}","k = GetSet(args, OK_PREFIX);"
1402,java,expression_statement,"public String toString() {StringBuilder sb = new StringBuilder();sb.append(""[STYLE]\n"");sb.append(""    .xf_index_raw ="").append(HexDump.shortToHex(field_1_xf_index)).append(""\n"");sb.append(""        .type     ="").append(isBuiltin() ? ""built-in"" : ""user-defined"").append(""\n"");sb.append(""        .xf_index ="").append(HexDump.shortToHex(getXFIndex())).append(""\n"");if (isBuiltin()){sb.append(""    .builtin_style="").append(HexDump.byteToHex(field_2_builtin_style)).append(""\n"");sb.append(""    .outline_level="").append(HexDump.byteToHex(field_3_outline_style_level)).append(""\n"");} else {sb.append(""    .name        ="").append(getName()).append(""\n"");}sb.append(""[/STYLE]\n"");return sb.toString();}","public String toString() {StringBuilder sb = new StringBuilder();sb.append(""[STYLE]\n"");sb.append(""    .xf_index_raw ="").append(HexDump.shortToHex(field_1_xf_index)).append(""\n"");sb.append(""        .type     ="").append(isBuiltin() ? ""built-in"" : ""user-defined"").append(""\n"");sb.append(""        .xf_index ="").append(HexDump.shortToHex(getXFIndex())).append(""\n"");if (isBuiltin()){sb.append(""    .builtin_style="").append(HexDump.byteToHex(field_2_builtin_style)).append(""\n"");sb.append(""    .outline_level="").append(HexDump.byteToHex(field_3_outline_style_level)).append(""\n"");} else {sb.append(""    .name        ="").append(getName()).append(""\n"");}<MASKED>return sb.toString();}","sb.append(""[/STYLE]\n"");"
1403,c#,expression_statement,"public override String ToString(){StringBuilder buffer = new StringBuilder();buffer.Append(""[STYLE]\n"");buffer.Append(""    .xf_index_raw    = "").Append(HexDump.ShortToHex(field_1_xf_index)).Append(""\n"");buffer.Append(""        .type        = "").Append(IsBuiltin?""built-in"":""user-defined"").Append(""\n"");buffer.Append(""        .xf_index    = "").Append(HexDump.ShortToHex(XFIndex)).Append(""\n"");if (IsBuiltin){buffer.Append(""    .builtin_style   = "").Append(HexDump.ByteToHex(field_2_builtin_style)).Append(""\n"");buffer.Append(""    .outline_level   = "").Append(HexDump.ByteToHex(field_3_outline_style_level)).Append(""\n"");}else{buffer.Append(""    .name            = "").Append(Name).Append(""\n"");}buffer.Append(""[/STYLE]\n"");return buffer.ToString();}","public override String ToString(){StringBuilder buffer = new StringBuilder();buffer.Append(""[STYLE]\n"");buffer.Append(""    .xf_index_raw    = "").Append(HexDump.ShortToHex(field_1_xf_index)).Append(""\n"");buffer.Append(""        .type        = "").Append(IsBuiltin?""built-in"":""user-defined"").Append(""\n"");buffer.Append(""        .xf_index    = "").Append(HexDump.ShortToHex(XFIndex)).Append(""\n"");if (IsBuiltin){buffer.Append(""    .builtin_style   = "").Append(HexDump.ByteToHex(field_2_builtin_style)).Append(""\n"");buffer.Append(""    .outline_level   = "").Append(HexDump.ByteToHex(field_3_outline_style_level)).Append(""\n"");}else{<MASKED>}buffer.Append(""[/STYLE]\n"");return buffer.ToString();}","buffer.Append(""    .name            = "").Append(Name).Append(""\n"");"
1404,java,string_literal,"public String getText(Interval interval) {if (interval.a < 0 || interval.b < interval.a - 1) {throw new IllegalArgumentException(""invalid interval"");}int bufferStartIndex = getBufferStartIndex();if (n > 0 && data[n - 1] == Character.MAX_VALUE) {if (interval.a + interval.length() > bufferStartIndex + n) {throw new IllegalArgumentException(""the interval extends past the end of the stream"");}}if (interval.a < bufferStartIndex || interval.b >= bufferStartIndex + n) {throw new UnsupportedOperationException(""interval ""+interval+"" outside buffer: ""+bufferStartIndex+""..""+(bufferStartIndex+n-1));}int i = interval.a - bufferStartIndex;return new String(data, i, interval.length());}","public String getText(Interval interval) {if (interval.a < 0 || interval.b < interval.a - 1) {throw new IllegalArgumentException(""invalid interval"");}int bufferStartIndex = getBufferStartIndex();if (n > 0 && data[n - 1] == Character.MAX_VALUE) {if (interval.a + interval.length() > bufferStartIndex + n) {throw new IllegalArgumentException(<MASKED>);}}if (interval.a < bufferStartIndex || interval.b >= bufferStartIndex + n) {throw new UnsupportedOperationException(""interval ""+interval+"" outside buffer: ""+bufferStartIndex+""..""+(bufferStartIndex+n-1));}int i = interval.a - bufferStartIndex;return new String(data, i, interval.length());}","""the interval extends past the end of the stream"""
1405,c#,expression_statement,"public virtual string GetText(Interval interval){if (interval.a < 0 || interval.b < interval.a - 1){throw new ArgumentException(""invalid interval"");}int bufferStartIndex = BufferStartIndex;if (n > 0 && data[n - 1] == IntStreamConstants.EOF){if (interval.a + interval.Length > bufferStartIndex + n){throw new ArgumentException(""the interval extends past the end of the stream"");}}if (interval.a < bufferStartIndex || interval.b >= bufferStartIndex + n){throw new NotSupportedException(""interval "" + interval + "" outside buffer: "" + bufferStartIndex + "".."" + (bufferStartIndex + n - 1));}int i = interval.a - bufferStartIndex;var sb = new StringBuilder(interval.Length);for (int offset = 0; offset < interval.Length; offset++) {sb.Append(Char.ConvertFromUtf32(data[i + offset]));}return sb.ToString();}","public virtual string GetText(Interval interval){if (interval.a < 0 || interval.b < interval.a - 1){throw new ArgumentException(""invalid interval"");}int bufferStartIndex = BufferStartIndex;if (n > 0 && data[n - 1] == IntStreamConstants.EOF){if (interval.a + interval.Length > bufferStartIndex + n){throw new ArgumentException(""the interval extends past the end of the stream"");}}if (interval.a < bufferStartIndex || interval.b >= bufferStartIndex + n){throw new NotSupportedException(""interval "" + interval + "" outside buffer: "" + bufferStartIndex + "".."" + (bufferStartIndex + n - 1));}int i = interval.a - bufferStartIndex;var sb = new StringBuilder(interval.Length);for (int offset = 0; offset < interval.Length; offset++) {<MASKED>}return sb.ToString();}",sb.Append(Char.ConvertFromUtf32(data[i + offset]));
1406,java,string_literal,"public String toString() {if ( dfa.s0==null ) return null;StringBuilder buf = new StringBuilder();List<DFAState> states = dfa.getStates();for (DFAState s : states) {int n = 0;if ( s.edges!=null ) n = s.edges.length;for (int i=0; i<n; i++) {DFAState t = s.edges[i];if ( t!=null && t.stateNumber != Integer.MAX_VALUE ) {buf.append(getStateString(s));String label = getEdgeLabel(i);buf.append(""-"").append(label).append(""->"").append(getStateString(t)).append('\n');}}}String output = buf.toString();if ( output.length()==0 ) return null;return output;}","public String toString() {if ( dfa.s0==null ) return null;StringBuilder buf = new StringBuilder();List<DFAState> states = dfa.getStates();for (DFAState s : states) {int n = 0;if ( s.edges!=null ) n = s.edges.length;for (int i=0; i<n; i++) {DFAState t = s.edges[i];if ( t!=null && t.stateNumber != Integer.MAX_VALUE ) {buf.append(getStateString(s));String label = getEdgeLabel(i);buf.append(<MASKED>).append(label).append(""->"").append(getStateString(t)).append('\n');}}}String output = buf.toString();if ( output.length()==0 ) return null;return output;}","""-"""
1407,c#,expression_statement,"public override string ToString(){if (dfa.s0 == null){return null;}StringBuilder buf = new StringBuilder();if (dfa.states != null){List<DFAState> states = new List<DFAState>(dfa.states.Values);states.Sort((x,y)=>x.stateNumber - y.stateNumber);foreach (DFAState s in states){int n = s.edges != null ? s.edges.Length : 0;for (int i = 0; i < n; i++){DFAState t = s.edges[i];if (t != null && t.stateNumber != int.MaxValue){buf.Append(GetStateString(s));String label = GetEdgeLabel(i);buf.Append(""-"");buf.Append(label);buf.Append(""->"");buf.Append(GetStateString(t));buf.Append('\n');}}}}string output = buf.ToString();if (output.Length == 0){return null;}return output;}","public override string ToString(){if (dfa.s0 == null){return null;}StringBuilder buf = new StringBuilder();if (dfa.states != null){List<DFAState> states = new List<DFAState>(dfa.states.Values);<MASKED>foreach (DFAState s in states){int n = s.edges != null ? s.edges.Length : 0;for (int i = 0; i < n; i++){DFAState t = s.edges[i];if (t != null && t.stateNumber != int.MaxValue){buf.Append(GetStateString(s));String label = GetEdgeLabel(i);buf.Append(""-"");buf.Append(label);buf.Append(""->"");buf.Append(GetStateString(t));buf.Append('\n');}}}}string output = buf.ToString();if (output.Length == 0){return null;}return output;}","states.Sort((x,y)=>x.stateNumber - y.stateNumber);"
1408,java,expression_statement,"public Token recoverInline(Parser recognizer)throws RecognitionException{Token matchedSymbol = singleTokenDeletion(recognizer);if ( matchedSymbol!=null ) {recognizer.consume();return matchedSymbol;}if ( singleTokenInsertion(recognizer) ) {return getMissingSymbol(recognizer);}InputMismatchException e;if (nextTokensContext == null) {e = new InputMismatchException(recognizer);} else {e = new InputMismatchException(recognizer, nextTokensState, nextTokensContext);}throw e;}","public Token recoverInline(Parser recognizer)throws RecognitionException{Token matchedSymbol = singleTokenDeletion(recognizer);if ( matchedSymbol!=null ) {recognizer.consume();return matchedSymbol;}if ( singleTokenInsertion(recognizer) ) {return getMissingSymbol(recognizer);}InputMismatchException e;if (nextTokensContext == null) {<MASKED>} else {e = new InputMismatchException(recognizer, nextTokensState, nextTokensContext);}throw e;}",e = new InputMismatchException(recognizer);
1409,c#,expression_statement,public virtual IToken RecoverInline(Parser recognizer){IToken matchedSymbol = SingleTokenDeletion(recognizer);if (matchedSymbol != null){recognizer.Consume();return matchedSymbol;}if (SingleTokenInsertion(recognizer)){return GetMissingSymbol(recognizer);}throw new InputMismatchException(recognizer);},public virtual IToken RecoverInline(Parser recognizer){IToken matchedSymbol = SingleTokenDeletion(recognizer);if (matchedSymbol != null){<MASKED>return matchedSymbol;}if (SingleTokenInsertion(recognizer)){return GetMissingSymbol(recognizer);}throw new InputMismatchException(recognizer);},recognizer.Consume();
1410,java,expression_statement,"public Collection<RevCommit> call() throws GitAPIException,InvalidRefNameException {checkCallable();try {if (repo.exactRef(Constants.R_STASH) == null)return Collections.emptyList();} catch (IOException e) {throw new InvalidRefNameException(MessageFormat.format(JGitText.get().cannotRead, Constants.R_STASH), e);}final ReflogCommand refLog = new ReflogCommand(repo);refLog.setRef(Constants.R_STASH);final Collection<ReflogEntry> stashEntries = refLog.call();if (stashEntries.isEmpty())return Collections.emptyList();final List<RevCommit> stashCommits = new ArrayList<>(stashEntries.size());try (RevWalk walk = new RevWalk(repo)) {for (ReflogEntry entry : stashEntries) {try {stashCommits.add(walk.parseCommit(entry.getNewId()));} catch (IOException e) {throw new JGitInternalException(MessageFormat.format(JGitText.get().cannotReadCommit, entry.getNewId()),e);}}}return stashCommits;}","public Collection<RevCommit> call() throws GitAPIException,InvalidRefNameException {checkCallable();try {if (repo.exactRef(Constants.R_STASH) == null)return Collections.emptyList();} catch (IOException e) {throw new InvalidRefNameException(MessageFormat.format(JGitText.get().cannotRead, Constants.R_STASH), e);}final ReflogCommand refLog = new ReflogCommand(repo);refLog.setRef(Constants.R_STASH);final Collection<ReflogEntry> stashEntries = refLog.call();if (stashEntries.isEmpty())return Collections.emptyList();final List<RevCommit> stashCommits = new ArrayList<>(stashEntries.size());try (RevWalk walk = new RevWalk(repo)) {for (ReflogEntry entry : stashEntries) {try {<MASKED>} catch (IOException e) {throw new JGitInternalException(MessageFormat.format(JGitText.get().cannotReadCommit, entry.getNewId()),e);}}}return stashCommits;}",stashCommits.add(walk.parseCommit(entry.getNewId()));
1411,c#,expression_statement,"public override ICollection<RevCommit> Call(){CheckCallable();try{if (repo.GetRef(Constants.R_STASH) == null){return Sharpen.Collections.EmptyList<RevCommit>();}}catch (IOException e){throw new InvalidRefNameException(MessageFormat.Format(JGitText.Get().cannotRead,Constants.R_STASH), e);}ReflogCommand refLog = new ReflogCommand(repo);refLog.SetRef(Constants.R_STASH);ICollection<ReflogEntry> stashEntries = refLog.Call();if (stashEntries.IsEmpty()){return Sharpen.Collections.EmptyList<RevCommit>();}IList<RevCommit> stashCommits = new AList<RevCommit>(stashEntries.Count);RevWalk walk = new RevWalk(repo);walk.SetRetainBody(true);try{foreach (ReflogEntry entry in stashEntries){try{stashCommits.AddItem(walk.ParseCommit(entry.GetNewId()));}catch (IOException e){throw new JGitInternalException(MessageFormat.Format(JGitText.Get().cannotReadCommit, entry.GetNewId()), e);}}}finally{walk.Dispose();}return stashCommits;}","public override ICollection<RevCommit> Call(){CheckCallable();try{if (repo.GetRef(Constants.R_STASH) == null){return Sharpen.Collections.EmptyList<RevCommit>();}}catch (IOException e){throw new InvalidRefNameException(MessageFormat.Format(JGitText.Get().cannotRead,Constants.R_STASH), e);}ReflogCommand refLog = new ReflogCommand(repo);<MASKED>ICollection<ReflogEntry> stashEntries = refLog.Call();if (stashEntries.IsEmpty()){return Sharpen.Collections.EmptyList<RevCommit>();}IList<RevCommit> stashCommits = new AList<RevCommit>(stashEntries.Count);RevWalk walk = new RevWalk(repo);walk.SetRetainBody(true);try{foreach (ReflogEntry entry in stashEntries){try{stashCommits.AddItem(walk.ParseCommit(entry.GetNewId()));}catch (IOException e){throw new JGitInternalException(MessageFormat.Format(JGitText.Get().cannotReadCommit, entry.GetNewId()), e);}}}finally{walk.Dispose();}return stashCommits;}",refLog.SetRef(Constants.R_STASH);
1412,java,expression_statement,"public String toString() {StringBuilder buffer = new StringBuilder();buffer.append(""[CATLAB]\n"");buffer.append(""    .rt      ="").append(HexDump.shortToHex(rt)).append('\n');buffer.append(""    .grbitFrt="").append(HexDump.shortToHex(grbitFrt)).append('\n');buffer.append(""    .wOffset ="").append(HexDump.shortToHex(wOffset)).append('\n');buffer.append(""    .at      ="").append(HexDump.shortToHex(at)).append('\n');buffer.append(""    .grbit   ="").append(HexDump.shortToHex(grbit)).append('\n');if(unused != null)buffer.append(""    .unused  ="").append(HexDump.shortToHex(unused)).append('\n');buffer.append(""[/CATLAB]\n"");return buffer.toString();}","public String toString() {StringBuilder buffer = new StringBuilder();buffer.append(""[CATLAB]\n"");buffer.append(""    .rt      ="").append(HexDump.shortToHex(rt)).append('\n');buffer.append(""    .grbitFrt="").append(HexDump.shortToHex(grbitFrt)).append('\n');buffer.append(""    .wOffset ="").append(HexDump.shortToHex(wOffset)).append('\n');buffer.append(""    .at      ="").append(HexDump.shortToHex(at)).append('\n');buffer.append(""    .grbit   ="").append(HexDump.shortToHex(grbit)).append('\n');if(unused != null)buffer.append(""    .unused  ="").append(HexDump.shortToHex(unused)).append('\n');<MASKED>return buffer.toString();}","buffer.append(""[/CATLAB]\n"");"
1413,c#,string_literal,"public override String ToString(){StringBuilder buffer = new StringBuilder();buffer.Append(""[CATLAB]\n"");buffer.Append(""    .rt      ="").Append(HexDump.ShortToHex(rt)).Append('\n');buffer.Append(""    .grbitFrt="").Append(HexDump.ShortToHex(grbitFrt)).Append('\n');buffer.Append(""    .wOffset ="").Append(HexDump.ShortToHex(wOffset)).Append('\n');buffer.Append(""    .at      ="").Append(HexDump.ShortToHex(at)).Append('\n');buffer.Append(""    .grbit   ="").Append(HexDump.ShortToHex(grbit)).Append('\n');buffer.Append(""    .unused  ="").Append(HexDump.ShortToHex((short)unused)).Append('\n');buffer.Append(""[/CATLAB]\n"");return buffer.ToString();}","public override String ToString(){StringBuilder buffer = new StringBuilder();buffer.Append(""[CATLAB]\n"");buffer.Append(""    .rt      ="").Append(HexDump.ShortToHex(rt)).Append('\n');buffer.Append(""    .grbitFrt="").Append(HexDump.ShortToHex(grbitFrt)).Append('\n');buffer.Append(""    .wOffset ="").Append(HexDump.ShortToHex(wOffset)).Append('\n');buffer.Append(<MASKED>).Append(HexDump.ShortToHex(at)).Append('\n');buffer.Append(""    .grbit   ="").Append(HexDump.ShortToHex(grbit)).Append('\n');buffer.Append(""    .unused  ="").Append(HexDump.ShortToHex((short)unused)).Append('\n');buffer.Append(""[/CATLAB]\n"");return buffer.ToString();}","""    .at      ="""
1414,java,expression_statement,"public CharsRef common(CharsRef output1, CharsRef output2) {assert output1 != null;assert output2 != null;int pos1 = output1.offset;int pos2 = output2.offset;int stopAt1 = pos1 + Math.min(output1.length, output2.length);while(pos1 < stopAt1) {if (output1.chars[pos1] != output2.chars[pos2]) {break;}pos1++;pos2++;}if (pos1 == output1.offset) {return NO_OUTPUT;} else if (pos1 == output1.offset + output1.length) {return output1;} else if (pos2 == output2.offset + output2.length) {return output2;} else {return new CharsRef(output1.chars, output1.offset, pos1-output1.offset);}}","public CharsRef common(CharsRef output1, CharsRef output2) {assert output1 != null;assert output2 != null;int pos1 = output1.offset;int pos2 = output2.offset;int stopAt1 = pos1 + Math.min(output1.length, output2.length);while(pos1 < stopAt1) {if (output1.chars[pos1] != output2.chars[pos2]) {break;}pos1++;<MASKED>}if (pos1 == output1.offset) {return NO_OUTPUT;} else if (pos1 == output1.offset + output1.length) {return output1;} else if (pos2 == output2.offset + output2.length) {return output2;} else {return new CharsRef(output1.chars, output1.offset, pos1-output1.offset);}}",pos2++;
1415,c#,expression_statement,"public override CharsRef Common(CharsRef output1, CharsRef output2){Debug.Assert(output1 != null);Debug.Assert(output2 != null);int pos1 = output1.Offset;int pos2 = output2.Offset;int stopAt1 = pos1 + Math.Min(output1.Length, output2.Length);while (pos1 < stopAt1){if (output1.Chars[pos1] != output2.Chars[pos2]){break;}pos1++;pos2++;}if (pos1 == output1.Offset){return NO_OUTPUT;}else if (pos1 == output1.Offset + output1.Length){return output1;}else if (pos2 == output2.Offset + output2.Length){return output2;}else{return new CharsRef(output1.Chars, output1.Offset, pos1 - output1.Offset);}}","public override CharsRef Common(CharsRef output1, CharsRef output2){Debug.Assert(output1 != null);<MASKED>int pos1 = output1.Offset;int pos2 = output2.Offset;int stopAt1 = pos1 + Math.Min(output1.Length, output2.Length);while (pos1 < stopAt1){if (output1.Chars[pos1] != output2.Chars[pos2]){break;}pos1++;pos2++;}if (pos1 == output1.Offset){return NO_OUTPUT;}else if (pos1 == output1.Offset + output1.Length){return output1;}else if (pos2 == output2.Offset + output2.Length){return output2;}else{return new CharsRef(output1.Chars, output1.Offset, pos1 - output1.Offset);}}",Debug.Assert(output2 != null);
1416,java,expression_statement,"public HSSFPicture createPicture(HSSFChildAnchor anchor, int pictureIndex) {HSSFPicture shape = new HSSFPicture(this, anchor);shape.setParent(this);shape.setAnchor(anchor);shape.setPictureIndex(pictureIndex);shapes.add(shape);onCreate(shape);EscherSpRecord sp = shape.getEscherContainer().getChildById(EscherSpRecord.RECORD_ID);if (shape.getAnchor().isHorizontallyFlipped()){sp.setFlags(sp.getFlags() | EscherSpRecord.FLAG_FLIPHORIZ);}if (shape.getAnchor().isVerticallyFlipped()){sp.setFlags(sp.getFlags() | EscherSpRecord.FLAG_FLIPVERT);}return shape;}","public HSSFPicture createPicture(HSSFChildAnchor anchor, int pictureIndex) {HSSFPicture shape = new HSSFPicture(this, anchor);shape.setParent(this);shape.setAnchor(anchor);shape.setPictureIndex(pictureIndex);shapes.add(shape);<MASKED>EscherSpRecord sp = shape.getEscherContainer().getChildById(EscherSpRecord.RECORD_ID);if (shape.getAnchor().isHorizontallyFlipped()){sp.setFlags(sp.getFlags() | EscherSpRecord.FLAG_FLIPHORIZ);}if (shape.getAnchor().isVerticallyFlipped()){sp.setFlags(sp.getFlags() | EscherSpRecord.FLAG_FLIPVERT);}return shape;}",onCreate(shape);
1417,c#,expression_statement,"public HSSFPicture CreatePicture(HSSFChildAnchor anchor, int pictureIndex){HSSFPicture shape = new HSSFPicture(this, anchor);shape.Parent = this;shape.Anchor = anchor;shape.PictureIndex=pictureIndex;shapes.Add(shape);OnCreate(shape);EscherSpRecord sp = (EscherSpRecord)shape.GetEscherContainer().GetChildById(EscherSpRecord.RECORD_ID);if (shape.Anchor.IsHorizontallyFlipped){sp.Flags = (sp.Flags | EscherSpRecord.FLAG_FLIPHORIZ);}if (shape.Anchor.IsVerticallyFlipped){sp.Flags = (sp.Flags | EscherSpRecord.FLAG_FLIPVERT);}return shape;}","public HSSFPicture CreatePicture(HSSFChildAnchor anchor, int pictureIndex){HSSFPicture shape = new HSSFPicture(this, anchor);shape.Parent = this;<MASKED>shape.PictureIndex=pictureIndex;shapes.Add(shape);OnCreate(shape);EscherSpRecord sp = (EscherSpRecord)shape.GetEscherContainer().GetChildById(EscherSpRecord.RECORD_ID);if (shape.Anchor.IsHorizontallyFlipped){sp.Flags = (sp.Flags | EscherSpRecord.FLAG_FLIPHORIZ);}if (shape.Anchor.IsVerticallyFlipped){sp.Flags = (sp.Flags | EscherSpRecord.FLAG_FLIPVERT);}return shape;}",shape.Anchor = anchor;
1418,java,expression_statement,"final public SrndQuery NQuery() throws ParseException {SrndQuery q;ArrayList<SrndQuery> queries;Token dt;q = WQuery();label_5:while (true) {switch ((jj_ntk==-1)?jj_ntk():jj_ntk) {case N:;break;default:jj_la1[3] = jj_gen;break label_5;}dt = jj_consume_token(N);queries = new ArrayList<SrndQuery>();queries.add(q); q = WQuery();queries.add(q);q = getDistanceQuery(queries, true , dt, false );}{if (true) return q;}throw new Error(""Missing return statement in function"");}","final public SrndQuery NQuery() throws ParseException {SrndQuery q;ArrayList<SrndQuery> queries;Token dt;q = WQuery();label_5:while (true) {switch ((jj_ntk==-1)?jj_ntk():jj_ntk) {case N:;break;default:jj_la1[3] = jj_gen;break label_5;}dt = jj_consume_token(N);queries = new ArrayList<SrndQuery>();<MASKED> q = WQuery();queries.add(q);q = getDistanceQuery(queries, true , dt, false );}{if (true) return q;}throw new Error(""Missing return statement in function"");}",queries.add(q);
1419,c#,expression_statement,"public SrndQuery NQuery(){SrndQuery q;IList<SrndQuery> queries;Token dt;q = WQuery();while (true){switch ((jj_ntk == -1) ? Jj_ntk() : jj_ntk){case RegexpToken.N:;break;default:jj_la1[3] = jj_gen;goto label_5;}dt = Jj_consume_token(RegexpToken.N);queries = new List<SrndQuery>();queries.Add(q); q = WQuery();queries.Add(q);q = GetDistanceQuery(queries, true , dt, false );}label_5:{ if (true) return q; }throw new Exception(""Missing return statement in function"");}","public SrndQuery NQuery(){SrndQuery q;IList<SrndQuery> queries;Token dt;q = WQuery();while (true){switch ((jj_ntk == -1) ? Jj_ntk() : jj_ntk){case RegexpToken.N:;break;default:jj_la1[3] = jj_gen;goto label_5;}dt = Jj_consume_token(RegexpToken.N);queries = new List<SrndQuery>();queries.Add(q); q = WQuery();queries.Add(q);<MASKED>}label_5:{ if (true) return q; }throw new Exception(""Missing return statement in function"");}","q = GetDistanceQuery(queries, true , dt, false );"
1420,java,string_literal,"public String toString() {StringBuilder sb = new StringBuilder();sb.append(""[EXTERNALNAME]\n"");sb.append(""    .options = "").append(field_1_option_flag).append(""\n"");sb.append(""    .ix      = "").append(field_2_ixals).append(""\n"");sb.append(""    .name    = "").append(field_4_name).append(""\n"");if(field_5_name_definition != null) {Ptg[] ptgs = field_5_name_definition.getTokens();for (Ptg ptg : ptgs) {sb.append(""    .namedef = "").append(ptg).append(ptg.getRVAType()).append(""\n"");}}sb.append(""[/EXTERNALNAME]\n"");return sb.toString();}","public String toString() {StringBuilder sb = new StringBuilder();sb.append(""[EXTERNALNAME]\n"");sb.append(""    .options = "").append(field_1_option_flag).append(""\n"");sb.append(<MASKED>).append(field_2_ixals).append(""\n"");sb.append(""    .name    = "").append(field_4_name).append(""\n"");if(field_5_name_definition != null) {Ptg[] ptgs = field_5_name_definition.getTokens();for (Ptg ptg : ptgs) {sb.append(""    .namedef = "").append(ptg).append(ptg.getRVAType()).append(""\n"");}}sb.append(""[/EXTERNALNAME]\n"");return sb.toString();}","""    .ix      = """
1421,c#,expression_statement,"public override String ToString(){StringBuilder sb = new StringBuilder();sb.Append(""[EXTERNALNAME]\n"");sb.Append(""    .options      = "").Append(field_1_option_flag).Append(""\n"");sb.Append(""    .ix      = "").Append(field_2_ixals).Append(""\n"");sb.Append(""    .name    = "").Append(field_4_name).Append(""\n"");if (field_5_name_definition != null){Ptg[] ptgs = field_5_name_definition.Tokens;for (int i = 0; i < ptgs.Length; i++){Ptg ptg = ptgs[i];sb.Append(ptg.ToString()).Append(ptg.RVAType).Append(""\n"");}}sb.Append(""[/EXTERNALNAME]\n"");return sb.ToString();}","public override String ToString(){StringBuilder sb = new StringBuilder();sb.Append(""[EXTERNALNAME]\n"");sb.Append(""    .options      = "").Append(field_1_option_flag).Append(""\n"");<MASKED>sb.Append(""    .name    = "").Append(field_4_name).Append(""\n"");if (field_5_name_definition != null){Ptg[] ptgs = field_5_name_definition.Tokens;for (int i = 0; i < ptgs.Length; i++){Ptg ptg = ptgs[i];sb.Append(ptg.ToString()).Append(ptg.RVAType).Append(""\n"");}}sb.Append(""[/EXTERNALNAME]\n"");return sb.ToString();}","sb.Append(""    .ix      = "").Append(field_2_ixals).Append(""\n"");"
1422,java,expression_statement,"public void init(ByteBlockPool pool, int startIndex, int endIndex) {assert endIndex-startIndex >= 0;assert startIndex >= 0;assert endIndex >= 0;this.pool = pool;this.endIndex = endIndex;level = 0;bufferUpto = startIndex / ByteBlockPool.BYTE_BLOCK_SIZE;bufferOffset = bufferUpto * ByteBlockPool.BYTE_BLOCK_SIZE;buffer = pool.buffers[bufferUpto];upto = startIndex & ByteBlockPool.BYTE_BLOCK_MASK;final int firstSize = ByteBlockPool.LEVEL_SIZE_ARRAY[0];if (startIndex+firstSize >= endIndex) {limit = endIndex & ByteBlockPool.BYTE_BLOCK_MASK;} elselimit = upto+firstSize-4;}","public void init(ByteBlockPool pool, int startIndex, int endIndex) {assert endIndex-startIndex >= 0;assert startIndex >= 0;assert endIndex >= 0;this.pool = pool;this.endIndex = endIndex;level = 0;bufferUpto = startIndex / ByteBlockPool.BYTE_BLOCK_SIZE;bufferOffset = bufferUpto * ByteBlockPool.BYTE_BLOCK_SIZE;buffer = pool.buffers[bufferUpto];upto = startIndex & ByteBlockPool.BYTE_BLOCK_MASK;final int firstSize = ByteBlockPool.LEVEL_SIZE_ARRAY[0];if (startIndex+firstSize >= endIndex) {<MASKED>} elselimit = upto+firstSize-4;}",limit = endIndex & ByteBlockPool.BYTE_BLOCK_MASK;
1423,c#,expression_statement,"public void Init(ByteBlockPool pool, int startIndex, int endIndex){Debug.Assert(endIndex - startIndex >= 0);Debug.Assert(startIndex >= 0);Debug.Assert(endIndex >= 0);this.pool = pool;this.EndIndex = endIndex;level = 0;bufferUpto = startIndex / ByteBlockPool.BYTE_BLOCK_SIZE;BufferOffset = bufferUpto * ByteBlockPool.BYTE_BLOCK_SIZE;buffer = pool.Buffers[bufferUpto];upto = startIndex & ByteBlockPool.BYTE_BLOCK_MASK;int firstSize = ByteBlockPool.LEVEL_SIZE_ARRAY[0];if (startIndex + firstSize >= endIndex){limit = endIndex & ByteBlockPool.BYTE_BLOCK_MASK;}else{limit = upto + firstSize - 4;}}","public void Init(ByteBlockPool pool, int startIndex, int endIndex){Debug.Assert(endIndex - startIndex >= 0);Debug.Assert(startIndex >= 0);Debug.Assert(endIndex >= 0);this.pool = pool;this.EndIndex = endIndex;level = 0;bufferUpto = startIndex / ByteBlockPool.BYTE_BLOCK_SIZE;<MASKED>buffer = pool.Buffers[bufferUpto];upto = startIndex & ByteBlockPool.BYTE_BLOCK_MASK;int firstSize = ByteBlockPool.LEVEL_SIZE_ARRAY[0];if (startIndex + firstSize >= endIndex){limit = endIndex & ByteBlockPool.BYTE_BLOCK_MASK;}else{limit = upto + firstSize - 4;}}",BufferOffset = bufferUpto * ByteBlockPool.BYTE_BLOCK_SIZE;
1424,java,expression_statement,"public String toString(String field) {StringBuilder buffer = new StringBuilder();buffer.append(""("");for (int i = 0 ; i < disjuncts.length; i++) {Query subquery = disjuncts[i];if (subquery instanceof BooleanQuery) {   buffer.append(""("");buffer.append(subquery.toString(field));buffer.append("")"");}else buffer.append(subquery.toString(field));if (i != disjuncts.length-1) buffer.append("" | "");}buffer.append("")"");if (tieBreakerMultiplier != 0.0f) {buffer.append(""~"");buffer.append(tieBreakerMultiplier);}return buffer.toString();}","public String toString(String field) {StringBuilder buffer = new StringBuilder();buffer.append(""("");for (int i = 0 ; i < disjuncts.length; i++) {Query subquery = disjuncts[i];if (subquery instanceof BooleanQuery) {   buffer.append(""("");buffer.append(subquery.toString(field));buffer.append("")"");}else buffer.append(subquery.toString(field));if (i != disjuncts.length-1) buffer.append("" | "");}buffer.append("")"");if (tieBreakerMultiplier != 0.0f) {<MASKED>buffer.append(tieBreakerMultiplier);}return buffer.toString();}","buffer.append(""~"");"
1425,c#,string_literal,"public override string ToString(string field){StringBuilder buffer = new StringBuilder();buffer.Append(""("");int numDisjunctions = disjuncts.Count;for (int i = 0; i < numDisjunctions; i++){Query subquery = disjuncts[i];if (subquery is BooleanQuery) {buffer.Append(""("");buffer.Append(subquery.ToString(field));buffer.Append("")"");}else{buffer.Append(subquery.ToString(field));}if (i != numDisjunctions - 1){buffer.Append("" | "");}}buffer.Append("")"");if (tieBreakerMultiplier != 0.0f){buffer.Append(""~"");buffer.Append(tieBreakerMultiplier);}if (Boost != 1.0){buffer.Append(""^"");buffer.Append(Boost);}return buffer.ToString();}","public override string ToString(string field){StringBuilder buffer = new StringBuilder();buffer.Append(""("");int numDisjunctions = disjuncts.Count;for (int i = 0; i < numDisjunctions; i++){Query subquery = disjuncts[i];if (subquery is BooleanQuery) {buffer.Append(""("");buffer.Append(subquery.ToString(field));buffer.Append("")"");}else{buffer.Append(subquery.ToString(field));}if (i != numDisjunctions - 1){buffer.Append(<MASKED>);}}buffer.Append("")"");if (tieBreakerMultiplier != 0.0f){buffer.Append(""~"");buffer.Append(tieBreakerMultiplier);}if (Boost != 1.0){buffer.Append(""^"");buffer.Append(Boost);}return buffer.ToString();}",""" | """
1426,java,expression_statement,"public void decode(byte[] blocks, int blocksOffset, long[] values, int valuesOffset, int iterations) {for (int i = 0; i < iterations; ++i) {final long byte0 = blocks[blocksOffset++] & 0xFF;final long byte1 = blocks[blocksOffset++] & 0xFF;values[valuesOffset++] = (byte0 << 2) | (byte1 >>> 6);final long byte2 = blocks[blocksOffset++] & 0xFF;values[valuesOffset++] = ((byte1 & 63) << 4) | (byte2 >>> 4);final long byte3 = blocks[blocksOffset++] & 0xFF;values[valuesOffset++] = ((byte2 & 15) << 6) | (byte3 >>> 2);final long byte4 = blocks[blocksOffset++] & 0xFF;values[valuesOffset++] = ((byte3 & 3) << 8) | byte4;}}","public void decode(byte[] blocks, int blocksOffset, long[] values, int valuesOffset, int iterations) {for (int i = 0; i < iterations; ++i) {final long byte0 = blocks[blocksOffset++] & 0xFF;final long byte1 = blocks[blocksOffset++] & 0xFF;values[valuesOffset++] = (byte0 << 2) | (byte1 >>> 6);final long byte2 = blocks[blocksOffset++] & 0xFF;values[valuesOffset++] = ((byte1 & 63) << 4) | (byte2 >>> 4);final long byte3 = blocks[blocksOffset++] & 0xFF;values[valuesOffset++] = ((byte2 & 15) << 6) | (byte3 >>> 2);final long byte4 = blocks[blocksOffset++] & 0xFF;<MASKED>}}",values[valuesOffset++] = ((byte3 & 3) << 8) | byte4;
1427,c#,expression_statement,"public override void Decode(byte[] blocks, int blocksOffset, int[] values, int valuesOffset, int iterations){for (int i = 0; i < iterations; ++i){int byte0 = blocks[blocksOffset++] & 0xFF;int byte1 = blocks[blocksOffset++] & 0xFF;values[valuesOffset++] = (byte0 << 2) | ((int)((uint)byte1 >> 6));int byte2 = blocks[blocksOffset++] & 0xFF;values[valuesOffset++] = ((byte1 & 63) << 4) | ((int)((uint)byte2 >> 4));int byte3 = blocks[blocksOffset++] & 0xFF;values[valuesOffset++] = ((byte2 & 15) << 6) | ((int)((uint)byte3 >> 2));int byte4 = blocks[blocksOffset++] & 0xFF;values[valuesOffset++] = ((byte3 & 3) << 8) | byte4;}}","public override void Decode(byte[] blocks, int blocksOffset, int[] values, int valuesOffset, int iterations){for (int i = 0; i < iterations; ++i){int byte0 = blocks[blocksOffset++] & 0xFF;int byte1 = blocks[blocksOffset++] & 0xFF;values[valuesOffset++] = (byte0 << 2) | ((int)((uint)byte1 >> 6));int byte2 = blocks[blocksOffset++] & 0xFF;values[valuesOffset++] = ((byte1 & 63) << 4) | ((int)((uint)byte2 >> 4));int byte3 = blocks[blocksOffset++] & 0xFF;values[valuesOffset++] = ((byte2 & 15) << 6) | ((int)((uint)byte3 >> 2));int byte4 = blocks[blocksOffset++] & 0xFF;<MASKED>}}",values[valuesOffset++] = ((byte3 & 3) << 8) | byte4;
1428,java,string_literal,"public int getExternalSheetIndex(String workbookName, String firstSheetName, String lastSheetName) {int externalBookIndex = getExternalWorkbookIndex(workbookName);if (externalBookIndex == -1) {throw new RuntimeException(""No external workbook with name '"" + workbookName + ""'"");}SupBookRecord ebrTarget = _externalBookBlocks[externalBookIndex].getExternalBookRecord();int firstSheetIndex = getSheetIndex(ebrTarget.getSheetNames(), firstSheetName);int lastSheetIndex = getSheetIndex(ebrTarget.getSheetNames(), lastSheetName);int result = _externSheetRecord.getRefIxForSheet(externalBookIndex, firstSheetIndex, lastSheetIndex);if (result < 0) {result = _externSheetRecord.addRef(externalBookIndex, firstSheetIndex, lastSheetIndex);}return result;}","public int getExternalSheetIndex(String workbookName, String firstSheetName, String lastSheetName) {int externalBookIndex = getExternalWorkbookIndex(workbookName);if (externalBookIndex == -1) {throw new RuntimeException(<MASKED> + workbookName + ""'"");}SupBookRecord ebrTarget = _externalBookBlocks[externalBookIndex].getExternalBookRecord();int firstSheetIndex = getSheetIndex(ebrTarget.getSheetNames(), firstSheetName);int lastSheetIndex = getSheetIndex(ebrTarget.getSheetNames(), lastSheetName);int result = _externSheetRecord.getRefIxForSheet(externalBookIndex, firstSheetIndex, lastSheetIndex);if (result < 0) {result = _externSheetRecord.addRef(externalBookIndex, firstSheetIndex, lastSheetIndex);}return result;}","""No external workbook with name '"""
1429,c#,string_literal,"public int GetExternalSheetIndex(String workbookName, String firstSheetName, String lastSheetName){int externalBookIndex = GetExternalWorkbookIndex(workbookName);if (externalBookIndex == -1){throw new RuntimeException(""No external workbook with name '"" + workbookName + ""'"");}SupBookRecord ebrTarget = _externalBookBlocks[externalBookIndex].GetExternalBookRecord();int firstSheetIndex = GetSheetIndex(ebrTarget.SheetNames, firstSheetName);int lastSheetIndex = GetSheetIndex(ebrTarget.SheetNames, lastSheetName);int result = _externSheetRecord.GetRefIxForSheet(externalBookIndex, firstSheetIndex, lastSheetIndex);if (result < 0){result = _externSheetRecord.AddRef(externalBookIndex, firstSheetIndex, lastSheetIndex);}return result;}","public int GetExternalSheetIndex(String workbookName, String firstSheetName, String lastSheetName){int externalBookIndex = GetExternalWorkbookIndex(workbookName);if (externalBookIndex == -1){throw new RuntimeException(<MASKED> + workbookName + ""'"");}SupBookRecord ebrTarget = _externalBookBlocks[externalBookIndex].GetExternalBookRecord();int firstSheetIndex = GetSheetIndex(ebrTarget.SheetNames, firstSheetName);int lastSheetIndex = GetSheetIndex(ebrTarget.SheetNames, lastSheetName);int result = _externSheetRecord.GetRefIxForSheet(externalBookIndex, firstSheetIndex, lastSheetIndex);if (result < 0){result = _externSheetRecord.AddRef(externalBookIndex, firstSheetIndex, lastSheetIndex);}return result;}","""No external workbook with name '"""
1430,java,expression_statement,"public DictionaryCompoundWordTokenFilterFactory(Map<String, String> args) {super(args);dictFile = require(args, ""dictionary"");minWordSize = getInt(args, ""minWordSize"", CompoundWordTokenFilterBase.DEFAULT_MIN_WORD_SIZE);minSubwordSize = getInt(args, ""minSubwordSize"", CompoundWordTokenFilterBase.DEFAULT_MIN_SUBWORD_SIZE);maxSubwordSize = getInt(args, ""maxSubwordSize"", CompoundWordTokenFilterBase.DEFAULT_MAX_SUBWORD_SIZE);onlyLongestMatch = getBoolean(args, ""onlyLongestMatch"", true);if (!args.isEmpty()) {throw new IllegalArgumentException(""Unknown parameters: "" + args);}}","public DictionaryCompoundWordTokenFilterFactory(Map<String, String> args) {super(args);dictFile = require(args, ""dictionary"");minWordSize = getInt(args, ""minWordSize"", CompoundWordTokenFilterBase.DEFAULT_MIN_WORD_SIZE);minSubwordSize = getInt(args, ""minSubwordSize"", CompoundWordTokenFilterBase.DEFAULT_MIN_SUBWORD_SIZE);maxSubwordSize = getInt(args, ""maxSubwordSize"", CompoundWordTokenFilterBase.DEFAULT_MAX_SUBWORD_SIZE);<MASKED>if (!args.isEmpty()) {throw new IllegalArgumentException(""Unknown parameters: "" + args);}}","onlyLongestMatch = getBoolean(args, ""onlyLongestMatch"", true);"
1431,c#,expression_statement,"public DictionaryCompoundWordTokenFilterFactory(IDictionary<string, string> args): base(args){AssureMatchVersion();dictFile = Require(args, ""dictionary"");minWordSize = GetInt32(args, ""minWordSize"", CompoundWordTokenFilterBase.DEFAULT_MIN_WORD_SIZE);minSubwordSize = GetInt32(args, ""minSubwordSize"", CompoundWordTokenFilterBase.DEFAULT_MIN_SUBWORD_SIZE);maxSubwordSize = GetInt32(args, ""maxSubwordSize"", CompoundWordTokenFilterBase.DEFAULT_MAX_SUBWORD_SIZE);onlyLongestMatch = GetBoolean(args, ""onlyLongestMatch"", true);if (args.Count > 0){throw new System.ArgumentException(""Unknown parameters: "" + args);}}","public DictionaryCompoundWordTokenFilterFactory(IDictionary<string, string> args): base(args){AssureMatchVersion();dictFile = Require(args, ""dictionary"");<MASKED>minSubwordSize = GetInt32(args, ""minSubwordSize"", CompoundWordTokenFilterBase.DEFAULT_MIN_SUBWORD_SIZE);maxSubwordSize = GetInt32(args, ""maxSubwordSize"", CompoundWordTokenFilterBase.DEFAULT_MAX_SUBWORD_SIZE);onlyLongestMatch = GetBoolean(args, ""onlyLongestMatch"", true);if (args.Count > 0){throw new System.ArgumentException(""Unknown parameters: "" + args);}}","minWordSize = GetInt32(args, ""minWordSize"", CompoundWordTokenFilterBase.DEFAULT_MIN_WORD_SIZE);"
1432,java,string_literal,"public String highlightTerm(String originalText, TokenGroup tokenGroup){if (tokenGroup.getTotalScore() == 0)return originalText;float score = tokenGroup.getTotalScore();if (score == 0){return originalText;}StringBuilder sb = new StringBuilder();sb.append(""<font "");if (highlightForeground){sb.append(""color=\"""");sb.append(getForegroundColorString(score));sb.append(""\"" "");}if (highlightBackground){sb.append(""bgcolor=\"""");sb.append(getBackgroundColorString(score));sb.append(""\"" "");}sb.append("">"");sb.append(originalText);sb.append(""</font>"");return sb.toString();}","public String highlightTerm(String originalText, TokenGroup tokenGroup){if (tokenGroup.getTotalScore() == 0)return originalText;float score = tokenGroup.getTotalScore();if (score == 0){return originalText;}StringBuilder sb = new StringBuilder();sb.append(""<font "");if (highlightForeground){sb.append(""color=\"""");sb.append(getForegroundColorString(score));sb.append(""\"" "");}if (highlightBackground){sb.append(<MASKED>);sb.append(getBackgroundColorString(score));sb.append(""\"" "");}sb.append("">"");sb.append(originalText);sb.append(""</font>"");return sb.toString();}","""bgcolor=\"""""
1433,c#,string_literal,"public virtual string HighlightTerm(string originalText, TokenGroup tokenGroup){if (tokenGroup.TotalScore == 0)return originalText;float score = tokenGroup.TotalScore;if (score == 0){return originalText;}var sb = new StringBuilder();sb.Append(""<font "");if (m_highlightForeground){sb.Append(""color=\"""");sb.Append(GetForegroundColorString(score));sb.Append(""\"" "");}if (m_highlightBackground){sb.Append(""bgcolor=\"""");sb.Append(GetBackgroundColorString(score));sb.Append(""\"" "");}sb.Append("">"");sb.Append(originalText);sb.Append(""</font>"");return sb.ToString();}","public virtual string HighlightTerm(string originalText, TokenGroup tokenGroup){if (tokenGroup.TotalScore == 0)return originalText;float score = tokenGroup.TotalScore;if (score == 0){return originalText;}var sb = new StringBuilder();sb.Append(<MASKED>);if (m_highlightForeground){sb.Append(""color=\"""");sb.Append(GetForegroundColorString(score));sb.Append(""\"" "");}if (m_highlightBackground){sb.Append(""bgcolor=\"""");sb.Append(GetBackgroundColorString(score));sb.Append(""\"" "");}sb.Append("">"");sb.Append(originalText);sb.Append(""</font>"");return sb.ToString();}","""<font """
1434,java,string_literal,"public static Boolean coerceValueToBoolean(ValueEval ve, boolean stringsAreBlanks) throws EvaluationException {if (ve == null || ve == BlankEval.instance) {return null;}if (ve instanceof BoolEval) {return Boolean.valueOf(((BoolEval) ve).getBooleanValue());}if (ve instanceof StringEval) {if (stringsAreBlanks) {return null;}String str = ((StringEval) ve).getStringValue();if (str.equalsIgnoreCase(""true"")) {return Boolean.TRUE;}if (str.equalsIgnoreCase(""false"")) {return Boolean.FALSE;}throw new EvaluationException(ErrorEval.VALUE_INVALID);}if (ve instanceof NumericValueEval) {NumericValueEval ne = (NumericValueEval) ve;double d = ne.getNumberValue();if (Double.isNaN(d)) {throw new EvaluationException(ErrorEval.VALUE_INVALID);}return Boolean.valueOf(d != 0);}if (ve instanceof ErrorEval) {throw new EvaluationException((ErrorEval) ve);}throw new RuntimeException(""Unexpected eval ("" + ve.getClass().getName() + "")"");}","public static Boolean coerceValueToBoolean(ValueEval ve, boolean stringsAreBlanks) throws EvaluationException {if (ve == null || ve == BlankEval.instance) {return null;}if (ve instanceof BoolEval) {return Boolean.valueOf(((BoolEval) ve).getBooleanValue());}if (ve instanceof StringEval) {if (stringsAreBlanks) {return null;}String str = ((StringEval) ve).getStringValue();if (str.equalsIgnoreCase(""true"")) {return Boolean.TRUE;}if (str.equalsIgnoreCase(""false"")) {return Boolean.FALSE;}throw new EvaluationException(ErrorEval.VALUE_INVALID);}if (ve instanceof NumericValueEval) {NumericValueEval ne = (NumericValueEval) ve;double d = ne.getNumberValue();if (Double.isNaN(d)) {throw new EvaluationException(ErrorEval.VALUE_INVALID);}return Boolean.valueOf(d != 0);}if (ve instanceof ErrorEval) {throw new EvaluationException((ErrorEval) ve);}throw new RuntimeException(""Unexpected eval ("" + ve.getClass().getName() + <MASKED>);}",""")"""
1435,c#,string_literal,"public static Boolean? CoerceValueToBoolean(ValueEval ve, bool stringsAreBlanks){if (ve == null || ve == BlankEval.instance){return null;}if (ve is BoolEval){return ((BoolEval)ve).BooleanValue;}if (ve is StringEval){if (stringsAreBlanks){return null;}String str = ((StringEval)ve).StringValue;if (str.Equals(""true"", StringComparison.OrdinalIgnoreCase)){return true;}if (str.Equals(""false"", StringComparison.OrdinalIgnoreCase)){return false;}throw new EvaluationException(ErrorEval.VALUE_INVALID);}if (ve is NumericValueEval){NumericValueEval ne = (NumericValueEval)ve;double d = ne.NumberValue;if (Double.IsNaN(d)){throw new EvaluationException(ErrorEval.VALUE_INVALID);}return d != 0;}if (ve is ErrorEval){throw new EvaluationException((ErrorEval)ve);}throw new InvalidOperationException(""Unexpected eval ("" + ve.GetType().Name + "")"");}","public static Boolean? CoerceValueToBoolean(ValueEval ve, bool stringsAreBlanks){if (ve == null || ve == BlankEval.instance){return null;}if (ve is BoolEval){return ((BoolEval)ve).BooleanValue;}if (ve is StringEval){if (stringsAreBlanks){return null;}String str = ((StringEval)ve).StringValue;if (str.Equals(""true"", StringComparison.OrdinalIgnoreCase)){return true;}if (str.Equals(""false"", StringComparison.OrdinalIgnoreCase)){return false;}throw new EvaluationException(ErrorEval.VALUE_INVALID);}if (ve is NumericValueEval){NumericValueEval ne = (NumericValueEval)ve;double d = ne.NumberValue;if (Double.IsNaN(d)){throw new EvaluationException(ErrorEval.VALUE_INVALID);}return d != 0;}if (ve is ErrorEval){throw new EvaluationException((ErrorEval)ve);}throw new InvalidOperationException(<MASKED> + ve.GetType().Name + "")"");}","""Unexpected eval ("""
1436,java,string_literal,"public static void registerFunction(String name, Function func){FunctionMetadata metaData = FunctionMetadataRegistry.getFunctionByName(name);if(metaData == null) {if(AnalysisToolPak.isATPFunction(name)) {throw new IllegalArgumentException(name + "" is a function from the Excel Analysis Toolpack. "" +""Use AnalysisToolpack.registerFunction(String name, FreeRefFunction func) instead."");}throw new IllegalArgumentException(""Unknown function: "" + name);}int idx = metaData.getIndex();if(functions[idx] instanceof NotImplementedFunction) {functions[idx] = func;} else {throw new IllegalArgumentException(""POI already implememts "" + name +"". You cannot override POI's implementations of Excel functions"");}}","public static void registerFunction(String name, Function func){FunctionMetadata metaData = FunctionMetadataRegistry.getFunctionByName(name);if(metaData == null) {if(AnalysisToolPak.isATPFunction(name)) {throw new IllegalArgumentException(name + "" is a function from the Excel Analysis Toolpack. "" +""Use AnalysisToolpack.registerFunction(String name, FreeRefFunction func) instead."");}throw new IllegalArgumentException(""Unknown function: "" + name);}int idx = metaData.getIndex();if(functions[idx] instanceof NotImplementedFunction) {functions[idx] = func;} else {throw new IllegalArgumentException(<MASKED> + name +"". You cannot override POI's implementations of Excel functions"");}}","""POI already implememts """
1437,c#,string_literal,"public static void RegisterFunction(String name, Function func){FunctionMetadata metaData = FunctionMetadataRegistry.GetFunctionByName(name);if (metaData == null){if (AnalysisToolPak.IsATPFunction(name)){throw new ArgumentException(name + "" is a function from the Excel Analysis Toolpack. "" +""Use AnalysisToolpack.RegisterFunction(String name, FreeRefFunction func) instead."");}else{throw new ArgumentException(""Unknown function: "" + name);}}int idx = metaData.Index;if (functions[idx] is NotImplementedFunction){functions[idx] = func;}else{throw new ArgumentException(""POI already implememts "" + name +"". You cannot override POI's implementations of Excel functions"");}}","public static void RegisterFunction(String name, Function func){FunctionMetadata metaData = FunctionMetadataRegistry.GetFunctionByName(name);if (metaData == null){if (AnalysisToolPak.IsATPFunction(name)){throw new ArgumentException(name + <MASKED> +""Use AnalysisToolpack.RegisterFunction(String name, FreeRefFunction func) instead."");}else{throw new ArgumentException(""Unknown function: "" + name);}}int idx = metaData.Index;if (functions[idx] is NotImplementedFunction){functions[idx] = func;}else{throw new ArgumentException(""POI already implememts "" + name +"". You cannot override POI's implementations of Excel functions"");}}",""" is a function from the Excel Analysis Toolpack. """
1438,java,expression_statement,"public void reset(boolean zeroFillBuffers, boolean reuseFirst) {if (bufferUpto != -1) {if (zeroFillBuffers) {for(int i=0;i<bufferUpto;i++) {Arrays.fill(buffers[i], 0);}Arrays.fill(buffers[bufferUpto], 0, intUpto, 0);}if (bufferUpto > 0 || !reuseFirst) {final int offset = reuseFirst ? 1 : 0;allocator.recycleIntBlocks(buffers, offset, 1+bufferUpto);Arrays.fill(buffers, offset, bufferUpto+1, null);}if (reuseFirst) {bufferUpto = 0;intUpto = 0;intOffset = 0;buffer = buffers[0];} else {bufferUpto = -1;intUpto = INT_BLOCK_SIZE;intOffset = -INT_BLOCK_SIZE;buffer = null;}}}","public void reset(boolean zeroFillBuffers, boolean reuseFirst) {if (bufferUpto != -1) {if (zeroFillBuffers) {for(int i=0;i<bufferUpto;i++) {Arrays.fill(buffers[i], 0);}Arrays.fill(buffers[bufferUpto], 0, intUpto, 0);}if (bufferUpto > 0 || !reuseFirst) {final int offset = reuseFirst ? 1 : 0;allocator.recycleIntBlocks(buffers, offset, 1+bufferUpto);Arrays.fill(buffers, offset, bufferUpto+1, null);}if (reuseFirst) {bufferUpto = 0;intUpto = 0;intOffset = 0;buffer = buffers[0];} else {bufferUpto = -1;intUpto = INT_BLOCK_SIZE;intOffset = -INT_BLOCK_SIZE;<MASKED>}}}",buffer = null;
1439,c#,expression_statement,"public void Reset(bool zeroFillBuffers, bool reuseFirst){if (bufferUpto != -1){if (zeroFillBuffers){for (int i = 0; i < bufferUpto; i++){Arrays.Fill(buffers[i], 0);}Arrays.Fill(buffers[bufferUpto], 0, Int32Upto, 0);}if (bufferUpto > 0 || !reuseFirst){int offset = reuseFirst ? 1 : 0;allocator.RecycleInt32Blocks(buffers, offset, 1 + bufferUpto);Arrays.Fill(buffers, offset, bufferUpto + 1, null);}if (reuseFirst){bufferUpto = 0;Int32Upto = 0;Int32Offset = 0;buffer = buffers[0];}else{bufferUpto = -1;Int32Upto = INT32_BLOCK_SIZE;Int32Offset = -INT32_BLOCK_SIZE;buffer = null;}}}","public void Reset(bool zeroFillBuffers, bool reuseFirst){if (bufferUpto != -1){if (zeroFillBuffers){for (int i = 0; i < bufferUpto; i++){Arrays.Fill(buffers[i], 0);}Arrays.Fill(buffers[bufferUpto], 0, Int32Upto, 0);}if (bufferUpto > 0 || !reuseFirst){int offset = reuseFirst ? 1 : 0;allocator.RecycleInt32Blocks(buffers, offset, 1 + bufferUpto);Arrays.Fill(buffers, offset, bufferUpto + 1, null);}if (reuseFirst){bufferUpto = 0;Int32Upto = 0;Int32Offset = 0;buffer = buffers[0];}else{<MASKED>Int32Upto = INT32_BLOCK_SIZE;Int32Offset = -INT32_BLOCK_SIZE;buffer = null;}}}",bufferUpto = -1;
1440,java,expression_statement,"public static IndexWriterConfig createWriterConfig(Config config, PerfRunData runData, OpenMode mode, IndexCommit commit) {IndexWriterConfig iwConf = new IndexWriterConfig(runData.getAnalyzer());iwConf.setOpenMode(mode);IndexDeletionPolicy indexDeletionPolicy = getIndexDeletionPolicy(config);iwConf.setIndexDeletionPolicy(indexDeletionPolicy);if (commit != null) {iwConf.setIndexCommit(commit);}final String mergeScheduler = config.get(""merge.scheduler"",""org.apache.lucene.index.ConcurrentMergeScheduler"");if (mergeScheduler.equals(NoMergeScheduler.class.getName())) {iwConf.setMergeScheduler(NoMergeScheduler.INSTANCE);} else {try {iwConf.setMergeScheduler(Class.forName(mergeScheduler).asSubclass(MergeScheduler.class).getConstructor().newInstance());} catch (Exception e) {}}}","public static IndexWriterConfig createWriterConfig(Config config, PerfRunData runData, OpenMode mode, IndexCommit commit) {IndexWriterConfig iwConf = new IndexWriterConfig(runData.getAnalyzer());iwConf.setOpenMode(mode);IndexDeletionPolicy indexDeletionPolicy = getIndexDeletionPolicy(config);iwConf.setIndexDeletionPolicy(indexDeletionPolicy);if (commit != null) {iwConf.setIndexCommit(commit);}final String mergeScheduler = config.get(""merge.scheduler"",""org.apache.lucene.index.ConcurrentMergeScheduler"");if (mergeScheduler.equals(NoMergeScheduler.class.getName())) {iwConf.setMergeScheduler(NoMergeScheduler.INSTANCE);} else {try {<MASKED>} catch (Exception e) {}}}",iwConf.setMergeScheduler(Class.forName(mergeScheduler).asSubclass(MergeScheduler.class).getConstructor().newInstance());
1441,c#,expression_statement,"public static IndexWriterConfig CreateWriterConfig(Config config, PerfRunData runData, OpenMode mode, IndexCommit commit){LuceneVersion version = (LuceneVersion)Enum.Parse(typeof(LuceneVersion), config.Get(""writer.version"", LuceneVersion.LUCENE_48.ToString()));IndexWriterConfig iwConf = new IndexWriterConfig(version, runData.Analyzer);iwConf.OpenMode = mode;IndexDeletionPolicy indexDeletionPolicy = GetIndexDeletionPolicy(config);iwConf.IndexDeletionPolicy = indexDeletionPolicy;if (commit != null)iwConf.IndexCommit = commit;string mergeScheduler = config.Get(""merge.scheduler"",""Lucene.Net.Index.ConcurrentMergeScheduler, Lucene.Net"");if (mergeScheduler.Contains("".ConcurrentMergeScheduler,"")){mergeScheduler = ""Lucene.Net.Index.TaskMergeScheduler, Lucene.Net"";}Type mergeSchedulerType = Type.GetType(mergeScheduler);if (mergeSchedulerType == null){throw new Exception(""Unrecognized merge scheduler type '"" + mergeScheduler + ""'"");}else if (mergeSchedulerType.Equals(typeof(NoMergeScheduler))){iwConf.MergeScheduler = NoMergeScheduler.INSTANCE;}else{try{iwConf.MergeScheduler = (IMergeScheduler)Activator.CreateInstance(mergeSchedulerType);}catch (Exception e){}}}","public static IndexWriterConfig CreateWriterConfig(Config config, PerfRunData runData, OpenMode mode, IndexCommit commit){LuceneVersion version = (LuceneVersion)Enum.Parse(typeof(LuceneVersion), config.Get(""writer.version"", LuceneVersion.LUCENE_48.ToString()));IndexWriterConfig iwConf = new IndexWriterConfig(version, runData.Analyzer);<MASKED>IndexDeletionPolicy indexDeletionPolicy = GetIndexDeletionPolicy(config);iwConf.IndexDeletionPolicy = indexDeletionPolicy;if (commit != null)iwConf.IndexCommit = commit;string mergeScheduler = config.Get(""merge.scheduler"",""Lucene.Net.Index.ConcurrentMergeScheduler, Lucene.Net"");if (mergeScheduler.Contains("".ConcurrentMergeScheduler,"")){mergeScheduler = ""Lucene.Net.Index.TaskMergeScheduler, Lucene.Net"";}Type mergeSchedulerType = Type.GetType(mergeScheduler);if (mergeSchedulerType == null){throw new Exception(""Unrecognized merge scheduler type '"" + mergeScheduler + ""'"");}else if (mergeSchedulerType.Equals(typeof(NoMergeScheduler))){iwConf.MergeScheduler = NoMergeScheduler.INSTANCE;}else{try{iwConf.MergeScheduler = (IMergeScheduler)Activator.CreateInstance(mergeSchedulerType);}catch (Exception e){}}}",iwConf.OpenMode = mode;
1442,java,expression_statement,"public int fillFields(byte[] data, int offset, EscherRecordFactory recordFactory) {int bytesRemaining = readHeader( data, offset );int pos            = offset + 8;int size           = 0;field_1_color1 =  LittleEndian.getInt( data, pos + size );size+=4;field_2_color2 =  LittleEndian.getInt( data, pos + size );size+=4;field_3_color3 =  LittleEndian.getInt( data, pos + size );size+=4;field_4_color4 =  LittleEndian.getInt( data, pos + size );size+=4;bytesRemaining -= size;if (bytesRemaining != 0) {throw new RecordFormatException(""Expecting no remaining data but got "" + bytesRemaining + "" byte(s)."");}return 8 + size + bytesRemaining;}","public int fillFields(byte[] data, int offset, EscherRecordFactory recordFactory) {int bytesRemaining = readHeader( data, offset );int pos            = offset + 8;int size           = 0;field_1_color1 =  LittleEndian.getInt( data, pos + size );size+=4;field_2_color2 =  LittleEndian.getInt( data, pos + size );size+=4;<MASKED>size+=4;field_4_color4 =  LittleEndian.getInt( data, pos + size );size+=4;bytesRemaining -= size;if (bytesRemaining != 0) {throw new RecordFormatException(""Expecting no remaining data but got "" + bytesRemaining + "" byte(s)."");}return 8 + size + bytesRemaining;}","field_3_color3 =  LittleEndian.getInt( data, pos + size );"
1443,c#,expression_statement,"public override int FillFields(byte[] data, int offset, IEscherRecordFactory recordFactory){int bytesRemaining = ReadHeader(data, offset);int pos = offset + 8;int size = 0;field_1_color1 = LittleEndian.GetInt(data, pos + size); size += 4;field_2_color2 = LittleEndian.GetInt(data, pos + size); size += 4;field_3_color3 = LittleEndian.GetInt(data, pos + size); size += 4;field_4_color4 = LittleEndian.GetInt(data, pos + size); size += 4;bytesRemaining -= size;if (bytesRemaining != 0)throw new RecordFormatException(""Expecting no remaining data but got "" + bytesRemaining + "" byte(s)."");return 8 + size + bytesRemaining;}","public override int FillFields(byte[] data, int offset, IEscherRecordFactory recordFactory){int bytesRemaining = ReadHeader(data, offset);int pos = offset + 8;int size = 0;field_1_color1 = LittleEndian.GetInt(data, pos + size); <MASKED>field_2_color2 = LittleEndian.GetInt(data, pos + size); size += 4;field_3_color3 = LittleEndian.GetInt(data, pos + size); size += 4;field_4_color4 = LittleEndian.GetInt(data, pos + size); size += 4;bytesRemaining -= size;if (bytesRemaining != 0)throw new RecordFormatException(""Expecting no remaining data but got "" + bytesRemaining + "" byte(s)."");return 8 + size + bytesRemaining;}",size += 4;
1444,java,expression_statement,"public int checkExternSheet(int firstSheetIndex, int lastSheetIndex) {int thisWbIndex = -1; for (int i = 0; i < _externalBookBlocks.length; i++) {SupBookRecord ebr = _externalBookBlocks[i].getExternalBookRecord();if (ebr.isInternalReferences()) {thisWbIndex = i;break;}}if (thisWbIndex < 0) {throw new RuntimeException(""Could not find 'internal references' EXTERNALBOOK"");}int i = _externSheetRecord.getRefIxForSheet(thisWbIndex, firstSheetIndex, lastSheetIndex);if (i >= 0) {return i;}return _externSheetRecord.addRef(thisWbIndex, firstSheetIndex, lastSheetIndex);}","public int checkExternSheet(int firstSheetIndex, int lastSheetIndex) {int thisWbIndex = -1; for (int i = 0; i < _externalBookBlocks.length; i++) {SupBookRecord ebr = _externalBookBlocks[i].getExternalBookRecord();if (ebr.isInternalReferences()) {<MASKED>break;}}if (thisWbIndex < 0) {throw new RuntimeException(""Could not find 'internal references' EXTERNALBOOK"");}int i = _externSheetRecord.getRefIxForSheet(thisWbIndex, firstSheetIndex, lastSheetIndex);if (i >= 0) {return i;}return _externSheetRecord.addRef(thisWbIndex, firstSheetIndex, lastSheetIndex);}",thisWbIndex = i;
1445,c#,string_literal,"public int CheckExternSheet(int firstSheetIndex, int lastSheetIndex){int thisWbIndex = -1; for (int i = 0; i < _externalBookBlocks.Length; i++){SupBookRecord ebr = _externalBookBlocks[i].GetExternalBookRecord();if (ebr.IsInternalReferences){thisWbIndex = i;break;}}if (thisWbIndex < 0){throw new InvalidOperationException(""Could not find 'internal references' EXTERNALBOOK"");}int j = _externSheetRecord.GetRefIxForSheet(thisWbIndex, firstSheetIndex, lastSheetIndex);if (j >= 0){return j;}return _externSheetRecord.AddRef(thisWbIndex, firstSheetIndex, lastSheetIndex);}","public int CheckExternSheet(int firstSheetIndex, int lastSheetIndex){int thisWbIndex = -1; for (int i = 0; i < _externalBookBlocks.Length; i++){SupBookRecord ebr = _externalBookBlocks[i].GetExternalBookRecord();if (ebr.IsInternalReferences){thisWbIndex = i;break;}}if (thisWbIndex < 0){throw new InvalidOperationException(<MASKED>);}int j = _externSheetRecord.GetRefIxForSheet(thisWbIndex, firstSheetIndex, lastSheetIndex);if (j >= 0){return j;}return _externSheetRecord.AddRef(thisWbIndex, firstSheetIndex, lastSheetIndex);}","""Could not find 'internal references' EXTERNALBOOK"""
1446,java,expression_statement,public int next(int n) {currentSentence += n;if (n < 0) {if (text.getIndex() == text.getEndIndex()) {++currentSentence;}if (currentSentence < 0) {currentSentence = 0;text.setIndex(text.getBeginIndex());return DONE;} else {text.setIndex(sentenceStarts[currentSentence]);}} else if (n > 0) {if (currentSentence >= sentenceStarts.length) {currentSentence = sentenceStarts.length - 1;text.setIndex(text.getEndIndex());return DONE;} else {text.setIndex(sentenceStarts[currentSentence]);}}return current();},public int next(int n) {currentSentence += n;if (n < 0) {if (text.getIndex() == text.getEndIndex()) {++currentSentence;}if (currentSentence < 0) {currentSentence = 0;text.setIndex(text.getBeginIndex());return DONE;} else {text.setIndex(sentenceStarts[currentSentence]);}} else if (n > 0) {if (currentSentence >= sentenceStarts.length) {currentSentence = sentenceStarts.length - 1;text.setIndex(text.getEndIndex());return DONE;} else {<MASKED>}}return current();},text.setIndex(sentenceStarts[currentSentence]);
1447,c#,expression_statement,public override int Next(int n){currentSentence += n;if (n < 0){if (text.Index == text.EndIndex){++currentSentence;}if (currentSentence < 0){currentSentence = 0;text.SetIndex(text.BeginIndex);return Done;}else{text.SetIndex(sentenceStarts[currentSentence]);}}else if (n > 0){if (currentSentence >= sentenceStarts.Length){currentSentence = sentenceStarts.Length - 1;text.SetIndex(text.EndIndex);return Done;}else{text.SetIndex(sentenceStarts[currentSentence]);}}return Current;},public override int Next(int n){currentSentence += n;if (n < 0){if (text.Index == text.EndIndex){++currentSentence;}if (currentSentence < 0){<MASKED>text.SetIndex(text.BeginIndex);return Done;}else{text.SetIndex(sentenceStarts[currentSentence]);}}else if (n > 0){if (currentSentence >= sentenceStarts.Length){currentSentence = sentenceStarts.Length - 1;text.SetIndex(text.EndIndex);return Done;}else{text.SetIndex(sentenceStarts[currentSentence]);}}return Current;},currentSentence = 0;
1448,java,string_literal,"public final String validate(String uri, int start, int end, String name)throws URISyntaxException {for (int i = start; i < end; ) {char ch = uri.charAt(i);if ((ch >= 'a' && ch <= 'z')|| (ch >= 'A' && ch <= 'Z')|| (ch >= '0' && ch <= '9')|| isRetained(ch)) {i++;} else if (ch == '%') {if (i + 2 >= end) {throw new URISyntaxException(uri, ""Incomplete % sequence in "" + name, i);}int d1 = hexToInt(uri.charAt(i + 1));int d2 = hexToInt(uri.charAt(i + 2));if (d1 == -1 || d2 == -1) {throw new URISyntaxException(uri, ""Invalid % sequence: ""+ uri.substring(i, i + 3) + "" in "" + name, i);}i += 3;} else {throw new URISyntaxException(uri, ""Illegal character in "" + name, i);}}return uri.substring(start, end);}","public final String validate(String uri, int start, int end, String name)throws URISyntaxException {for (int i = start; i < end; ) {char ch = uri.charAt(i);if ((ch >= 'a' && ch <= 'z')|| (ch >= 'A' && ch <= 'Z')|| (ch >= '0' && ch <= '9')|| isRetained(ch)) {i++;} else if (ch == '%') {if (i + 2 >= end) {throw new URISyntaxException(uri, ""Incomplete % sequence in "" + name, i);}int d1 = hexToInt(uri.charAt(i + 1));int d2 = hexToInt(uri.charAt(i + 2));if (d1 == -1 || d2 == -1) {throw new URISyntaxException(uri, ""Invalid % sequence: ""+ uri.substring(i, i + 3) + <MASKED> + name, i);}i += 3;} else {throw new URISyntaxException(uri, ""Illegal character in "" + name, i);}}return uri.substring(start, end);}",""" in """
1449,c#,expression_statement,"public string validate(string uri, int start, int end, string name){{for (int i = start; i < end; ){char ch = uri[i];if ((ch >= 'a' && ch <= 'z') || (ch >= 'A' && ch <= 'Z') || (ch >= '0' && ch <= '9') || isRetained(ch)){i++;}else{if (ch == '%'){if (i + 2 >= end){throw new java.net.URISyntaxException(uri, ""Incomplete % sequence in "" + name, i);}int d1 = hexToInt(uri[i + 1]);int d2 = hexToInt(uri[i + 2]);if (d1 == -1 || d2 == -1){throw new java.net.URISyntaxException(uri, ""Invalid % sequence: "" + Sharpen.StringHelper.Substring(uri, i, i + 3) + "" in "" + name, i);}i += 3;}else{throw new java.net.URISyntaxException(uri, ""Illegal character in "" + name, i);}}}}return Sharpen.StringHelper.Substring(uri, start, end);}","public string validate(string uri, int start, int end, string name){{for (int i = start; i < end; ){char ch = uri[i];if ((ch >= 'a' && ch <= 'z') || (ch >= 'A' && ch <= 'Z') || (ch >= '0' && ch <= '9') || isRetained(ch)){<MASKED>}else{if (ch == '%'){if (i + 2 >= end){throw new java.net.URISyntaxException(uri, ""Incomplete % sequence in "" + name, i);}int d1 = hexToInt(uri[i + 1]);int d2 = hexToInt(uri[i + 2]);if (d1 == -1 || d2 == -1){throw new java.net.URISyntaxException(uri, ""Invalid % sequence: "" + Sharpen.StringHelper.Substring(uri, i, i + 3) + "" in "" + name, i);}i += 3;}else{throw new java.net.URISyntaxException(uri, ""Illegal character in "" + name, i);}}}}return Sharpen.StringHelper.Substring(uri, start, end);}",i++;
1450,java,expression_statement,"public long skip(long byteCount) throws IOException {if (byteCount < 0) {throw new IllegalArgumentException(""byteCount < 0: "" + byteCount);}synchronized (lock) {checkNotClosed();if (byteCount < 1) {return 0;}if (end - pos >= byteCount) {pos += byteCount;return byteCount;}long read = end - pos;pos = end;while (read < byteCount) {if (fillBuf() == -1) {return read;}if (end - pos >= byteCount - read) {pos += byteCount - read;return byteCount;}read += (end - pos);pos = end;}return byteCount;}}","public long skip(long byteCount) throws IOException {if (byteCount < 0) {throw new IllegalArgumentException(""byteCount < 0: "" + byteCount);}synchronized (lock) {<MASKED>if (byteCount < 1) {return 0;}if (end - pos >= byteCount) {pos += byteCount;return byteCount;}long read = end - pos;pos = end;while (read < byteCount) {if (fillBuf() == -1) {return read;}if (end - pos >= byteCount - read) {pos += byteCount - read;return byteCount;}read += (end - pos);pos = end;}return byteCount;}}",checkNotClosed();
1451,c#,expression_statement,"public override long skip(long byteCount){if (byteCount < 0){throw new System.ArgumentException(""byteCount < 0: "" + byteCount);}lock (@lock){checkNotClosed();if (byteCount < 1){return 0;}if (end - pos >= byteCount){pos += (int)(byteCount);return byteCount;}long read_1 = end - pos;pos = end;while (read_1 < byteCount){if (fillBuf() == -1){return read_1;}if (end - pos >= byteCount - read_1){pos += (int)(byteCount - read_1);return byteCount;}read_1 += (end - pos);pos = end;}return byteCount;}}","public override long skip(long byteCount){if (byteCount < 0){throw new System.ArgumentException(""byteCount < 0: "" + byteCount);}lock (@lock){checkNotClosed();if (byteCount < 1){return 0;}if (end - pos >= byteCount){pos += (int)(byteCount);return byteCount;}long read_1 = end - pos;pos = end;while (read_1 < byteCount){if (fillBuf() == -1){return read_1;}if (end - pos >= byteCount - read_1){pos += (int)(byteCount - read_1);return byteCount;}read_1 += (end - pos);<MASKED>}return byteCount;}}",pos = end;
1452,java,string_literal,"public final CharsetEncoder replaceWith(byte[] replacement) {if (replacement == null) {throw new IllegalArgumentException(""replacement == null"");}if (replacement.length == 0) {throw new IllegalArgumentException(""replacement.length == 0"");}if (replacement.length > maxBytesPerChar()) {throw new IllegalArgumentException(""replacement length > maxBytesPerChar: "" +replacement.length + "" > "" + maxBytesPerChar());}if (!isLegalReplacement(replacement)) {throw new IllegalArgumentException(""bad replacement: "" + Arrays.toString(replacement));}this.replacementBytes = replacement;implReplaceWith(replacementBytes);return this;}","public final CharsetEncoder replaceWith(byte[] replacement) {if (replacement == null) {throw new IllegalArgumentException(""replacement == null"");}if (replacement.length == 0) {throw new IllegalArgumentException(""replacement.length == 0"");}if (replacement.length > maxBytesPerChar()) {throw new IllegalArgumentException(""replacement length > maxBytesPerChar: "" +replacement.length + <MASKED> + maxBytesPerChar());}if (!isLegalReplacement(replacement)) {throw new IllegalArgumentException(""bad replacement: "" + Arrays.toString(replacement));}this.replacementBytes = replacement;implReplaceWith(replacementBytes);return this;}",""" > """
1453,c#,string_literal,"public java.nio.charset.CharsetEncoder replaceWith(byte[] replacement_1){if (replacement_1 == null){throw new System.ArgumentException(""replacement == null"");}if (replacement_1.Length == 0){throw new System.ArgumentException(""replacement.length == 0"");}if (replacement_1.Length > maxBytesPerChar()){throw new System.ArgumentException(""replacement length > maxBytesPerChar: "" + replacement_1.Length + "" > "" + maxBytesPerChar());}if (!isLegalReplacement(replacement_1)){throw new System.ArgumentException(""bad replacement: "" + java.util.Arrays.toString(replacement_1));}this.replacementBytes = replacement_1;implReplaceWith(replacementBytes);return this;}","public java.nio.charset.CharsetEncoder replaceWith(byte[] replacement_1){if (replacement_1 == null){throw new System.ArgumentException(""replacement == null"");}if (replacement_1.Length == 0){throw new System.ArgumentException(""replacement.length == 0"");}if (replacement_1.Length > maxBytesPerChar()){throw new System.ArgumentException(<MASKED> + replacement_1.Length + "" > "" + maxBytesPerChar());}if (!isLegalReplacement(replacement_1)){throw new System.ArgumentException(""bad replacement: "" + java.util.Arrays.toString(replacement_1));}this.replacementBytes = replacement_1;implReplaceWith(replacementBytes);return this;}","""replacement length > maxBytesPerChar: """
1454,java,expression_statement,"public ParseException generateParseException() {jj_expentries.clear();boolean[] la1tokens = new boolean[24];if (jj_kind >= 0) {la1tokens[jj_kind] = true;jj_kind = -1;}for (int i = 0; i < 10; i++) {if (jj_la1[i] == jj_gen) {for (int j = 0; j < 32; j++) {if ((jj_la1_0[i] & (1<<j)) != 0) {la1tokens[j] = true;}}}}for (int i = 0; i < 24; i++) {if (la1tokens[i]) {jj_expentry = new int[1];jj_expentry[0] = i;jj_expentries.add(jj_expentry);}}jj_endpos = 0;jj_rescan_token();jj_add_error_token(0, 0);int[][] exptokseq = new int[jj_expentries.size()][];for (int i = 0; i < jj_expentries.size(); i++) {exptokseq[i] = jj_expentries.get(i);}return new ParseException(token, exptokseq, tokenImage);}","public ParseException generateParseException() {<MASKED>boolean[] la1tokens = new boolean[24];if (jj_kind >= 0) {la1tokens[jj_kind] = true;jj_kind = -1;}for (int i = 0; i < 10; i++) {if (jj_la1[i] == jj_gen) {for (int j = 0; j < 32; j++) {if ((jj_la1_0[i] & (1<<j)) != 0) {la1tokens[j] = true;}}}}for (int i = 0; i < 24; i++) {if (la1tokens[i]) {jj_expentry = new int[1];jj_expentry[0] = i;jj_expentries.add(jj_expentry);}}jj_endpos = 0;jj_rescan_token();jj_add_error_token(0, 0);int[][] exptokseq = new int[jj_expentries.size()][];for (int i = 0; i < jj_expentries.size(); i++) {exptokseq[i] = jj_expentries.get(i);}return new ParseException(token, exptokseq, tokenImage);}",jj_expentries.clear();
1455,c#,expression_statement,"public virtual ParseException GenerateParseException(){jj_expentries.Clear();bool[] la1tokens = new bool[33];if (jj_kind >= 0){la1tokens[jj_kind] = true;jj_kind = -1;}for (int i = 0; i < 21; i++){if (jj_la1[i] == jj_gen){for (int j = 0; j < 32; j++){if ((jj_la1_0[i] & (1 << j)) != 0){la1tokens[j] = true;}if ((jj_la1_1[i] & (1 << j)) != 0){la1tokens[32 + j] = true;}}}}for (int i = 0; i < 33; i++){if (la1tokens[i]){jj_expentry = new int[1];jj_expentry[0] = i;jj_expentries.Add(jj_expentry);}}jj_endpos = 0;Jj_rescan_token();Jj_add_error_token(0, 0);int[][] exptokseq = new int[jj_expentries.Count][];for (int i = 0; i < jj_expentries.Count; i++){exptokseq[i] = jj_expentries[i];}return new ParseException(Token, exptokseq, QueryParserConstants.TokenImage);}","public virtual ParseException GenerateParseException(){jj_expentries.Clear();bool[] la1tokens = new bool[33];if (jj_kind >= 0){la1tokens[jj_kind] = true;jj_kind = -1;}for (int i = 0; i < 21; i++){if (jj_la1[i] == jj_gen){for (int j = 0; j < 32; j++){if ((jj_la1_0[i] & (1 << j)) != 0){la1tokens[j] = true;}if ((jj_la1_1[i] & (1 << j)) != 0){la1tokens[32 + j] = true;}}}}for (int i = 0; i < 33; i++){if (la1tokens[i]){jj_expentry = new int[1];<MASKED>jj_expentries.Add(jj_expentry);}}jj_endpos = 0;Jj_rescan_token();Jj_add_error_token(0, 0);int[][] exptokseq = new int[jj_expentries.Count][];for (int i = 0; i < jj_expentries.Count; i++){exptokseq[i] = jj_expentries[i];}return new ParseException(Token, exptokseq, QueryParserConstants.TokenImage);}",jj_expentry[0] = i;
1456,java,expression_statement,"public LongsRef next(int count) throws IOException {assert nextValues.length >= 0;assert count > 0;assert nextValues.offset + nextValues.length <= nextValues.longs.length;nextValues.offset += nextValues.length;final int remaining = valueCount - position - 1;if (remaining <= 0) {throw new EOFException();}count = Math.min(remaining, count);if (nextValues.offset == nextValues.longs.length) {final long remainingBlocks = format.byteCount(packedIntsVersion, remaining, bitsPerValue);final int blocksToRead = (int) Math.min(remainingBlocks, nextBlocks.length);in.readBytes(nextBlocks, 0, blocksToRead);if (blocksToRead < nextBlocks.length) {Arrays.fill(nextBlocks, blocksToRead, nextBlocks.length, (byte) 0);}bulkOperation.decode(nextBlocks, 0, nextValues.longs, 0, iterations);nextValues.offset = 0;}nextValues.length = Math.min(nextValues.longs.length - nextValues.offset, count);position += nextValues.length;return nextValues;}","public LongsRef next(int count) throws IOException {assert nextValues.length >= 0;assert count > 0;assert nextValues.offset + nextValues.length <= nextValues.longs.length;<MASKED>final int remaining = valueCount - position - 1;if (remaining <= 0) {throw new EOFException();}count = Math.min(remaining, count);if (nextValues.offset == nextValues.longs.length) {final long remainingBlocks = format.byteCount(packedIntsVersion, remaining, bitsPerValue);final int blocksToRead = (int) Math.min(remainingBlocks, nextBlocks.length);in.readBytes(nextBlocks, 0, blocksToRead);if (blocksToRead < nextBlocks.length) {Arrays.fill(nextBlocks, blocksToRead, nextBlocks.length, (byte) 0);}bulkOperation.decode(nextBlocks, 0, nextValues.longs, 0, iterations);nextValues.offset = 0;}nextValues.length = Math.min(nextValues.longs.length - nextValues.offset, count);position += nextValues.length;return nextValues;}",nextValues.offset += nextValues.length;
1457,c#,expression_statement,"public override Int64sRef Next(int count){Debug.Assert(nextValues.Length >= 0);Debug.Assert(count > 0);Debug.Assert(nextValues.Offset + nextValues.Length <= nextValues.Int64s.Length);nextValues.Offset += nextValues.Length;int remaining = m_valueCount - position - 1;if (remaining <= 0){throw new System.IO.EndOfStreamException();}count = Math.Min(remaining, count);if (nextValues.Offset == nextValues.Int64s.Length){long remainingBlocks = format.ByteCount(packedIntsVersion, remaining, m_bitsPerValue);int blocksToRead = (int)Math.Min(remainingBlocks, nextBlocks.Length);m_in.ReadBytes(nextBlocks, 0, blocksToRead);if (blocksToRead < nextBlocks.Length){Arrays.Fill(nextBlocks, blocksToRead, nextBlocks.Length, (byte)0);}bulkOperation.Decode(nextBlocks, 0, nextValues.Int64s, 0, iterations);nextValues.Offset = 0;}nextValues.Length = Math.Min(nextValues.Int64s.Length - nextValues.Offset, count);position += nextValues.Length;return nextValues;}","public override Int64sRef Next(int count){Debug.Assert(nextValues.Length >= 0);Debug.Assert(count > 0);Debug.Assert(nextValues.Offset + nextValues.Length <= nextValues.Int64s.Length);nextValues.Offset += nextValues.Length;int remaining = m_valueCount - position - 1;if (remaining <= 0){throw new System.IO.EndOfStreamException();}count = Math.Min(remaining, count);if (nextValues.Offset == nextValues.Int64s.Length){long remainingBlocks = format.ByteCount(packedIntsVersion, remaining, m_bitsPerValue);int blocksToRead = (int)Math.Min(remainingBlocks, nextBlocks.Length);m_in.ReadBytes(nextBlocks, 0, blocksToRead);if (blocksToRead < nextBlocks.Length){<MASKED>}bulkOperation.Decode(nextBlocks, 0, nextValues.Int64s, 0, iterations);nextValues.Offset = 0;}nextValues.Length = Math.Min(nextValues.Int64s.Length - nextValues.Offset, count);position += nextValues.Length;return nextValues;}","Arrays.Fill(nextBlocks, blocksToRead, nextBlocks.Length, (byte)0);"
1458,java,string_literal,"public String toString(){StringBuilder sb = new StringBuilder();sb.append(""[LABEL]\n"");sb.append(""    .row       = "").append(HexDump.shortToHex(getRow())).append(""\n"");sb.append(""    .column    = "").append(HexDump.shortToHex(getColumn())).append(""\n"");sb.append(""    .xfindex   = "").append(HexDump.shortToHex(getXFIndex())).append(""\n"");sb.append(""    .string_len= "").append(HexDump.shortToHex(field_4_string_len)).append(""\n"");sb.append(""    .unicode_flag= "").append(HexDump.byteToHex(field_5_unicode_flag)).append(""\n"");sb.append(""    .value       = "").append(getValue()).append(""\n"");sb.append(""[/LABEL]\n"");return sb.toString();}","public String toString(){StringBuilder sb = new StringBuilder();sb.append(""[LABEL]\n"");sb.append(""    .row       = "").append(HexDump.shortToHex(getRow())).append(""\n"");sb.append(""    .column    = "").append(HexDump.shortToHex(getColumn())).append(""\n"");sb.append(""    .xfindex   = "").append(HexDump.shortToHex(getXFIndex())).append(""\n"");sb.append(""    .string_len= "").append(HexDump.shortToHex(field_4_string_len)).append(""\n"");sb.append(""    .unicode_flag= "").append(HexDump.byteToHex(field_5_unicode_flag)).append(<MASKED>);sb.append(""    .value       = "").append(getValue()).append(""\n"");sb.append(""[/LABEL]\n"");return sb.toString();}","""\n"""
1459,c#,expression_statement,"public override String ToString(){StringBuilder buffer = new StringBuilder();buffer.Append(""[LABEL]\n"");buffer.Append(""    .row            = "").Append(StringUtil.ToHexString(Row)).Append(""\n"");buffer.Append(""    .column         = "").Append(StringUtil.ToHexString(Column)).Append(""\n"");buffer.Append(""    .xfindex        = "").Append(StringUtil.ToHexString(XFIndex)).Append(""\n"");buffer.Append(""    .string_len       = "").Append(StringUtil.ToHexString(field_4_string_len)).Append(""\n"");buffer.Append(""    .unicode_flag       = "").Append(StringUtil.ToHexString(field_5_unicode_flag)).Append(""\n"");buffer.Append(""    .value       = "").Append(Value).Append(""\n"");buffer.Append(""[/LABEL]\n"");return buffer.ToString();}","public override String ToString(){StringBuilder buffer = new StringBuilder();buffer.Append(""[LABEL]\n"");buffer.Append(""    .row            = "").Append(StringUtil.ToHexString(Row)).Append(""\n"");buffer.Append(""    .column         = "").Append(StringUtil.ToHexString(Column)).Append(""\n"");buffer.Append(""    .xfindex        = "").Append(StringUtil.ToHexString(XFIndex)).Append(""\n"");<MASKED>buffer.Append(""    .unicode_flag       = "").Append(StringUtil.ToHexString(field_5_unicode_flag)).Append(""\n"");buffer.Append(""    .value       = "").Append(Value).Append(""\n"");buffer.Append(""[/LABEL]\n"");return buffer.ToString();}","buffer.Append(""    .string_len       = "").Append(StringUtil.ToHexString(field_4_string_len)).Append(""\n"");"
1460,java,expression_statement,"public final static String htmlEncode(String plainText){if (plainText == null || plainText.length() == 0){return """";}StringBuilder result = new StringBuilder(plainText.length());for (int index=0; index<plainText.length(); index++){char ch = plainText.charAt(index);switch (ch) {case '""':result.append(""&quot;"");break;case '&':result.append(""&amp;"");break;case '<':result.append(""&lt;"");break;case '>':result.append(""&gt;"");break;case '\'':result.append(""&#x27;"");break;case '/':result.append(""&#x2F;"");break;default:result.append(ch);}}return result.toString();}","public final static String htmlEncode(String plainText){if (plainText == null || plainText.length() == 0){return """";}StringBuilder result = new StringBuilder(plainText.length());for (int index=0; index<plainText.length(); index++){char ch = plainText.charAt(index);switch (ch) {case '""':result.append(""&quot;"");break;case '&':<MASKED>break;case '<':result.append(""&lt;"");break;case '>':result.append(""&gt;"");break;case '\'':result.append(""&#x27;"");break;case '/':result.append(""&#x2F;"");break;default:result.append(ch);}}return result.toString();}","result.append(""&amp;"");"
1461,c#,expression_statement,"public static string HtmlEncode(string plainText){if (string.IsNullOrEmpty(plainText)){return string.Empty;}var result = new StringBuilder(plainText.Length);for (int index = 0; index < plainText.Length; index++){char ch = plainText[index];switch (ch){case '""':result.Append(""&quot;"");break;case '&':result.Append(""&amp;"");break;case '<':result.Append(""&lt;"");break;case '>':result.Append(""&gt;"");break;case '\'':result.Append(""&#x27;"");break;case '/':result.Append(""&#x2F;"");break;default:if (ch < 128){result.Append(ch);}else{result.Append(""&#"").Append((int)ch).Append("";"");}break;}}return result.ToString();}","public static string HtmlEncode(string plainText){if (string.IsNullOrEmpty(plainText)){return string.Empty;}var result = new StringBuilder(plainText.Length);for (int index = 0; index < plainText.Length; index++){char ch = plainText[index];switch (ch){case '""':result.Append(""&quot;"");break;case '&':result.Append(""&amp;"");break;case '<':result.Append(""&lt;"");break;case '>':result.Append(""&gt;"");break;case '\'':result.Append(""&#x27;"");break;case '/':result.Append(""&#x2F;"");break;default:if (ch < 128){<MASKED>}else{result.Append(""&#"").Append((int)ch).Append("";"");}break;}}return result.ToString();}",result.Append(ch);
1462,java,expression_statement,"public List<String> call() throws GitAPIException {checkCallable();List<String> result = new ArrayList<>();if (tags.isEmpty())return result;try {setCallable(false);for (String tagName : tags) {if (tagName == null)continue;Ref currentRef = repo.findRef(tagName);if (currentRef == null)continue;String fullName = currentRef.getName();RefUpdate update = repo.updateRef(fullName);update.setForceUpdate(true);Result deleteResult = update.delete();boolean ok = true;switch (deleteResult) {case IO_FAILURE: case LOCK_FAILURE: case REJECTED: ok = false;break;default:break;}if (ok) {result.add(fullName);} else throw new JGitInternalException(MessageFormat.format(JGitText.get().deleteTagUnexpectedResult,deleteResult.name()));}return result;} catch (IOException ioe) {throw new JGitInternalException(ioe.getMessage(), ioe);}}","public List<String> call() throws GitAPIException {<MASKED>List<String> result = new ArrayList<>();if (tags.isEmpty())return result;try {setCallable(false);for (String tagName : tags) {if (tagName == null)continue;Ref currentRef = repo.findRef(tagName);if (currentRef == null)continue;String fullName = currentRef.getName();RefUpdate update = repo.updateRef(fullName);update.setForceUpdate(true);Result deleteResult = update.delete();boolean ok = true;switch (deleteResult) {case IO_FAILURE: case LOCK_FAILURE: case REJECTED: ok = false;break;default:break;}if (ok) {result.add(fullName);} else throw new JGitInternalException(MessageFormat.format(JGitText.get().deleteTagUnexpectedResult,deleteResult.name()));}return result;} catch (IOException ioe) {throw new JGitInternalException(ioe.getMessage(), ioe);}}",checkCallable();
1463,c#,expression_statement,"public override IList<string> Call(){CheckCallable();IList<string> result = new AList<string>();if (tags.IsEmpty()){return result;}try{SetCallable(false);foreach (string tagName in tags){if (tagName == null){continue;}Ref currentRef = repo.GetRef(tagName);if (currentRef == null){continue;}string fullName = currentRef.GetName();RefUpdate update = repo.UpdateRef(fullName);update.SetForceUpdate(true);RefUpdate.Result deleteResult = update.Delete();bool ok = true;switch (deleteResult){case RefUpdate.Result.IO_FAILURE:case RefUpdate.Result.LOCK_FAILURE:case RefUpdate.Result.REJECTED:{ok = false;break;}default:{break;break;}}if (ok){result.AddItem(fullName);}else{throw new JGitInternalException(MessageFormat.Format(JGitText.Get().deleteTagUnexpectedResult, deleteResult.ToString()));}}return result;}catch (IOException ioe){throw new JGitInternalException(ioe.Message, ioe);}}","public override IList<string> Call(){CheckCallable();IList<string> result = new AList<string>();if (tags.IsEmpty()){return result;}try{SetCallable(false);foreach (string tagName in tags){if (tagName == null){continue;}Ref currentRef = repo.GetRef(tagName);if (currentRef == null){continue;}string fullName = currentRef.GetName();RefUpdate update = repo.UpdateRef(fullName);<MASKED>RefUpdate.Result deleteResult = update.Delete();bool ok = true;switch (deleteResult){case RefUpdate.Result.IO_FAILURE:case RefUpdate.Result.LOCK_FAILURE:case RefUpdate.Result.REJECTED:{ok = false;break;}default:{break;break;}}if (ok){result.AddItem(fullName);}else{throw new JGitInternalException(MessageFormat.Format(JGitText.Get().deleteTagUnexpectedResult, deleteResult.ToString()));}}return result;}catch (IOException ioe){throw new JGitInternalException(ioe.Message, ioe);}}",update.SetForceUpdate(true);
1464,java,expression_statement,"public SynonymFilter(TokenStream input, SynonymMap synonyms, boolean ignoreCase) {super(input);this.synonyms = synonyms;this.ignoreCase = ignoreCase;this.fst = synonyms.fst;if (fst == null) {throw new IllegalArgumentException(""fst must be non-null"");}this.fstReader = fst.getBytesReader();rollBufferSize = 1+synonyms.maxHorizontalContext;futureInputs = new PendingInput[rollBufferSize];futureOutputs = new PendingOutputs[rollBufferSize];for(int pos=0;pos<rollBufferSize;pos++) {futureInputs[pos] = new PendingInput();futureOutputs[pos] = new PendingOutputs();}scratchArc = new FST.Arc<>();}","public SynonymFilter(TokenStream input, SynonymMap synonyms, boolean ignoreCase) {super(input);this.synonyms = synonyms;this.ignoreCase = ignoreCase;<MASKED>if (fst == null) {throw new IllegalArgumentException(""fst must be non-null"");}this.fstReader = fst.getBytesReader();rollBufferSize = 1+synonyms.maxHorizontalContext;futureInputs = new PendingInput[rollBufferSize];futureOutputs = new PendingOutputs[rollBufferSize];for(int pos=0;pos<rollBufferSize;pos++) {futureInputs[pos] = new PendingInput();futureOutputs[pos] = new PendingOutputs();}scratchArc = new FST.Arc<>();}",this.fst = synonyms.fst;
1465,c#,expression_statement,"public SynonymFilter(TokenStream input, SynonymMap synonyms, bool ignoreCase): base(input){termAtt = AddAttribute<ICharTermAttribute>();posIncrAtt = AddAttribute<IPositionIncrementAttribute>();posLenAtt = AddAttribute<IPositionLengthAttribute>();typeAtt = AddAttribute<ITypeAttribute>();offsetAtt = AddAttribute<IOffsetAttribute>();this.synonyms = synonyms;this.ignoreCase = ignoreCase;this.fst = synonyms.Fst;if (fst == null){throw new System.ArgumentException(""fst must be non-null"");}this.fstReader = fst.GetBytesReader();rollBufferSize = 1 + synonyms.MaxHorizontalContext;futureInputs = new PendingInput[rollBufferSize];futureOutputs = new PendingOutputs[rollBufferSize];for (int pos = 0; pos < rollBufferSize; pos++){futureInputs[pos] = new PendingInput();futureOutputs[pos] = new PendingOutputs();}scratchArc = new FST.Arc<BytesRef>();}","public SynonymFilter(TokenStream input, SynonymMap synonyms, bool ignoreCase): base(input){termAtt = AddAttribute<ICharTermAttribute>();<MASKED>posLenAtt = AddAttribute<IPositionLengthAttribute>();typeAtt = AddAttribute<ITypeAttribute>();offsetAtt = AddAttribute<IOffsetAttribute>();this.synonyms = synonyms;this.ignoreCase = ignoreCase;this.fst = synonyms.Fst;if (fst == null){throw new System.ArgumentException(""fst must be non-null"");}this.fstReader = fst.GetBytesReader();rollBufferSize = 1 + synonyms.MaxHorizontalContext;futureInputs = new PendingInput[rollBufferSize];futureOutputs = new PendingOutputs[rollBufferSize];for (int pos = 0; pos < rollBufferSize; pos++){futureInputs[pos] = new PendingInput();futureOutputs[pos] = new PendingOutputs();}scratchArc = new FST.Arc<BytesRef>();}",posIncrAtt = AddAttribute<IPositionIncrementAttribute>();
1466,java,expression_statement,public AlibabaCloudCredentials getCredentials() throws ClientException {if (credentials == null || credentials.isExpired()) {ecsMetadataServiceFetchCount += 1;int maxRetryTimes = MAX_ECS_METADATA_FETCH_RETRY_TIMES;credentials = fetcher.fetch(maxRetryTimes);} else if (credentials.willSoonExpire() && credentials.shouldRefresh()) {try {ecsMetadataServiceFetchCount += 1;credentials = fetcher.fetch();} catch (ClientException e) {credentials.setLastFailedRefreshTime();}}return credentials;},public AlibabaCloudCredentials getCredentials() throws ClientException {if (credentials == null || credentials.isExpired()) {ecsMetadataServiceFetchCount += 1;int maxRetryTimes = MAX_ECS_METADATA_FETCH_RETRY_TIMES;credentials = fetcher.fetch(maxRetryTimes);} else if (credentials.willSoonExpire() && credentials.shouldRefresh()) {try {<MASKED>credentials = fetcher.fetch();} catch (ClientException e) {credentials.setLastFailedRefreshTime();}}return credentials;},ecsMetadataServiceFetchCount += 1;
1467,c#,string_literal,"public virtual AlibabaCloudCredentials GetCredentials(){try{if (credentials == null){credentials = fetcher.Fetch(maxRetryTimes);}if (credentials.IsExpired()){throw new ClientException(""SDK.SessionTokenExpired"", ""Current session token has expired."");}if (!credentials.WillSoonExpire() || !credentials.ShouldRefresh()){return credentials;}credentials = fetcher.Fetch();return credentials;}catch (ClientException ex){if (ex.ErrorCode.Equals(""SDK.SessionTokenExpired"") &&ex.ErrorMessage.Equals(""Current session token has expired."")){CommonLog.LogException(ex, ex.ErrorCode, ex.ErrorMessage);throw new ClientException(ex.ErrorCode, ex.ErrorMessage);}credentials.SetLastFailedRefreshTime();}return credentials;}","public virtual AlibabaCloudCredentials GetCredentials(){try{if (credentials == null){credentials = fetcher.Fetch(maxRetryTimes);}if (credentials.IsExpired()){throw new ClientException(<MASKED>, ""Current session token has expired."");}if (!credentials.WillSoonExpire() || !credentials.ShouldRefresh()){return credentials;}credentials = fetcher.Fetch();return credentials;}catch (ClientException ex){if (ex.ErrorCode.Equals(""SDK.SessionTokenExpired"") &&ex.ErrorMessage.Equals(""Current session token has expired."")){CommonLog.LogException(ex, ex.ErrorCode, ex.ErrorMessage);throw new ClientException(ex.ErrorCode, ex.ErrorMessage);}credentials.SetLastFailedRefreshTime();}return credentials;}","""SDK.SessionTokenExpired"""
1468,java,string_literal,"public Note call() throws GitAPIException {checkCallable();NoteMap map = NoteMap.newEmptyMap();RevCommit notesCommit = null;try (RevWalk walk = new RevWalk(repo);ObjectInserter inserter = repo.newObjectInserter()) {Ref ref = repo.findRef(notesRef);if (ref != null) {notesCommit = walk.parseCommit(ref.getObjectId());map = NoteMap.read(walk.getObjectReader(), notesCommit);}map.set(id, message, inserter);commitNoteMap(repo, notesRef, walk, map, notesCommit, inserter,""Notes added by 'git notes add'""); return map.getNote(id);} catch (IOException e) {throw new JGitInternalException(e.getMessage(), e);}}","public Note call() throws GitAPIException {checkCallable();NoteMap map = NoteMap.newEmptyMap();RevCommit notesCommit = null;try (RevWalk walk = new RevWalk(repo);ObjectInserter inserter = repo.newObjectInserter()) {Ref ref = repo.findRef(notesRef);if (ref != null) {notesCommit = walk.parseCommit(ref.getObjectId());map = NoteMap.read(walk.getObjectReader(), notesCommit);}map.set(id, message, inserter);commitNoteMap(repo, notesRef, walk, map, notesCommit, inserter,<MASKED>); return map.getNote(id);} catch (IOException e) {throw new JGitInternalException(e.getMessage(), e);}}","""Notes added by 'git notes add'"""
1469,c#,string_literal,"public override Note Call(){CheckCallable();RevWalk walk = new RevWalk(repo);ObjectInserter inserter = repo.NewObjectInserter();NoteMap map = NoteMap.NewEmptyMap();RevCommit notesCommit = null;try{Ref @ref = repo.GetRef(notesRef);if (@ref != null){notesCommit = walk.ParseCommit(@ref.GetObjectId());map = NoteMap.Read(walk.GetObjectReader(), notesCommit);}map.Set(id, message, inserter);CommitNoteMap(walk, map, notesCommit, inserter, ""Notes added by 'git notes add'"");return map.GetNote(id);}catch (IOException e){throw new JGitInternalException(e.Message, e);}finally{inserter.Release();walk.Release();}}","public override Note Call(){CheckCallable();RevWalk walk = new RevWalk(repo);ObjectInserter inserter = repo.NewObjectInserter();NoteMap map = NoteMap.NewEmptyMap();RevCommit notesCommit = null;try{Ref @ref = repo.GetRef(notesRef);if (@ref != null){notesCommit = walk.ParseCommit(@ref.GetObjectId());map = NoteMap.Read(walk.GetObjectReader(), notesCommit);}map.Set(id, message, inserter);CommitNoteMap(walk, map, notesCommit, inserter, <MASKED>);return map.GetNote(id);}catch (IOException e){throw new JGitInternalException(e.Message, e);}finally{inserter.Release();walk.Release();}}","""Notes added by 'git notes add'"""
1470,java,expression_statement,"public ValueEval evaluate(int srcRowIndex, int srcColumnIndex, ValueEval numberVE) {final String hex;if (numberVE instanceof RefEval) {RefEval re = (RefEval) numberVE;hex = OperandResolver.coerceValueToString(re.getInnerValueEval(re.getFirstSheetIndex()));} else {hex = OperandResolver.coerceValueToString(numberVE);}try {return new NumberEval(BaseNumberUtils.convertToDecimal(hex, HEXADECIMAL_BASE, MAX_NUMBER_OF_PLACES));}  catch (IllegalArgumentException e) {return ErrorEval.NUM_ERROR;}}","public ValueEval evaluate(int srcRowIndex, int srcColumnIndex, ValueEval numberVE) {final String hex;if (numberVE instanceof RefEval) {RefEval re = (RefEval) numberVE;<MASKED>} else {hex = OperandResolver.coerceValueToString(numberVE);}try {return new NumberEval(BaseNumberUtils.convertToDecimal(hex, HEXADECIMAL_BASE, MAX_NUMBER_OF_PLACES));}  catch (IllegalArgumentException e) {return ErrorEval.NUM_ERROR;}}",hex = OperandResolver.coerceValueToString(re.getInnerValueEval(re.getFirstSheetIndex()));
1471,c#,expression_statement,"public override ValueEval Evaluate(int srcRowIndex, int srcColumnIndex, ValueEval numberVE){String hex;if (numberVE is RefEval){RefEval re = (RefEval)numberVE;hex = OperandResolver.CoerceValueToString(re.GetInnerValueEval(re.FirstSheetIndex));}else{hex = OperandResolver.CoerceValueToString(numberVE);}try{return new NumberEval(BaseNumberUtils.ConvertToDecimal(hex, HEXADECIMAL_BASE, MAX_NUMBER_OF_PLACES));}catch (ArgumentException){return ErrorEval.NUM_ERROR;}}","public override ValueEval Evaluate(int srcRowIndex, int srcColumnIndex, ValueEval numberVE){String hex;if (numberVE is RefEval){RefEval re = (RefEval)numberVE;<MASKED>}else{hex = OperandResolver.CoerceValueToString(numberVE);}try{return new NumberEval(BaseNumberUtils.ConvertToDecimal(hex, HEXADECIMAL_BASE, MAX_NUMBER_OF_PLACES));}catch (ArgumentException){return ErrorEval.NUM_ERROR;}}",hex = OperandResolver.CoerceValueToString(re.GetInnerValueEval(re.FirstSheetIndex));
1472,java,string_literal,"public String toString(){StringBuilder buffer = new StringBuilder();buffer.append(""[OBJECTLINK]\n"");buffer.append(""    .anchorId             = "").append(""0x"").append(HexDump.toHex(  getAnchorId ())).append("" ("").append( getAnchorId() ).append("" )"");buffer.append(System.getProperty(""line.separator""));buffer.append(""    .link1                = "").append(""0x"").append(HexDump.toHex(  getLink1 ())).append("" ("").append( getLink1() ).append("" )"");buffer.append(System.getProperty(""line.separator""));buffer.append(""    .link2                = "").append(""0x"").append(HexDump.toHex(  getLink2 ())).append("" ("").append( getLink2() ).append("" )"");buffer.append(System.getProperty(""line.separator""));buffer.append(""[/OBJECTLINK]\n"");return buffer.toString();}","public String toString(){StringBuilder buffer = new StringBuilder();buffer.append(<MASKED>);buffer.append(""    .anchorId             = "").append(""0x"").append(HexDump.toHex(  getAnchorId ())).append("" ("").append( getAnchorId() ).append("" )"");buffer.append(System.getProperty(""line.separator""));buffer.append(""    .link1                = "").append(""0x"").append(HexDump.toHex(  getLink1 ())).append("" ("").append( getLink1() ).append("" )"");buffer.append(System.getProperty(""line.separator""));buffer.append(""    .link2                = "").append(""0x"").append(HexDump.toHex(  getLink2 ())).append("" ("").append( getLink2() ).append("" )"");buffer.append(System.getProperty(""line.separator""));buffer.append(""[/OBJECTLINK]\n"");return buffer.toString();}","""[OBJECTLINK]\n"""
1473,c#,string_literal,"public override String ToString(){StringBuilder buffer = new StringBuilder();buffer.Append(""[OBJECTLINK]\n"");buffer.Append(""    .AnchorId             = "").Append(""0x"").Append(HexDump.ToHex(AnchorId)).Append("" ("").Append(AnchorId).Append("" )"");buffer.Append(Environment.NewLine);buffer.Append(""    .link1                = "").Append(""0x"").Append(HexDump.ToHex(Link1)).Append("" ("").Append(Link1).Append("" )"");buffer.Append(Environment.NewLine);buffer.Append(""    .link2                = "").Append(""0x"").Append(HexDump.ToHex(Link2)).Append("" ("").Append(Link2).Append("" )"");buffer.Append(Environment.NewLine);buffer.Append(""[/OBJECTLINK]\n"");return buffer.ToString();}","public override String ToString(){StringBuilder buffer = new StringBuilder();buffer.Append(""[OBJECTLINK]\n"");buffer.Append(""    .AnchorId             = "").Append(""0x"").Append(HexDump.ToHex(AnchorId)).Append("" ("").Append(AnchorId).Append("" )"");buffer.Append(Environment.NewLine);buffer.Append(<MASKED>).Append(""0x"").Append(HexDump.ToHex(Link1)).Append("" ("").Append(Link1).Append("" )"");buffer.Append(Environment.NewLine);buffer.Append(""    .link2                = "").Append(""0x"").Append(HexDump.ToHex(Link2)).Append("" ("").Append(Link2).Append("" )"");buffer.Append(Environment.NewLine);buffer.Append(""[/OBJECTLINK]\n"");return buffer.ToString();}","""    .link1                = """
1474,java,expression_statement,"public static QualityStats average(QualityStats[] stats) {QualityStats avg = new QualityStats(0,0);if (stats.length==0) {return avg;}int m = 0; for (int i=0; i<stats.length; i++) {avg.searchTime += stats[i].searchTime;avg.docNamesExtractTime += stats[i].docNamesExtractTime;if (stats[i].maxGoodPoints>0) {m++;avg.numGoodPoints += stats[i].numGoodPoints;avg.numPoints += stats[i].numPoints;avg.pReleventSum += stats[i].getAvp();avg.recall += stats[i].recall;avg.mrr += stats[i].getMRR();avg.maxGoodPoints += stats[i].maxGoodPoints;for (int j=1; j<avg.pAt.length; j++) {avg.pAt[j] += stats[i].getPrecisionAt(j);}}}assert m>0 : ""Fishy: no \""good\"" queries!"";avg.searchTime /= stats.length;avg.docNamesExtractTime /= stats.length;avg.numGoodPoints /= m;avg.numPoints /= m;avg.recall /= m;avg.mrr /= m;avg.maxGoodPoints /= m;for (int j=1; j<avg.pAt.length; j++) {avg.pAt[j] /= m;}avg.pReleventSum /= m;                 avg.pReleventSum *= avg.maxGoodPoints; return avg;}","public static QualityStats average(QualityStats[] stats) {QualityStats avg = new QualityStats(0,0);if (stats.length==0) {return avg;}int m = 0; for (int i=0; i<stats.length; i++) {avg.searchTime += stats[i].searchTime;avg.docNamesExtractTime += stats[i].docNamesExtractTime;if (stats[i].maxGoodPoints>0) {m++;avg.numGoodPoints += stats[i].numGoodPoints;avg.numPoints += stats[i].numPoints;avg.pReleventSum += stats[i].getAvp();avg.recall += stats[i].recall;avg.mrr += stats[i].getMRR();avg.maxGoodPoints += stats[i].maxGoodPoints;for (int j=1; j<avg.pAt.length; j++) {avg.pAt[j] += stats[i].getPrecisionAt(j);}}}assert m>0 : ""Fishy: no \""good\"" queries!"";avg.searchTime /= stats.length;avg.docNamesExtractTime /= stats.length;avg.numGoodPoints /= m;avg.numPoints /= m;<MASKED>avg.mrr /= m;avg.maxGoodPoints /= m;for (int j=1; j<avg.pAt.length; j++) {avg.pAt[j] /= m;}avg.pReleventSum /= m;                 avg.pReleventSum *= avg.maxGoodPoints; return avg;}",avg.recall /= m;
1475,c#,expression_statement,"public static QualityStats Average(QualityStats[] stats){QualityStats avg = new QualityStats(0, 0);if (stats.Length == 0){return avg;}int m = 0; for (int i = 0; i < stats.Length; i++){avg.searchTime += stats[i].searchTime;avg.docNamesExtractTime += stats[i].docNamesExtractTime;if (stats[i].maxGoodPoints > 0){m++;avg.numGoodPoints += stats[i].numGoodPoints;avg.numPoints += stats[i].numPoints;avg.pReleventSum += stats[i].GetAvp();avg.recall += stats[i].recall;avg.mrr += stats[i].MRR;avg.maxGoodPoints += stats[i].maxGoodPoints;for (int j = 1; j < avg.pAt.Length; j++){avg.pAt[j] += stats[i].GetPrecisionAt(j);}}}Debug.Assert(m> 0, ""Fishy: no \""good\"" queries!"");avg.searchTime /= stats.Length;avg.docNamesExtractTime /= stats.Length;avg.numGoodPoints /= m;avg.numPoints /= m;avg.recall /= m;avg.mrr /= m;avg.maxGoodPoints /= m;for (int j = 1; j < avg.pAt.Length; j++){avg.pAt[j] /= m;}avg.pReleventSum /= m;                 avg.pReleventSum *= avg.maxGoodPoints; return avg;}","public static QualityStats Average(QualityStats[] stats){QualityStats avg = new QualityStats(0, 0);if (stats.Length == 0){return avg;}int m = 0; for (int i = 0; i < stats.Length; i++){avg.searchTime += stats[i].searchTime;avg.docNamesExtractTime += stats[i].docNamesExtractTime;if (stats[i].maxGoodPoints > 0){m++;avg.numGoodPoints += stats[i].numGoodPoints;<MASKED>avg.pReleventSum += stats[i].GetAvp();avg.recall += stats[i].recall;avg.mrr += stats[i].MRR;avg.maxGoodPoints += stats[i].maxGoodPoints;for (int j = 1; j < avg.pAt.Length; j++){avg.pAt[j] += stats[i].GetPrecisionAt(j);}}}Debug.Assert(m> 0, ""Fishy: no \""good\"" queries!"");avg.searchTime /= stats.Length;avg.docNamesExtractTime /= stats.Length;avg.numGoodPoints /= m;avg.numPoints /= m;avg.recall /= m;avg.mrr /= m;avg.maxGoodPoints /= m;for (int j = 1; j < avg.pAt.Length; j++){avg.pAt[j] /= m;}avg.pReleventSum /= m;                 avg.pReleventSum *= avg.maxGoodPoints; return avg;}",avg.numPoints += stats[i].numPoints;
1476,java,expression_statement,"public StandardQueryTreeBuilder() {setBuilder(GroupQueryNode.class, new GroupQueryNodeBuilder());setBuilder(FieldQueryNode.class, new FieldQueryNodeBuilder());setBuilder(BooleanQueryNode.class, new BooleanQueryNodeBuilder());setBuilder(FuzzyQueryNode.class, new FuzzyQueryNodeBuilder());setBuilder(PointQueryNode.class, new DummyQueryNodeBuilder());setBuilder(PointRangeQueryNode.class, new PointRangeQueryNodeBuilder());setBuilder(BoostQueryNode.class, new BoostQueryNodeBuilder());setBuilder(ModifierQueryNode.class, new ModifierQueryNodeBuilder());setBuilder(WildcardQueryNode.class, new WildcardQueryNodeBuilder());setBuilder(TokenizedPhraseQueryNode.class, new PhraseQueryNodeBuilder());setBuilder(MatchNoDocsQueryNode.class, new MatchNoDocsQueryNodeBuilder());setBuilder(PrefixWildcardQueryNode.class,new PrefixWildcardQueryNodeBuilder());setBuilder(TermRangeQueryNode.class, new TermRangeQueryNodeBuilder());setBuilder(RegexpQueryNode.class, new RegexpQueryNodeBuilder());setBuilder(SlopQueryNode.class, new SlopQueryNodeBuilder());setBuilder(SynonymQueryNode.class,new SynonymQueryNodeBuilder());setBuilder(MultiPhraseQueryNode.class, new MultiPhraseQueryNodeBuilder());setBuilder(MatchAllDocsQueryNode.class, new MatchAllDocsQueryNodeBuilder());}","public StandardQueryTreeBuilder() {setBuilder(GroupQueryNode.class, new GroupQueryNodeBuilder());setBuilder(FieldQueryNode.class, new FieldQueryNodeBuilder());setBuilder(BooleanQueryNode.class, new BooleanQueryNodeBuilder());setBuilder(FuzzyQueryNode.class, new FuzzyQueryNodeBuilder());setBuilder(PointQueryNode.class, new DummyQueryNodeBuilder());setBuilder(PointRangeQueryNode.class, new PointRangeQueryNodeBuilder());setBuilder(BoostQueryNode.class, new BoostQueryNodeBuilder());setBuilder(ModifierQueryNode.class, new ModifierQueryNodeBuilder());setBuilder(WildcardQueryNode.class, new WildcardQueryNodeBuilder());setBuilder(TokenizedPhraseQueryNode.class, new PhraseQueryNodeBuilder());setBuilder(MatchNoDocsQueryNode.class, new MatchNoDocsQueryNodeBuilder());setBuilder(PrefixWildcardQueryNode.class,new PrefixWildcardQueryNodeBuilder());setBuilder(TermRangeQueryNode.class, new TermRangeQueryNodeBuilder());setBuilder(RegexpQueryNode.class, new RegexpQueryNodeBuilder());setBuilder(SlopQueryNode.class, new SlopQueryNodeBuilder());<MASKED>setBuilder(MultiPhraseQueryNode.class, new MultiPhraseQueryNodeBuilder());setBuilder(MatchAllDocsQueryNode.class, new MatchAllDocsQueryNodeBuilder());}","setBuilder(SynonymQueryNode.class,new SynonymQueryNodeBuilder());"
1477,c#,expression_statement,"public StandardQueryTreeBuilder(){SetBuilder(typeof(GroupQueryNode), new GroupQueryNodeBuilder());SetBuilder(typeof(FieldQueryNode), new FieldQueryNodeBuilder());SetBuilder(typeof(BooleanQueryNode), new BooleanQueryNodeBuilder());SetBuilder(typeof(FuzzyQueryNode), new FuzzyQueryNodeBuilder());SetBuilder(typeof(NumericQueryNode), new DummyQueryNodeBuilder());SetBuilder(typeof(NumericRangeQueryNode), new NumericRangeQueryNodeBuilder());SetBuilder(typeof(BoostQueryNode), new BoostQueryNodeBuilder());SetBuilder(typeof(ModifierQueryNode), new ModifierQueryNodeBuilder());SetBuilder(typeof(WildcardQueryNode), new WildcardQueryNodeBuilder());SetBuilder(typeof(TokenizedPhraseQueryNode), new PhraseQueryNodeBuilder());SetBuilder(typeof(MatchNoDocsQueryNode), new MatchNoDocsQueryNodeBuilder());SetBuilder(typeof(PrefixWildcardQueryNode),new PrefixWildcardQueryNodeBuilder());SetBuilder(typeof(TermRangeQueryNode), new TermRangeQueryNodeBuilder());SetBuilder(typeof(RegexpQueryNode), new RegexpQueryNodeBuilder());SetBuilder(typeof(SlopQueryNode), new SlopQueryNodeBuilder());SetBuilder(typeof(StandardBooleanQueryNode),new StandardBooleanQueryNodeBuilder());SetBuilder(typeof(MultiPhraseQueryNode), new MultiPhraseQueryNodeBuilder());SetBuilder(typeof(MatchAllDocsQueryNode), new MatchAllDocsQueryNodeBuilder());}","public StandardQueryTreeBuilder(){SetBuilder(typeof(GroupQueryNode), new GroupQueryNodeBuilder());SetBuilder(typeof(FieldQueryNode), new FieldQueryNodeBuilder());SetBuilder(typeof(BooleanQueryNode), new BooleanQueryNodeBuilder());SetBuilder(typeof(FuzzyQueryNode), new FuzzyQueryNodeBuilder());SetBuilder(typeof(NumericQueryNode), new DummyQueryNodeBuilder());SetBuilder(typeof(NumericRangeQueryNode), new NumericRangeQueryNodeBuilder());SetBuilder(typeof(BoostQueryNode), new BoostQueryNodeBuilder());SetBuilder(typeof(ModifierQueryNode), new ModifierQueryNodeBuilder());SetBuilder(typeof(WildcardQueryNode), new WildcardQueryNodeBuilder());SetBuilder(typeof(TokenizedPhraseQueryNode), new PhraseQueryNodeBuilder());SetBuilder(typeof(MatchNoDocsQueryNode), new MatchNoDocsQueryNodeBuilder());SetBuilder(typeof(PrefixWildcardQueryNode),new PrefixWildcardQueryNodeBuilder());SetBuilder(typeof(TermRangeQueryNode), new TermRangeQueryNodeBuilder());SetBuilder(typeof(RegexpQueryNode), new RegexpQueryNodeBuilder());<MASKED>SetBuilder(typeof(StandardBooleanQueryNode),new StandardBooleanQueryNodeBuilder());SetBuilder(typeof(MultiPhraseQueryNode), new MultiPhraseQueryNodeBuilder());SetBuilder(typeof(MatchAllDocsQueryNode), new MatchAllDocsQueryNodeBuilder());}","SetBuilder(typeof(SlopQueryNode), new SlopQueryNodeBuilder());"
