index,java_line,cs_line
26,public DescribeVpcEndpointServicePermissionsResult describeVpcEndpointServicePermissions(DescribeVpcEndpointServicePermissionsRequest request) {request = beforeClientExecution(request);return executeDescribeVpcEndpointServicePermissions(request);},"public virtual DescribeVpcEndpointServicePermissionsResponse DescribeVpcEndpointServicePermissions(DescribeVpcEndpointServicePermissionsRequest request){var options = new InvokeOptions();options.RequestMarshaller = DescribeVpcEndpointServicePermissionsRequestMarshaller.Instance;options.ResponseUnmarshaller = DescribeVpcEndpointServicePermissionsResponseUnmarshaller.Instance;return Invoke<DescribeVpcEndpointServicePermissionsResponse>(request, options);}"
49,"public synchronized boolean waitForGeneration(long targetGen, int maxMS) throws InterruptedException {if (targetGen > searchingGen) {reopenLock.lock();waitingGen = Math.max(waitingGen, targetGen);try {reopenCond.signal();} finally {reopenLock.unlock();}long startMS = System.nanoTime()/1000000;while (targetGen > searchingGen) {if (maxMS < 0) {wait();} else {long msLeft = (startMS + maxMS) - System.nanoTime()/1000000;if (msLeft <= 0) {return false;} else {wait(msLeft);}}}}return true;}","public virtual bool WaitForGeneration(long targetGen, int maxMS){long curGen = writer.Generation;if (targetGen > curGen){throw new System.ArgumentException(""targetGen="" + targetGen + "" was never returned by the ReferenceManager instance (current gen="" + curGen + "")"");}lock (this)if (targetGen <= searchingGen)return true;else{waitingGen = Math.Max(waitingGen, targetGen);reopenCond.Set();available.Reset();}long startMS = Time.NanoTime() / 1000000;while (targetGen > Interlocked.Read(ref searchingGen)){if (maxMS < 0){available.WaitOne();}else{long msLeft = (startMS + maxMS) - (Time.NanoTime()) / 1000000;if (msLeft <= 0){return false;}else{available.WaitOne(TimeSpan.FromMilliseconds(msLeft));}}}return true;}"
54,public CreateNotificationSubscriptionResult createNotificationSubscription(CreateNotificationSubscriptionRequest request) {request = beforeClientExecution(request);return executeCreateNotificationSubscription(request);},"public virtual CreateNotificationSubscriptionResponse CreateNotificationSubscription(CreateNotificationSubscriptionRequest request){var options = new InvokeOptions();options.RequestMarshaller = CreateNotificationSubscriptionRequestMarshaller.Instance;options.ResponseUnmarshaller = CreateNotificationSubscriptionResponseUnmarshaller.Instance;return Invoke<CreateNotificationSubscriptionResponse>(request, options);}"
60,public ListWebsiteAuthorizationProvidersResult listWebsiteAuthorizationProviders(ListWebsiteAuthorizationProvidersRequest request) {request = beforeClientExecution(request);return executeListWebsiteAuthorizationProviders(request);},"public virtual ListWebsiteAuthorizationProvidersResponse ListWebsiteAuthorizationProviders(ListWebsiteAuthorizationProvidersRequest request){var options = new InvokeOptions();options.RequestMarshaller = ListWebsiteAuthorizationProvidersRequestMarshaller.Instance;options.ResponseUnmarshaller = ListWebsiteAuthorizationProvidersResponseUnmarshaller.Instance;return Invoke<ListWebsiteAuthorizationProvidersResponse>(request, options);}"
131,public DescribeFeatureTransformationResult describeFeatureTransformation(DescribeFeatureTransformationRequest request) {request = beforeClientExecution(request);return executeDescribeFeatureTransformation(request);},"public virtual DescribeFeatureTransformationResponse DescribeFeatureTransformation(DescribeFeatureTransformationRequest request){var options = new InvokeOptions();options.RequestMarshaller = DescribeFeatureTransformationRequestMarshaller.Instance;options.ResponseUnmarshaller = DescribeFeatureTransformationResponseUnmarshaller.Instance;return Invoke<DescribeFeatureTransformationResponse>(request, options);}"
133,public AssociatePhoneNumbersWithVoiceConnectorResult associatePhoneNumbersWithVoiceConnector(AssociatePhoneNumbersWithVoiceConnectorRequest request) {request = beforeClientExecution(request);return executeAssociatePhoneNumbersWithVoiceConnector(request);},"public virtual AssociatePhoneNumbersWithVoiceConnectorResponse AssociatePhoneNumbersWithVoiceConnector(AssociatePhoneNumbersWithVoiceConnectorRequest request){var options = new InvokeOptions();options.RequestMarshaller = AssociatePhoneNumbersWithVoiceConnectorRequestMarshaller.Instance;options.ResponseUnmarshaller = AssociatePhoneNumbersWithVoiceConnectorResponseUnmarshaller.Instance;return Invoke<AssociatePhoneNumbersWithVoiceConnectorResponse>(request, options);}"
148,public DescribeTransitGatewayAttachmentsResult describeTransitGatewayAttachments(DescribeTransitGatewayAttachmentsRequest request) {request = beforeClientExecution(request);return executeDescribeTransitGatewayAttachments(request);},"public virtual DescribeTransitGatewayAttachmentsResponse DescribeTransitGatewayAttachments(DescribeTransitGatewayAttachmentsRequest request){var options = new InvokeOptions();options.RequestMarshaller = DescribeTransitGatewayAttachmentsRequestMarshaller.Instance;options.ResponseUnmarshaller = DescribeTransitGatewayAttachmentsResponseUnmarshaller.Instance;return Invoke<DescribeTransitGatewayAttachmentsResponse>(request, options);}"
158,public DescribeLocalGatewayRouteTableVirtualInterfaceGroupAssociationsResult describeLocalGatewayRouteTableVirtualInterfaceGroupAssociations(DescribeLocalGatewayRouteTableVirtualInterfaceGroupAssociationsRequest request) {request = beforeClientExecution(request);return executeDescribeLocalGatewayRouteTableVirtualInterfaceGroupAssociations(request);},"public virtual DescribeLocalGatewayRouteTableVirtualInterfaceGroupAssociationsResponse DescribeLocalGatewayRouteTableVirtualInterfaceGroupAssociations(DescribeLocalGatewayRouteTableVirtualInterfaceGroupAssociationsRequest request){var options = new InvokeOptions();options.RequestMarshaller = DescribeLocalGatewayRouteTableVirtualInterfaceGroupAssociationsRequestMarshaller.Instance;options.ResponseUnmarshaller = DescribeLocalGatewayRouteTableVirtualInterfaceGroupAssociationsResponseUnmarshaller.Instance;return Invoke<DescribeLocalGatewayRouteTableVirtualInterfaceGroupAssociationsResponse>(request, options);}"
169,"public List<Token> getHiddenTokensToLeft(int tokenIndex, int channel) {lazyInit();if ( tokenIndex<0 || tokenIndex>=tokens.size() ) {throw new IndexOutOfBoundsException(tokenIndex+"" not in 0..""+(tokens.size()-1));}if (tokenIndex == 0) {return null;}int prevOnChannel =previousTokenOnChannel(tokenIndex - 1, Lexer.DEFAULT_TOKEN_CHANNEL);if ( prevOnChannel == tokenIndex - 1 ) return null;int from = prevOnChannel+1;int to = tokenIndex-1;return filterForChannel(from, to, channel);}","public virtual IList<IToken> GetHiddenTokensToLeft(int tokenIndex, int channel){LazyInit();if (tokenIndex < 0 || tokenIndex >= tokens.Count){throw new ArgumentOutOfRangeException(tokenIndex + "" not in 0.."" + (tokens.Count - 1));}if (tokenIndex == 0){return null;}int prevOnChannel = PreviousTokenOnChannel(tokenIndex - 1, Lexer.DefaultTokenChannel);if (prevOnChannel == tokenIndex - 1){return null;}int from = prevOnChannel + 1;int to = tokenIndex - 1;return FilterForChannel(from, to, channel);}"
170,public ValidDBInstanceModificationsMessage describeValidDBInstanceModifications(DescribeValidDBInstanceModificationsRequest request) {request = beforeClientExecution(request);return executeDescribeValidDBInstanceModifications(request);},"public virtual DescribeValidDBInstanceModificationsResponse DescribeValidDBInstanceModifications(DescribeValidDBInstanceModificationsRequest request){var options = new InvokeOptions();options.RequestMarshaller = DescribeValidDBInstanceModificationsRequestMarshaller.Instance;options.ResponseUnmarshaller = DescribeValidDBInstanceModificationsResponseUnmarshaller.Instance;return Invoke<DescribeValidDBInstanceModificationsResponse>(request, options);}"
190,public AddApplicationInputProcessingConfigurationResult addApplicationInputProcessingConfiguration(AddApplicationInputProcessingConfigurationRequest request) {request = beforeClientExecution(request);return executeAddApplicationInputProcessingConfiguration(request);},"public virtual AddApplicationInputProcessingConfigurationResponse AddApplicationInputProcessingConfiguration(AddApplicationInputProcessingConfigurationRequest request){var options = new InvokeOptions();options.RequestMarshaller = AddApplicationInputProcessingConfigurationRequestMarshaller.Instance;options.ResponseUnmarshaller = AddApplicationInputProcessingConfigurationResponseUnmarshaller.Instance;return Invoke<AddApplicationInputProcessingConfigurationResponse>(request, options);}"
193,"public int checkExternSheet(int firstSheetIndex, int lastSheetIndex) {int thisWbIndex = -1; for (int i = 0; i < _externalBookBlocks.length; i++) {SupBookRecord ebr = _externalBookBlocks[i].getExternalBookRecord();if (ebr.isInternalReferences()) {thisWbIndex = i;break;}}if (thisWbIndex < 0) {throw new RuntimeException(""Could not find 'internal references' EXTERNALBOOK"");}int i = _externSheetRecord.getRefIxForSheet(thisWbIndex, firstSheetIndex, lastSheetIndex);if (i >= 0) {return i;}return _externSheetRecord.addRef(thisWbIndex, firstSheetIndex, lastSheetIndex);}","public int CheckExternSheet(int firstSheetIndex, int lastSheetIndex){int thisWbIndex = -1; for (int i = 0; i < _externalBookBlocks.Length; i++){SupBookRecord ebr = _externalBookBlocks[i].GetExternalBookRecord();if (ebr.IsInternalReferences){thisWbIndex = i;break;}}if (thisWbIndex < 0){throw new InvalidOperationException(""Could not find 'internal references' EXTERNALBOOK"");}int j = _externSheetRecord.GetRefIxForSheet(thisWbIndex, firstSheetIndex, lastSheetIndex);if (j >= 0){return j;}return _externSheetRecord.AddRef(thisWbIndex, firstSheetIndex, lastSheetIndex);}"
194,public DescribeSentimentDetectionJobResult describeSentimentDetectionJob(DescribeSentimentDetectionJobRequest request) {request = beforeClientExecution(request);return executeDescribeSentimentDetectionJob(request);},"public virtual DescribeSentimentDetectionJobResponse DescribeSentimentDetectionJob(DescribeSentimentDetectionJobRequest request){var options = new InvokeOptions();options.RequestMarshaller = DescribeSentimentDetectionJobRequestMarshaller.Instance;options.ResponseUnmarshaller = DescribeSentimentDetectionJobResponseUnmarshaller.Instance;return Invoke<DescribeSentimentDetectionJobResponse>(request, options);}"
246,public AllocatePrivateVirtualInterfaceResult allocatePrivateVirtualInterface(AllocatePrivateVirtualInterfaceRequest request) {request = beforeClientExecution(request);return executeAllocatePrivateVirtualInterface(request);},"public virtual AllocatePrivateVirtualInterfaceResponse AllocatePrivateVirtualInterface(AllocatePrivateVirtualInterfaceRequest request){var options = new InvokeOptions();options.RequestMarshaller = AllocatePrivateVirtualInterfaceRequestMarshaller.Instance;options.ResponseUnmarshaller = AllocatePrivateVirtualInterfaceResponseUnmarshaller.Instance;return Invoke<AllocatePrivateVirtualInterfaceResponse>(request, options);}"
278,public DescribeOrderableDBInstanceOptionsResult describeOrderableDBInstanceOptions(DescribeOrderableDBInstanceOptionsRequest request) {request = beforeClientExecution(request);return executeDescribeOrderableDBInstanceOptions(request);},"public virtual DescribeOrderableDBInstanceOptionsResponse DescribeOrderableDBInstanceOptions(DescribeOrderableDBInstanceOptionsRequest request){var options = new InvokeOptions();options.RequestMarshaller = DescribeOrderableDBInstanceOptionsRequestMarshaller.Instance;options.ResponseUnmarshaller = DescribeOrderableDBInstanceOptionsResponseUnmarshaller.Instance;return Invoke<DescribeOrderableDBInstanceOptionsResponse>(request, options);}"
296,public ListJournalS3ExportsForLedgerResult listJournalS3ExportsForLedger(ListJournalS3ExportsForLedgerRequest request) {request = beforeClientExecution(request);return executeListJournalS3ExportsForLedger(request);},"public virtual ListJournalS3ExportsForLedgerResponse ListJournalS3ExportsForLedger(ListJournalS3ExportsForLedgerRequest request){var options = new InvokeOptions();options.RequestMarshaller = ListJournalS3ExportsForLedgerRequestMarshaller.Instance;options.ResponseUnmarshaller = ListJournalS3ExportsForLedgerResponseUnmarshaller.Instance;return Invoke<ListJournalS3ExportsForLedgerResponse>(request, options);}"
308,"public static Cell translateUnicodeValues(Cell cell) {String s = cell.getRichStringCellValue().getString();boolean foundUnicode = false;String lowerCaseStr = s.toLowerCase(Locale.ROOT);for (UnicodeMapping entry : unicodeMappings) {String key = entry.entityName;if (lowerCaseStr.contains(key)) {s = s.replaceAll(key, entry.resolvedValue);foundUnicode = true;}}if (foundUnicode) {cell.setCellValue(cell.getRow().getSheet().getWorkbook().getCreationHelper().createRichTextString(s));}return cell;}","public static ICell TranslateUnicodeValues(ICell cell){String s = cell.RichStringCellValue.String;bool foundUnicode = false;String lowerCaseStr = s.ToLower();for (int i = 0; i < unicodeMappings.Length; i++){UnicodeMapping entry = unicodeMappings[i];String key = entry.entityName;if (lowerCaseStr.IndexOf(key, StringComparison.Ordinal) != -1){s = s.Replace(key, entry.resolvedValue);foundUnicode = true;}}if (foundUnicode){cell.SetCellValue(new HSSFRichTextString(s));}return cell;}"
314,"public static int compareArrayByPrefix(char[] shortArray, int shortIndex,char[] longArray, int longIndex) {if (shortArray == null)return 0;else if (longArray == null)return (shortIndex < shortArray.length) ? 1 : 0;int si = shortIndex, li = longIndex;while (si < shortArray.length && li < longArray.length&& shortArray[si] == longArray[li]) {si++;li++;}if (si == shortArray.length) {return 0;} else {if (li == longArray.length)return 1;else return (shortArray[si] > longArray[li]) ? 1 : -1;}}","public static int CompareArrayByPrefix(char[] shortArray, int shortIndex,char[] longArray, int longIndex){if (shortArray == null)return 0;else if (longArray == null)return (shortIndex < shortArray.Length) ? 1 : 0;int si = shortIndex, li = longIndex;while (si < shortArray.Length && li < longArray.Length&& shortArray[si] == longArray[li]){si++;li++;}if (si == shortArray.Length){return 0;}else{if (li == longArray.Length)return 1;else return (shortArray[si] > longArray[li]) ? 1 : -1;}}"
337,"public SheetRangeEvaluator(int firstSheetIndex, int lastSheetIndex, SheetRefEvaluator[] sheetEvaluators) {if (firstSheetIndex < 0) {throw new IllegalArgumentException(""Invalid firstSheetIndex: "" + firstSheetIndex + ""."");}if (lastSheetIndex < firstSheetIndex) {throw new IllegalArgumentException(""Invalid lastSheetIndex: "" + lastSheetIndex + "" for firstSheetIndex: "" + firstSheetIndex + ""."");}_firstSheetIndex = firstSheetIndex;_lastSheetIndex = lastSheetIndex;_sheetEvaluators = sheetEvaluators.clone();}","public SheetRangeEvaluator(int firstSheetIndex, int lastSheetIndex, SheetRefEvaluator[] sheetEvaluators){if (firstSheetIndex < 0){throw new ArgumentException(""Invalid firstSheetIndex: "" + firstSheetIndex + ""."");}if (lastSheetIndex < firstSheetIndex){throw new ArgumentException(""Invalid lastSheetIndex: "" + lastSheetIndex + "" for firstSheetIndex: "" + firstSheetIndex + ""."");}_firstSheetIndex = firstSheetIndex;_lastSheetIndex = lastSheetIndex;_sheetEvaluators = sheetEvaluators;}"
343,public DisassociateQualificationFromWorkerResult disassociateQualificationFromWorker(DisassociateQualificationFromWorkerRequest request) {request = beforeClientExecution(request);return executeDisassociateQualificationFromWorker(request);},"public virtual DisassociateQualificationFromWorkerResponse DisassociateQualificationFromWorker(DisassociateQualificationFromWorkerRequest request){var options = new InvokeOptions();options.RequestMarshaller = DisassociateQualificationFromWorkerRequestMarshaller.Instance;options.ResponseUnmarshaller = DisassociateQualificationFromWorkerResponseUnmarshaller.Instance;return Invoke<DisassociateQualificationFromWorkerResponse>(request, options);}"
373,public EnableAvailabilityZonesForLoadBalancerResult enableAvailabilityZonesForLoadBalancer(EnableAvailabilityZonesForLoadBalancerRequest request) {request = beforeClientExecution(request);return executeEnableAvailabilityZonesForLoadBalancer(request);},"public virtual EnableAvailabilityZonesForLoadBalancerResponse EnableAvailabilityZonesForLoadBalancer(EnableAvailabilityZonesForLoadBalancerRequest request){var options = new InvokeOptions();options.RequestMarshaller = EnableAvailabilityZonesForLoadBalancerRequestMarshaller.Instance;options.ResponseUnmarshaller = EnableAvailabilityZonesForLoadBalancerResponseUnmarshaller.Instance;return Invoke<EnableAvailabilityZonesForLoadBalancerResponse>(request, options);}"
405,public void unrollRecursionContexts(ParserRuleContext _parentctx) {_precedenceStack.pop();_ctx.stop = _input.LT(-1);ParserRuleContext retctx = _ctx; if ( _parseListeners != null ) {while ( _ctx != _parentctx ) {triggerExitRuleEvent();_ctx = (ParserRuleContext)_ctx.parent;}}else {_ctx = _parentctx;}retctx.parent = _parentctx;if (_buildParseTrees && _parentctx != null) {_parentctx.addChild(retctx);}},public virtual void UnrollRecursionContexts(ParserRuleContext _parentctx){_precedenceStack.RemoveAt(_precedenceStack.Count - 1);_ctx.Stop = _input.LT(-1);ParserRuleContext retctx = _ctx;if (_parseListeners != null){while (_ctx != _parentctx){TriggerExitRuleEvent();_ctx = (ParserRuleContext)_ctx.Parent;}}else{_ctx = _parentctx;}retctx.Parent = _parentctx;if (_buildParseTrees && _parentctx != null){_parentctx.AddChild(retctx);}}
464,public AddApplicationCloudWatchLoggingOptionResult addApplicationCloudWatchLoggingOption(AddApplicationCloudWatchLoggingOptionRequest request) {request = beforeClientExecution(request);return executeAddApplicationCloudWatchLoggingOption(request);},"public virtual AddApplicationCloudWatchLoggingOptionResponse AddApplicationCloudWatchLoggingOption(AddApplicationCloudWatchLoggingOptionRequest request){var options = new InvokeOptions();options.RequestMarshaller = AddApplicationCloudWatchLoggingOptionRequestMarshaller.Instance;options.ResponseUnmarshaller = AddApplicationCloudWatchLoggingOptionResponseUnmarshaller.Instance;return Invoke<AddApplicationCloudWatchLoggingOptionResponse>(request, options);}"
502,public GetRelationalDatabaseSnapshotResult getRelationalDatabaseSnapshot(GetRelationalDatabaseSnapshotRequest request) {request = beforeClientExecution(request);return executeGetRelationalDatabaseSnapshot(request);},"public virtual GetRelationalDatabaseSnapshotResponse GetRelationalDatabaseSnapshot(GetRelationalDatabaseSnapshotRequest request){var options = new InvokeOptions();options.RequestMarshaller = GetRelationalDatabaseSnapshotRequestMarshaller.Instance;options.ResponseUnmarshaller = GetRelationalDatabaseSnapshotResponseUnmarshaller.Instance;return Invoke<GetRelationalDatabaseSnapshotResponse>(request, options);}"
517,public DescribeNodeConfigurationOptionsResult describeNodeConfigurationOptions(DescribeNodeConfigurationOptionsRequest request) {request = beforeClientExecution(request);return executeDescribeNodeConfigurationOptions(request);},"public virtual DescribeNodeConfigurationOptionsResponse DescribeNodeConfigurationOptions(DescribeNodeConfigurationOptionsRequest request){var options = new InvokeOptions();options.RequestMarshaller = DescribeNodeConfigurationOptionsRequestMarshaller.Instance;options.ResponseUnmarshaller = DescribeNodeConfigurationOptionsResponseUnmarshaller.Instance;return Invoke<DescribeNodeConfigurationOptionsResponse>(request, options);}"
524,public GetTransitGatewayRouteTablePropagationsResult getTransitGatewayRouteTablePropagations(GetTransitGatewayRouteTablePropagationsRequest request) {request = beforeClientExecution(request);return executeGetTransitGatewayRouteTablePropagations(request);},"public virtual GetTransitGatewayRouteTablePropagationsResponse GetTransitGatewayRouteTablePropagations(GetTransitGatewayRouteTablePropagationsRequest request){var options = new InvokeOptions();options.RequestMarshaller = GetTransitGatewayRouteTablePropagationsRequestMarshaller.Instance;options.ResponseUnmarshaller = GetTransitGatewayRouteTablePropagationsResponseUnmarshaller.Instance;return Invoke<GetTransitGatewayRouteTablePropagationsResponse>(request, options);}"
527,public ListTrainingJobsForHyperParameterTuningJobResult listTrainingJobsForHyperParameterTuningJob(ListTrainingJobsForHyperParameterTuningJobRequest request) {request = beforeClientExecution(request);return executeListTrainingJobsForHyperParameterTuningJob(request);},"public virtual ListTrainingJobsForHyperParameterTuningJobResponse ListTrainingJobsForHyperParameterTuningJob(ListTrainingJobsForHyperParameterTuningJobRequest request){var options = new InvokeOptions();options.RequestMarshaller = ListTrainingJobsForHyperParameterTuningJobRequestMarshaller.Instance;options.ResponseUnmarshaller = ListTrainingJobsForHyperParameterTuningJobResponseUnmarshaller.Instance;return Invoke<ListTrainingJobsForHyperParameterTuningJobResponse>(request, options);}"
530,public CacheSecurityGroup authorizeCacheSecurityGroupIngress(AuthorizeCacheSecurityGroupIngressRequest request) {request = beforeClientExecution(request);return executeAuthorizeCacheSecurityGroupIngress(request);},"public virtual AuthorizeCacheSecurityGroupIngressResponse AuthorizeCacheSecurityGroupIngress(AuthorizeCacheSecurityGroupIngressRequest request){var options = new InvokeOptions();options.RequestMarshaller = AuthorizeCacheSecurityGroupIngressRequestMarshaller.Instance;options.ResponseUnmarshaller = AuthorizeCacheSecurityGroupIngressResponseUnmarshaller.Instance;return Invoke<AuthorizeCacheSecurityGroupIngressResponse>(request, options);}"
541,public CreateRelationalDatabaseSnapshotResult createRelationalDatabaseSnapshot(CreateRelationalDatabaseSnapshotRequest request) {request = beforeClientExecution(request);return executeCreateRelationalDatabaseSnapshot(request);},"public virtual CreateRelationalDatabaseSnapshotResponse CreateRelationalDatabaseSnapshot(CreateRelationalDatabaseSnapshotRequest request){var options = new InvokeOptions();options.RequestMarshaller = CreateRelationalDatabaseSnapshotRequestMarshaller.Instance;options.ResponseUnmarshaller = CreateRelationalDatabaseSnapshotResponseUnmarshaller.Instance;return Invoke<CreateRelationalDatabaseSnapshotResponse>(request, options);}"
545,public GetBlockPublicAccessConfigurationResult getBlockPublicAccessConfiguration(GetBlockPublicAccessConfigurationRequest request) {request = beforeClientExecution(request);return executeGetBlockPublicAccessConfiguration(request);},"public virtual GetBlockPublicAccessConfigurationResponse GetBlockPublicAccessConfiguration(GetBlockPublicAccessConfigurationRequest request){var options = new InvokeOptions();options.RequestMarshaller = GetBlockPublicAccessConfigurationRequestMarshaller.Instance;options.ResponseUnmarshaller = GetBlockPublicAccessConfigurationResponseUnmarshaller.Instance;return Invoke<GetBlockPublicAccessConfigurationResponse>(request, options);}"
549,"public CellReference[] getAllReferencedCells() {if(_isSingleCell) {return  new CellReference[] { _firstCell, };}int minRow = Math.min(_firstCell.getRow(), _lastCell.getRow());int maxRow = Math.max(_firstCell.getRow(), _lastCell.getRow());int minCol = Math.min(_firstCell.getCol(), _lastCell.getCol());int maxCol = Math.max(_firstCell.getCol(), _lastCell.getCol());String sheetName = _firstCell.getSheetName();List<CellReference> refs = new ArrayList<>();for(int row=minRow; row<=maxRow; row++) {for(int col=minCol; col<=maxCol; col++) {CellReference ref = new CellReference(sheetName, row, col, _firstCell.isRowAbsolute(), _firstCell.isColAbsolute());refs.add(ref);}}return refs.toArray(new CellReference[0]);}","public CellReference[] GetAllReferencedCells(){if (_isSingleCell){return new CellReference[] { _firstCell, };}int minRow = Math.Min(_firstCell.Row, _lastCell.Row);int maxRow = Math.Max(_firstCell.Row, _lastCell.Row);int minCol = Math.Min(_firstCell.Col, _lastCell.Col);int maxCol = Math.Max(_firstCell.Col, _lastCell.Col);String sheetName = _firstCell.SheetName;ArrayList refs = new ArrayList();for (int row = minRow; row <= maxRow; row++){for (int col = minCol; col <= maxCol; col++){CellReference ref1 = new CellReference(sheetName, row, col, _firstCell.IsRowAbsolute, _firstCell.IsColAbsolute);refs.Add(ref1);}}return (CellReference[])refs.ToArray(typeof(CellReference));}"
572,public GetDomainDeliverabilityCampaignResult getDomainDeliverabilityCampaign(GetDomainDeliverabilityCampaignRequest request) {request = beforeClientExecution(request);return executeGetDomainDeliverabilityCampaign(request);},"public virtual GetDomainDeliverabilityCampaignResponse GetDomainDeliverabilityCampaign(GetDomainDeliverabilityCampaignRequest request){var options = new InvokeOptions();options.RequestMarshaller = GetDomainDeliverabilityCampaignRequestMarshaller.Instance;options.ResponseUnmarshaller = GetDomainDeliverabilityCampaignResponseUnmarshaller.Instance;return Invoke<GetDomainDeliverabilityCampaignResponse>(request, options);}"
574,"public ShingleFilterFactory(Map<String, String> args) {super(args);maxShingleSize = getInt(args, ""maxShingleSize"", ShingleFilter.DEFAULT_MAX_SHINGLE_SIZE);if (maxShingleSize < 2) {throw new IllegalArgumentException(""Invalid maxShingleSize ("" + maxShingleSize + "") - must be at least 2"");}minShingleSize = getInt(args, ""minShingleSize"", ShingleFilter.DEFAULT_MIN_SHINGLE_SIZE);if (minShingleSize < 2) {throw new IllegalArgumentException(""Invalid minShingleSize ("" + minShingleSize + "") - must be at least 2"");}if (minShingleSize > maxShingleSize) {throw new IllegalArgumentException(""Invalid minShingleSize ("" + minShingleSize + "") - must be no greater than maxShingleSize ("" + maxShingleSize + "")"");}outputUnigrams = getBoolean(args, ""outputUnigrams"", true);outputUnigramsIfNoShingles = getBoolean(args, ""outputUnigramsIfNoShingles"", false);tokenSeparator = get(args, ""tokenSeparator"", ShingleFilter.DEFAULT_TOKEN_SEPARATOR);fillerToken = get(args, ""fillerToken"", ShingleFilter.DEFAULT_FILLER_TOKEN);if (!args.isEmpty()) {throw new IllegalArgumentException(""Unknown parameters: "" + args);}}","public ShingleFilterFactory(IDictionary<string, string> args): base(args){maxShingleSize = GetInt32(args, ""maxShingleSize"", ShingleFilter.DEFAULT_MAX_SHINGLE_SIZE);if (maxShingleSize < 2){throw new ArgumentOutOfRangeException(""Invalid maxShingleSize ("" + maxShingleSize + "") - must be at least 2"");}minShingleSize = GetInt32(args, ""minShingleSize"", ShingleFilter.DEFAULT_MIN_SHINGLE_SIZE);if (minShingleSize < 2){throw new ArgumentOutOfRangeException(""Invalid minShingleSize ("" + minShingleSize + "") - must be at least 2"");}if (minShingleSize > maxShingleSize){throw new ArgumentOutOfRangeException(""Invalid minShingleSize ("" + minShingleSize + "") - must be no greater than maxShingleSize ("" + maxShingleSize + "")"");}outputUnigrams = GetBoolean(args, ""outputUnigrams"", true);outputUnigramsIfNoShingles = GetBoolean(args, ""outputUnigramsIfNoShingles"", false);tokenSeparator = Get(args, ""tokenSeparator"", ShingleFilter.DEFAULT_TOKEN_SEPARATOR);fillerToken = Get(args, ""fillerToken"", ShingleFilter.DEFAULT_FILLER_TOKEN);if (args.Count > 0){throw new ArgumentException(""Unknown parameters: "" + args);}}"
575,public UpdateRelationalDatabaseParametersResult updateRelationalDatabaseParameters(UpdateRelationalDatabaseParametersRequest request) {request = beforeClientExecution(request);return executeUpdateRelationalDatabaseParameters(request);},"public virtual UpdateRelationalDatabaseParametersResponse UpdateRelationalDatabaseParameters(UpdateRelationalDatabaseParametersRequest request){var options = new InvokeOptions();options.RequestMarshaller = UpdateRelationalDatabaseParametersRequestMarshaller.Instance;options.ResponseUnmarshaller = UpdateRelationalDatabaseParametersResponseUnmarshaller.Instance;return Invoke<UpdateRelationalDatabaseParametersResponse>(request, options);}"
606,public DescribeWorkspacesConnectionStatusResult describeWorkspacesConnectionStatus(DescribeWorkspacesConnectionStatusRequest request) {request = beforeClientExecution(request);return executeDescribeWorkspacesConnectionStatus(request);},"public virtual DescribeWorkspacesConnectionStatusResponse DescribeWorkspacesConnectionStatus(DescribeWorkspacesConnectionStatusRequest request){var options = new InvokeOptions();options.RequestMarshaller = DescribeWorkspacesConnectionStatusRequestMarshaller.Instance;options.ResponseUnmarshaller = DescribeWorkspacesConnectionStatusResponseUnmarshaller.Instance;return Invoke<DescribeWorkspacesConnectionStatusResponse>(request, options);}"
628,public GetCustomVerificationEmailTemplateResult getCustomVerificationEmailTemplate(GetCustomVerificationEmailTemplateRequest request) {request = beforeClientExecution(request);return executeGetCustomVerificationEmailTemplate(request);},"public virtual GetCustomVerificationEmailTemplateResponse GetCustomVerificationEmailTemplate(GetCustomVerificationEmailTemplateRequest request){var options = new InvokeOptions();options.RequestMarshaller = GetCustomVerificationEmailTemplateRequestMarshaller.Instance;options.ResponseUnmarshaller = GetCustomVerificationEmailTemplateResponseUnmarshaller.Instance;return Invoke<GetCustomVerificationEmailTemplateResponse>(request, options);}"
635,public CreateConfigurationSetEventDestinationResult createConfigurationSetEventDestination(CreateConfigurationSetEventDestinationRequest request) {request = beforeClientExecution(request);return executeCreateConfigurationSetEventDestination(request);},"public virtual CreateConfigurationSetEventDestinationResponse CreateConfigurationSetEventDestination(CreateConfigurationSetEventDestinationRequest request){var options = new InvokeOptions();options.RequestMarshaller = CreateConfigurationSetEventDestinationRequestMarshaller.Instance;options.ResponseUnmarshaller = CreateConfigurationSetEventDestinationResponseUnmarshaller.Instance;return Invoke<CreateConfigurationSetEventDestinationResponse>(request, options);}"
650,public DescribeUserStackAssociationsResult describeUserStackAssociations(DescribeUserStackAssociationsRequest request) {request = beforeClientExecution(request);return executeDescribeUserStackAssociations(request);},"public virtual DescribeUserStackAssociationsResponse DescribeUserStackAssociations(DescribeUserStackAssociationsRequest request){var options = new InvokeOptions();options.RequestMarshaller = DescribeUserStackAssociationsRequestMarshaller.Instance;options.ResponseUnmarshaller = DescribeUserStackAssociationsResponseUnmarshaller.Instance;return Invoke<DescribeUserStackAssociationsResponse>(request, options);}"
672,public SetLoadBalancerListenerSSLCertificateResult setLoadBalancerListenerSSLCertificate(SetLoadBalancerListenerSSLCertificateRequest request) {request = beforeClientExecution(request);return executeSetLoadBalancerListenerSSLCertificate(request);},"public virtual SetLoadBalancerListenerSSLCertificateResponse SetLoadBalancerListenerSSLCertificate(SetLoadBalancerListenerSSLCertificateRequest request){var options = new InvokeOptions();options.RequestMarshaller = SetLoadBalancerListenerSSLCertificateRequestMarshaller.Instance;options.ResponseUnmarshaller = SetLoadBalancerListenerSSLCertificateResponseUnmarshaller.Instance;return Invoke<SetLoadBalancerListenerSSLCertificateResponse>(request, options);}"
692,public CreateLBCookieStickinessPolicyResult createLBCookieStickinessPolicy(CreateLBCookieStickinessPolicyRequest request) {request = beforeClientExecution(request);return executeCreateLBCookieStickinessPolicy(request);},"public virtual CreateLBCookieStickinessPolicyResponse CreateLBCookieStickinessPolicy(CreateLBCookieStickinessPolicyRequest request){var options = new InvokeOptions();options.RequestMarshaller = CreateLBCookieStickinessPolicyRequestMarshaller.Instance;options.ResponseUnmarshaller = CreateLBCookieStickinessPolicyResponseUnmarshaller.Instance;return Invoke<CreateLBCookieStickinessPolicyResponse>(request, options);}"
728,public GetTransitGatewayAttachmentPropagationsResult getTransitGatewayAttachmentPropagations(GetTransitGatewayAttachmentPropagationsRequest request) {request = beforeClientExecution(request);return executeGetTransitGatewayAttachmentPropagations(request);},"public virtual GetTransitGatewayAttachmentPropagationsResponse GetTransitGatewayAttachmentPropagations(GetTransitGatewayAttachmentPropagationsRequest request){var options = new InvokeOptions();options.RequestMarshaller = GetTransitGatewayAttachmentPropagationsRequestMarshaller.Instance;options.ResponseUnmarshaller = GetTransitGatewayAttachmentPropagationsResponseUnmarshaller.Instance;return Invoke<GetTransitGatewayAttachmentPropagationsResponse>(request, options);}"
761,public GetStreamingDistributionConfigResult getStreamingDistributionConfig(GetStreamingDistributionConfigRequest request) {request = beforeClientExecution(request);return executeGetStreamingDistributionConfig(request);},"public virtual GetStreamingDistributionConfigResponse GetStreamingDistributionConfig(GetStreamingDistributionConfigRequest request){var options = new InvokeOptions();options.RequestMarshaller = GetStreamingDistributionConfigRequestMarshaller.Instance;options.ResponseUnmarshaller = GetStreamingDistributionConfigResponseUnmarshaller.Instance;return Invoke<GetStreamingDistributionConfigResponse>(request, options);}"
785,public AttachLoadBalancerTargetGroupsResult attachLoadBalancerTargetGroups(AttachLoadBalancerTargetGroupsRequest request) {request = beforeClientExecution(request);return executeAttachLoadBalancerTargetGroups(request);},"public virtual AttachLoadBalancerTargetGroupsResponse AttachLoadBalancerTargetGroups(AttachLoadBalancerTargetGroupsRequest request){var options = new InvokeOptions();options.RequestMarshaller = AttachLoadBalancerTargetGroupsRequestMarshaller.Instance;options.ResponseUnmarshaller = AttachLoadBalancerTargetGroupsResponseUnmarshaller.Instance;return Invoke<AttachLoadBalancerTargetGroupsResponse>(request, options);}"
808,"public JapaneseTokenizerFactory(Map<String,String> args) {super(args);mode = Mode.valueOf(get(args, MODE, JapaneseTokenizer.DEFAULT_MODE.toString()).toUpperCase(Locale.ROOT));userDictionaryPath = args.remove(USER_DICT_PATH);userDictionaryEncoding = args.remove(USER_DICT_ENCODING);discardPunctuation = getBoolean(args, DISCARD_PUNCTUATION, true);discardCompoundToken = getBoolean(args, DISCARD_COMPOUND_TOKEN, true);nbestCost = getInt(args, NBEST_COST, 0);nbestExamples = args.remove(NBEST_EXAMPLES);if (!args.isEmpty()) {throw new IllegalArgumentException(""Unknown parameters: "" + args);}}","public JapaneseTokenizerFactory(IDictionary<string, string> args): base(args){Enum.TryParse(Get(args, MODE, JapaneseTokenizer.DEFAULT_MODE.ToString()), true, out mode);userDictionaryPath = Get(args, USER_DICT_PATH);userDictionaryEncoding = Get(args, USER_DICT_ENCODING);discardPunctuation = GetBoolean(args, DISCARD_PUNCTUATION, true);if (args.Count > 0){throw new ArgumentException(""Unknown parameters: "" + args);}}"
835,public ListTrafficPolicyInstancesByPolicyResult listTrafficPolicyInstancesByPolicy(ListTrafficPolicyInstancesByPolicyRequest request) {request = beforeClientExecution(request);return executeListTrafficPolicyInstancesByPolicy(request);},"public virtual ListTrafficPolicyInstancesByPolicyResponse ListTrafficPolicyInstancesByPolicy(ListTrafficPolicyInstancesByPolicyRequest request){var options = new InvokeOptions();options.RequestMarshaller = ListTrafficPolicyInstancesByPolicyRequestMarshaller.Instance;options.ResponseUnmarshaller = ListTrafficPolicyInstancesByPolicyResponseUnmarshaller.Instance;return Invoke<ListTrafficPolicyInstancesByPolicyResponse>(request, options);}"
843,public DescribeIamInstanceProfileAssociationsResult describeIamInstanceProfileAssociations(DescribeIamInstanceProfileAssociationsRequest request) {request = beforeClientExecution(request);return executeDescribeIamInstanceProfileAssociations(request);},"public virtual DescribeIamInstanceProfileAssociationsResponse DescribeIamInstanceProfileAssociations(DescribeIamInstanceProfileAssociationsRequest request){var options = new InvokeOptions();options.RequestMarshaller = DescribeIamInstanceProfileAssociationsRequestMarshaller.Instance;options.ResponseUnmarshaller = DescribeIamInstanceProfileAssociationsResponseUnmarshaller.Instance;return Invoke<DescribeIamInstanceProfileAssociationsResponse>(request, options);}"
870,"public void recycleByteBlocks(byte[][] blocks, int start, int end) {final int numBlocks = Math.min(maxBufferedBlocks - freeBlocks, end - start);final int size = freeBlocks + numBlocks;if (size >= freeByteBlocks.length) {final byte[][] newBlocks = new byte[ArrayUtil.oversize(size,RamUsageEstimator.NUM_BYTES_OBJECT_REF)][];System.arraycopy(freeByteBlocks, 0, newBlocks, 0, freeBlocks);freeByteBlocks = newBlocks;}final int stop = start + numBlocks;for (int i = start; i < stop; i++) {freeByteBlocks[freeBlocks++] = blocks[i];blocks[i] = null;}for (int i = stop; i < end; i++) {blocks[i] = null;}bytesUsed.addAndGet(-(end - stop) * blockSize);assert bytesUsed.get() >= 0;}","public override void RecycleByteBlocks(byte[][] blocks, int start, int end){int numBlocks = Math.Min(maxBufferedBlocks - freeBlocks, end - start);int size = freeBlocks + numBlocks;if (size >= freeByteBlocks.Length){var newBlocks = new byte[ArrayUtil.Oversize(size, RamUsageEstimator.NUM_BYTES_OBJECT_REF)][];Array.Copy(freeByteBlocks, 0, newBlocks, 0, freeBlocks);freeByteBlocks = newBlocks;}int stop = start + numBlocks;for (int i = start; i < stop; i++){freeByteBlocks[freeBlocks++] = blocks[i];blocks[i] = null;}for (int i = stop; i < end; i++){blocks[i] = null;}bytesUsed.AddAndGet(-(end - stop) * m_blockSize);Debug.Assert(bytesUsed.Get() >= 0);}"
884,public AcceptReservedInstancesExchangeQuoteResult acceptReservedInstancesExchangeQuote(AcceptReservedInstancesExchangeQuoteRequest request) {request = beforeClientExecution(request);return executeAcceptReservedInstancesExchangeQuote(request);},"public virtual AcceptReservedInstancesExchangeQuoteResponse AcceptReservedInstancesExchangeQuote(AcceptReservedInstancesExchangeQuoteRequest request){var options = new InvokeOptions();options.RequestMarshaller = AcceptReservedInstancesExchangeQuoteRequestMarshaller.Instance;options.ResponseUnmarshaller = AcceptReservedInstancesExchangeQuoteResponseUnmarshaller.Instance;return Invoke<AcceptReservedInstancesExchangeQuoteResponse>(request, options);}"
915,public DescribeReservedInstancesListingsResult describeReservedInstancesListings(DescribeReservedInstancesListingsRequest request) {request = beforeClientExecution(request);return executeDescribeReservedInstancesListings(request);},"public virtual DescribeReservedInstancesListingsResponse DescribeReservedInstancesListings(DescribeReservedInstancesListingsRequest request){var options = new InvokeOptions();options.RequestMarshaller = DescribeReservedInstancesListingsRequestMarshaller.Instance;options.ResponseUnmarshaller = DescribeReservedInstancesListingsResponseUnmarshaller.Instance;return Invoke<DescribeReservedInstancesListingsResponse>(request, options);}"
934,public CreateUsageReportSubscriptionResult createUsageReportSubscription(CreateUsageReportSubscriptionRequest request) {request = beforeClientExecution(request);return executeCreateUsageReportSubscription(request);},"public virtual CreateUsageReportSubscriptionResponse CreateUsageReportSubscription(CreateUsageReportSubscriptionRequest request){var options = new InvokeOptions();options.RequestMarshaller = CreateUsageReportSubscriptionRequestMarshaller.Instance;options.ResponseUnmarshaller = CreateUsageReportSubscriptionResponseUnmarshaller.Instance;return Invoke<CreateUsageReportSubscriptionResponse>(request, options);}"
942,public CreateDirectConnectGatewayAssociationResult createDirectConnectGatewayAssociation(CreateDirectConnectGatewayAssociationRequest request) {request = beforeClientExecution(request);return executeCreateDirectConnectGatewayAssociation(request);},"public virtual CreateDirectConnectGatewayAssociationResponse CreateDirectConnectGatewayAssociation(CreateDirectConnectGatewayAssociationRequest request){var options = new InvokeOptions();options.RequestMarshaller = CreateDirectConnectGatewayAssociationRequestMarshaller.Instance;options.ResponseUnmarshaller = CreateDirectConnectGatewayAssociationResponseUnmarshaller.Instance;return Invoke<CreateDirectConnectGatewayAssociationResponse>(request, options);}"
998,public SubmitAttachmentStateChangesResult submitAttachmentStateChanges(SubmitAttachmentStateChangesRequest request) {request = beforeClientExecution(request);return executeSubmitAttachmentStateChanges(request);},"public virtual SubmitAttachmentStateChangesResponse SubmitAttachmentStateChanges(SubmitAttachmentStateChangesRequest request){var options = new InvokeOptions();options.RequestMarshaller = SubmitAttachmentStateChangesRequestMarshaller.Instance;options.ResponseUnmarshaller = SubmitAttachmentStateChangesResponseUnmarshaller.Instance;return Invoke<SubmitAttachmentStateChangesResponse>(request, options);}"
1013,public CreateImageBuilderStreamingURLResult createImageBuilderStreamingURL(CreateImageBuilderStreamingURLRequest request) {request = beforeClientExecution(request);return executeCreateImageBuilderStreamingURL(request);},"public virtual CreateImageBuilderStreamingURLResponse CreateImageBuilderStreamingURL(CreateImageBuilderStreamingURLRequest request){var options = new InvokeOptions();options.RequestMarshaller = CreateImageBuilderStreamingURLRequestMarshaller.Instance;options.ResponseUnmarshaller = CreateImageBuilderStreamingURLResponseUnmarshaller.Instance;return Invoke<CreateImageBuilderStreamingURLResponse>(request, options);}"
1095,public DisassociateIamInstanceProfileResult disassociateIamInstanceProfile(DisassociateIamInstanceProfileRequest request) {request = beforeClientExecution(request);return executeDisassociateIamInstanceProfile(request);},"public virtual DisassociateIamInstanceProfileResponse DisassociateIamInstanceProfile(DisassociateIamInstanceProfileRequest request){var options = new InvokeOptions();options.RequestMarshaller = DisassociateIamInstanceProfileRequestMarshaller.Instance;options.ResponseUnmarshaller = DisassociateIamInstanceProfileResponseUnmarshaller.Instance;return Invoke<DisassociateIamInstanceProfileResponse>(request, options);}"
1120,public GetReservedNodeExchangeOfferingsResult getReservedNodeExchangeOfferings(GetReservedNodeExchangeOfferingsRequest request) {request = beforeClientExecution(request);return executeGetReservedNodeExchangeOfferings(request);},"public virtual GetReservedNodeExchangeOfferingsResponse GetReservedNodeExchangeOfferings(GetReservedNodeExchangeOfferingsRequest request){var options = new InvokeOptions();options.RequestMarshaller = GetReservedNodeExchangeOfferingsRequestMarshaller.Instance;options.ResponseUnmarshaller = GetReservedNodeExchangeOfferingsResponseUnmarshaller.Instance;return Invoke<GetReservedNodeExchangeOfferingsResponse>(request, options);}"
1168,public ModifyInstanceEventStartTimeResult modifyInstanceEventStartTime(ModifyInstanceEventStartTimeRequest request) {request = beforeClientExecution(request);return executeModifyInstanceEventStartTime(request);},"public virtual ModifyInstanceEventStartTimeResponse ModifyInstanceEventStartTime(ModifyInstanceEventStartTimeRequest request){var options = new InvokeOptions();options.RequestMarshaller = ModifyInstanceEventStartTimeRequestMarshaller.Instance;options.ResponseUnmarshaller = ModifyInstanceEventStartTimeResponseUnmarshaller.Instance;return Invoke<ModifyInstanceEventStartTimeResponse>(request, options);}"
1175,public GetRecommenderConfigurationsResult getRecommenderConfigurations(GetRecommenderConfigurationsRequest request) {request = beforeClientExecution(request);return executeGetRecommenderConfigurations(request);},"public virtual GetRecommenderConfigurationsResponse GetRecommenderConfigurations(GetRecommenderConfigurationsRequest request){var options = new InvokeOptions();options.RequestMarshaller = GetRecommenderConfigurationsRequestMarshaller.Instance;options.ResponseUnmarshaller = GetRecommenderConfigurationsResponseUnmarshaller.Instance;return Invoke<GetRecommenderConfigurationsResponse>(request, options);}"
1193,"public static DVConstraint createTimeConstraint(int comparisonOperator, String expr1, String expr2) {if (expr1 == null) {throw new IllegalArgumentException(""expr1 must be supplied"");}OperatorType.validateSecondArg(comparisonOperator, expr1);String formula1 = getFormulaFromTextExpression(expr1);Double value1 = formula1 == null ? convertTime(expr1) : null;String formula2 = getFormulaFromTextExpression(expr2);Double value2 = formula2 == null ? convertTime(expr2) : null;return new DVConstraint(ValidationType.TIME, comparisonOperator, formula1, formula2, value1, value2, null);}","public static DVConstraint CreateTimeConstraint(int comparisonOperator, String expr1, String expr2){if (expr1 == null){throw new ArgumentException(""expr1 must be supplied"");}OperatorType.ValidateSecondArg(comparisonOperator, expr1);String formula1 = GetFormulaFromTextExpression(expr1);Double value1 = formula1 == null ? ConvertTime(expr1) : Double.NaN;String formula2 = GetFormulaFromTextExpression(expr2);Double value2 = formula2 == null ? ConvertTime(expr2) : Double.NaN;return new DVConstraint(ValidationType.TIME, comparisonOperator, formula1, formula2, value1, value2, null);}"
1212,"public void resetBackgroundImage(){EscherSimpleProperty property = getOptRecord().lookup(EscherPropertyTypes.FILL__PATTERNTEXTURE);if (null != property){EscherBSERecord bse = getPatriarch().getSheet().getWorkbook().getWorkbook().getBSERecord(property.getPropertyValue());bse.setRef(bse.getRef() - 1);getOptRecord().removeEscherProperty(EscherPropertyTypes.FILL__PATTERNTEXTURE);}setPropertyValue(new EscherSimpleProperty( EscherPropertyTypes.FILL__FILLTYPE, false, false, FILL_TYPE_SOLID));}","public void ResetBackgroundImage(){EscherSimpleProperty property = (EscherSimpleProperty)GetOptRecord().Lookup(EscherProperties.FILL__PATTERNTEXTURE);if (null != property){EscherBSERecord bse = ((HSSFWorkbook)((HSSFPatriarch)Patriarch).Sheet.Workbook).Workbook.GetBSERecord(property.PropertyValue);bse.Ref = (bse.Ref - 1);GetOptRecord().RemoveEscherProperty(EscherProperties.FILL__PATTERNTEXTURE);}SetPropertyValue(new EscherSimpleProperty(EscherProperties.FILL__FILLTYPE, false, false, FILL_TYPE_SOLID));}"
1225,public ModifyInstanceCapacityReservationAttributesResult modifyInstanceCapacityReservationAttributes(ModifyInstanceCapacityReservationAttributesRequest request) {request = beforeClientExecution(request);return executeModifyInstanceCapacityReservationAttributes(request);},"public virtual ModifyInstanceCapacityReservationAttributesResponse ModifyInstanceCapacityReservationAttributes(ModifyInstanceCapacityReservationAttributesRequest request){var options = new InvokeOptions();options.RequestMarshaller = ModifyInstanceCapacityReservationAttributesRequestMarshaller.Instance;options.ResponseUnmarshaller = ModifyInstanceCapacityReservationAttributesResponseUnmarshaller.Instance;return Invoke<ModifyInstanceCapacityReservationAttributesResponse>(request, options);}"
1240,public DeleteTransitGatewayMulticastDomainResult deleteTransitGatewayMulticastDomain(DeleteTransitGatewayMulticastDomainRequest request) {request = beforeClientExecution(request);return executeDeleteTransitGatewayMulticastDomain(request);},"public virtual DeleteTransitGatewayMulticastDomainResponse DeleteTransitGatewayMulticastDomain(DeleteTransitGatewayMulticastDomainRequest request){var options = new InvokeOptions();options.RequestMarshaller = DeleteTransitGatewayMulticastDomainRequestMarshaller.Instance;options.ResponseUnmarshaller = DeleteTransitGatewayMulticastDomainResponseUnmarshaller.Instance;return Invoke<DeleteTransitGatewayMulticastDomainResponse>(request, options);}"
1247,public ListVPCAssociationAuthorizationsResult listVPCAssociationAuthorizations(ListVPCAssociationAuthorizationsRequest request) {request = beforeClientExecution(request);return executeListVPCAssociationAuthorizations(request);},"public virtual ListVPCAssociationAuthorizationsResponse ListVPCAssociationAuthorizations(ListVPCAssociationAuthorizationsRequest request){var options = new InvokeOptions();options.RequestMarshaller = ListVPCAssociationAuthorizationsRequestMarshaller.Instance;options.ResponseUnmarshaller = ListVPCAssociationAuthorizationsResponseUnmarshaller.Instance;return Invoke<ListVPCAssociationAuthorizationsResponse>(request, options);}"
1277,public GlobalReplicationGroup modifyGlobalReplicationGroup(ModifyGlobalReplicationGroupRequest request) {request = beforeClientExecution(request);return executeModifyGlobalReplicationGroup(request);},"public virtual ModifyGlobalReplicationGroupResponse ModifyGlobalReplicationGroup(ModifyGlobalReplicationGroupRequest request){var options = new InvokeOptions();options.RequestMarshaller = ModifyGlobalReplicationGroupRequestMarshaller.Instance;options.ResponseUnmarshaller = ModifyGlobalReplicationGroupResponseUnmarshaller.Instance;return Invoke<ModifyGlobalReplicationGroupResponse>(request, options);}"
1286,public DisassociateDelegateFromResourceResult disassociateDelegateFromResource(DisassociateDelegateFromResourceRequest request) {request = beforeClientExecution(request);return executeDisassociateDelegateFromResource(request);},"public virtual DisassociateDelegateFromResourceResponse DisassociateDelegateFromResource(DisassociateDelegateFromResourceRequest request){var options = new InvokeOptions();options.RequestMarshaller = DisassociateDelegateFromResourceRequestMarshaller.Instance;options.ResponseUnmarshaller = DisassociateDelegateFromResourceResponseUnmarshaller.Instance;return Invoke<DisassociateDelegateFromResourceResponse>(request, options);}"
1288,public StartDocumentClassificationJobResult startDocumentClassificationJob(StartDocumentClassificationJobRequest request) {request = beforeClientExecution(request);return executeStartDocumentClassificationJob(request);},"public virtual StartDocumentClassificationJobResponse StartDocumentClassificationJob(StartDocumentClassificationJobRequest request){var options = new InvokeOptions();options.RequestMarshaller = StartDocumentClassificationJobRequestMarshaller.Instance;options.ResponseUnmarshaller = StartDocumentClassificationJobResponseUnmarshaller.Instance;return Invoke<StartDocumentClassificationJobResponse>(request, options);}"
1342,"public ParseException generateParseException() {jj_expentries.clear();boolean[] la1tokens = new boolean[24];if (jj_kind >= 0) {la1tokens[jj_kind] = true;jj_kind = -1;}for (int i = 0; i < 10; i++) {if (jj_la1[i] == jj_gen) {for (int j = 0; j < 32; j++) {if ((jj_la1_0[i] & (1<<j)) != 0) {la1tokens[j] = true;}}}}for (int i = 0; i < 24; i++) {if (la1tokens[i]) {jj_expentry = new int[1];jj_expentry[0] = i;jj_expentries.add(jj_expentry);}}jj_endpos = 0;jj_rescan_token();jj_add_error_token(0, 0);int[][] exptokseq = new int[jj_expentries.size()][];for (int i = 0; i < jj_expentries.size(); i++) {exptokseq[i] = jj_expentries.get(i);}return new ParseException(token, exptokseq, tokenImage);}","public virtual ParseException GenerateParseException(){jj_expentries.Clear();bool[] la1tokens = new bool[33];if (jj_kind >= 0){la1tokens[jj_kind] = true;jj_kind = -1;}for (int i = 0; i < 21; i++){if (jj_la1[i] == jj_gen){for (int j = 0; j < 32; j++){if ((jj_la1_0[i] & (1 << j)) != 0){la1tokens[j] = true;}if ((jj_la1_1[i] & (1 << j)) != 0){la1tokens[32 + j] = true;}}}}for (int i = 0; i < 33; i++){if (la1tokens[i]){jj_expentry = new int[1];jj_expentry[0] = i;jj_expentries.Add(jj_expentry);}}jj_endpos = 0;Jj_rescan_token();Jj_add_error_token(0, 0);int[][] exptokseq = new int[jj_expentries.Count][];for (int i = 0; i < jj_expentries.Count; i++){exptokseq[i] = jj_expentries[i];}return new ParseException(Token, exptokseq, QueryParserConstants.TokenImage);}"
1493,public CreateDirectConnectGatewayAssociationProposalResult createDirectConnectGatewayAssociationProposal(CreateDirectConnectGatewayAssociationProposalRequest request) {request = beforeClientExecution(request);return executeCreateDirectConnectGatewayAssociationProposal(request);},"public virtual CreateDirectConnectGatewayAssociationProposalResponse CreateDirectConnectGatewayAssociationProposal(CreateDirectConnectGatewayAssociationProposalRequest request){var options = new InvokeOptions();options.RequestMarshaller = CreateDirectConnectGatewayAssociationProposalRequestMarshaller.Instance;options.ResponseUnmarshaller = CreateDirectConnectGatewayAssociationProposalResponseUnmarshaller.Instance;return Invoke<CreateDirectConnectGatewayAssociationProposalResponse>(request, options);}"
1496,"public static int checkHeaderNoMagic(DataInput in, String codec, int minVersion, int maxVersion) throws IOException {final String actualCodec = in.readString();if (!actualCodec.equals(codec)) {throw new CorruptIndexException(""codec mismatch: actual codec="" + actualCodec + "" vs expected codec="" + codec, in);}final int actualVersion = in.readInt();if (actualVersion < minVersion) {throw new IndexFormatTooOldException(in, actualVersion, minVersion, maxVersion);}if (actualVersion > maxVersion) {throw new IndexFormatTooNewException(in, actualVersion, minVersion, maxVersion);}return actualVersion;}","public static int CheckHeaderNoMagic(DataInput @in, string codec, int minVersion, int maxVersion){string actualCodec = @in.ReadString();if (!actualCodec.Equals(codec, StringComparison.Ordinal)){throw new System.IO.IOException(""codec mismatch: actual codec="" + actualCodec + "" vs expected codec="" + codec + "" (resource: "" + @in + "")"");}int actualVersion = @in.ReadInt32();if (actualVersion < minVersion){throw new System.IO.IOException(""Version: "" + actualVersion + "" is not supported. Minimum Version number is "" + minVersion + ""."");}if (actualVersion > maxVersion){throw new System.IO.IOException(""Version: "" + actualVersion + "" is not supported. Maximum Version number is "" + maxVersion + ""."");}return actualVersion;}"
1531,"public long copyUsingLengthPrefix(BytesRef bytes) {if (bytes.length >= 32768) {throw new IllegalArgumentException(""max length is 32767 (got "" + bytes.length + "")"");}if (upto + bytes.length + 2 > blockSize) {if (bytes.length + 2 > blockSize) {throw new IllegalArgumentException(""block size "" + blockSize + "" is too small to store length "" + bytes.length + "" bytes"");}if (currentBlock != null) {addBlock(currentBlock);}currentBlock = new byte[blockSize];upto = 0;}final long pointer = getPointer();if (bytes.length < 128) {currentBlock[upto++] = (byte) bytes.length;} else {currentBlock[upto++] = (byte) (0x80 | (bytes.length >> 8));currentBlock[upto++] = (byte) (bytes.length & 0xff);}System.arraycopy(bytes.bytes, bytes.offset, currentBlock, upto, bytes.length);upto += bytes.length;return pointer;}","public long CopyUsingLengthPrefix(BytesRef bytes){if (bytes.Length >= 32768){throw new System.ArgumentException(""max length is 32767 (got "" + bytes.Length + "")"");}if (upto + bytes.Length + 2 > blockSize){if (bytes.Length + 2 > blockSize){throw new System.ArgumentException(""block size "" + blockSize + "" is too small to store length "" + bytes.Length + "" bytes"");}if (currentBlock != null){blocks.Add(currentBlock);blockEnd.Add(upto);}currentBlock = new byte[blockSize];upto = 0;}long pointer = GetPointer();if (bytes.Length < 128){currentBlock[upto++] = (byte)bytes.Length;}else{currentBlock[upto++] = unchecked((byte)(0x80 | (bytes.Length >> 8)));currentBlock[upto++] = unchecked((byte)(bytes.Length & 0xff));}Array.Copy(bytes.Bytes, bytes.Offset, currentBlock, upto, bytes.Length);upto += bytes.Length;return pointer;}"
1546,public GetConfigurationSetEventDestinationsResult getConfigurationSetEventDestinations(GetConfigurationSetEventDestinationsRequest request) {request = beforeClientExecution(request);return executeGetConfigurationSetEventDestinations(request);},"public virtual GetConfigurationSetEventDestinationsResponse GetConfigurationSetEventDestinations(GetConfigurationSetEventDestinationsRequest request){var options = new InvokeOptions();options.RequestMarshaller = GetConfigurationSetEventDestinationsRequestMarshaller.Instance;options.ResponseUnmarshaller = GetConfigurationSetEventDestinationsResponseUnmarshaller.Instance;return Invoke<GetConfigurationSetEventDestinationsResponse>(request, options);}"
1553,public DescribeReservedInstancesOfferingsResult describeReservedInstancesOfferings(DescribeReservedInstancesOfferingsRequest request) {request = beforeClientExecution(request);return executeDescribeReservedInstancesOfferings(request);},"public virtual DescribeReservedInstancesOfferingsResponse DescribeReservedInstancesOfferings(DescribeReservedInstancesOfferingsRequest request){var options = new InvokeOptions();options.RequestMarshaller = DescribeReservedInstancesOfferingsRequestMarshaller.Instance;options.ResponseUnmarshaller = DescribeReservedInstancesOfferingsResponseUnmarshaller.Instance;return Invoke<DescribeReservedInstancesOfferingsResponse>(request, options);}"
1567,public CreateEgressOnlyInternetGatewayResult createEgressOnlyInternetGateway(CreateEgressOnlyInternetGatewayRequest request) {request = beforeClientExecution(request);return executeCreateEgressOnlyInternetGateway(request);},"public virtual CreateEgressOnlyInternetGatewayResponse CreateEgressOnlyInternetGateway(CreateEgressOnlyInternetGatewayRequest request){var options = new InvokeOptions();options.RequestMarshaller = CreateEgressOnlyInternetGatewayRequestMarshaller.Instance;options.ResponseUnmarshaller = CreateEgressOnlyInternetGatewayResponseUnmarshaller.Instance;return Invoke<CreateEgressOnlyInternetGatewayResponse>(request, options);}"
1582,"public IntervalSet[] getDecisionLookahead(ATNState s) {if ( s==null ) {return null;}IntervalSet[] look = new IntervalSet[s.getNumberOfTransitions()];for (int alt = 0; alt < s.getNumberOfTransitions(); alt++) {look[alt] = new IntervalSet();Set<ATNConfig> lookBusy = new HashSet<ATNConfig>();boolean seeThruPreds = false; _LOOK(s.transition(alt).target, null, PredictionContext.EMPTY,look[alt], lookBusy, new BitSet(), seeThruPreds, false);if ( look[alt].size()==0 || look[alt].contains(HIT_PRED) ) {look[alt] = null;}}return look;}","public virtual IntervalSet[] GetDecisionLookahead(ATNState s){if (s == null){return null;}IntervalSet[] look = new IntervalSet[s.NumberOfTransitions];for (int alt = 0; alt < s.NumberOfTransitions; alt++){look[alt] = new IntervalSet();HashSet<ATNConfig> lookBusy = new HashSet<ATNConfig>();bool seeThruPreds = false;Look(s.Transition(alt).target, null, PredictionContext.EMPTY, look[alt], lookBusy, new BitSet(), seeThruPreds, false);if (look[alt].Count == 0 || look[alt].Contains(HitPred)){look[alt] = null;}}return look;}"
1599,public DescribeOrderableClusterOptionsResult describeOrderableClusterOptions(DescribeOrderableClusterOptionsRequest request) {request = beforeClientExecution(request);return executeDescribeOrderableClusterOptions(request);},"public virtual DescribeOrderableClusterOptionsResponse DescribeOrderableClusterOptions(DescribeOrderableClusterOptionsRequest request){var options = new InvokeOptions();options.RequestMarshaller = DescribeOrderableClusterOptionsRequestMarshaller.Instance;options.ResponseUnmarshaller = DescribeOrderableClusterOptionsResponseUnmarshaller.Instance;return Invoke<DescribeOrderableClusterOptionsResponse>(request, options);}"
1607,public DescribeDirectConnectGatewaysResult describeDirectConnectGateways(DescribeDirectConnectGatewaysRequest request) {request = beforeClientExecution(request);return executeDescribeDirectConnectGateways(request);},"public virtual DescribeDirectConnectGatewaysResponse DescribeDirectConnectGateways(DescribeDirectConnectGatewaysRequest request){var options = new InvokeOptions();options.RequestMarshaller = DescribeDirectConnectGatewaysRequestMarshaller.Instance;options.ResponseUnmarshaller = DescribeDirectConnectGatewaysResponseUnmarshaller.Instance;return Invoke<DescribeDirectConnectGatewaysResponse>(request, options);}"
1609,public DescribeVpcEndpointConnectionNotificationsResult describeVpcEndpointConnectionNotifications(DescribeVpcEndpointConnectionNotificationsRequest request) {request = beforeClientExecution(request);return executeDescribeVpcEndpointConnectionNotifications(request);},"public virtual DescribeVpcEndpointConnectionNotificationsResponse DescribeVpcEndpointConnectionNotifications(DescribeVpcEndpointConnectionNotificationsRequest request){var options = new InvokeOptions();options.RequestMarshaller = DescribeVpcEndpointConnectionNotificationsRequestMarshaller.Instance;options.ResponseUnmarshaller = DescribeVpcEndpointConnectionNotificationsResponseUnmarshaller.Instance;return Invoke<DescribeVpcEndpointConnectionNotificationsResponse>(request, options);}"
1682,public IncreaseStreamRetentionPeriodResult increaseStreamRetentionPeriod(IncreaseStreamRetentionPeriodRequest request) {request = beforeClientExecution(request);return executeIncreaseStreamRetentionPeriod(request);},"public virtual IncreaseStreamRetentionPeriodResponse IncreaseStreamRetentionPeriod(IncreaseStreamRetentionPeriodRequest request){var options = new InvokeOptions();options.RequestMarshaller = IncreaseStreamRetentionPeriodRequestMarshaller.Instance;options.ResponseUnmarshaller = IncreaseStreamRetentionPeriodResponseUnmarshaller.Instance;return Invoke<IncreaseStreamRetentionPeriodResponse>(request, options);}"
1717,public InitiateDocumentVersionUploadResult initiateDocumentVersionUpload(InitiateDocumentVersionUploadRequest request) {request = beforeClientExecution(request);return executeInitiateDocumentVersionUpload(request);},"public virtual InitiateDocumentVersionUploadResponse InitiateDocumentVersionUpload(InitiateDocumentVersionUploadRequest request){var options = new InvokeOptions();options.RequestMarshaller = InitiateDocumentVersionUploadRequestMarshaller.Instance;options.ResponseUnmarshaller = InitiateDocumentVersionUploadResponseUnmarshaller.Instance;return Invoke<InitiateDocumentVersionUploadResponse>(request, options);}"
1728,public DescribeCrossAccountAccessRoleResult describeCrossAccountAccessRole(DescribeCrossAccountAccessRoleRequest request) {request = beforeClientExecution(request);return executeDescribeCrossAccountAccessRole(request);},"public virtual DescribeCrossAccountAccessRoleResponse DescribeCrossAccountAccessRole(DescribeCrossAccountAccessRoleRequest request){var options = new InvokeOptions();options.RequestMarshaller = DescribeCrossAccountAccessRoleRequestMarshaller.Instance;options.ResponseUnmarshaller = DescribeCrossAccountAccessRoleResponseUnmarshaller.Instance;return Invoke<DescribeCrossAccountAccessRoleResponse>(request, options);}"
1750,public DescribeServiceAccessPoliciesResult describeServiceAccessPolicies(DescribeServiceAccessPoliciesRequest request) {request = beforeClientExecution(request);return executeDescribeServiceAccessPolicies(request);},"public virtual DescribeServiceAccessPoliciesResponse DescribeServiceAccessPolicies(DescribeServiceAccessPoliciesRequest request){var options = new InvokeOptions();options.RequestMarshaller = DescribeServiceAccessPoliciesRequestMarshaller.Instance;options.ResponseUnmarshaller = DescribeServiceAccessPoliciesResponseUnmarshaller.Instance;return Invoke<DescribeServiceAccessPoliciesResponse>(request, options);}"
1755,public GetRelationalDatabaseMetricDataResult getRelationalDatabaseMetricData(GetRelationalDatabaseMetricDataRequest request) {request = beforeClientExecution(request);return executeGetRelationalDatabaseMetricData(request);},"public virtual GetRelationalDatabaseMetricDataResponse GetRelationalDatabaseMetricData(GetRelationalDatabaseMetricDataRequest request){var options = new InvokeOptions();options.RequestMarshaller = GetRelationalDatabaseMetricDataRequestMarshaller.Instance;options.ResponseUnmarshaller = GetRelationalDatabaseMetricDataResponseUnmarshaller.Instance;return Invoke<GetRelationalDatabaseMetricDataResponse>(request, options);}"
1769,public GetRelationalDatabaseLogEventsResult getRelationalDatabaseLogEvents(GetRelationalDatabaseLogEventsRequest request) {request = beforeClientExecution(request);return executeGetRelationalDatabaseLogEvents(request);},"public virtual GetRelationalDatabaseLogEventsResponse GetRelationalDatabaseLogEvents(GetRelationalDatabaseLogEventsRequest request){var options = new InvokeOptions();options.RequestMarshaller = GetRelationalDatabaseLogEventsRequestMarshaller.Instance;options.ResponseUnmarshaller = GetRelationalDatabaseLogEventsResponseUnmarshaller.Instance;return Invoke<GetRelationalDatabaseLogEventsResponse>(request, options);}"
1789,public DeleteLocalGatewayRouteTableVpcAssociationResult deleteLocalGatewayRouteTableVpcAssociation(DeleteLocalGatewayRouteTableVpcAssociationRequest request) {request = beforeClientExecution(request);return executeDeleteLocalGatewayRouteTableVpcAssociation(request);},"public virtual DeleteLocalGatewayRouteTableVpcAssociationResponse DeleteLocalGatewayRouteTableVpcAssociation(DeleteLocalGatewayRouteTableVpcAssociationRequest request){var options = new InvokeOptions();options.RequestMarshaller = DeleteLocalGatewayRouteTableVpcAssociationRequestMarshaller.Instance;options.ResponseUnmarshaller = DeleteLocalGatewayRouteTableVpcAssociationResponseUnmarshaller.Instance;return Invoke<DeleteLocalGatewayRouteTableVpcAssociationResponse>(request, options);}"
1810,"public Pair<String,String> splitExtensionField(String defaultField,String field) {int indexOf = field.indexOf(this.extensionFieldDelimiter);if (indexOf < 0)return new Pair<>(field, null);final String indexField = indexOf == 0 ? defaultField : field.substring(0,indexOf);final String extensionKey = field.substring(indexOf + 1);return new Pair<>(indexField, extensionKey);}","public virtual Tuple<string, string> SplitExtensionField(string defaultField, string field){int indexOf = field.IndexOf(this.extensionFieldDelimiter);if (indexOf < 0)return new Tuple<string, string>(field, null);string indexField = indexOf == 0 ? defaultField : field.Substring(0, indexOf);string extensionKey = field.Substring(indexOf + 1);return new Tuple<string, string>(indexField, extensionKey);}"
1850,public GetJourneyExecutionActivityMetricsResult getJourneyExecutionActivityMetrics(GetJourneyExecutionActivityMetricsRequest request) {request = beforeClientExecution(request);return executeGetJourneyExecutionActivityMetrics(request);},"public virtual GetJourneyExecutionActivityMetricsResponse GetJourneyExecutionActivityMetrics(GetJourneyExecutionActivityMetricsRequest request){var options = new InvokeOptions();options.RequestMarshaller = GetJourneyExecutionActivityMetricsRequestMarshaller.Instance;options.ResponseUnmarshaller = GetJourneyExecutionActivityMetricsResponseUnmarshaller.Instance;return Invoke<GetJourneyExecutionActivityMetricsResponse>(request, options);}"
1878,public DisableAvailabilityZonesForLoadBalancerResult disableAvailabilityZonesForLoadBalancer(DisableAvailabilityZonesForLoadBalancerRequest request) {request = beforeClientExecution(request);return executeDisableAvailabilityZonesForLoadBalancer(request);},"public virtual DisableAvailabilityZonesForLoadBalancerResponse DisableAvailabilityZonesForLoadBalancer(DisableAvailabilityZonesForLoadBalancerRequest request){var options = new InvokeOptions();options.RequestMarshaller = DisableAvailabilityZonesForLoadBalancerRequestMarshaller.Instance;options.ResponseUnmarshaller = DisableAvailabilityZonesForLoadBalancerResponseUnmarshaller.Instance;return Invoke<DisableAvailabilityZonesForLoadBalancerResponse>(request, options);}"
1907,"public SynonymFilterFactory(Map<String,String> args) {super(args);ignoreCase = getBoolean(args, ""ignoreCase"", false);synonyms = require(args, ""synonyms"");format = get(args, ""format"");expand = getBoolean(args, ""expand"", true);analyzerName = get(args, ""analyzer"");tokenizerFactory = get(args, ""tokenizerFactory"");if (analyzerName != null && tokenizerFactory != null) {throw new IllegalArgumentException(""Analyzer and TokenizerFactory can't be specified both: "" +analyzerName + "" and "" + tokenizerFactory);}if (tokenizerFactory != null) {tokArgs.put(""luceneMatchVersion"", getLuceneMatchVersion().toString());for (Iterator<String> itr = args.keySet().iterator(); itr.hasNext();) {String key = itr.next();tokArgs.put(key.replaceAll(""^tokenizerFactory\\."",""""), args.get(key));itr.remove();}}if (!args.isEmpty()) {throw new IllegalArgumentException(""Unknown parameters: "" + args);}}","public SynonymFilterFactory(IDictionary<string, string> args): base(args){AssureMatchVersion();if (m_luceneMatchVersion.OnOrAfter(Lucene.Net.Util.LuceneVersion.LUCENE_34)){delegator = new FSTSynonymFilterFactory(new Dictionary<string, string>(OriginalArgs));}else{if (args.TryGetValue(""format"", out string value) && !value.Equals(""solr"", StringComparison.Ordinal)){throw new System.ArgumentException(""You must specify luceneMatchVersion >= 3.4 to use alternate synonyms formats"");} delegator = new SlowSynonymFilterFactory(new Dictionary<string, string>(OriginalArgs));}}"
1909,public ModifyTrafficMirrorFilterNetworkServicesResult modifyTrafficMirrorFilterNetworkServices(ModifyTrafficMirrorFilterNetworkServicesRequest request) {request = beforeClientExecution(request);return executeModifyTrafficMirrorFilterNetworkServices(request);},"public virtual ModifyTrafficMirrorFilterNetworkServicesResponse ModifyTrafficMirrorFilterNetworkServices(ModifyTrafficMirrorFilterNetworkServicesRequest request){var options = new InvokeOptions();options.RequestMarshaller = ModifyTrafficMirrorFilterNetworkServicesRequestMarshaller.Instance;options.ResponseUnmarshaller = ModifyTrafficMirrorFilterNetworkServicesResponseUnmarshaller.Instance;return Invoke<ModifyTrafficMirrorFilterNetworkServicesResponse>(request, options);}"
1925,"public ParseException generateParseException() {jj_expentries.clear();boolean[] la1tokens = new boolean[33];if (jj_kind >= 0) {la1tokens[jj_kind] = true;jj_kind = -1;}for (int i = 0; i < 25; i++) {if (jj_la1[i] == jj_gen) {for (int j = 0; j < 32; j++) {if ((jj_la1_0[i] & (1<<j)) != 0) {la1tokens[j] = true;}if ((jj_la1_1[i] & (1<<j)) != 0) {la1tokens[32+j] = true;}}}}for (int i = 0; i < 33; i++) {if (la1tokens[i]) {jj_expentry = new int[1];jj_expentry[0] = i;jj_expentries.add(jj_expentry);}}jj_endpos = 0;jj_rescan_token();jj_add_error_token(0, 0);int[][] exptokseq = new int[jj_expentries.size()][];for (int i = 0; i < jj_expentries.size(); i++) {exptokseq[i] = jj_expentries.get(i);}return new ParseException(token, exptokseq, tokenImage);}","public virtual ParseException GenerateParseException(){jj_expentries.Clear();bool[] la1tokens = new bool[33];if (jj_kind >= 0){la1tokens[jj_kind] = true;jj_kind = -1;}for (int i = 0; i < 21; i++){if (jj_la1[i] == jj_gen){for (int j = 0; j < 32; j++){if ((jj_la1_0[i] & (1 << j)) != 0){la1tokens[j] = true;}if ((jj_la1_1[i] & (1 << j)) != 0){la1tokens[32 + j] = true;}}}}for (int i = 0; i < 33; i++){if (la1tokens[i]){jj_expentry = new int[1];jj_expentry[0] = i;jj_expentries.Add(jj_expentry);}}jj_endpos = 0;Jj_rescan_token();Jj_add_error_token(0, 0);int[][] exptokseq = new int[jj_expentries.Count][];for (int i = 0; i < jj_expentries.Count; i++){exptokseq[i] = jj_expentries[i];}return new ParseException(Token, exptokseq, QueryParserConstants.TokenImage);}"
1939,public DeregisterInstancesFromLoadBalancerResult deregisterInstancesFromLoadBalancer(DeregisterInstancesFromLoadBalancerRequest request) {request = beforeClientExecution(request);return executeDeregisterInstancesFromLoadBalancer(request);},"public virtual DeregisterInstancesFromLoadBalancerResponse DeregisterInstancesFromLoadBalancer(DeregisterInstancesFromLoadBalancerRequest request){var options = new InvokeOptions();options.RequestMarshaller = DeregisterInstancesFromLoadBalancerRequestMarshaller.Instance;options.ResponseUnmarshaller = DeregisterInstancesFromLoadBalancerResponseUnmarshaller.Instance;return Invoke<DeregisterInstancesFromLoadBalancerResponse>(request, options);}"
1945,public SearchTransitGatewayMulticastGroupsResult searchTransitGatewayMulticastGroups(SearchTransitGatewayMulticastGroupsRequest request) {request = beforeClientExecution(request);return executeSearchTransitGatewayMulticastGroups(request);},"public virtual SearchTransitGatewayMulticastGroupsResponse SearchTransitGatewayMulticastGroups(SearchTransitGatewayMulticastGroupsRequest request){var options = new InvokeOptions();options.RequestMarshaller = SearchTransitGatewayMulticastGroupsRequestMarshaller.Instance;options.ResponseUnmarshaller = SearchTransitGatewayMulticastGroupsResponseUnmarshaller.Instance;return Invoke<SearchTransitGatewayMulticastGroupsResponse>(request, options);}"
1982,public UpdateSecurityGroupRuleDescriptionsIngressResult updateSecurityGroupRuleDescriptionsIngress(UpdateSecurityGroupRuleDescriptionsIngressRequest request) {request = beforeClientExecution(request);return executeUpdateSecurityGroupRuleDescriptionsIngress(request);},"public virtual UpdateSecurityGroupRuleDescriptionsIngressResponse UpdateSecurityGroupRuleDescriptionsIngress(UpdateSecurityGroupRuleDescriptionsIngressRequest request){var options = new InvokeOptions();options.RequestMarshaller = UpdateSecurityGroupRuleDescriptionsIngressRequestMarshaller.Instance;options.ResponseUnmarshaller = UpdateSecurityGroupRuleDescriptionsIngressResponseUnmarshaller.Instance;return Invoke<UpdateSecurityGroupRuleDescriptionsIngressResponse>(request, options);}"
1992,public StartDominantLanguageDetectionJobResult startDominantLanguageDetectionJob(StartDominantLanguageDetectionJobRequest request) {request = beforeClientExecution(request);return executeStartDominantLanguageDetectionJob(request);},"public virtual StartDominantLanguageDetectionJobResponse StartDominantLanguageDetectionJob(StartDominantLanguageDetectionJobRequest request){var options = new InvokeOptions();options.RequestMarshaller = StartDominantLanguageDetectionJobRequestMarshaller.Instance;options.ResponseUnmarshaller = StartDominantLanguageDetectionJobResponseUnmarshaller.Instance;return Invoke<StartDominantLanguageDetectionJobResponse>(request, options);}"
2003,public DescribeLocalGatewayRouteTablesResult describeLocalGatewayRouteTables(DescribeLocalGatewayRouteTablesRequest request) {request = beforeClientExecution(request);return executeDescribeLocalGatewayRouteTables(request);},"public virtual DescribeLocalGatewayRouteTablesResponse DescribeLocalGatewayRouteTables(DescribeLocalGatewayRouteTablesRequest request){var options = new InvokeOptions();options.RequestMarshaller = DescribeLocalGatewayRouteTablesRequestMarshaller.Instance;options.ResponseUnmarshaller = DescribeLocalGatewayRouteTablesResponseUnmarshaller.Instance;return Invoke<DescribeLocalGatewayRouteTablesResponse>(request, options);}"
2007,public GetFieldLevelEncryptionProfileConfigResult getFieldLevelEncryptionProfileConfig(GetFieldLevelEncryptionProfileConfigRequest request) {request = beforeClientExecution(request);return executeGetFieldLevelEncryptionProfileConfig(request);},"public virtual GetFieldLevelEncryptionProfileConfigResponse GetFieldLevelEncryptionProfileConfig(GetFieldLevelEncryptionProfileConfigRequest request){var options = new InvokeOptions();options.RequestMarshaller = GetFieldLevelEncryptionProfileConfigRequestMarshaller.Instance;options.ResponseUnmarshaller = GetFieldLevelEncryptionProfileConfigResponseUnmarshaller.Instance;return Invoke<GetFieldLevelEncryptionProfileConfigResponse>(request, options);}"
2011,public WorkflowExecutionCount countClosedWorkflowExecutions(CountClosedWorkflowExecutionsRequest request) {request = beforeClientExecution(request);return executeCountClosedWorkflowExecutions(request);},"public virtual CountClosedWorkflowExecutionsResponse CountClosedWorkflowExecutions(CountClosedWorkflowExecutionsRequest request){var options = new InvokeOptions();options.RequestMarshaller = CountClosedWorkflowExecutionsRequestMarshaller.Instance;options.ResponseUnmarshaller = CountClosedWorkflowExecutionsResponseUnmarshaller.Instance;return Invoke<CountClosedWorkflowExecutionsResponse>(request, options);}"
2059,public PutVoiceConnectorTerminationResult putVoiceConnectorTermination(PutVoiceConnectorTerminationRequest request) {request = beforeClientExecution(request);return executePutVoiceConnectorTermination(request);},"public virtual PutVoiceConnectorTerminationResponse PutVoiceConnectorTermination(PutVoiceConnectorTerminationRequest request){var options = new InvokeOptions();options.RequestMarshaller = PutVoiceConnectorTerminationRequestMarshaller.Instance;options.ResponseUnmarshaller = PutVoiceConnectorTerminationResponseUnmarshaller.Instance;return Invoke<PutVoiceConnectorTerminationResponse>(request, options);}"
2166,public DescribeHyperParameterTuningJobResult describeHyperParameterTuningJob(DescribeHyperParameterTuningJobRequest request) {request = beforeClientExecution(request);return executeDescribeHyperParameterTuningJob(request);},"public virtual DescribeHyperParameterTuningJobResponse DescribeHyperParameterTuningJob(DescribeHyperParameterTuningJobRequest request){var options = new InvokeOptions();options.RequestMarshaller = DescribeHyperParameterTuningJobRequestMarshaller.Instance;options.ResponseUnmarshaller = DescribeHyperParameterTuningJobResponseUnmarshaller.Instance;return Invoke<DescribeHyperParameterTuningJobResponse>(request, options);}"
2170,public ModifyVpcEndpointServiceConfigurationResult modifyVpcEndpointServiceConfiguration(ModifyVpcEndpointServiceConfigurationRequest request) {request = beforeClientExecution(request);return executeModifyVpcEndpointServiceConfiguration(request);},"public virtual ModifyVpcEndpointServiceConfigurationResponse ModifyVpcEndpointServiceConfiguration(ModifyVpcEndpointServiceConfigurationRequest request){var options = new InvokeOptions();options.RequestMarshaller = ModifyVpcEndpointServiceConfigurationRequestMarshaller.Instance;options.ResponseUnmarshaller = ModifyVpcEndpointServiceConfigurationResponseUnmarshaller.Instance;return Invoke<ModifyVpcEndpointServiceConfigurationResponse>(request, options);}"
2175,public ModifyNetworkInterfaceAttributeResult modifyNetworkInterfaceAttribute(ModifyNetworkInterfaceAttributeRequest request) {request = beforeClientExecution(request);return executeModifyNetworkInterfaceAttribute(request);},"public virtual ModifyNetworkInterfaceAttributeResponse ModifyNetworkInterfaceAttribute(ModifyNetworkInterfaceAttributeRequest request){var options = new InvokeOptions();options.RequestMarshaller = ModifyNetworkInterfaceAttributeRequestMarshaller.Instance;options.ResponseUnmarshaller = ModifyNetworkInterfaceAttributeResponseUnmarshaller.Instance;return Invoke<ModifyNetworkInterfaceAttributeResponse>(request, options);}"
2205,public DeleteBusinessReportScheduleResult deleteBusinessReportSchedule(DeleteBusinessReportScheduleRequest request) {request = beforeClientExecution(request);return executeDeleteBusinessReportSchedule(request);},"public virtual DeleteBusinessReportScheduleResponse DeleteBusinessReportSchedule(DeleteBusinessReportScheduleRequest request){var options = new InvokeOptions();options.RequestMarshaller = DeleteBusinessReportScheduleRequestMarshaller.Instance;options.ResponseUnmarshaller = DeleteBusinessReportScheduleResponseUnmarshaller.Instance;return Invoke<DeleteBusinessReportScheduleResponse>(request, options);}"
2233,"public ATN getATNWithBypassAlts() {String serializedAtn = getSerializedATN();if (serializedAtn == null) {throw new UnsupportedOperationException(""The current parser does not support an ATN with bypass alternatives."");}synchronized (bypassAltsAtnCache) {ATN result = bypassAltsAtnCache.get(serializedAtn);if (result == null) {ATNDeserializationOptions deserializationOptions = new ATNDeserializationOptions();deserializationOptions.setGenerateRuleBypassTransitions(true);result = new ATNDeserializer(deserializationOptions).deserialize(serializedAtn.toCharArray());bypassAltsAtnCache.put(serializedAtn, result);}return result;}}","public virtual ATN GetATNWithBypassAlts(){string serializedAtn = SerializedAtn;if (serializedAtn == null){throw new NotSupportedException(""The current parser does not support an ATN with bypass alternatives."");}lock (bypassAltsAtnCache){ATN result = bypassAltsAtnCache.Get(serializedAtn);if (result == null){ATNDeserializationOptions deserializationOptions = new ATNDeserializationOptions();deserializationOptions.GenerateRuleBypassTransitions = true;result = new ATNDeserializer(deserializationOptions).Deserialize(serializedAtn.ToCharArray());bypassAltsAtnCache.Put(serializedAtn, result);}return result;}}"
2248,public ChangeMessageVisibilityBatchResult changeMessageVisibilityBatch(ChangeMessageVisibilityBatchRequest request) {request = beforeClientExecution(request);return executeChangeMessageVisibilityBatch(request);},"public virtual ChangeMessageVisibilityBatchResponse ChangeMessageVisibilityBatch(ChangeMessageVisibilityBatchRequest request){var options = new InvokeOptions();options.RequestMarshaller = ChangeMessageVisibilityBatchRequestMarshaller.Instance;options.ResponseUnmarshaller = ChangeMessageVisibilityBatchResponseUnmarshaller.Instance;return Invoke<ChangeMessageVisibilityBatchResponse>(request, options);}"
2260,public UpdateContainerInstancesStateResult updateContainerInstancesState(UpdateContainerInstancesStateRequest request) {request = beforeClientExecution(request);return executeUpdateContainerInstancesState(request);},"public virtual UpdateContainerInstancesStateResponse UpdateContainerInstancesState(UpdateContainerInstancesStateRequest request){var options = new InvokeOptions();options.RequestMarshaller = UpdateContainerInstancesStateRequestMarshaller.Instance;options.ResponseUnmarshaller = UpdateContainerInstancesStateResponseUnmarshaller.Instance;return Invoke<UpdateContainerInstancesStateResponse>(request, options);}"
2289,public PutEmailIdentityMailFromAttributesResult putEmailIdentityMailFromAttributes(PutEmailIdentityMailFromAttributesRequest request) {request = beforeClientExecution(request);return executePutEmailIdentityMailFromAttributes(request);},"public virtual PutEmailIdentityMailFromAttributesResponse PutEmailIdentityMailFromAttributes(PutEmailIdentityMailFromAttributesRequest request){var options = new InvokeOptions();options.RequestMarshaller = PutEmailIdentityMailFromAttributesRequestMarshaller.Instance;options.ResponseUnmarshaller = PutEmailIdentityMailFromAttributesResponseUnmarshaller.Instance;return Invoke<PutEmailIdentityMailFromAttributesResponse>(request, options);}"
2313,public ApplySecurityGroupsToLoadBalancerResult applySecurityGroupsToLoadBalancer(ApplySecurityGroupsToLoadBalancerRequest request) {request = beforeClientExecution(request);return executeApplySecurityGroupsToLoadBalancer(request);},"public virtual ApplySecurityGroupsToLoadBalancerResponse ApplySecurityGroupsToLoadBalancer(ApplySecurityGroupsToLoadBalancerRequest request){var options = new InvokeOptions();options.RequestMarshaller = ApplySecurityGroupsToLoadBalancerRequestMarshaller.Instance;options.ResponseUnmarshaller = ApplySecurityGroupsToLoadBalancerResponseUnmarshaller.Instance;return Invoke<ApplySecurityGroupsToLoadBalancerResponse>(request, options);}"
2323,public DescribeDirectConnectGatewayAssociationsResult describeDirectConnectGatewayAssociations(DescribeDirectConnectGatewayAssociationsRequest request) {request = beforeClientExecution(request);return executeDescribeDirectConnectGatewayAssociations(request);},"public virtual DescribeDirectConnectGatewayAssociationsResponse DescribeDirectConnectGatewayAssociations(DescribeDirectConnectGatewayAssociationsRequest request){var options = new InvokeOptions();options.RequestMarshaller = DescribeDirectConnectGatewayAssociationsRequestMarshaller.Instance;options.ResponseUnmarshaller = DescribeDirectConnectGatewayAssociationsResponseUnmarshaller.Instance;return Invoke<DescribeDirectConnectGatewayAssociationsResponse>(request, options);}"
2326,public SetLoadBalancerPoliciesOfListenerResult setLoadBalancerPoliciesOfListener(SetLoadBalancerPoliciesOfListenerRequest request) {request = beforeClientExecution(request);return executeSetLoadBalancerPoliciesOfListener(request);},"public virtual SetLoadBalancerPoliciesOfListenerResponse SetLoadBalancerPoliciesOfListener(SetLoadBalancerPoliciesOfListenerRequest request){var options = new InvokeOptions();options.RequestMarshaller = SetLoadBalancerPoliciesOfListenerRequestMarshaller.Instance;options.ResponseUnmarshaller = SetLoadBalancerPoliciesOfListenerResponseUnmarshaller.Instance;return Invoke<SetLoadBalancerPoliciesOfListenerResponse>(request, options);}"
2345,public AddTagsToOnPremisesInstancesResult addTagsToOnPremisesInstances(AddTagsToOnPremisesInstancesRequest request) {request = beforeClientExecution(request);return executeAddTagsToOnPremisesInstances(request);},"public virtual AddTagsToOnPremisesInstancesResponse AddTagsToOnPremisesInstances(AddTagsToOnPremisesInstancesRequest request){var options = new InvokeOptions();options.RequestMarshaller = AddTagsToOnPremisesInstancesRequestMarshaller.Instance;options.ResponseUnmarshaller = AddTagsToOnPremisesInstancesResponseUnmarshaller.Instance;return Invoke<AddTagsToOnPremisesInstancesResponse>(request, options);}"
2348,public DescribeTrafficMirrorTargetsResult describeTrafficMirrorTargets(DescribeTrafficMirrorTargetsRequest request) {request = beforeClientExecution(request);return executeDescribeTrafficMirrorTargets(request);},"public virtual DescribeTrafficMirrorTargetsResponse DescribeTrafficMirrorTargets(DescribeTrafficMirrorTargetsRequest request){var options = new InvokeOptions();options.RequestMarshaller = DescribeTrafficMirrorTargetsRequestMarshaller.Instance;options.ResponseUnmarshaller = DescribeTrafficMirrorTargetsResponseUnmarshaller.Instance;return Invoke<DescribeTrafficMirrorTargetsResponse>(request, options);}"
2354,public UpdateAuditStreamConfigurationResult updateAuditStreamConfiguration(UpdateAuditStreamConfigurationRequest request) {request = beforeClientExecution(request);return executeUpdateAuditStreamConfiguration(request);},"public virtual UpdateAuditStreamConfigurationResponse UpdateAuditStreamConfiguration(UpdateAuditStreamConfigurationRequest request){var options = new InvokeOptions();options.RequestMarshaller = UpdateAuditStreamConfigurationRequestMarshaller.Instance;options.ResponseUnmarshaller = UpdateAuditStreamConfigurationResponseUnmarshaller.Instance;return Invoke<UpdateAuditStreamConfigurationResponse>(request, options);}"
2359,public ListHITsForQualificationTypeResult listHITsForQualificationType(ListHITsForQualificationTypeRequest request) {request = beforeClientExecution(request);return executeListHITsForQualificationType(request);},"public virtual ListHITsForQualificationTypeResponse ListHITsForQualificationType(ListHITsForQualificationTypeRequest request){var options = new InvokeOptions();options.RequestMarshaller = ListHITsForQualificationTypeRequestMarshaller.Instance;options.ResponseUnmarshaller = ListHITsForQualificationTypeResponseUnmarshaller.Instance;return Invoke<ListHITsForQualificationTypeResponse>(request, options);}"
2365,public EnableOrganizationAdminAccountResult enableOrganizationAdminAccount(EnableOrganizationAdminAccountRequest request) {request = beforeClientExecution(request);return executeEnableOrganizationAdminAccount(request);},"public virtual EnableOrganizationAdminAccountResponse EnableOrganizationAdminAccount(EnableOrganizationAdminAccountRequest request){var options = new InvokeOptions();options.RequestMarshaller = EnableOrganizationAdminAccountRequestMarshaller.Instance;options.ResponseUnmarshaller = EnableOrganizationAdminAccountResponseUnmarshaller.Instance;return Invoke<EnableOrganizationAdminAccountResponse>(request, options);}"
2367,public DeleteRecommenderConfigurationResult deleteRecommenderConfiguration(DeleteRecommenderConfigurationRequest request) {request = beforeClientExecution(request);return executeDeleteRecommenderConfiguration(request);},"public virtual DeleteRecommenderConfigurationResponse DeleteRecommenderConfiguration(DeleteRecommenderConfigurationRequest request){var options = new InvokeOptions();options.RequestMarshaller = DeleteRecommenderConfigurationRequestMarshaller.Instance;options.ResponseUnmarshaller = DeleteRecommenderConfigurationResponseUnmarshaller.Instance;return Invoke<DeleteRecommenderConfigurationResponse>(request, options);}"
2372,public AcceptVpcEndpointConnectionsResult acceptVpcEndpointConnections(AcceptVpcEndpointConnectionsRequest request) {request = beforeClientExecution(request);return executeAcceptVpcEndpointConnections(request);},"public virtual AcceptVpcEndpointConnectionsResponse AcceptVpcEndpointConnections(AcceptVpcEndpointConnectionsRequest request){var options = new InvokeOptions();options.RequestMarshaller = AcceptVpcEndpointConnectionsRequestMarshaller.Instance;options.ResponseUnmarshaller = AcceptVpcEndpointConnectionsResponseUnmarshaller.Instance;return Invoke<AcceptVpcEndpointConnectionsResponse>(request, options);}"
2373,public DescribeIdentityProviderConfigurationResult describeIdentityProviderConfiguration(DescribeIdentityProviderConfigurationRequest request) {request = beforeClientExecution(request);return executeDescribeIdentityProviderConfiguration(request);},"public virtual DescribeIdentityProviderConfigurationResponse DescribeIdentityProviderConfiguration(DescribeIdentityProviderConfigurationRequest request){var options = new InvokeOptions();options.RequestMarshaller = DescribeIdentityProviderConfigurationRequestMarshaller.Instance;options.ResponseUnmarshaller = DescribeIdentityProviderConfigurationResponseUnmarshaller.Instance;return Invoke<DescribeIdentityProviderConfigurationResponse>(request, options);}"
2376,public GetRelationalDatabaseBlueprintsResult getRelationalDatabaseBlueprints(GetRelationalDatabaseBlueprintsRequest request) {request = beforeClientExecution(request);return executeGetRelationalDatabaseBlueprints(request);},"public virtual GetRelationalDatabaseBlueprintsResponse GetRelationalDatabaseBlueprints(GetRelationalDatabaseBlueprintsRequest request){var options = new InvokeOptions();options.RequestMarshaller = GetRelationalDatabaseBlueprintsRequestMarshaller.Instance;options.ResponseUnmarshaller = GetRelationalDatabaseBlueprintsResponseUnmarshaller.Instance;return Invoke<GetRelationalDatabaseBlueprintsResponse>(request, options);}"
2388,public EngineDefaults describeEngineDefaultParameters(DescribeEngineDefaultParametersRequest request) {request = beforeClientExecution(request);return executeDescribeEngineDefaultParameters(request);},"public virtual DescribeEngineDefaultParametersResponse DescribeEngineDefaultParameters(DescribeEngineDefaultParametersRequest request){var options = new InvokeOptions();options.RequestMarshaller = DescribeEngineDefaultParametersRequestMarshaller.Instance;options.ResponseUnmarshaller = DescribeEngineDefaultParametersResponseUnmarshaller.Instance;return Invoke<DescribeEngineDefaultParametersResponse>(request, options);}"
2393,public CreateNetworkInterfacePermissionResult createNetworkInterfacePermission(CreateNetworkInterfacePermissionRequest request) {request = beforeClientExecution(request);return executeCreateNetworkInterfacePermission(request);},"public virtual CreateNetworkInterfacePermissionResponse CreateNetworkInterfacePermission(CreateNetworkInterfacePermissionRequest request){var options = new InvokeOptions();options.RequestMarshaller = CreateNetworkInterfacePermissionRequestMarshaller.Instance;options.ResponseUnmarshaller = CreateNetworkInterfacePermissionResponseUnmarshaller.Instance;return Invoke<CreateNetworkInterfacePermissionResponse>(request, options);}"
2428,public UpdateConfigurationSetEventDestinationResult updateConfigurationSetEventDestination(UpdateConfigurationSetEventDestinationRequest request) {request = beforeClientExecution(request);return executeUpdateConfigurationSetEventDestination(request);},"public virtual UpdateConfigurationSetEventDestinationResponse UpdateConfigurationSetEventDestination(UpdateConfigurationSetEventDestinationRequest request){var options = new InvokeOptions();options.RequestMarshaller = UpdateConfigurationSetEventDestinationRequestMarshaller.Instance;options.ResponseUnmarshaller = UpdateConfigurationSetEventDestinationResponseUnmarshaller.Instance;return Invoke<UpdateConfigurationSetEventDestinationResponse>(request, options);}"
2457,public AllocatePublicVirtualInterfaceResult allocatePublicVirtualInterface(AllocatePublicVirtualInterfaceRequest request) {request = beforeClientExecution(request);return executeAllocatePublicVirtualInterface(request);},"public virtual AllocatePublicVirtualInterfaceResponse AllocatePublicVirtualInterface(AllocatePublicVirtualInterfaceRequest request){var options = new InvokeOptions();options.RequestMarshaller = AllocatePublicVirtualInterfaceRequestMarshaller.Instance;options.ResponseUnmarshaller = AllocatePublicVirtualInterfaceResponseUnmarshaller.Instance;return Invoke<AllocatePublicVirtualInterfaceResponse>(request, options);}"
2460,public PutDeliverabilityDashboardOptionResult putDeliverabilityDashboardOption(PutDeliverabilityDashboardOptionRequest request) {request = beforeClientExecution(request);return executePutDeliverabilityDashboardOption(request);},"public virtual PutDeliverabilityDashboardOptionResponse PutDeliverabilityDashboardOption(PutDeliverabilityDashboardOptionRequest request){var options = new InvokeOptions();options.RequestMarshaller = PutDeliverabilityDashboardOptionRequestMarshaller.Instance;options.ResponseUnmarshaller = PutDeliverabilityDashboardOptionResponseUnmarshaller.Instance;return Invoke<PutDeliverabilityDashboardOptionResponse>(request, options);}"
2509,public ModifyTrafficMirrorFilterRuleResult modifyTrafficMirrorFilterRule(ModifyTrafficMirrorFilterRuleRequest request) {request = beforeClientExecution(request);return executeModifyTrafficMirrorFilterRule(request);},"public virtual ModifyTrafficMirrorFilterRuleResponse ModifyTrafficMirrorFilterRule(ModifyTrafficMirrorFilterRuleRequest request){var options = new InvokeOptions();options.RequestMarshaller = ModifyTrafficMirrorFilterRuleRequestMarshaller.Instance;options.ResponseUnmarshaller = ModifyTrafficMirrorFilterRuleResponseUnmarshaller.Instance;return Invoke<ModifyTrafficMirrorFilterRuleResponse>(request, options);}"
2518,"public CellElapsedFormatter(String pattern) {super(pattern);specs = new ArrayList<>();StringBuffer desc = CellFormatPart.parseFormat(pattern,CellFormatType.ELAPSED, new ElapsedPartHandler());ListIterator<TimeSpec> it = specs.listIterator(specs.size());while (it.hasPrevious()) {TimeSpec spec = it.previous();desc.replace(spec.pos, spec.pos + spec.len, ""%0"" + spec.len + ""d"");if (spec.type != topmost.type) {spec.modBy = modFor(spec.type, spec.len);}}printfFmt = desc.toString();}","public CellElapsedFormatter(String pattern): base(pattern){specs = new List<TimeSpec>();StringBuilder desc = CellFormatPart.ParseFormat(pattern,CellFormatType.ELAPSED, new ElapsedPartHandler(this));for(int i=specs.Count-1;i>=0;i--){TimeSpec spec = specs[i];desc.Remove(spec.pos, spec.len);desc.Insert(spec.pos, ""D"" + spec.len);if (spec.type != topmost.type){spec.modBy = modFor(spec.type, spec.len);}}printfFmt = desc.ToString();}"
2523,public UpdateMatchmakingConfigurationResult updateMatchmakingConfiguration(UpdateMatchmakingConfigurationRequest request) {request = beforeClientExecution(request);return executeUpdateMatchmakingConfiguration(request);},"public virtual UpdateMatchmakingConfigurationResponse UpdateMatchmakingConfiguration(UpdateMatchmakingConfigurationRequest request){var options = new InvokeOptions();options.RequestMarshaller = UpdateMatchmakingConfigurationRequestMarshaller.Instance;options.ResponseUnmarshaller = UpdateMatchmakingConfigurationResponseUnmarshaller.Instance;return Invoke<UpdateMatchmakingConfigurationResponse>(request, options);}"
2548,public SetIdentityHeadersInNotificationsEnabledResult setIdentityHeadersInNotificationsEnabled(SetIdentityHeadersInNotificationsEnabledRequest request) {request = beforeClientExecution(request);return executeSetIdentityHeadersInNotificationsEnabled(request);},"public virtual SetIdentityHeadersInNotificationsEnabledResponse SetIdentityHeadersInNotificationsEnabled(SetIdentityHeadersInNotificationsEnabledRequest request){var options = new InvokeOptions();options.RequestMarshaller = SetIdentityHeadersInNotificationsEnabledRequestMarshaller.Instance;options.ResponseUnmarshaller = SetIdentityHeadersInNotificationsEnabledResponseUnmarshaller.Instance;return Invoke<SetIdentityHeadersInNotificationsEnabledResponse>(request, options);}"
2554,public DescribeGlobalReplicationGroupsResult describeGlobalReplicationGroups(DescribeGlobalReplicationGroupsRequest request) {request = beforeClientExecution(request);return executeDescribeGlobalReplicationGroups(request);},"public virtual DescribeGlobalReplicationGroupsResponse DescribeGlobalReplicationGroups(DescribeGlobalReplicationGroupsRequest request){var options = new InvokeOptions();options.RequestMarshaller = DescribeGlobalReplicationGroupsRequestMarshaller.Instance;options.ResponseUnmarshaller = DescribeGlobalReplicationGroupsResponseUnmarshaller.Instance;return Invoke<DescribeGlobalReplicationGroupsResponse>(request, options);}"
2578,public RemoveAttributesFromFindingsResult removeAttributesFromFindings(RemoveAttributesFromFindingsRequest request) {request = beforeClientExecution(request);return executeRemoveAttributesFromFindings(request);},"public virtual RemoveAttributesFromFindingsResponse RemoveAttributesFromFindings(RemoveAttributesFromFindingsRequest request){var options = new InvokeOptions();options.RequestMarshaller = RemoveAttributesFromFindingsRequestMarshaller.Instance;options.ResponseUnmarshaller = RemoveAttributesFromFindingsResponseUnmarshaller.Instance;return Invoke<RemoveAttributesFromFindingsResponse>(request, options);}"
2618,public ClusterSecurityGroup revokeClusterSecurityGroupIngress(RevokeClusterSecurityGroupIngressRequest request) {request = beforeClientExecution(request);return executeRevokeClusterSecurityGroupIngress(request);},"public virtual RevokeClusterSecurityGroupIngressResponse RevokeClusterSecurityGroupIngress(RevokeClusterSecurityGroupIngressRequest request){var options = new InvokeOptions();options.RequestMarshaller = RevokeClusterSecurityGroupIngressRequestMarshaller.Instance;options.ResponseUnmarshaller = RevokeClusterSecurityGroupIngressResponseUnmarshaller.Instance;return Invoke<RevokeClusterSecurityGroupIngressResponse>(request, options);}"
2647,public GetReservedInstancesExchangeQuoteResult getReservedInstancesExchangeQuote(GetReservedInstancesExchangeQuoteRequest request) {request = beforeClientExecution(request);return executeGetReservedInstancesExchangeQuote(request);},"public virtual GetReservedInstancesExchangeQuoteResponse GetReservedInstancesExchangeQuote(GetReservedInstancesExchangeQuoteRequest request){var options = new InvokeOptions();options.RequestMarshaller = GetReservedInstancesExchangeQuoteRequestMarshaller.Instance;options.ResponseUnmarshaller = GetReservedInstancesExchangeQuoteResponseUnmarshaller.Instance;return Invoke<GetReservedInstancesExchangeQuoteResponse>(request, options);}"
2650,public DeleteDirectConnectGatewayAssociationResult deleteDirectConnectGatewayAssociation(DeleteDirectConnectGatewayAssociationRequest request) {request = beforeClientExecution(request);return executeDeleteDirectConnectGatewayAssociation(request);},"public virtual DeleteDirectConnectGatewayAssociationResponse DeleteDirectConnectGatewayAssociation(DeleteDirectConnectGatewayAssociationRequest request){var options = new InvokeOptions();options.RequestMarshaller = DeleteDirectConnectGatewayAssociationRequestMarshaller.Instance;options.ResponseUnmarshaller = DeleteDirectConnectGatewayAssociationResponseUnmarshaller.Instance;return Invoke<DeleteDirectConnectGatewayAssociationResponse>(request, options);}"
2662,public DescribeEntitiesDetectionJobResult describeEntitiesDetectionJob(DescribeEntitiesDetectionJobRequest request) {request = beforeClientExecution(request);return executeDescribeEntitiesDetectionJob(request);},"public virtual DescribeEntitiesDetectionJobResponse DescribeEntitiesDetectionJob(DescribeEntitiesDetectionJobRequest request){var options = new InvokeOptions();options.RequestMarshaller = DescribeEntitiesDetectionJobRequestMarshaller.Instance;options.ResponseUnmarshaller = DescribeEntitiesDetectionJobResponseUnmarshaller.Instance;return Invoke<DescribeEntitiesDetectionJobResponse>(request, options);}"
2690,public DescribeInstanceTypeOfferingsResult describeInstanceTypeOfferings(DescribeInstanceTypeOfferingsRequest request) {request = beforeClientExecution(request);return executeDescribeInstanceTypeOfferings(request);},"public virtual DescribeInstanceTypeOfferingsResponse DescribeInstanceTypeOfferings(DescribeInstanceTypeOfferingsRequest request){var options = new InvokeOptions();options.RequestMarshaller = DescribeInstanceTypeOfferingsRequestMarshaller.Instance;options.ResponseUnmarshaller = DescribeInstanceTypeOfferingsResponseUnmarshaller.Instance;return Invoke<DescribeInstanceTypeOfferingsResponse>(request, options);}"
2697,public CreateTransitGatewayRouteTableResult createTransitGatewayRouteTable(CreateTransitGatewayRouteTableRequest request) {request = beforeClientExecution(request);return executeCreateTransitGatewayRouteTable(request);},"public virtual CreateTransitGatewayRouteTableResponse CreateTransitGatewayRouteTable(CreateTransitGatewayRouteTableRequest request){var options = new InvokeOptions();options.RequestMarshaller = CreateTransitGatewayRouteTableRequestMarshaller.Instance;options.ResponseUnmarshaller = CreateTransitGatewayRouteTableResponseUnmarshaller.Instance;return Invoke<CreateTransitGatewayRouteTableResponse>(request, options);}"
2704,public DescribeHostReservationOfferingsResult describeHostReservationOfferings(DescribeHostReservationOfferingsRequest request) {request = beforeClientExecution(request);return executeDescribeHostReservationOfferings(request);},"public virtual DescribeHostReservationOfferingsResponse DescribeHostReservationOfferings(DescribeHostReservationOfferingsRequest request){var options = new InvokeOptions();options.RequestMarshaller = DescribeHostReservationOfferingsRequestMarshaller.Instance;options.ResponseUnmarshaller = DescribeHostReservationOfferingsResponseUnmarshaller.Instance;return Invoke<DescribeHostReservationOfferingsResponse>(request, options);}"
2730,"public RebaseCommand setUpstream(String upstream)throws RefNotFoundException {try {ObjectId upstreamId = repo.resolve(upstream);if (upstreamId == null)throw new RefNotFoundException(MessageFormat.format(JGitText.get().refNotResolved, upstream));upstreamCommit = walk.parseCommit(repo.resolve(upstream));upstreamCommitName = upstream;return this;} catch (IOException ioe) {throw new JGitInternalException(ioe.getMessage(), ioe);}}","public virtual NGit.Api.RebaseCommand SetUpstream(string upstream){try{ObjectId upstreamId = repo.Resolve(upstream);if (upstreamId == null){throw new RefNotFoundException(MessageFormat.Format(JGitText.Get().refNotResolved, upstream));}upstreamCommit = walk.ParseCommit(repo.Resolve(upstream));upstreamCommitName = upstream;return this;}catch (IOException ioe){throw new JGitInternalException(ioe.Message, ioe);}}"
2735,public EngineDefaults describeEngineDefaultClusterParameters(DescribeEngineDefaultClusterParametersRequest request) {request = beforeClientExecution(request);return executeDescribeEngineDefaultClusterParameters(request);},"public virtual DescribeEngineDefaultClusterParametersResponse DescribeEngineDefaultClusterParameters(DescribeEngineDefaultClusterParametersRequest request){var options = new InvokeOptions();options.RequestMarshaller = DescribeEngineDefaultClusterParametersRequestMarshaller.Instance;options.ResponseUnmarshaller = DescribeEngineDefaultClusterParametersResponseUnmarshaller.Instance;return Invoke<DescribeEngineDefaultClusterParametersResponse>(request, options);}"
2791,public DescribeAutoScalingInstancesResult describeAutoScalingInstances(DescribeAutoScalingInstancesRequest request) {request = beforeClientExecution(request);return executeDescribeAutoScalingInstances(request);},"public virtual DescribeAutoScalingInstancesResponse DescribeAutoScalingInstances(DescribeAutoScalingInstancesRequest request){var options = new InvokeOptions();options.RequestMarshaller = DescribeAutoScalingInstancesRequestMarshaller.Instance;options.ResponseUnmarshaller = DescribeAutoScalingInstancesResponseUnmarshaller.Instance;return Invoke<DescribeAutoScalingInstancesResponse>(request, options);}"
2795,public GetIdentityMailFromDomainAttributesResult getIdentityMailFromDomainAttributes(GetIdentityMailFromDomainAttributesRequest request) {request = beforeClientExecution(request);return executeGetIdentityMailFromDomainAttributes(request);},"public virtual GetIdentityMailFromDomainAttributesResponse GetIdentityMailFromDomainAttributes(GetIdentityMailFromDomainAttributesRequest request){var options = new InvokeOptions();options.RequestMarshaller = GetIdentityMailFromDomainAttributesRequestMarshaller.Instance;options.ResponseUnmarshaller = GetIdentityMailFromDomainAttributesResponseUnmarshaller.Instance;return Invoke<GetIdentityMailFromDomainAttributesResponse>(request, options);}"
2798,public SendContactMethodVerificationResult sendContactMethodVerification(SendContactMethodVerificationRequest request) {request = beforeClientExecution(request);return executeSendContactMethodVerification(request);},"public virtual SendContactMethodVerificationResponse SendContactMethodVerification(SendContactMethodVerificationRequest request){var options = new InvokeOptions();options.RequestMarshaller = SendContactMethodVerificationRequestMarshaller.Instance;options.ResponseUnmarshaller = SendContactMethodVerificationResponseUnmarshaller.Instance;return Invoke<SendContactMethodVerificationResponse>(request, options);}"
2817,"public FieldFragList createFieldFragList(FieldPhraseList fieldPhraseList,int fragCharSize) {FieldFragList ffl = new SimpleFieldFragList( fragCharSize );List<WeightedPhraseInfo> wpil = new ArrayList<>();Iterator<WeightedPhraseInfo> ite = fieldPhraseList.phraseList.iterator();WeightedPhraseInfo phraseInfo = null;while( true ){if( !ite.hasNext() ) break;phraseInfo = ite.next();if( phraseInfo == null ) break;wpil.add( phraseInfo );}if( wpil.size() > 0 )ffl.add( 0, Integer.MAX_VALUE, wpil );return ffl;}","public virtual FieldFragList CreateFieldFragList(FieldPhraseList fieldPhraseList,int fragCharSize){FieldFragList ffl = new SimpleFieldFragList(fragCharSize);List<WeightedPhraseInfo> wpil = new List<WeightedPhraseInfo>();using (IEnumerator<WeightedPhraseInfo> ite = fieldPhraseList.PhraseList.GetEnumerator()){WeightedPhraseInfo phraseInfo = null;while (true){if (!ite.MoveNext()) break;phraseInfo = ite.Current;if (phraseInfo == null) break;wpil.Add(phraseInfo);}if (wpil.Count > 0)ffl.Add(0, int.MaxValue, wpil);return ffl;}}"
2877,public DescribeDevicePolicyConfigurationResult describeDevicePolicyConfiguration(DescribeDevicePolicyConfigurationRequest request) {request = beforeClientExecution(request);return executeDescribeDevicePolicyConfiguration(request);},"public virtual DescribeDevicePolicyConfigurationResponse DescribeDevicePolicyConfiguration(DescribeDevicePolicyConfigurationRequest request){var options = new InvokeOptions();options.RequestMarshaller = DescribeDevicePolicyConfigurationRequestMarshaller.Instance;options.ResponseUnmarshaller = DescribeDevicePolicyConfigurationResponseUnmarshaller.Instance;return Invoke<DescribeDevicePolicyConfigurationResponse>(request, options);}"
2907,public CreateLoadBalancerTlsCertificateResult createLoadBalancerTlsCertificate(CreateLoadBalancerTlsCertificateRequest request) {request = beforeClientExecution(request);return executeCreateLoadBalancerTlsCertificate(request);},"public virtual CreateLoadBalancerTlsCertificateResponse CreateLoadBalancerTlsCertificate(CreateLoadBalancerTlsCertificateRequest request){var options = new InvokeOptions();options.RequestMarshaller = CreateLoadBalancerTlsCertificateRequestMarshaller.Instance;options.ResponseUnmarshaller = CreateLoadBalancerTlsCertificateResponseUnmarshaller.Instance;return Invoke<CreateLoadBalancerTlsCertificateResponse>(request, options);}"
2931,"public static Cell translateUnicodeValues(Cell cell) {String s = cell.getRichStringCellValue().getString();boolean foundUnicode = false;String lowerCaseStr = s.toLowerCase(Locale.ROOT);for (UnicodeMapping entry : unicodeMappings) {String key = entry.entityName;if (lowerCaseStr.contains(key)) {s = s.replaceAll(key, entry.resolvedValue);foundUnicode = true;}}if (foundUnicode) {cell.setCellValue(cell.getRow().getSheet().getWorkbook().getCreationHelper().createRichTextString(s));}return cell;}","public static ICell TranslateUnicodeValues(ICell cell){String s = cell.RichStringCellValue.String;bool foundUnicode = false;String lowerCaseStr = s.ToLower();for (int i = 0; i < unicodeMappings.Length; i++){UnicodeMapping entry = unicodeMappings[i];String key = entry.entityName;if (lowerCaseStr.IndexOf(key, StringComparison.Ordinal) != -1){s = s.Replace(key, entry.resolvedValue);foundUnicode = true;}}if (foundUnicode){cell.SetCellValue(cell.Row.Sheet.Workbook.GetCreationHelper().CreateRichTextString(s));}return cell;}"
2940,public AssociateDeviceWithNetworkProfileResult associateDeviceWithNetworkProfile(AssociateDeviceWithNetworkProfileRequest request) {request = beforeClientExecution(request);return executeAssociateDeviceWithNetworkProfile(request);},"public virtual AssociateDeviceWithNetworkProfileResponse AssociateDeviceWithNetworkProfile(AssociateDeviceWithNetworkProfileRequest request){var options = new InvokeOptions();options.RequestMarshaller = AssociateDeviceWithNetworkProfileRequestMarshaller.Instance;options.ResponseUnmarshaller = AssociateDeviceWithNetworkProfileResponseUnmarshaller.Instance;return Invoke<AssociateDeviceWithNetworkProfileResponse>(request, options);}"
2952,public DecreaseStreamRetentionPeriodResult decreaseStreamRetentionPeriod(DecreaseStreamRetentionPeriodRequest request) {request = beforeClientExecution(request);return executeDecreaseStreamRetentionPeriod(request);},"public virtual DecreaseStreamRetentionPeriodResponse DecreaseStreamRetentionPeriod(DecreaseStreamRetentionPeriodRequest request){var options = new InvokeOptions();options.RequestMarshaller = DecreaseStreamRetentionPeriodRequestMarshaller.Instance;options.ResponseUnmarshaller = DecreaseStreamRetentionPeriodResponseUnmarshaller.Instance;return Invoke<DecreaseStreamRetentionPeriodResponse>(request, options);}"
2957,public DeleteRelationalDatabaseSnapshotResult deleteRelationalDatabaseSnapshot(DeleteRelationalDatabaseSnapshotRequest request) {request = beforeClientExecution(request);return executeDeleteRelationalDatabaseSnapshot(request);},"public virtual DeleteRelationalDatabaseSnapshotResponse DeleteRelationalDatabaseSnapshot(DeleteRelationalDatabaseSnapshotRequest request){var options = new InvokeOptions();options.RequestMarshaller = DeleteRelationalDatabaseSnapshotRequestMarshaller.Instance;options.ResponseUnmarshaller = DeleteRelationalDatabaseSnapshotResponseUnmarshaller.Instance;return Invoke<DeleteRelationalDatabaseSnapshotResponse>(request, options);}"
2965,public SetIdentityNotificationTopicResult setIdentityNotificationTopic(SetIdentityNotificationTopicRequest request) {request = beforeClientExecution(request);return executeSetIdentityNotificationTopic(request);},"public virtual SetIdentityNotificationTopicResponse SetIdentityNotificationTopic(SetIdentityNotificationTopicRequest request){var options = new InvokeOptions();options.RequestMarshaller = SetIdentityNotificationTopicRequestMarshaller.Instance;options.ResponseUnmarshaller = SetIdentityNotificationTopicResponseUnmarshaller.Instance;return Invoke<SetIdentityNotificationTopicResponse>(request, options);}"
3034,public ConfirmPublicVirtualInterfaceResult confirmPublicVirtualInterface(ConfirmPublicVirtualInterfaceRequest request) {request = beforeClientExecution(request);return executeConfirmPublicVirtualInterface(request);},"public virtual ConfirmPublicVirtualInterfaceResponse ConfirmPublicVirtualInterface(ConfirmPublicVirtualInterfaceRequest request){var options = new InvokeOptions();options.RequestMarshaller = ConfirmPublicVirtualInterfaceRequestMarshaller.Instance;options.ResponseUnmarshaller = ConfirmPublicVirtualInterfaceResponseUnmarshaller.Instance;return Invoke<ConfirmPublicVirtualInterfaceResponse>(request, options);}"
3052,"public byte[] getThumbnailAsWMF() throws HPSFException{if (!(getClipboardFormatTag() == CFTAG_WINDOWS))throw new HPSFException(""Clipboard Format Tag of Thumbnail must "" +""be CFTAG_WINDOWS."");if (!(getClipboardFormat() == CF_METAFILEPICT)) {throw new HPSFException(""Clipboard Format of Thumbnail must "" +""be CF_METAFILEPICT."");}byte[] thumbnail = getThumbnail();int wmfImageLength = thumbnail.length - OFFSET_WMFDATA;byte[] wmfImage = new byte[wmfImageLength];System.arraycopy(thumbnail,OFFSET_WMFDATA,wmfImage,0,wmfImageLength);return wmfImage;}","public byte[] GetThumbnailAsWMF(){if (!(ClipboardFormatTag == CFTAG_WINDOWS))throw new HPSFException(""Clipboard Format Tag of Thumbnail must "" +""be CFTAG_WINDOWS."");if (!(GetClipboardFormat() == CF_METAFILEPICT))throw new HPSFException(""Clipboard Format of Thumbnail must "" +""be CF_METAFILEPICT."");else{byte[] thumbnail = this.ThumbnailData;int wmfImageLength = thumbnail.Length - OFFSet_WMFDATA;byte[] wmfImage = new byte[wmfImageLength];System.Array.Copy(thumbnail,OFFSet_WMFDATA,wmfImage,0,wmfImageLength);return wmfImage;}}"
3053,public DescribeKeyPhrasesDetectionJobResult describeKeyPhrasesDetectionJob(DescribeKeyPhrasesDetectionJobRequest request) {request = beforeClientExecution(request);return executeDescribeKeyPhrasesDetectionJob(request);},"public virtual DescribeKeyPhrasesDetectionJobResponse DescribeKeyPhrasesDetectionJob(DescribeKeyPhrasesDetectionJobRequest request){var options = new InvokeOptions();options.RequestMarshaller = DescribeKeyPhrasesDetectionJobRequestMarshaller.Instance;options.ResponseUnmarshaller = DescribeKeyPhrasesDetectionJobResponseUnmarshaller.Instance;return Invoke<DescribeKeyPhrasesDetectionJobResponse>(request, options);}"
3061,"public RecordInputStream createDecryptingStream(InputStream original) {String userPassword = Biff8EncryptionKey.getCurrentUserPassword();if (userPassword == null) {userPassword = Decryptor.DEFAULT_PASSWORD;}EncryptionInfo info = _filePassRec.getEncryptionInfo();try {if (!info.getDecryptor().verifyPassword(userPassword)) {throw new EncryptedDocumentException((Decryptor.DEFAULT_PASSWORD.equals(userPassword) ? ""Default"" : ""Supplied"")+ "" password is invalid for salt/verifier/verifierHash"");}} catch (GeneralSecurityException e) {throw new EncryptedDocumentException(e);}return new RecordInputStream(original, info, _initialRecordsSize);}","public RecordInputStream CreateDecryptingStream(Stream original){FilePassRecord fpr = _filePassRec;String userPassword = Biff8EncryptionKey.CurrentUserPassword;Biff8EncryptionKey key;if (userPassword == null){key = Biff8EncryptionKey.Create(fpr.DocId);}else{key = Biff8EncryptionKey.Create(userPassword, fpr.DocId);}if (!key.Validate(fpr.SaltData, fpr.SaltHash)){throw new EncryptedDocumentException((userPassword == null ? ""Default"" : ""Supplied"")+ "" password is invalid for docId/saltData/saltHash"");}return new RecordInputStream(original, key, _InitialRecordsSize);}"
3062,public UpdateComponentConfigurationResult updateComponentConfiguration(UpdateComponentConfigurationRequest request) {request = beforeClientExecution(request);return executeUpdateComponentConfiguration(request);},"public virtual UpdateComponentConfigurationResponse UpdateComponentConfiguration(UpdateComponentConfigurationRequest request){var options = new InvokeOptions();options.RequestMarshaller = UpdateComponentConfigurationRequestMarshaller.Instance;options.ResponseUnmarshaller = UpdateComponentConfigurationResponseUnmarshaller.Instance;return Invoke<UpdateComponentConfigurationResponse>(request, options);}"
3076,public DescribeLoadBalancerTargetGroupsResult describeLoadBalancerTargetGroups(DescribeLoadBalancerTargetGroupsRequest request) {request = beforeClientExecution(request);return executeDescribeLoadBalancerTargetGroups(request);},"public virtual DescribeLoadBalancerTargetGroupsResponse DescribeLoadBalancerTargetGroups(DescribeLoadBalancerTargetGroupsRequest request){var options = new InvokeOptions();options.RequestMarshaller = DescribeLoadBalancerTargetGroupsRequestMarshaller.Instance;options.ResponseUnmarshaller = DescribeLoadBalancerTargetGroupsResponseUnmarshaller.Instance;return Invoke<DescribeLoadBalancerTargetGroupsResponse>(request, options);}"
3100,"public IntervalSet getExpectedTokens(int stateNumber, RuleContext context) {if (stateNumber < 0 || stateNumber >= states.size()) {throw new IllegalArgumentException(""Invalid state number."");}RuleContext ctx = context;ATNState s = states.get(stateNumber);IntervalSet following = nextTokens(s);if (!following.contains(Token.EPSILON)) {return following;}IntervalSet expected = new IntervalSet();expected.addAll(following);expected.remove(Token.EPSILON);while (ctx != null && ctx.invokingState >= 0 && following.contains(Token.EPSILON)) {ATNState invokingState = states.get(ctx.invokingState);RuleTransition rt = (RuleTransition)invokingState.transition(0);following = nextTokens(rt.followState);expected.addAll(following);expected.remove(Token.EPSILON);ctx = ctx.parent;}if (following.contains(Token.EPSILON)) {expected.add(Token.EOF);}return expected;}","public virtual IntervalSet GetExpectedTokens(int stateNumber, RuleContext context){if (stateNumber < 0 || stateNumber >= states.Count){throw new ArgumentException(""Invalid state number."");}RuleContext ctx = context;ATNState s = states[stateNumber];IntervalSet following = NextTokens(s);if (!following.Contains(TokenConstants.EPSILON)){return following;}IntervalSet expected = new IntervalSet();expected.AddAll(following);expected.Remove(TokenConstants.EPSILON);while (ctx != null && ctx.invokingState >= 0 && following.Contains(TokenConstants.EPSILON)){ATNState invokingState = states[ctx.invokingState];RuleTransition rt = (RuleTransition)invokingState.Transition(0);following = NextTokens(rt.followState);expected.AddAll(following);expected.Remove(TokenConstants.EPSILON);ctx = ctx.Parent;}if (following.Contains(TokenConstants.EPSILON)){expected.Add(TokenConstants.EOF);}return expected;}"
3107,"public ExtendedPivotTableViewFieldsRecord(RecordInputStream in) {_grbit1 = in.readInt();_grbit2 = in.readUByte();_citmShow = in.readUByte();_isxdiSort = in.readUShort();_isxdiShow = in.readUShort();switch (in.remaining()) {case 0:_reserved1 = 0;_reserved2 = 0;_subtotalName = null;return;case 10:break;default:throw new RecordFormatException(""Unexpected remaining size ("" + in.remaining() + "")"");}int cchSubName = in.readUShort();_reserved1 = in.readInt();_reserved2 = in.readInt();if (cchSubName != STRING_NOT_PRESENT_LEN) {_subtotalName = in.readUnicodeLEString(cchSubName);}}","public ExtendedPivotTableViewFieldsRecord(RecordInputStream in1){grbit1 = in1.ReadInt();grbit2 = in1.ReadUByte();citmShow = in1.ReadUByte();isxdiSort = in1.ReadUShort();isxdiShow = in1.ReadUShort();switch (in1.Remaining) {case 0:reserved1 = 0;reserved2 = 0;subName = null;return;case 10:break;default:throw new RecordFormatException(""Unexpected remaining size ("" + in1.Remaining + "")"");}int cchSubName = in1.ReadUShort();reserved1 = in1.ReadInt();reserved2 = in1.ReadInt();if (cchSubName != STRING_NOT_PRESENT_LEN){subName = in1.ReadUnicodeLEString(cchSubName);}}"
3128,public ModifyCurrentDBClusterCapacityResult modifyCurrentDBClusterCapacity(ModifyCurrentDBClusterCapacityRequest request) {request = beforeClientExecution(request);return executeModifyCurrentDBClusterCapacity(request);},"public virtual ModifyCurrentDBClusterCapacityResponse ModifyCurrentDBClusterCapacity(ModifyCurrentDBClusterCapacityRequest request){var options = new InvokeOptions();options.RequestMarshaller = ModifyCurrentDBClusterCapacityRequestMarshaller.Instance;options.ResponseUnmarshaller = ModifyCurrentDBClusterCapacityResponseUnmarshaller.Instance;return Invoke<ModifyCurrentDBClusterCapacityResponse>(request, options);}"
3150,public DeleteConfigurationSetEventDestinationResult deleteConfigurationSetEventDestination(DeleteConfigurationSetEventDestinationRequest request) {request = beforeClientExecution(request);return executeDeleteConfigurationSetEventDestination(request);},"public virtual DeleteConfigurationSetEventDestinationResponse DeleteConfigurationSetEventDestination(DeleteConfigurationSetEventDestinationRequest request){var options = new InvokeOptions();options.RequestMarshaller = DeleteConfigurationSetEventDestinationRequestMarshaller.Instance;options.ResponseUnmarshaller = DeleteConfigurationSetEventDestinationResponseUnmarshaller.Instance;return Invoke<DeleteConfigurationSetEventDestinationResponse>(request, options);}"
3151,public DeleteNetworkInterfacePermissionResult deleteNetworkInterfacePermission(DeleteNetworkInterfacePermissionRequest request) {request = beforeClientExecution(request);return executeDeleteNetworkInterfacePermission(request);},"public virtual DeleteNetworkInterfacePermissionResponse DeleteNetworkInterfacePermission(DeleteNetworkInterfacePermissionRequest request){var options = new InvokeOptions();options.RequestMarshaller = DeleteNetworkInterfacePermissionRequestMarshaller.Instance;options.ResponseUnmarshaller = DeleteNetworkInterfacePermissionResponseUnmarshaller.Instance;return Invoke<DeleteNetworkInterfacePermissionResponse>(request, options);}"
3156,public DBClusterSnapshotAttributesResult modifyDBClusterSnapshotAttribute(ModifyDBClusterSnapshotAttributeRequest request) {request = beforeClientExecution(request);return executeModifyDBClusterSnapshotAttribute(request);},"public virtual ModifyDBClusterSnapshotAttributeResponse ModifyDBClusterSnapshotAttribute(ModifyDBClusterSnapshotAttributeRequest request){var options = new InvokeOptions();options.RequestMarshaller = ModifyDBClusterSnapshotAttributeRequestMarshaller.Instance;options.ResponseUnmarshaller = ModifyDBClusterSnapshotAttributeResponseUnmarshaller.Instance;return Invoke<ModifyDBClusterSnapshotAttributeResponse>(request, options);}"
3181,"public static CFRecordsAggregate createCFAggregate(RecordStream rs) {Record rec = rs.getNext();if (rec.getSid() != CFHeaderRecord.sid &&rec.getSid() != CFHeader12Record.sid) {throw new IllegalStateException(""next record sid was "" + rec.getSid()+ "" instead of "" + CFHeaderRecord.sid + "" or "" +CFHeader12Record.sid + "" as expected"");}CFHeaderBase header = (CFHeaderBase)rec;int nRules = header.getNumberOfConditionalFormats();CFRuleBase[] rules = new CFRuleBase[nRules];for (int i = 0; i < rules.length; i++) {rules[i] = (CFRuleBase) rs.getNext();}return new CFRecordsAggregate(header, rules);}","public static CFRecordsAggregate CreateCFAggregate(RecordStream rs){Record rec = rs.GetNext();if (rec.Sid != CFHeaderRecord.sid){throw new InvalidOperationException(""next record sid was "" + rec.Sid+ "" instead of "" + CFHeaderRecord.sid + "" as expected"");}CFHeaderRecord header = (CFHeaderRecord)rec;int nRules = header.NumberOfConditionalFormats;CFRuleRecord[] rules = new CFRuleRecord[nRules];for (int i = 0; i < rules.Length; i++){rules[i] = (CFRuleRecord)rs.GetNext();}return new CFRecordsAggregate(header, rules);}"
3192,public DescribePendingMaintenanceActionsResult describePendingMaintenanceActions(DescribePendingMaintenanceActionsRequest request) {request = beforeClientExecution(request);return executeDescribePendingMaintenanceActions(request);},"public virtual DescribePendingMaintenanceActionsResponse DescribePendingMaintenanceActions(DescribePendingMaintenanceActionsRequest request){var options = new InvokeOptions();options.RequestMarshaller = DescribePendingMaintenanceActionsRequestMarshaller.Instance;options.ResponseUnmarshaller = DescribePendingMaintenanceActionsResponseUnmarshaller.Instance;return Invoke<DescribePendingMaintenanceActionsResponse>(request, options);}"
3205,public DisassociatePhoneNumbersFromVoiceConnectorGroupResult disassociatePhoneNumbersFromVoiceConnectorGroup(DisassociatePhoneNumbersFromVoiceConnectorGroupRequest request) {request = beforeClientExecution(request);return executeDisassociatePhoneNumbersFromVoiceConnectorGroup(request);},"public virtual DisassociatePhoneNumbersFromVoiceConnectorGroupResponse DisassociatePhoneNumbersFromVoiceConnectorGroup(DisassociatePhoneNumbersFromVoiceConnectorGroupRequest request){var options = new InvokeOptions();options.RequestMarshaller = DisassociatePhoneNumbersFromVoiceConnectorGroupRequestMarshaller.Instance;options.ResponseUnmarshaller = DisassociatePhoneNumbersFromVoiceConnectorGroupResponseUnmarshaller.Instance;return Invoke<DisassociatePhoneNumbersFromVoiceConnectorGroupResponse>(request, options);}"
3213,public BatchPutScheduledUpdateGroupActionResult batchPutScheduledUpdateGroupAction(BatchPutScheduledUpdateGroupActionRequest request) {request = beforeClientExecution(request);return executeBatchPutScheduledUpdateGroupAction(request);},"public virtual BatchPutScheduledUpdateGroupActionResponse BatchPutScheduledUpdateGroupAction(BatchPutScheduledUpdateGroupActionRequest request){var options = new InvokeOptions();options.RequestMarshaller = BatchPutScheduledUpdateGroupActionRequestMarshaller.Instance;options.ResponseUnmarshaller = BatchPutScheduledUpdateGroupActionResponseUnmarshaller.Instance;return Invoke<BatchPutScheduledUpdateGroupActionResponse>(request, options);}"
3217,public DescribeSpotFleetRequestHistoryResult describeSpotFleetRequestHistory(DescribeSpotFleetRequestHistoryRequest request) {request = beforeClientExecution(request);return executeDescribeSpotFleetRequestHistory(request);},"public virtual DescribeSpotFleetRequestHistoryResponse DescribeSpotFleetRequestHistory(DescribeSpotFleetRequestHistoryRequest request){var options = new InvokeOptions();options.RequestMarshaller = DescribeSpotFleetRequestHistoryRequestMarshaller.Instance;options.ResponseUnmarshaller = DescribeSpotFleetRequestHistoryResponseUnmarshaller.Instance;return Invoke<DescribeSpotFleetRequestHistoryResponse>(request, options);}"
3220,public DeleteVoiceConnectorTerminationCredentialsResult deleteVoiceConnectorTerminationCredentials(DeleteVoiceConnectorTerminationCredentialsRequest request) {request = beforeClientExecution(request);return executeDeleteVoiceConnectorTerminationCredentials(request);},"public virtual DeleteVoiceConnectorTerminationCredentialsResponse DeleteVoiceConnectorTerminationCredentials(DeleteVoiceConnectorTerminationCredentialsRequest request){var options = new InvokeOptions();options.RequestMarshaller = DeleteVoiceConnectorTerminationCredentialsRequestMarshaller.Instance;options.ResponseUnmarshaller = DeleteVoiceConnectorTerminationCredentialsResponseUnmarshaller.Instance;return Invoke<DeleteVoiceConnectorTerminationCredentialsResponse>(request, options);}"
3233,public AssociateWebsiteCertificateAuthorityResult associateWebsiteCertificateAuthority(AssociateWebsiteCertificateAuthorityRequest request) {request = beforeClientExecution(request);return executeAssociateWebsiteCertificateAuthority(request);},"public virtual AssociateWebsiteCertificateAuthorityResponse AssociateWebsiteCertificateAuthority(AssociateWebsiteCertificateAuthorityRequest request){var options = new InvokeOptions();options.RequestMarshaller = AssociateWebsiteCertificateAuthorityRequestMarshaller.Instance;options.ResponseUnmarshaller = AssociateWebsiteCertificateAuthorityResponseUnmarshaller.Instance;return Invoke<AssociateWebsiteCertificateAuthorityResponse>(request, options);}"
3261,public ResetDBClusterParameterGroupResult resetDBClusterParameterGroup(ResetDBClusterParameterGroupRequest request) {request = beforeClientExecution(request);return executeResetDBClusterParameterGroup(request);},"public virtual ResetDBClusterParameterGroupResponse ResetDBClusterParameterGroup(ResetDBClusterParameterGroupRequest request){var options = new InvokeOptions();options.RequestMarshaller = ResetDBClusterParameterGroupRequestMarshaller.Instance;options.ResponseUnmarshaller = ResetDBClusterParameterGroupResponseUnmarshaller.Instance;return Invoke<ResetDBClusterParameterGroupResponse>(request, options);}"
3265,public ReplaceIamInstanceProfileAssociationResult replaceIamInstanceProfileAssociation(ReplaceIamInstanceProfileAssociationRequest request) {request = beforeClientExecution(request);return executeReplaceIamInstanceProfileAssociation(request);},"public virtual ReplaceIamInstanceProfileAssociationResponse ReplaceIamInstanceProfileAssociation(ReplaceIamInstanceProfileAssociationRequest request){var options = new InvokeOptions();options.RequestMarshaller = ReplaceIamInstanceProfileAssociationRequestMarshaller.Instance;options.ResponseUnmarshaller = ReplaceIamInstanceProfileAssociationResponseUnmarshaller.Instance;return Invoke<ReplaceIamInstanceProfileAssociationResponse>(request, options);}"
3275,public GetOpenIdTokenForDeveloperIdentityResult getOpenIdTokenForDeveloperIdentity(GetOpenIdTokenForDeveloperIdentityRequest request) {request = beforeClientExecution(request);return executeGetOpenIdTokenForDeveloperIdentity(request);},"public virtual GetOpenIdTokenForDeveloperIdentityResponse GetOpenIdTokenForDeveloperIdentity(GetOpenIdTokenForDeveloperIdentityRequest request){var options = new InvokeOptions();options.RequestMarshaller = GetOpenIdTokenForDeveloperIdentityRequestMarshaller.Instance;options.ResponseUnmarshaller = GetOpenIdTokenForDeveloperIdentityResponseUnmarshaller.Instance;return Invoke<GetOpenIdTokenForDeveloperIdentityResponse>(request, options);}"
3306,public DetachInstancesFromLoadBalancerResult detachInstancesFromLoadBalancer(DetachInstancesFromLoadBalancerRequest request) {request = beforeClientExecution(request);return executeDetachInstancesFromLoadBalancer(request);},"public virtual DetachInstancesFromLoadBalancerResponse DetachInstancesFromLoadBalancer(DetachInstancesFromLoadBalancerRequest request){var options = new InvokeOptions();options.RequestMarshaller = DetachInstancesFromLoadBalancerRequestMarshaller.Instance;options.ResponseUnmarshaller = DetachInstancesFromLoadBalancerResponseUnmarshaller.Instance;return Invoke<DetachInstancesFromLoadBalancerResponse>(request, options);}"
3314,public ConfirmTransitVirtualInterfaceResult confirmTransitVirtualInterface(ConfirmTransitVirtualInterfaceRequest request) {request = beforeClientExecution(request);return executeConfirmTransitVirtualInterface(request);},"public virtual ConfirmTransitVirtualInterfaceResponse ConfirmTransitVirtualInterface(ConfirmTransitVirtualInterfaceRequest request){var options = new InvokeOptions();options.RequestMarshaller = ConfirmTransitVirtualInterfaceRequestMarshaller.Instance;options.ResponseUnmarshaller = ConfirmTransitVirtualInterfaceResponseUnmarshaller.Instance;return Invoke<ConfirmTransitVirtualInterfaceResponse>(request, options);}"
3370,public DescribeReservedInstancesModificationsResult describeReservedInstancesModifications(DescribeReservedInstancesModificationsRequest request) {request = beforeClientExecution(request);return executeDescribeReservedInstancesModifications(request);},"public virtual DescribeReservedInstancesModificationsResponse DescribeReservedInstancesModifications(DescribeReservedInstancesModificationsRequest request){var options = new InvokeOptions();options.RequestMarshaller = DescribeReservedInstancesModificationsRequestMarshaller.Instance;options.ResponseUnmarshaller = DescribeReservedInstancesModificationsResponseUnmarshaller.Instance;return Invoke<DescribeReservedInstancesModificationsResponse>(request, options);}"
3371,public EventSubscription addSourceIdentifierToSubscription(AddSourceIdentifierToSubscriptionRequest request) {request = beforeClientExecution(request);return executeAddSourceIdentifierToSubscription(request);},"public virtual AddSourceIdentifierToSubscriptionResponse AddSourceIdentifierToSubscription(AddSourceIdentifierToSubscriptionRequest request){var options = new InvokeOptions();options.RequestMarshaller = AddSourceIdentifierToSubscriptionRequestMarshaller.Instance;options.ResponseUnmarshaller = AddSourceIdentifierToSubscriptionResponseUnmarshaller.Instance;return Invoke<AddSourceIdentifierToSubscriptionResponse>(request, options);}"
3382,public DescribeTrafficMirrorFiltersResult describeTrafficMirrorFilters(DescribeTrafficMirrorFiltersRequest request) {request = beforeClientExecution(request);return executeDescribeTrafficMirrorFilters(request);},"public virtual DescribeTrafficMirrorFiltersResponse DescribeTrafficMirrorFilters(DescribeTrafficMirrorFiltersRequest request){var options = new InvokeOptions();options.RequestMarshaller = DescribeTrafficMirrorFiltersRequestMarshaller.Instance;options.ResponseUnmarshaller = DescribeTrafficMirrorFiltersResponseUnmarshaller.Instance;return Invoke<DescribeTrafficMirrorFiltersResponse>(request, options);}"
3494,public CreateFieldLevelEncryptionConfigResult createFieldLevelEncryptionConfig(CreateFieldLevelEncryptionConfigRequest request) {request = beforeClientExecution(request);return executeCreateFieldLevelEncryptionConfig(request);},"public virtual CreateFieldLevelEncryptionConfigResponse CreateFieldLevelEncryptionConfig(CreateFieldLevelEncryptionConfigRequest request){var options = new InvokeOptions();options.RequestMarshaller = CreateFieldLevelEncryptionConfigRequestMarshaller.Instance;options.ResponseUnmarshaller = CreateFieldLevelEncryptionConfigResponseUnmarshaller.Instance;return Invoke<CreateFieldLevelEncryptionConfigResponse>(request, options);}"
3569,public DeleteDBClusterParameterGroupResult deleteDBClusterParameterGroup(DeleteDBClusterParameterGroupRequest request) {request = beforeClientExecution(request);return executeDeleteDBClusterParameterGroup(request);},"public virtual DeleteDBClusterParameterGroupResponse DeleteDBClusterParameterGroup(DeleteDBClusterParameterGroupRequest request){var options = new InvokeOptions();options.RequestMarshaller = DeleteDBClusterParameterGroupRequestMarshaller.Instance;options.ResponseUnmarshaller = DeleteDBClusterParameterGroupResponseUnmarshaller.Instance;return Invoke<DeleteDBClusterParameterGroupResponse>(request, options);}"
3583,public ListIAMPolicyAssignmentsForUserResult listIAMPolicyAssignmentsForUser(ListIAMPolicyAssignmentsForUserRequest request) {request = beforeClientExecution(request);return executeListIAMPolicyAssignmentsForUser(request);},"public virtual ListIAMPolicyAssignmentsForUserResponse ListIAMPolicyAssignmentsForUser(ListIAMPolicyAssignmentsForUserRequest request){var options = new InvokeOptions();options.RequestMarshaller = ListIAMPolicyAssignmentsForUserRequestMarshaller.Instance;options.ResponseUnmarshaller = ListIAMPolicyAssignmentsForUserResponseUnmarshaller.Instance;return Invoke<ListIAMPolicyAssignmentsForUserResponse>(request, options);}"
3626,public PutVoiceConnectorTerminationCredentialsResult putVoiceConnectorTerminationCredentials(PutVoiceConnectorTerminationCredentialsRequest request) {request = beforeClientExecution(request);return executePutVoiceConnectorTerminationCredentials(request);},"public virtual PutVoiceConnectorTerminationCredentialsResponse PutVoiceConnectorTerminationCredentials(PutVoiceConnectorTerminationCredentialsRequest request){var options = new InvokeOptions();options.RequestMarshaller = PutVoiceConnectorTerminationCredentialsRequestMarshaller.Instance;options.ResponseUnmarshaller = PutVoiceConnectorTerminationCredentialsResponseUnmarshaller.Instance;return Invoke<PutVoiceConnectorTerminationCredentialsResponse>(request, options);}"
3646,public CancelDomainTransferToAnotherAwsAccountResult cancelDomainTransferToAnotherAwsAccount(CancelDomainTransferToAnotherAwsAccountRequest request) {request = beforeClientExecution(request);return executeCancelDomainTransferToAnotherAwsAccount(request);},"public virtual CancelDomainTransferToAnotherAwsAccountResponse CancelDomainTransferToAnotherAwsAccount(CancelDomainTransferToAnotherAwsAccountRequest request){var options = new InvokeOptions();options.RequestMarshaller = CancelDomainTransferToAnotherAwsAccountRequestMarshaller.Instance;options.ResponseUnmarshaller = CancelDomainTransferToAnotherAwsAccountResponseUnmarshaller.Instance;return Invoke<CancelDomainTransferToAnotherAwsAccountResponse>(request, options);}"
3648,"public SideBandOutputStream(int chan, int sz, OutputStream os) {if (chan <= 0 || chan > 255)throw new IllegalArgumentException(MessageFormat.format(JGitText.get().channelMustBeInRange1_255,Integer.valueOf(chan)));if (sz <= HDR_SIZE)throw new IllegalArgumentException(MessageFormat.format(JGitText.get().packetSizeMustBeAtLeast,Integer.valueOf(sz), Integer.valueOf(HDR_SIZE)));else if (MAX_BUF < sz)throw new IllegalArgumentException(MessageFormat.format(JGitText.get().packetSizeMustBeAtMost, Integer.valueOf(sz),Integer.valueOf(MAX_BUF)));out = os;buffer = new byte[sz];buffer[4] = (byte) chan;cnt = HDR_SIZE;}","public SideBandOutputStream(int chan, int sz, OutputStream os){if (chan <= 0 || chan > 255){throw new ArgumentException(MessageFormat.Format(JGitText.Get().channelMustBeInRange0_255, Sharpen.Extensions.ValueOf(chan)));}if (sz <= HDR_SIZE){throw new ArgumentException(MessageFormat.Format(JGitText.Get().packetSizeMustBeAtLeast, Sharpen.Extensions.ValueOf(sz), Sharpen.Extensions.ValueOf(HDR_SIZE)));}else{if (MAX_BUF < sz){throw new ArgumentException(MessageFormat.Format(JGitText.Get().packetSizeMustBeAtMost, Sharpen.Extensions.ValueOf(sz), Sharpen.Extensions.ValueOf(MAX_BUF)));}}@out = os;buffer = new byte[sz];buffer[4] = unchecked((byte)chan);cnt = HDR_SIZE;}"
3674,"public HSSFColor findSimilarColor(int red, int green, int blue) {HSSFColor result = null;int minColorDistance = Integer.MAX_VALUE;byte[] b = _palette.getColor(PaletteRecord.FIRST_COLOR_INDEX);for (short i = PaletteRecord.FIRST_COLOR_INDEX; b != null;b = _palette.getColor(++i)){int colorDistance = Math.abs(red - unsignedInt(b[0])) +Math.abs(green - unsignedInt(b[1])) +Math.abs(blue - unsignedInt(b[2]));if (colorDistance < minColorDistance){minColorDistance = colorDistance;result = getColor(i);}}return result;}","public HSSFColor FindSimilarColor(byte red, byte green, byte blue){HSSFColor result = null;int minColorDistance = int.MaxValue;byte[] b = palette.GetColor(PaletteRecord.FIRST_COLOR_INDEX);for (short i = (short)PaletteRecord.FIRST_COLOR_INDEX; b != null;b = palette.GetColor(++i)){int colorDistance = Math.Abs(red - b[0]) +Math.Abs(green - b[1]) + Math.Abs(blue - b[2]);if (colorDistance < minColorDistance){minColorDistance = colorDistance;result = GetColor(i);}}return result;}"
3685,public DescribeClassicLinkInstancesResult describeClassicLinkInstances(DescribeClassicLinkInstancesRequest request) {request = beforeClientExecution(request);return executeDescribeClassicLinkInstances(request);},"public virtual DescribeClassicLinkInstancesResponse DescribeClassicLinkInstances(DescribeClassicLinkInstancesRequest request){var options = new InvokeOptions();options.RequestMarshaller = DescribeClassicLinkInstancesRequestMarshaller.Instance;options.ResponseUnmarshaller = DescribeClassicLinkInstancesResponseUnmarshaller.Instance;return Invoke<DescribeClassicLinkInstancesResponse>(request, options);}"
3708,public PutAccountDedicatedIpWarmupAttributesResult putAccountDedicatedIpWarmupAttributes(PutAccountDedicatedIpWarmupAttributesRequest request) {request = beforeClientExecution(request);return executePutAccountDedicatedIpWarmupAttributes(request);},"public virtual PutAccountDedicatedIpWarmupAttributesResponse PutAccountDedicatedIpWarmupAttributes(PutAccountDedicatedIpWarmupAttributesRequest request){var options = new InvokeOptions();options.RequestMarshaller = PutAccountDedicatedIpWarmupAttributesRequestMarshaller.Instance;options.ResponseUnmarshaller = PutAccountDedicatedIpWarmupAttributesResponseUnmarshaller.Instance;return Invoke<PutAccountDedicatedIpWarmupAttributesResponse>(request, options);}"
3726,public ModifyClusterSnapshotScheduleResult modifyClusterSnapshotSchedule(ModifyClusterSnapshotScheduleRequest request) {request = beforeClientExecution(request);return executeModifyClusterSnapshotSchedule(request);},"public virtual ModifyClusterSnapshotScheduleResponse ModifyClusterSnapshotSchedule(ModifyClusterSnapshotScheduleRequest request){var options = new InvokeOptions();options.RequestMarshaller = ModifyClusterSnapshotScheduleRequestMarshaller.Instance;options.ResponseUnmarshaller = ModifyClusterSnapshotScheduleResponseUnmarshaller.Instance;return Invoke<ModifyClusterSnapshotScheduleResponse>(request, options);}"
3742,public UpdateBusinessReportScheduleResult updateBusinessReportSchedule(UpdateBusinessReportScheduleRequest request) {request = beforeClientExecution(request);return executeUpdateBusinessReportSchedule(request);},"public virtual UpdateBusinessReportScheduleResponse UpdateBusinessReportSchedule(UpdateBusinessReportScheduleRequest request){var options = new InvokeOptions();options.RequestMarshaller = UpdateBusinessReportScheduleRequestMarshaller.Instance;options.ResponseUnmarshaller = UpdateBusinessReportScheduleResponseUnmarshaller.Instance;return Invoke<UpdateBusinessReportScheduleResponse>(request, options);}"
3744,public CreateSpotDatafeedSubscriptionResult createSpotDatafeedSubscription(CreateSpotDatafeedSubscriptionRequest request) {request = beforeClientExecution(request);return executeCreateSpotDatafeedSubscription(request);},"public virtual CreateSpotDatafeedSubscriptionResponse CreateSpotDatafeedSubscription(CreateSpotDatafeedSubscriptionRequest request){var options = new InvokeOptions();options.RequestMarshaller = CreateSpotDatafeedSubscriptionRequestMarshaller.Instance;options.ResponseUnmarshaller = CreateSpotDatafeedSubscriptionResponseUnmarshaller.Instance;return Invoke<CreateSpotDatafeedSubscriptionResponse>(request, options);}"
3753,public DescribeLocalGatewayVirtualInterfaceGroupsResult describeLocalGatewayVirtualInterfaceGroups(DescribeLocalGatewayVirtualInterfaceGroupsRequest request) {request = beforeClientExecution(request);return executeDescribeLocalGatewayVirtualInterfaceGroups(request);},"public virtual DescribeLocalGatewayVirtualInterfaceGroupsResponse DescribeLocalGatewayVirtualInterfaceGroups(DescribeLocalGatewayVirtualInterfaceGroupsRequest request){var options = new InvokeOptions();options.RequestMarshaller = DescribeLocalGatewayVirtualInterfaceGroupsRequestMarshaller.Instance;options.ResponseUnmarshaller = DescribeLocalGatewayVirtualInterfaceGroupsResponseUnmarshaller.Instance;return Invoke<DescribeLocalGatewayVirtualInterfaceGroupsResponse>(request, options);}"
3785,"public HSSFShapeGroup(EscherContainerRecord spgrContainer, ObjRecord objRecord) {super(spgrContainer, objRecord);EscherContainerRecord spContainer = spgrContainer.getChildContainers().get(0);_spgrRecord = (EscherSpgrRecord) spContainer.getChild(0);for (EscherRecord ch : spContainer.getChildRecords()) {switch (EscherRecordTypes.forTypeID(ch.getRecordId())) {case SPGR:break;case CLIENT_ANCHOR:anchor = new HSSFClientAnchor((EscherClientAnchorRecord) ch);break;case CHILD_ANCHOR:anchor = new HSSFChildAnchor((EscherChildAnchorRecord) ch);break;default:break;}}}","public HSSFShapeGroup(EscherContainerRecord spgrContainer, ObjRecord objRecord): base(spgrContainer, objRecord){EscherContainerRecord spContainer = spgrContainer.ChildContainers[0];_spgrRecord = (EscherSpgrRecord)spContainer.GetChild(0);foreach (EscherRecord ch in spContainer.ChildRecords){switch (ch.RecordId){case EscherSpgrRecord.RECORD_ID:break;case EscherClientAnchorRecord.RECORD_ID:anchor = new HSSFClientAnchor((EscherClientAnchorRecord)ch);break;case EscherChildAnchorRecord.RECORD_ID:anchor = new HSSFChildAnchor((EscherChildAnchorRecord)ch);break;}}}"
3804,public DeleteVoiceConnectorStreamingConfigurationResult deleteVoiceConnectorStreamingConfiguration(DeleteVoiceConnectorStreamingConfigurationRequest request) {request = beforeClientExecution(request);return executeDeleteVoiceConnectorStreamingConfiguration(request);},"public virtual DeleteVoiceConnectorStreamingConfigurationResponse DeleteVoiceConnectorStreamingConfiguration(DeleteVoiceConnectorStreamingConfigurationRequest request){var options = new InvokeOptions();options.RequestMarshaller = DeleteVoiceConnectorStreamingConfigurationRequestMarshaller.Instance;options.ResponseUnmarshaller = DeleteVoiceConnectorStreamingConfigurationResponseUnmarshaller.Instance;return Invoke<DeleteVoiceConnectorStreamingConfigurationResponse>(request, options);}"
3834,public ReplaceRouteTableAssociationResult replaceRouteTableAssociation(ReplaceRouteTableAssociationRequest request) {request = beforeClientExecution(request);return executeReplaceRouteTableAssociation(request);},"public virtual ReplaceRouteTableAssociationResponse ReplaceRouteTableAssociation(ReplaceRouteTableAssociationRequest request){var options = new InvokeOptions();options.RequestMarshaller = ReplaceRouteTableAssociationRequestMarshaller.Instance;options.ResponseUnmarshaller = ReplaceRouteTableAssociationResponseUnmarshaller.Instance;return Invoke<ReplaceRouteTableAssociationResponse>(request, options);}"
3860,public GetCloudFormationStackRecordsResult getCloudFormationStackRecords(GetCloudFormationStackRecordsRequest request) {request = beforeClientExecution(request);return executeGetCloudFormationStackRecords(request);},"public virtual GetCloudFormationStackRecordsResponse GetCloudFormationStackRecords(GetCloudFormationStackRecordsRequest request){var options = new InvokeOptions();options.RequestMarshaller = GetCloudFormationStackRecordsRequestMarshaller.Instance;options.ResponseUnmarshaller = GetCloudFormationStackRecordsResponseUnmarshaller.Instance;return Invoke<GetCloudFormationStackRecordsResponse>(request, options);}"
3876,public DescribeDocumentClassificationJobResult describeDocumentClassificationJob(DescribeDocumentClassificationJobRequest request) {request = beforeClientExecution(request);return executeDescribeDocumentClassificationJob(request);},"public virtual DescribeDocumentClassificationJobResponse DescribeDocumentClassificationJob(DescribeDocumentClassificationJobRequest request){var options = new InvokeOptions();options.RequestMarshaller = DescribeDocumentClassificationJobRequestMarshaller.Instance;options.ResponseUnmarshaller = DescribeDocumentClassificationJobResponseUnmarshaller.Instance;return Invoke<DescribeDocumentClassificationJobResponse>(request, options);}"
3910,public StopTrainingEntityRecognizerResult stopTrainingEntityRecognizer(StopTrainingEntityRecognizerRequest request) {request = beforeClientExecution(request);return executeStopTrainingEntityRecognizer(request);},"public virtual StopTrainingEntityRecognizerResponse StopTrainingEntityRecognizer(StopTrainingEntityRecognizerRequest request){var options = new InvokeOptions();options.RequestMarshaller = StopTrainingEntityRecognizerRequestMarshaller.Instance;options.ResponseUnmarshaller = StopTrainingEntityRecognizerResponseUnmarshaller.Instance;return Invoke<StopTrainingEntityRecognizerResponse>(request, options);}"
3916,public GetRelationalDatabaseLogStreamsResult getRelationalDatabaseLogStreams(GetRelationalDatabaseLogStreamsRequest request) {request = beforeClientExecution(request);return executeGetRelationalDatabaseLogStreams(request);},"public virtual GetRelationalDatabaseLogStreamsResponse GetRelationalDatabaseLogStreams(GetRelationalDatabaseLogStreamsRequest request){var options = new InvokeOptions();options.RequestMarshaller = GetRelationalDatabaseLogStreamsRequestMarshaller.Instance;options.ResponseUnmarshaller = GetRelationalDatabaseLogStreamsResponseUnmarshaller.Instance;return Invoke<GetRelationalDatabaseLogStreamsResponse>(request, options);}"
3919,public DBInstanceAutomatedBackup deleteDBInstanceAutomatedBackup(DeleteDBInstanceAutomatedBackupRequest request) {request = beforeClientExecution(request);return executeDeleteDBInstanceAutomatedBackup(request);},"public virtual DeleteDBInstanceAutomatedBackupResponse DeleteDBInstanceAutomatedBackup(DeleteDBInstanceAutomatedBackupRequest request){var options = new InvokeOptions();options.RequestMarshaller = DeleteDBInstanceAutomatedBackupRequestMarshaller.Instance;options.ResponseUnmarshaller = DeleteDBInstanceAutomatedBackupResponseUnmarshaller.Instance;return Invoke<DeleteDBInstanceAutomatedBackupResponse>(request, options);}"
3929,public GetDeliverabilityDashboardOptionsResult getDeliverabilityDashboardOptions(GetDeliverabilityDashboardOptionsRequest request) {request = beforeClientExecution(request);return executeGetDeliverabilityDashboardOptions(request);},"public virtual GetDeliverabilityDashboardOptionsResponse GetDeliverabilityDashboardOptions(GetDeliverabilityDashboardOptionsRequest request){var options = new InvokeOptions();options.RequestMarshaller = GetDeliverabilityDashboardOptionsRequestMarshaller.Instance;options.ResponseUnmarshaller = GetDeliverabilityDashboardOptionsResponseUnmarshaller.Instance;return Invoke<GetDeliverabilityDashboardOptionsResponse>(request, options);}"
3936,public GetVoiceConnectorTerminationHealthResult getVoiceConnectorTerminationHealth(GetVoiceConnectorTerminationHealthRequest request) {request = beforeClientExecution(request);return executeGetVoiceConnectorTerminationHealth(request);},"public virtual GetVoiceConnectorTerminationHealthResponse GetVoiceConnectorTerminationHealth(GetVoiceConnectorTerminationHealthRequest request){var options = new InvokeOptions();options.RequestMarshaller = GetVoiceConnectorTerminationHealthRequestMarshaller.Instance;options.ResponseUnmarshaller = GetVoiceConnectorTerminationHealthResponseUnmarshaller.Instance;return Invoke<GetVoiceConnectorTerminationHealthResponse>(request, options);}"
3958,public DescribeAccountModificationsResult describeAccountModifications(DescribeAccountModificationsRequest request) {request = beforeClientExecution(request);return executeDescribeAccountModifications(request);},"public virtual DescribeAccountModificationsResponse DescribeAccountModifications(DescribeAccountModificationsRequest request){var options = new InvokeOptions();options.RequestMarshaller = DescribeAccountModificationsRequestMarshaller.Instance;options.ResponseUnmarshaller = DescribeAccountModificationsResponseUnmarshaller.Instance;return Invoke<DescribeAccountModificationsResponse>(request, options);}"
3976,public PutNotificationConfigurationResult putNotificationConfiguration(PutNotificationConfigurationRequest request) {request = beforeClientExecution(request);return executePutNotificationConfiguration(request);},"public virtual PutNotificationConfigurationResponse PutNotificationConfiguration(PutNotificationConfigurationRequest request){var options = new InvokeOptions();options.RequestMarshaller = PutNotificationConfigurationRequestMarshaller.Instance;options.ResponseUnmarshaller = PutNotificationConfigurationResponseUnmarshaller.Instance;return Invoke<PutNotificationConfigurationResponse>(request, options);}"
3982,public DescribeClusterSecurityGroupsResult describeClusterSecurityGroups(DescribeClusterSecurityGroupsRequest request) {request = beforeClientExecution(request);return executeDescribeClusterSecurityGroups(request);},"public virtual DescribeClusterSecurityGroupsResponse DescribeClusterSecurityGroups(DescribeClusterSecurityGroupsRequest request){var options = new InvokeOptions();options.RequestMarshaller = DescribeClusterSecurityGroupsRequestMarshaller.Instance;options.ResponseUnmarshaller = DescribeClusterSecurityGroupsResponseUnmarshaller.Instance;return Invoke<DescribeClusterSecurityGroupsResponse>(request, options);}"
3984,public DeleteNotebookInstanceLifecycleConfigResult deleteNotebookInstanceLifecycleConfig(DeleteNotebookInstanceLifecycleConfigRequest request) {request = beforeClientExecution(request);return executeDeleteNotebookInstanceLifecycleConfig(request);},"public virtual DeleteNotebookInstanceLifecycleConfigResponse DeleteNotebookInstanceLifecycleConfig(DeleteNotebookInstanceLifecycleConfigRequest request){var options = new InvokeOptions();options.RequestMarshaller = DeleteNotebookInstanceLifecycleConfigRequestMarshaller.Instance;options.ResponseUnmarshaller = DeleteNotebookInstanceLifecycleConfigResponseUnmarshaller.Instance;return Invoke<DeleteNotebookInstanceLifecycleConfigResponse>(request, options);}"
3985,public DescribeComponentConfigurationRecommendationResult describeComponentConfigurationRecommendation(DescribeComponentConfigurationRecommendationRequest request) {request = beforeClientExecution(request);return executeDescribeComponentConfigurationRecommendation(request);},"public virtual DescribeComponentConfigurationRecommendationResponse DescribeComponentConfigurationRecommendation(DescribeComponentConfigurationRecommendationRequest request){var options = new InvokeOptions();options.RequestMarshaller = DescribeComponentConfigurationRecommendationRequestMarshaller.Instance;options.ResponseUnmarshaller = DescribeComponentConfigurationRecommendationResponseUnmarshaller.Instance;return Invoke<DescribeComponentConfigurationRecommendationResponse>(request, options);}"
4001,public RejectTransitGatewayVpcAttachmentResult rejectTransitGatewayVpcAttachment(RejectTransitGatewayVpcAttachmentRequest request) {request = beforeClientExecution(request);return executeRejectTransitGatewayVpcAttachment(request);},"public virtual RejectTransitGatewayVpcAttachmentResponse RejectTransitGatewayVpcAttachment(RejectTransitGatewayVpcAttachmentRequest request){var options = new InvokeOptions();options.RequestMarshaller = RejectTransitGatewayVpcAttachmentRequestMarshaller.Instance;options.ResponseUnmarshaller = RejectTransitGatewayVpcAttachmentResponseUnmarshaller.Instance;return Invoke<RejectTransitGatewayVpcAttachmentResponse>(request, options);}"
4006,public DescribeInstanceCreditSpecificationsResult describeInstanceCreditSpecifications(DescribeInstanceCreditSpecificationsRequest request) {request = beforeClientExecution(request);return executeDescribeInstanceCreditSpecifications(request);},"public virtual DescribeInstanceCreditSpecificationsResponse DescribeInstanceCreditSpecifications(DescribeInstanceCreditSpecificationsRequest request){var options = new InvokeOptions();options.RequestMarshaller = DescribeInstanceCreditSpecificationsRequestMarshaller.Instance;options.ResponseUnmarshaller = DescribeInstanceCreditSpecificationsResponseUnmarshaller.Instance;return Invoke<DescribeInstanceCreditSpecificationsResponse>(request, options);}"
4011,public PutEmailIdentityFeedbackAttributesResult putEmailIdentityFeedbackAttributes(PutEmailIdentityFeedbackAttributesRequest request) {request = beforeClientExecution(request);return executePutEmailIdentityFeedbackAttributes(request);},"public virtual PutEmailIdentityFeedbackAttributesResponse PutEmailIdentityFeedbackAttributes(PutEmailIdentityFeedbackAttributesRequest request){var options = new InvokeOptions();options.RequestMarshaller = PutEmailIdentityFeedbackAttributesRequestMarshaller.Instance;options.ResponseUnmarshaller = PutEmailIdentityFeedbackAttributesResponseUnmarshaller.Instance;return Invoke<PutEmailIdentityFeedbackAttributesResponse>(request, options);}"
4023,public DescribeNetworkInterfacePermissionsResult describeNetworkInterfacePermissions(DescribeNetworkInterfacePermissionsRequest request) {request = beforeClientExecution(request);return executeDescribeNetworkInterfacePermissions(request);},"public virtual DescribeNetworkInterfacePermissionsResponse DescribeNetworkInterfacePermissions(DescribeNetworkInterfacePermissionsRequest request){var options = new InvokeOptions();options.RequestMarshaller = DescribeNetworkInterfacePermissionsRequestMarshaller.Instance;options.ResponseUnmarshaller = DescribeNetworkInterfacePermissionsResponseUnmarshaller.Instance;return Invoke<DescribeNetworkInterfacePermissionsResponse>(request, options);}"
4070,public PutVoiceConnectorOriginationResult putVoiceConnectorOrigination(PutVoiceConnectorOriginationRequest request) {request = beforeClientExecution(request);return executePutVoiceConnectorOrigination(request);},"public virtual PutVoiceConnectorOriginationResponse PutVoiceConnectorOrigination(PutVoiceConnectorOriginationRequest request){var options = new InvokeOptions();options.RequestMarshaller = PutVoiceConnectorOriginationRequestMarshaller.Instance;options.ResponseUnmarshaller = PutVoiceConnectorOriginationResponseUnmarshaller.Instance;return Invoke<PutVoiceConnectorOriginationResponse>(request, options);}"
4083,public GlobalReplicationGroup rebalanceSlotsInGlobalReplicationGroup(RebalanceSlotsInGlobalReplicationGroupRequest request) {request = beforeClientExecution(request);return executeRebalanceSlotsInGlobalReplicationGroup(request);},"public virtual RebalanceSlotsInGlobalReplicationGroupResponse RebalanceSlotsInGlobalReplicationGroup(RebalanceSlotsInGlobalReplicationGroupRequest request){var options = new InvokeOptions();options.RequestMarshaller = RebalanceSlotsInGlobalReplicationGroupRequestMarshaller.Instance;options.ResponseUnmarshaller = RebalanceSlotsInGlobalReplicationGroupResponseUnmarshaller.Instance;return Invoke<RebalanceSlotsInGlobalReplicationGroupResponse>(request, options);}"
4085,public DBCluster restoreDBClusterFromSnapshot(RestoreDBClusterFromSnapshotRequest request) {request = beforeClientExecution(request);return executeRestoreDBClusterFromSnapshot(request);},"public virtual RestoreDBClusterFromSnapshotResponse RestoreDBClusterFromSnapshot(RestoreDBClusterFromSnapshotRequest request){var options = new InvokeOptions();options.RequestMarshaller = RestoreDBClusterFromSnapshotRequestMarshaller.Instance;options.ResponseUnmarshaller = RestoreDBClusterFromSnapshotResponseUnmarshaller.Instance;return Invoke<RestoreDBClusterFromSnapshotResponse>(request, options);}"
4096,public DeleteVpcEndpointConnectionNotificationsResult deleteVpcEndpointConnectionNotifications(DeleteVpcEndpointConnectionNotificationsRequest request) {request = beforeClientExecution(request);return executeDeleteVpcEndpointConnectionNotifications(request);},"public virtual DeleteVpcEndpointConnectionNotificationsResponse DeleteVpcEndpointConnectionNotifications(DeleteVpcEndpointConnectionNotificationsRequest request){var options = new InvokeOptions();options.RequestMarshaller = DeleteVpcEndpointConnectionNotificationsRequestMarshaller.Instance;options.ResponseUnmarshaller = DeleteVpcEndpointConnectionNotificationsResponseUnmarshaller.Instance;return Invoke<DeleteVpcEndpointConnectionNotificationsResponse>(request, options);}"
4115,public FileMode getIndexFileMode(DirCacheIterator indexIter) {final FileMode wtMode = getEntryFileMode();if (indexIter == null) {return wtMode;}final FileMode iMode = indexIter.getEntryFileMode();if (getOptions().isFileMode() && iMode != FileMode.GITLINK && iMode != FileMode.TREE) {return wtMode;}if (!getOptions().isFileMode()) {if (FileMode.REGULAR_FILE == wtMode&& FileMode.EXECUTABLE_FILE == iMode) {return iMode;}if (FileMode.EXECUTABLE_FILE == wtMode&& FileMode.REGULAR_FILE == iMode) {return iMode;}}if (FileMode.GITLINK == iMode&& FileMode.TREE == wtMode && !getOptions().isDirNoGitLinks()) {return iMode;}if (FileMode.TREE == iMode&& FileMode.GITLINK == wtMode) {return iMode;}return wtMode;},public virtual FileMode GetIndexFileMode(DirCacheIterator indexIter){FileMode wtMode = EntryFileMode;if (indexIter == null){return wtMode;}if (GetOptions().IsFileMode()){return wtMode;}FileMode iMode = indexIter.EntryFileMode;if (FileMode.REGULAR_FILE == wtMode && FileMode.EXECUTABLE_FILE == iMode){return iMode;}if (FileMode.EXECUTABLE_FILE == wtMode && FileMode.REGULAR_FILE == iMode){return iMode;}return wtMode;}
4129,public DescribeActiveReceiptRuleSetResult describeActiveReceiptRuleSet(DescribeActiveReceiptRuleSetRequest request) {request = beforeClientExecution(request);return executeDescribeActiveReceiptRuleSet(request);},"public virtual DescribeActiveReceiptRuleSetResponse DescribeActiveReceiptRuleSet(DescribeActiveReceiptRuleSetRequest request){var options = new InvokeOptions();options.RequestMarshaller = DescribeActiveReceiptRuleSetRequestMarshaller.Instance;options.ResponseUnmarshaller = DescribeActiveReceiptRuleSetResponseUnmarshaller.Instance;return Invoke<DescribeActiveReceiptRuleSetResponse>(request, options);}"
4156,public ListDomainDeliverabilityCampaignsResult listDomainDeliverabilityCampaigns(ListDomainDeliverabilityCampaignsRequest request) {request = beforeClientExecution(request);return executeListDomainDeliverabilityCampaigns(request);},"public virtual ListDomainDeliverabilityCampaignsResponse ListDomainDeliverabilityCampaigns(ListDomainDeliverabilityCampaignsRequest request){var options = new InvokeOptions();options.RequestMarshaller = ListDomainDeliverabilityCampaignsRequestMarshaller.Instance;options.ResponseUnmarshaller = ListDomainDeliverabilityCampaignsResponseUnmarshaller.Instance;return Invoke<ListDomainDeliverabilityCampaignsResponse>(request, options);}"
4174,public AcceptTransitGatewayPeeringAttachmentResult acceptTransitGatewayPeeringAttachment(AcceptTransitGatewayPeeringAttachmentRequest request) {request = beforeClientExecution(request);return executeAcceptTransitGatewayPeeringAttachment(request);},"public virtual AcceptTransitGatewayPeeringAttachmentResponse AcceptTransitGatewayPeeringAttachment(AcceptTransitGatewayPeeringAttachmentRequest request){var options = new InvokeOptions();options.RequestMarshaller = AcceptTransitGatewayPeeringAttachmentRequestMarshaller.Instance;options.ResponseUnmarshaller = AcceptTransitGatewayPeeringAttachmentResponseUnmarshaller.Instance;return Invoke<AcceptTransitGatewayPeeringAttachmentResponse>(request, options);}"
4196,public DeleteLaunchTemplateVersionsResult deleteLaunchTemplateVersions(DeleteLaunchTemplateVersionsRequest request) {request = beforeClientExecution(request);return executeDeleteLaunchTemplateVersions(request);},"public virtual DeleteLaunchTemplateVersionsResponse DeleteLaunchTemplateVersions(DeleteLaunchTemplateVersionsRequest request){var options = new InvokeOptions();options.RequestMarshaller = DeleteLaunchTemplateVersionsRequestMarshaller.Instance;options.ResponseUnmarshaller = DeleteLaunchTemplateVersionsResponseUnmarshaller.Instance;return Invoke<DeleteLaunchTemplateVersionsResponse>(request, options);}"
4201,public DescribeReservedCacheNodesOfferingsResult describeReservedCacheNodesOfferings(DescribeReservedCacheNodesOfferingsRequest request) {request = beforeClientExecution(request);return executeDescribeReservedCacheNodesOfferings(request);},"public virtual DescribeReservedCacheNodesOfferingsResponse DescribeReservedCacheNodesOfferings(DescribeReservedCacheNodesOfferingsRequest request){var options = new InvokeOptions();options.RequestMarshaller = DescribeReservedCacheNodesOfferingsRequestMarshaller.Instance;options.ResponseUnmarshaller = DescribeReservedCacheNodesOfferingsResponseUnmarshaller.Instance;return Invoke<DescribeReservedCacheNodesOfferingsResponse>(request, options);}"
4203,public UpdateTableReplicaAutoScalingResult updateTableReplicaAutoScaling(UpdateTableReplicaAutoScalingRequest request) {request = beforeClientExecution(request);return executeUpdateTableReplicaAutoScaling(request);},"public virtual UpdateTableReplicaAutoScalingResponse UpdateTableReplicaAutoScaling(UpdateTableReplicaAutoScalingRequest request){var options = new InvokeOptions();options.RequestMarshaller = UpdateTableReplicaAutoScalingRequestMarshaller.Instance;options.ResponseUnmarshaller = UpdateTableReplicaAutoScalingResponseUnmarshaller.Instance;return Invoke<UpdateTableReplicaAutoScalingResponse>(request, options);}"
4218,public AssociateTransitGatewayRouteTableResult associateTransitGatewayRouteTable(AssociateTransitGatewayRouteTableRequest request) {request = beforeClientExecution(request);return executeAssociateTransitGatewayRouteTable(request);},"public virtual AssociateTransitGatewayRouteTableResponse AssociateTransitGatewayRouteTable(AssociateTransitGatewayRouteTableRequest request){var options = new InvokeOptions();options.RequestMarshaller = AssociateTransitGatewayRouteTableRequestMarshaller.Instance;options.ResponseUnmarshaller = AssociateTransitGatewayRouteTableResponseUnmarshaller.Instance;return Invoke<AssociateTransitGatewayRouteTableResponse>(request, options);}"
4231,public DisableTransitGatewayRouteTablePropagationResult disableTransitGatewayRouteTablePropagation(DisableTransitGatewayRouteTablePropagationRequest request) {request = beforeClientExecution(request);return executeDisableTransitGatewayRouteTablePropagation(request);},"public virtual DisableTransitGatewayRouteTablePropagationResponse DisableTransitGatewayRouteTablePropagation(DisableTransitGatewayRouteTablePropagationRequest request){var options = new InvokeOptions();options.RequestMarshaller = DisableTransitGatewayRouteTablePropagationRequestMarshaller.Instance;options.ResponseUnmarshaller = DisableTransitGatewayRouteTablePropagationResponseUnmarshaller.Instance;return Invoke<DisableTransitGatewayRouteTablePropagationResponse>(request, options);}"
4248,public DescribeDBClusterParameterGroupsResult describeDBClusterParameterGroups(DescribeDBClusterParameterGroupsRequest request) {request = beforeClientExecution(request);return executeDescribeDBClusterParameterGroups(request);},"public virtual DescribeDBClusterParameterGroupsResponse DescribeDBClusterParameterGroups(DescribeDBClusterParameterGroupsRequest request){var options = new InvokeOptions();options.RequestMarshaller = DescribeDBClusterParameterGroupsRequestMarshaller.Instance;options.ResponseUnmarshaller = DescribeDBClusterParameterGroupsResponseUnmarshaller.Instance;return Invoke<DescribeDBClusterParameterGroupsResponse>(request, options);}"
4255,public RecordLifecycleActionHeartbeatResult recordLifecycleActionHeartbeat(RecordLifecycleActionHeartbeatRequest request) {request = beforeClientExecution(request);return executeRecordLifecycleActionHeartbeat(request);},"public virtual RecordLifecycleActionHeartbeatResponse RecordLifecycleActionHeartbeat(RecordLifecycleActionHeartbeatRequest request){var options = new InvokeOptions();options.RequestMarshaller = RecordLifecycleActionHeartbeatRequestMarshaller.Instance;options.ResponseUnmarshaller = RecordLifecycleActionHeartbeatResponseUnmarshaller.Instance;return Invoke<RecordLifecycleActionHeartbeatResponse>(request, options);}"
4257,public GetLoadBalancerTlsCertificatesResult getLoadBalancerTlsCertificates(GetLoadBalancerTlsCertificatesRequest request) {request = beforeClientExecution(request);return executeGetLoadBalancerTlsCertificates(request);},"public virtual GetLoadBalancerTlsCertificatesResponse GetLoadBalancerTlsCertificates(GetLoadBalancerTlsCertificatesRequest request){var options = new InvokeOptions();options.RequestMarshaller = GetLoadBalancerTlsCertificatesRequestMarshaller.Instance;options.ResponseUnmarshaller = GetLoadBalancerTlsCertificatesResponseUnmarshaller.Instance;return Invoke<GetLoadBalancerTlsCertificatesResponse>(request, options);}"
4258,"public ExtSSTRecord createExtSSTRecord(int sstOffset) {if (bucketAbsoluteOffsets == null || bucketRelativeOffsets == null) {throw new IllegalStateException(""SST record has not yet been serialized."");}ExtSSTRecord extSST = new ExtSSTRecord();extSST.setNumStringsPerBucket((short)8);int[] absoluteOffsets = bucketAbsoluteOffsets.clone();int[] relativeOffsets = bucketRelativeOffsets.clone();for ( int i = 0; i < absoluteOffsets.length; i++ ) {absoluteOffsets[i] += sstOffset;}extSST.setBucketOffsets(absoluteOffsets, relativeOffsets);return extSST;}","public ExtSSTRecord CreateExtSSTRecord(int sstOffset){if (bucketAbsoluteOffsets == null || bucketAbsoluteOffsets == null)throw new InvalidOperationException(""SST record has not yet been Serialized."");ExtSSTRecord extSST = new ExtSSTRecord();extSST.NumStringsPerBucket=((short)8);int[] absoluteOffsets = (int[])bucketAbsoluteOffsets.Clone();int[] relativeOffsets = (int[])bucketRelativeOffsets.Clone();for (int i = 0; i < absoluteOffsets.Length; i++)absoluteOffsets[i] += sstOffset;extSST.SetBucketOffsets(absoluteOffsets, relativeOffsets);return extSST;}"
4294,"public MorfologikFilterFactory(Map<String,String> args) {super(args);final String DICTIONARY_RESOURCE_ATTRIBUTE = ""dictionary-resource"";String dictionaryResource = get(args, DICTIONARY_RESOURCE_ATTRIBUTE);if (dictionaryResource != null && !dictionaryResource.isEmpty()) {throw new IllegalArgumentException(""The "" + DICTIONARY_RESOURCE_ATTRIBUTE + "" attribute is no ""+ ""longer supported. Use the '"" + DICTIONARY_ATTRIBUTE + ""' attribute instead (see LUCENE-6833)."");}resourceName = get(args, DICTIONARY_ATTRIBUTE);if (!args.isEmpty()) {throw new IllegalArgumentException(""Unknown parameters: "" + args);}}","public MorfologikFilterFactory(IDictionary<string, string> args): base(args){string DICTIONARY_RESOURCE_ATTRIBUTE = ""dictionary-resource"";string dictionaryResource = Get(args, DICTIONARY_RESOURCE_ATTRIBUTE);if (!string.IsNullOrEmpty(dictionaryResource)){throw new ArgumentException(""The "" + DICTIONARY_RESOURCE_ATTRIBUTE + "" attribute is no ""+ ""longer supported. Use the '"" + DICTIONARY_ATTRIBUTE + ""' attribute instead (see LUCENE-6833)."");}resourceName = Get(args, DICTIONARY_ATTRIBUTE);if (args.Count != 0){throw new ArgumentException(""Unknown parameters: "" + args);}}"
4295,"public static DVConstraint createNumericConstraint(int validationType, int comparisonOperator,String expr1, String expr2) {switch (validationType) {case ValidationType.ANY:if (expr1 != null || expr2 != null) {throw new IllegalArgumentException(""expr1 and expr2 must be null for validation type 'any'"");}break;case ValidationType.DECIMAL:case ValidationType.INTEGER:case ValidationType.TEXT_LENGTH:if (expr1 == null) {throw new IllegalArgumentException(""expr1 must be supplied"");}OperatorType.validateSecondArg(comparisonOperator, expr2);break;default:throw new IllegalArgumentException(""Validation Type (""+ validationType + "") not supported with this method"");}String formula1 = getFormulaFromTextExpression(expr1);Double value1 = formula1 == null ? convertNumber(expr1) : null;String formula2 = getFormulaFromTextExpression(expr2);Double value2 = formula2 == null ? convertNumber(expr2) : null;return new DVConstraint(validationType, comparisonOperator, formula1, formula2, value1, value2, null);}","public static DVConstraint CreateNumericConstraint(int validationType, int comparisonOperator,String expr1, String expr2){switch (validationType){case ValidationType.ANY:if (expr1 != null || expr2 != null){throw new ArgumentException(""expr1 and expr2 must be null for validation type 'any'"");}break;case ValidationType.DECIMAL:case ValidationType.INTEGER:case ValidationType.TEXT_LENGTH:if (expr1 == null){throw new ArgumentException(""expr1 must be supplied"");}OperatorType.ValidateSecondArg(comparisonOperator, expr2);break;default:throw new ArgumentException(""Validation Type (""+ validationType + "") not supported with this method"");}String formula1 = GetFormulaFromTextExpression(expr1);Double value1 = formula1 == null ? ConvertNumber(expr1) : double.NaN;String formula2 = GetFormulaFromTextExpression(expr2);Double value2 = formula2 == null ? ConvertNumber(expr2) : double.NaN;return new DVConstraint(validationType, comparisonOperator, formula1, formula2, value1, value2, null);}"
4301,public CreateTransitGatewayVpcAttachmentResult createTransitGatewayVpcAttachment(CreateTransitGatewayVpcAttachmentRequest request) {request = beforeClientExecution(request);return executeCreateTransitGatewayVpcAttachment(request);},"public virtual CreateTransitGatewayVpcAttachmentResponse CreateTransitGatewayVpcAttachment(CreateTransitGatewayVpcAttachmentRequest request){var options = new InvokeOptions();options.RequestMarshaller = CreateTransitGatewayVpcAttachmentRequestMarshaller.Instance;options.ResponseUnmarshaller = CreateTransitGatewayVpcAttachmentResponseUnmarshaller.Instance;return Invoke<CreateTransitGatewayVpcAttachmentResponse>(request, options);}"
4307,public DeleteTransitGatewayPeeringAttachmentResult deleteTransitGatewayPeeringAttachment(DeleteTransitGatewayPeeringAttachmentRequest request) {request = beforeClientExecution(request);return executeDeleteTransitGatewayPeeringAttachment(request);},"public virtual DeleteTransitGatewayPeeringAttachmentResponse DeleteTransitGatewayPeeringAttachment(DeleteTransitGatewayPeeringAttachmentRequest request){var options = new InvokeOptions();options.RequestMarshaller = DeleteTransitGatewayPeeringAttachmentRequestMarshaller.Instance;options.ResponseUnmarshaller = DeleteTransitGatewayPeeringAttachmentResponseUnmarshaller.Instance;return Invoke<DeleteTransitGatewayPeeringAttachmentResponse>(request, options);}"
4412,public DeleteConfigurationSetTrackingOptionsResult deleteConfigurationSetTrackingOptions(DeleteConfigurationSetTrackingOptionsRequest request) {request = beforeClientExecution(request);return executeDeleteConfigurationSetTrackingOptions(request);},"public virtual DeleteConfigurationSetTrackingOptionsResponse DeleteConfigurationSetTrackingOptions(DeleteConfigurationSetTrackingOptionsRequest request){var options = new InvokeOptions();options.RequestMarshaller = DeleteConfigurationSetTrackingOptionsRequestMarshaller.Instance;options.ResponseUnmarshaller = DeleteConfigurationSetTrackingOptionsResponseUnmarshaller.Instance;return Invoke<DeleteConfigurationSetTrackingOptionsResponse>(request, options);}"
4423,public DescribeSpotDatafeedSubscriptionResult describeSpotDatafeedSubscription(DescribeSpotDatafeedSubscriptionRequest request) {request = beforeClientExecution(request);return executeDescribeSpotDatafeedSubscription(request);},"public virtual DescribeSpotDatafeedSubscriptionResponse DescribeSpotDatafeedSubscription(DescribeSpotDatafeedSubscriptionRequest request){var options = new InvokeOptions();options.RequestMarshaller = DescribeSpotDatafeedSubscriptionRequestMarshaller.Instance;options.ResponseUnmarshaller = DescribeSpotDatafeedSubscriptionResponseUnmarshaller.Instance;return Invoke<DescribeSpotDatafeedSubscriptionResponse>(request, options);}"
4451,"public static int countMatchingCellsInArea(ThreeDEval areaEval, I_MatchPredicate criteriaPredicate) {int result = 0;final int firstSheetIndex = areaEval.getFirstSheetIndex();final int lastSheetIndex = areaEval.getLastSheetIndex();for (int sIx = firstSheetIndex; sIx <= lastSheetIndex; sIx++) {int height = areaEval.getHeight();int width = areaEval.getWidth();for (int rrIx=0; rrIx<height; rrIx++) {for (int rcIx=0; rcIx<width; rcIx++) {ValueEval ve = areaEval.getValue(sIx, rrIx, rcIx);if(criteriaPredicate instanceof I_MatchAreaPredicate){I_MatchAreaPredicate areaPredicate = (I_MatchAreaPredicate)criteriaPredicate;if(!areaPredicate.matches(areaEval, rrIx, rcIx)) continue;}if(criteriaPredicate.matches(ve)) {result++;}}}}return result;}","public static int CountMatchingCellsInArea(ThreeDEval areaEval, IMatchPredicate criteriaPredicate){int result = 0;for (int sIx = areaEval.FirstSheetIndex; sIx <= areaEval.LastSheetIndex; sIx++){int height = areaEval.Height;int width = areaEval.Width;for (int rrIx = 0; rrIx < height; rrIx++){for (int rcIx = 0; rcIx < width; rcIx++){ValueEval ve = areaEval.GetValue(sIx, rrIx, rcIx);if (criteriaPredicate is I_MatchAreaPredicate){I_MatchAreaPredicate areaPredicate = (I_MatchAreaPredicate)criteriaPredicate;if (!areaPredicate.Matches(areaEval, rrIx, rcIx)) continue;}if (criteriaPredicate.Matches(ve)){result++;}}}}return result;}"
4476,public AddApplicationVpcConfigurationResult addApplicationVpcConfiguration(AddApplicationVpcConfigurationRequest request) {request = beforeClientExecution(request);return executeAddApplicationVpcConfiguration(request);},"public virtual AddApplicationVpcConfigurationResponse AddApplicationVpcConfiguration(AddApplicationVpcConfigurationRequest request){var options = new InvokeOptions();options.RequestMarshaller = AddApplicationVpcConfigurationRequestMarshaller.Instance;options.ResponseUnmarshaller = AddApplicationVpcConfigurationResponseUnmarshaller.Instance;return Invoke<AddApplicationVpcConfigurationResponse>(request, options);}"
4479,"public String[] promptKeyboardInteractive(String destination, String name,String instruction, String[] prompt, boolean[] echo) {CredentialItem.StringType[] v = new CredentialItem.StringType[prompt.length];for (int i = 0; i < prompt.length; i++)v[i] = new CredentialItem.StringType(prompt[i], !echo[i]);List<CredentialItem> items = new ArrayList<>();if (instruction != null && instruction.length() > 0)items.add(new CredentialItem.InformationalMessage(instruction));items.addAll(Arrays.asList(v));if (!provider.get(uri, items))return null; String[] result = new String[v.length];for (int i = 0; i < v.length; i++)result[i] = v[i].getValue();return result;}","public virtual string[] PromptKeyboardInteractive(string destination, string name, string instruction, string[] prompt, bool[] echo){CredentialItem.StringType[] v = new CredentialItem.StringType[prompt.Length];for (int i = 0; i < prompt.Length; i++){v[i] = new CredentialItem.StringType(prompt[i], !echo[i]);}IList<CredentialItem> items = new AList<CredentialItem>();if (instruction != null && instruction.Length > 0){items.AddItem(new CredentialItem.InformationalMessage(instruction));}Sharpen.Collections.AddAll(items, Arrays.AsList(v));if (!provider.Get(uri, items)){return null;}string[] result = new string[v.Length];for (int i_1 = 0; i_1 < v.Length; i_1++){result[i_1] = v[i_1].GetValue();}return result;}"
4492,public DeleteMatchmakingConfigurationResult deleteMatchmakingConfiguration(DeleteMatchmakingConfigurationRequest request) {request = beforeClientExecution(request);return executeDeleteMatchmakingConfiguration(request);},"public virtual DeleteMatchmakingConfigurationResponse DeleteMatchmakingConfiguration(DeleteMatchmakingConfigurationRequest request){var options = new InvokeOptions();options.RequestMarshaller = DeleteMatchmakingConfigurationRequestMarshaller.Instance;options.ResponseUnmarshaller = DeleteMatchmakingConfigurationResponseUnmarshaller.Instance;return Invoke<DeleteMatchmakingConfigurationResponse>(request, options);}"
4508,public DBInstance restoreDBInstanceFromDBSnapshot(RestoreDBInstanceFromDBSnapshotRequest request) {request = beforeClientExecution(request);return executeRestoreDBInstanceFromDBSnapshot(request);},"public virtual RestoreDBInstanceFromDBSnapshotResponse RestoreDBInstanceFromDBSnapshot(RestoreDBInstanceFromDBSnapshotRequest request){var options = new InvokeOptions();options.RequestMarshaller = RestoreDBInstanceFromDBSnapshotRequestMarshaller.Instance;options.ResponseUnmarshaller = RestoreDBInstanceFromDBSnapshotResponseUnmarshaller.Instance;return Invoke<RestoreDBInstanceFromDBSnapshotResponse>(request, options);}"
4519,public CreatePublicVirtualInterfaceResult createPublicVirtualInterface(CreatePublicVirtualInterfaceRequest request) {request = beforeClientExecution(request);return executeCreatePublicVirtualInterface(request);},"public virtual CreatePublicVirtualInterfaceResponse CreatePublicVirtualInterface(CreatePublicVirtualInterfaceRequest request){var options = new InvokeOptions();options.RequestMarshaller = CreatePublicVirtualInterfaceRequestMarshaller.Instance;options.ResponseUnmarshaller = CreatePublicVirtualInterfaceResponseUnmarshaller.Instance;return Invoke<CreatePublicVirtualInterfaceResponse>(request, options);}"
4521,"public ParseException generateParseException() {jj_expentries.clear();boolean[] la1tokens = new boolean[33];if (jj_kind >= 0) {la1tokens[jj_kind] = true;jj_kind = -1;}for (int i = 0; i < 25; i++) {if (jj_la1[i] == jj_gen) {for (int j = 0; j < 32; j++) {if ((jj_la1_0[i] & (1<<j)) != 0) {la1tokens[j] = true;}if ((jj_la1_1[i] & (1<<j)) != 0) {la1tokens[32+j] = true;}}}}for (int i = 0; i < 33; i++) {if (la1tokens[i]) {jj_expentry = new int[1];jj_expentry[0] = i;jj_expentries.add(jj_expentry);}}jj_endpos = 0;jj_rescan_token();jj_add_error_token(0, 0);int[][] exptokseq = new int[jj_expentries.size()][];for (int i = 0; i < jj_expentries.size(); i++) {exptokseq[i] = jj_expentries.get(i);}return new ParseException(token, exptokseq, tokenImage);}","public virtual ParseException GenerateParseException(){jj_expentries.Clear();bool[] la1tokens = new bool[24];if (jj_kind >= 0){la1tokens[jj_kind] = true;jj_kind = -1;}for (int i = 0; i < 10; i++){if (jj_la1[i] == jj_gen){for (int j = 0; j < 32; j++){if ((jj_la1_0[i] & (1 << j)) != 0){la1tokens[j] = true;}}}}for (int i = 0; i < 24; i++){if (la1tokens[i]){jj_expentry = new int[1];jj_expentry[0] = i;jj_expentries.Add(jj_expentry);}}jj_endpos = 0;Jj_rescan_token();Jj_add_error_token(0, 0);int[][] exptokseq = new int[jj_expentries.Count][];for (int i = 0; i < jj_expentries.Count; i++){exptokseq[i] = jj_expentries[i];}return new ParseException(Token, exptokseq, QueryParserConstants.TokenImage);}"
4522,public CreateFieldLevelEncryptionProfileResult createFieldLevelEncryptionProfile(CreateFieldLevelEncryptionProfileRequest request) {request = beforeClientExecution(request);return executeCreateFieldLevelEncryptionProfile(request);},"public virtual CreateFieldLevelEncryptionProfileResponse CreateFieldLevelEncryptionProfile(CreateFieldLevelEncryptionProfileRequest request){var options = new InvokeOptions();options.RequestMarshaller = CreateFieldLevelEncryptionProfileRequestMarshaller.Instance;options.ResponseUnmarshaller = CreateFieldLevelEncryptionProfileResponseUnmarshaller.Instance;return Invoke<CreateFieldLevelEncryptionProfileResponse>(request, options);}"
4526,public DisassociateSigninDelegateGroupsFromAccountResult disassociateSigninDelegateGroupsFromAccount(DisassociateSigninDelegateGroupsFromAccountRequest request) {request = beforeClientExecution(request);return executeDisassociateSigninDelegateGroupsFromAccount(request);},"public virtual DisassociateSigninDelegateGroupsFromAccountResponse DisassociateSigninDelegateGroupsFromAccount(DisassociateSigninDelegateGroupsFromAccountRequest request){var options = new InvokeOptions();options.RequestMarshaller = DisassociateSigninDelegateGroupsFromAccountRequestMarshaller.Instance;options.ResponseUnmarshaller = DisassociateSigninDelegateGroupsFromAccountResponseUnmarshaller.Instance;return Invoke<DisassociateSigninDelegateGroupsFromAccountResponse>(request, options);}"
4530,public DisassociateContactFromAddressBookResult disassociateContactFromAddressBook(DisassociateContactFromAddressBookRequest request) {request = beforeClientExecution(request);return executeDisassociateContactFromAddressBook(request);},"public virtual DisassociateContactFromAddressBookResponse DisassociateContactFromAddressBook(DisassociateContactFromAddressBookRequest request){var options = new InvokeOptions();options.RequestMarshaller = DisassociateContactFromAddressBookRequestMarshaller.Instance;options.ResponseUnmarshaller = DisassociateContactFromAddressBookResponseUnmarshaller.Instance;return Invoke<DisassociateContactFromAddressBookResponse>(request, options);}"
4560,"public LittleEndianByteArrayOutputStream(byte[] buf, int startOffset, int maxWriteLen) { if (startOffset < 0 || startOffset > buf.length) {throw new IllegalArgumentException(""Specified startOffset ("" + startOffset+ "") is out of allowable range (0.."" + buf.length + "")"");}_buf = buf;_writeIndex = startOffset;_endIndex = startOffset + maxWriteLen;if (_endIndex < startOffset ||  _endIndex > buf.length) {throw new IllegalArgumentException(""calculated end index ("" + _endIndex+ "") is out of allowable range ("" + _writeIndex + "".."" + buf.length + "")"");}}","public LittleEndianByteArrayOutputStream(byte[] buf, int startOffset, int maxWriteLen){if (startOffset < 0 || startOffset > buf.Length){throw new ArgumentException(""Specified startOffset ("" + startOffset+ "") is out of allowable range (0.."" + buf.Length + "")"");}_buf = buf;_writeIndex = startOffset;_endIndex = startOffset + maxWriteLen;if (_endIndex < startOffset || _endIndex > buf.Length){throw new ArgumentException(""calculated end index ("" + _endIndex+ "") is out of allowable range ("" + _writeIndex + "".."" + buf.Length + "")"");}}"
4568,public GetCloudFrontOriginAccessIdentityResult getCloudFrontOriginAccessIdentity(GetCloudFrontOriginAccessIdentityRequest request) {request = beforeClientExecution(request);return executeGetCloudFrontOriginAccessIdentity(request);},"public virtual GetCloudFrontOriginAccessIdentityResponse GetCloudFrontOriginAccessIdentity(GetCloudFrontOriginAccessIdentityRequest request){var options = new InvokeOptions();options.RequestMarshaller = GetCloudFrontOriginAccessIdentityRequestMarshaller.Instance;options.ResponseUnmarshaller = GetCloudFrontOriginAccessIdentityResponseUnmarshaller.Instance;return Invoke<GetCloudFrontOriginAccessIdentityResponse>(request, options);}"
4571,"public int addConditionalFormatting(CellRangeAddress[] regions, HSSFConditionalFormattingRule[] cfRules) {if (regions == null) {throw new IllegalArgumentException(""regions must not be null"");}for(CellRangeAddress range : regions) range.validate(SpreadsheetVersion.EXCEL97);if (cfRules == null) {throw new IllegalArgumentException(""cfRules must not be null"");}if (cfRules.length == 0) {throw new IllegalArgumentException(""cfRules must not be empty"");}if (cfRules.length > 3) {throw new IllegalArgumentException(""Number of rules must not exceed 3"");}CFRuleBase[] rules = new CFRuleBase[cfRules.length];for (int i = 0; i != cfRules.length; i++) {rules[i] = cfRules[i].getCfRuleRecord();}CFRecordsAggregate cfra = new CFRecordsAggregate(regions, rules);return _conditionalFormattingTable.add(cfra);}","public int AddConditionalFormatting(CellRangeAddress[] regions, IConditionalFormattingRule[] cfRules){if (regions == null){throw new ArgumentException(""regions must not be null"");}if (cfRules == null){throw new ArgumentException(""cfRules must not be null"");}if (cfRules.Length == 0){throw new ArgumentException(""cfRules must not be empty"");}if (cfRules.Length > 3){throw new ArgumentException(""Number of rules must not exceed 3"");}CFRuleRecord[] rules = new CFRuleRecord[cfRules.Length];for (int i = 0; i != cfRules.Length; i++){rules[i] = ((HSSFConditionalFormattingRule)cfRules[i]).CfRuleRecord;}CFRecordsAggregate cfra = new CFRecordsAggregate(regions, rules);return _conditionalFormattingTable.Add(cfra);}"
4593,public AssociatePhoneNumbersWithVoiceConnectorGroupResult associatePhoneNumbersWithVoiceConnectorGroup(AssociatePhoneNumbersWithVoiceConnectorGroupRequest request) {request = beforeClientExecution(request);return executeAssociatePhoneNumbersWithVoiceConnectorGroup(request);},"public virtual AssociatePhoneNumbersWithVoiceConnectorGroupResponse AssociatePhoneNumbersWithVoiceConnectorGroup(AssociatePhoneNumbersWithVoiceConnectorGroupRequest request){var options = new InvokeOptions();options.RequestMarshaller = AssociatePhoneNumbersWithVoiceConnectorGroupRequestMarshaller.Instance;options.ResponseUnmarshaller = AssociatePhoneNumbersWithVoiceConnectorGroupResponseUnmarshaller.Instance;return Invoke<AssociatePhoneNumbersWithVoiceConnectorGroupResponse>(request, options);}"
4627,public EnableVpcClassicLinkDnsSupportResult enableVpcClassicLinkDnsSupport(EnableVpcClassicLinkDnsSupportRequest request) {request = beforeClientExecution(request);return executeEnableVpcClassicLinkDnsSupport(request);},"public virtual EnableVpcClassicLinkDnsSupportResponse EnableVpcClassicLinkDnsSupport(EnableVpcClassicLinkDnsSupportRequest request){var options = new InvokeOptions();options.RequestMarshaller = EnableVpcClassicLinkDnsSupportRequestMarshaller.Instance;options.ResponseUnmarshaller = EnableVpcClassicLinkDnsSupportResponseUnmarshaller.Instance;return Invoke<EnableVpcClassicLinkDnsSupportResponse>(request, options);}"
4636,public ModifyMountTargetSecurityGroupsResult modifyMountTargetSecurityGroups(ModifyMountTargetSecurityGroupsRequest request) {request = beforeClientExecution(request);return executeModifyMountTargetSecurityGroups(request);},"public virtual ModifyMountTargetSecurityGroupsResponse ModifyMountTargetSecurityGroups(ModifyMountTargetSecurityGroupsRequest request){var options = new InvokeOptions();options.RequestMarshaller = ModifyMountTargetSecurityGroupsRequestMarshaller.Instance;options.ResponseUnmarshaller = ModifyMountTargetSecurityGroupsResponseUnmarshaller.Instance;return Invoke<ModifyMountTargetSecurityGroupsResponse>(request, options);}"
4645,public StartSmartHomeApplianceDiscoveryResult startSmartHomeApplianceDiscovery(StartSmartHomeApplianceDiscoveryRequest request) {request = beforeClientExecution(request);return executeStartSmartHomeApplianceDiscovery(request);},"public virtual StartSmartHomeApplianceDiscoveryResponse StartSmartHomeApplianceDiscovery(StartSmartHomeApplianceDiscoveryRequest request){var options = new InvokeOptions();options.RequestMarshaller = StartSmartHomeApplianceDiscoveryRequestMarshaller.Instance;options.ResponseUnmarshaller = StartSmartHomeApplianceDiscoveryResponseUnmarshaller.Instance;return Invoke<StartSmartHomeApplianceDiscoveryResponse>(request, options);}"
4650,public PutAccountSuppressionAttributesResult putAccountSuppressionAttributes(PutAccountSuppressionAttributesRequest request) {request = beforeClientExecution(request);return executePutAccountSuppressionAttributes(request);},"public virtual PutAccountSuppressionAttributesResponse PutAccountSuppressionAttributes(PutAccountSuppressionAttributesRequest request){var options = new InvokeOptions();options.RequestMarshaller = PutAccountSuppressionAttributesRequestMarshaller.Instance;options.ResponseUnmarshaller = PutAccountSuppressionAttributesResponseUnmarshaller.Instance;return Invoke<PutAccountSuppressionAttributesResponse>(request, options);}"
4658,public AllocateTransitVirtualInterfaceResult allocateTransitVirtualInterface(AllocateTransitVirtualInterfaceRequest request) {request = beforeClientExecution(request);return executeAllocateTransitVirtualInterface(request);},"public virtual AllocateTransitVirtualInterfaceResponse AllocateTransitVirtualInterface(AllocateTransitVirtualInterfaceRequest request){var options = new InvokeOptions();options.RequestMarshaller = AllocateTransitVirtualInterfaceRequestMarshaller.Instance;options.ResponseUnmarshaller = AllocateTransitVirtualInterfaceResponseUnmarshaller.Instance;return Invoke<AllocateTransitVirtualInterfaceResponse>(request, options);}"
4720,public DescribeWorkspaceDirectoriesResult describeWorkspaceDirectories(DescribeWorkspaceDirectoriesRequest request) {request = beforeClientExecution(request);return executeDescribeWorkspaceDirectories(request);},"public virtual DescribeWorkspaceDirectoriesResponse DescribeWorkspaceDirectories(DescribeWorkspaceDirectoriesRequest request){var options = new InvokeOptions();options.RequestMarshaller = DescribeWorkspaceDirectoriesRequestMarshaller.Instance;options.ResponseUnmarshaller = DescribeWorkspaceDirectoriesResponseUnmarshaller.Instance;return Invoke<DescribeWorkspaceDirectoriesResponse>(request, options);}"
4723,public ModifyVpcPeeringConnectionOptionsResult modifyVpcPeeringConnectionOptions(ModifyVpcPeeringConnectionOptionsRequest request) {request = beforeClientExecution(request);return executeModifyVpcPeeringConnectionOptions(request);},"public virtual ModifyVpcPeeringConnectionOptionsResponse ModifyVpcPeeringConnectionOptions(ModifyVpcPeeringConnectionOptionsRequest request){var options = new InvokeOptions();options.RequestMarshaller = ModifyVpcPeeringConnectionOptionsRequestMarshaller.Instance;options.ResponseUnmarshaller = ModifyVpcPeeringConnectionOptionsResponseUnmarshaller.Instance;return Invoke<ModifyVpcPeeringConnectionOptionsResponse>(request, options);}"
4729,"public static DVConstraint createDateConstraint(int comparisonOperator, String expr1, String expr2, String dateFormat) {if (expr1 == null) {throw new IllegalArgumentException(""expr1 must be supplied"");}OperatorType.validateSecondArg(comparisonOperator, expr2);SimpleDateFormat df = null;if (dateFormat != null) {df = new SimpleDateFormat(dateFormat, LocaleUtil.getUserLocale());df.setTimeZone(LocaleUtil.getUserTimeZone());}String formula1 = getFormulaFromTextExpression(expr1);Double value1 = formula1 == null ? convertDate(expr1, df) : null;String formula2 = getFormulaFromTextExpression(expr2);Double value2 = formula2 == null ? convertDate(expr2, df) : null;return new DVConstraint(ValidationType.DATE, comparisonOperator, formula1, formula2, value1, value2, null);}","public static DVConstraint CreateDateConstraint(int comparisonOperator, String expr1, String expr2, String dateFormat){if (expr1 == null){throw new ArgumentException(""expr1 must be supplied"");}OperatorType.ValidateSecondArg(comparisonOperator, expr2);SimpleDateFormat df = dateFormat == null ? null : new SimpleDateFormat(dateFormat);String formula1 = GetFormulaFromTextExpression(expr1);Double value1 = formula1 == null ? ConvertDate(expr1, df) : Double.NaN;String formula2 = GetFormulaFromTextExpression(expr2);Double value2 = formula2 == null ? ConvertDate(expr2, df) : Double.NaN;return new DVConstraint(ValidationType.DATE, comparisonOperator, formula1, formula2, value1, value2, null);}"
4731,public ModifyDefaultCreditSpecificationResult modifyDefaultCreditSpecification(ModifyDefaultCreditSpecificationRequest request) {request = beforeClientExecution(request);return executeModifyDefaultCreditSpecification(request);},"public virtual ModifyDefaultCreditSpecificationResponse ModifyDefaultCreditSpecification(ModifyDefaultCreditSpecificationRequest request){var options = new InvokeOptions();options.RequestMarshaller = ModifyDefaultCreditSpecificationRequestMarshaller.Instance;options.ResponseUnmarshaller = ModifyDefaultCreditSpecificationResponseUnmarshaller.Instance;return Invoke<ModifyDefaultCreditSpecificationResponse>(request, options);}"
4748,public CreatePresignedNotebookInstanceUrlResult createPresignedNotebookInstanceUrl(CreatePresignedNotebookInstanceUrlRequest request) {request = beforeClientExecution(request);return executeCreatePresignedNotebookInstanceUrl(request);},"public virtual CreatePresignedNotebookInstanceUrlResponse CreatePresignedNotebookInstanceUrl(CreatePresignedNotebookInstanceUrlRequest request){var options = new InvokeOptions();options.RequestMarshaller = CreatePresignedNotebookInstanceUrlRequestMarshaller.Instance;options.ResponseUnmarshaller = CreatePresignedNotebookInstanceUrlResponseUnmarshaller.Instance;return Invoke<CreatePresignedNotebookInstanceUrlResponse>(request, options);}"
4779,public EnableTransitGatewayRouteTablePropagationResult enableTransitGatewayRouteTablePropagation(EnableTransitGatewayRouteTablePropagationRequest request) {request = beforeClientExecution(request);return executeEnableTransitGatewayRouteTablePropagation(request);},"public virtual EnableTransitGatewayRouteTablePropagationResponse EnableTransitGatewayRouteTablePropagation(EnableTransitGatewayRouteTablePropagationRequest request){var options = new InvokeOptions();options.RequestMarshaller = EnableTransitGatewayRouteTablePropagationRequestMarshaller.Instance;options.ResponseUnmarshaller = EnableTransitGatewayRouteTablePropagationResponseUnmarshaller.Instance;return Invoke<EnableTransitGatewayRouteTablePropagationResponse>(request, options);}"
4789,public PutConfigurationSetDeliveryOptionsResult putConfigurationSetDeliveryOptions(PutConfigurationSetDeliveryOptionsRequest request) {request = beforeClientExecution(request);return executePutConfigurationSetDeliveryOptions(request);},"public virtual PutConfigurationSetDeliveryOptionsResponse PutConfigurationSetDeliveryOptions(PutConfigurationSetDeliveryOptionsRequest request){var options = new InvokeOptions();options.RequestMarshaller = PutConfigurationSetDeliveryOptionsRequestMarshaller.Instance;options.ResponseUnmarshaller = PutConfigurationSetDeliveryOptionsResponseUnmarshaller.Instance;return Invoke<PutConfigurationSetDeliveryOptionsResponse>(request, options);}"
4793,"public IndexRecord(RecordInputStream in) {int field_1_zero          = in.readInt();if (field_1_zero != 0) {throw new RecordFormatException(""Expected zero for field 1 but got "" + field_1_zero);}field_2_first_row     = in.readInt();field_3_last_row_add1 = in.readInt();field_4_zero      = in.readInt();int nCells = in.remaining() / 4;field_5_dbcells = new IntList(nCells);for(int i=0; i<nCells; i++) {field_5_dbcells.add(in.readInt());}}","public IndexRecord(RecordInputStream in1){field_1_zero = in1.ReadInt();if (field_1_zero != 0){throw new RecordFormatException(""Expected zero for field 1 but got "" + field_1_zero);}field_2_first_row = in1.ReadInt();field_3_last_row_add1 = in1.ReadInt();field_4_zero = in1.ReadInt();int nCells = in1.Remaining / 4;field_5_dbcells =new IntList(nCells);   for (int i = 0; i < nCells; i++){field_5_dbcells.Add(in1.ReadInt());}}"
4814,public TransferDomainToAnotherAwsAccountResult transferDomainToAnotherAwsAccount(TransferDomainToAnotherAwsAccountRequest request) {request = beforeClientExecution(request);return executeTransferDomainToAnotherAwsAccount(request);},"public virtual TransferDomainToAnotherAwsAccountResponse TransferDomainToAnotherAwsAccount(TransferDomainToAnotherAwsAccountRequest request){var options = new InvokeOptions();options.RequestMarshaller = TransferDomainToAnotherAwsAccountRequestMarshaller.Instance;options.ResponseUnmarshaller = TransferDomainToAnotherAwsAccountResponseUnmarshaller.Instance;return Invoke<TransferDomainToAnotherAwsAccountResponse>(request, options);}"
4827,public DescribeVpcEndpointConnectionsResult describeVpcEndpointConnections(DescribeVpcEndpointConnectionsRequest request) {request = beforeClientExecution(request);return executeDescribeVpcEndpointConnections(request);},"public virtual DescribeVpcEndpointConnectionsResponse DescribeVpcEndpointConnections(DescribeVpcEndpointConnectionsRequest request){var options = new InvokeOptions();options.RequestMarshaller = DescribeVpcEndpointConnectionsRequestMarshaller.Instance;options.ResponseUnmarshaller = DescribeVpcEndpointConnectionsResponseUnmarshaller.Instance;return Invoke<DescribeVpcEndpointConnectionsResponse>(request, options);}"
4830,"public String[] getExternalBookAndSheetName(int extRefIndex) {int ebIx = _externSheetRecord.getExtbookIndexFromRefIndex(extRefIndex);SupBookRecord ebr = _externalBookBlocks[ebIx].getExternalBookRecord();if (!ebr.isExternalReferences()) {return null;}int shIx1 = _externSheetRecord.getFirstSheetIndexFromRefIndex(extRefIndex);int shIx2 = _externSheetRecord.getLastSheetIndexFromRefIndex(extRefIndex);String firstSheetName = null;String lastSheetName = null;if (shIx1 >= 0) {firstSheetName = ebr.getSheetNames()[shIx1];}if (shIx2 >= 0) {lastSheetName = ebr.getSheetNames()[shIx2];}if (shIx1 == shIx2) {return new String[]{ebr.getURL(),firstSheetName};} else {return new String[]{ebr.getURL(),firstSheetName,lastSheetName};}}","public String[] GetExternalBookAndSheetName(int extRefIndex){int ebIx = _externSheetRecord.GetExtbookIndexFromRefIndex(extRefIndex);SupBookRecord ebr = _externalBookBlocks[ebIx].GetExternalBookRecord();if (!ebr.IsExternalReferences){return null;}int shIx1 = _externSheetRecord.GetFirstSheetIndexFromRefIndex(extRefIndex);int shIx2 = _externSheetRecord.GetLastSheetIndexFromRefIndex(extRefIndex);String firstSheetName = null;String lastSheetName = null;if (shIx1 >= 0){firstSheetName = ebr.SheetNames[shIx1];}if (shIx2 >= 0){lastSheetName = ebr.SheetNames[shIx2];}if (shIx1 == shIx2){return new String[] {ebr.URL,firstSheetName};}else{return new String[] {ebr.URL,firstSheetName,lastSheetName};}}"
4844,public GetHostReservationPurchasePreviewResult getHostReservationPurchasePreview(GetHostReservationPurchasePreviewRequest request) {request = beforeClientExecution(request);return executeGetHostReservationPurchasePreview(request);},"public virtual GetHostReservationPurchasePreviewResponse GetHostReservationPurchasePreview(GetHostReservationPurchasePreviewRequest request){var options = new InvokeOptions();options.RequestMarshaller = GetHostReservationPurchasePreviewRequestMarshaller.Instance;options.ResponseUnmarshaller = GetHostReservationPurchasePreviewResponseUnmarshaller.Instance;return Invoke<GetHostReservationPurchasePreviewResponse>(request, options);}"
4845,public CustomAvailabilityZone createCustomAvailabilityZone(CreateCustomAvailabilityZoneRequest request) {request = beforeClientExecution(request);return executeCreateCustomAvailabilityZone(request);},"public virtual CreateCustomAvailabilityZoneResponse CreateCustomAvailabilityZone(CreateCustomAvailabilityZoneRequest request){var options = new InvokeOptions();options.RequestMarshaller = CreateCustomAvailabilityZoneRequestMarshaller.Instance;options.ResponseUnmarshaller = CreateCustomAvailabilityZoneResponseUnmarshaller.Instance;return Invoke<CreateCustomAvailabilityZoneResponse>(request, options);}"
4854,public DBSecurityGroup revokeDBSecurityGroupIngress(RevokeDBSecurityGroupIngressRequest request) {request = beforeClientExecution(request);return executeRevokeDBSecurityGroupIngress(request);},"public virtual RevokeDBSecurityGroupIngressResponse RevokeDBSecurityGroupIngress(RevokeDBSecurityGroupIngressRequest request){var options = new InvokeOptions();options.RequestMarshaller = RevokeDBSecurityGroupIngressRequestMarshaller.Instance;options.ResponseUnmarshaller = RevokeDBSecurityGroupIngressResponseUnmarshaller.Instance;return Invoke<RevokeDBSecurityGroupIngressResponse>(request, options);}"
4870,public DescribeDomainEndpointOptionsResult describeDomainEndpointOptions(DescribeDomainEndpointOptionsRequest request) {request = beforeClientExecution(request);return executeDescribeDomainEndpointOptions(request);},"public virtual DescribeDomainEndpointOptionsResponse DescribeDomainEndpointOptions(DescribeDomainEndpointOptionsRequest request){var options = new InvokeOptions();options.RequestMarshaller = DescribeDomainEndpointOptionsRequestMarshaller.Instance;options.ResponseUnmarshaller = DescribeDomainEndpointOptionsResponseUnmarshaller.Instance;return Invoke<DescribeDomainEndpointOptionsResponse>(request, options);}"
4875,public DeleteApplicationInputProcessingConfigurationResult deleteApplicationInputProcessingConfiguration(DeleteApplicationInputProcessingConfigurationRequest request) {request = beforeClientExecution(request);return executeDeleteApplicationInputProcessingConfiguration(request);},"public virtual DeleteApplicationInputProcessingConfigurationResponse DeleteApplicationInputProcessingConfiguration(DeleteApplicationInputProcessingConfigurationRequest request){var options = new InvokeOptions();options.RequestMarshaller = DeleteApplicationInputProcessingConfigurationRequestMarshaller.Instance;options.ResponseUnmarshaller = DeleteApplicationInputProcessingConfigurationResponseUnmarshaller.Instance;return Invoke<DeleteApplicationInputProcessingConfigurationResponse>(request, options);}"
4953,public ModifyInstanceMetadataOptionsResult modifyInstanceMetadataOptions(ModifyInstanceMetadataOptionsRequest request) {request = beforeClientExecution(request);return executeModifyInstanceMetadataOptions(request);},"public virtual ModifyInstanceMetadataOptionsResponse ModifyInstanceMetadataOptions(ModifyInstanceMetadataOptionsRequest request){var options = new InvokeOptions();options.RequestMarshaller = ModifyInstanceMetadataOptionsRequestMarshaller.Instance;options.ResponseUnmarshaller = ModifyInstanceMetadataOptionsResponseUnmarshaller.Instance;return Invoke<ModifyInstanceMetadataOptionsResponse>(request, options);}"
4976,"public int getExternalSheetIndex(String workbookName, String firstSheetName, String lastSheetName) {int externalBookIndex = getExternalWorkbookIndex(workbookName);if (externalBookIndex == -1) {throw new RuntimeException(""No external workbook with name '"" + workbookName + ""'"");}SupBookRecord ebrTarget = _externalBookBlocks[externalBookIndex].getExternalBookRecord();int firstSheetIndex = getSheetIndex(ebrTarget.getSheetNames(), firstSheetName);int lastSheetIndex = getSheetIndex(ebrTarget.getSheetNames(), lastSheetName);int result = _externSheetRecord.getRefIxForSheet(externalBookIndex, firstSheetIndex, lastSheetIndex);if (result < 0) {result = _externSheetRecord.addRef(externalBookIndex, firstSheetIndex, lastSheetIndex);}return result;}","public int GetExternalSheetIndex(String workbookName, String firstSheetName, String lastSheetName){int externalBookIndex = GetExternalWorkbookIndex(workbookName);if (externalBookIndex == -1){throw new RuntimeException(""No external workbook with name '"" + workbookName + ""'"");}SupBookRecord ebrTarget = _externalBookBlocks[externalBookIndex].GetExternalBookRecord();int firstSheetIndex = GetSheetIndex(ebrTarget.SheetNames, firstSheetName);int lastSheetIndex = GetSheetIndex(ebrTarget.SheetNames, lastSheetName);int result = _externSheetRecord.GetRefIxForSheet(externalBookIndex, firstSheetIndex, lastSheetIndex);if (result < 0){result = _externSheetRecord.AddRef(externalBookIndex, firstSheetIndex, lastSheetIndex);}return result;}"
5008,public DeleteDirectConnectGatewayAssociationProposalResult deleteDirectConnectGatewayAssociationProposal(DeleteDirectConnectGatewayAssociationProposalRequest request) {request = beforeClientExecution(request);return executeDeleteDirectConnectGatewayAssociationProposal(request);},"public virtual DeleteDirectConnectGatewayAssociationProposalResponse DeleteDirectConnectGatewayAssociationProposal(DeleteDirectConnectGatewayAssociationProposalRequest request){var options = new InvokeOptions();options.RequestMarshaller = DeleteDirectConnectGatewayAssociationProposalRequestMarshaller.Instance;options.ResponseUnmarshaller = DeleteDirectConnectGatewayAssociationProposalResponseUnmarshaller.Instance;return Invoke<DeleteDirectConnectGatewayAssociationProposalResponse>(request, options);}"
5011,public GetVoiceConnectorTerminationResult getVoiceConnectorTermination(GetVoiceConnectorTerminationRequest request) {request = beforeClientExecution(request);return executeGetVoiceConnectorTermination(request);},"public virtual GetVoiceConnectorTerminationResponse GetVoiceConnectorTermination(GetVoiceConnectorTerminationRequest request){var options = new InvokeOptions();options.RequestMarshaller = GetVoiceConnectorTerminationRequestMarshaller.Instance;options.ResponseUnmarshaller = GetVoiceConnectorTerminationResponseUnmarshaller.Instance;return Invoke<GetVoiceConnectorTerminationResponse>(request, options);}"
5019,public ListAllowedNodeTypeModificationsResult listAllowedNodeTypeModifications(ListAllowedNodeTypeModificationsRequest request) {request = beforeClientExecution(request);return executeListAllowedNodeTypeModifications(request);},"public virtual ListAllowedNodeTypeModificationsResponse ListAllowedNodeTypeModifications(ListAllowedNodeTypeModificationsRequest request){var options = new InvokeOptions();options.RequestMarshaller = ListAllowedNodeTypeModificationsRequestMarshaller.Instance;options.ResponseUnmarshaller = ListAllowedNodeTypeModificationsResponseUnmarshaller.Instance;return Invoke<ListAllowedNodeTypeModificationsResponse>(request, options);}"
5049,public PutConfigurationSetSendingOptionsResult putConfigurationSetSendingOptions(PutConfigurationSetSendingOptionsRequest request) {request = beforeClientExecution(request);return executePutConfigurationSetSendingOptions(request);},"public virtual PutConfigurationSetSendingOptionsResponse PutConfigurationSetSendingOptions(PutConfigurationSetSendingOptionsRequest request){var options = new InvokeOptions();options.RequestMarshaller = PutConfigurationSetSendingOptionsRequestMarshaller.Instance;options.ResponseUnmarshaller = PutConfigurationSetSendingOptionsResponseUnmarshaller.Instance;return Invoke<PutConfigurationSetSendingOptionsResponse>(request, options);}"
5050,public DisableEbsEncryptionByDefaultResult disableEbsEncryptionByDefault(DisableEbsEncryptionByDefaultRequest request) {request = beforeClientExecution(request);return executeDisableEbsEncryptionByDefault(request);},"public virtual DisableEbsEncryptionByDefaultResponse DisableEbsEncryptionByDefault(DisableEbsEncryptionByDefaultRequest request){var options = new InvokeOptions();options.RequestMarshaller = DisableEbsEncryptionByDefaultRequestMarshaller.Instance;options.ResponseUnmarshaller = DisableEbsEncryptionByDefaultResponseUnmarshaller.Instance;return Invoke<DisableEbsEncryptionByDefaultResponse>(request, options);}"
5071,public SkipWaitTimeForInstanceTerminationResult skipWaitTimeForInstanceTermination(SkipWaitTimeForInstanceTerminationRequest request) {request = beforeClientExecution(request);return executeSkipWaitTimeForInstanceTermination(request);},"public virtual SkipWaitTimeForInstanceTerminationResponse SkipWaitTimeForInstanceTermination(SkipWaitTimeForInstanceTerminationRequest request){var options = new InvokeOptions();options.RequestMarshaller = SkipWaitTimeForInstanceTerminationRequestMarshaller.Instance;options.ResponseUnmarshaller = SkipWaitTimeForInstanceTerminationResponseUnmarshaller.Instance;return Invoke<SkipWaitTimeForInstanceTerminationResponse>(request, options);}"
5089,"public DefaultUDFFinder(String[] functionNames, FreeRefFunction[] functionImpls) {int nFuncs = functionNames.length;if (functionImpls.length != nFuncs) {throw new IllegalArgumentException(""Mismatch in number of function names and implementations"");}HashMap<String, FreeRefFunction> m = new HashMap<>(nFuncs * 3 / 2);for (int i = 0; i < functionImpls.length; i++) {m.put(functionNames[i].toUpperCase(Locale.ROOT), functionImpls[i]);}_functionsByName = m;}","public DefaultUDFFinder(String[] functionNames, FreeRefFunction[] functionImpls){int nFuncs = functionNames.Length;if (functionImpls.Length != nFuncs){throw new ArgumentException(""Mismatch in number of function names and implementations"");}Dictionary<String, FreeRefFunction> m = new Dictionary<String, FreeRefFunction>(nFuncs * 3 / 2);for (int i = 0; i < functionImpls.Length; i++){m[functionNames[i].ToUpper()]= functionImpls[i];}_functionsByName = m;}"
5099,public DescribeTableReplicaAutoScalingResult describeTableReplicaAutoScaling(DescribeTableReplicaAutoScalingRequest request) {request = beforeClientExecution(request);return executeDescribeTableReplicaAutoScaling(request);},"public virtual DescribeTableReplicaAutoScalingResponse DescribeTableReplicaAutoScaling(DescribeTableReplicaAutoScalingRequest request){var options = new InvokeOptions();options.RequestMarshaller = DescribeTableReplicaAutoScalingRequestMarshaller.Instance;options.ResponseUnmarshaller = DescribeTableReplicaAutoScalingResponseUnmarshaller.Instance;return Invoke<DescribeTableReplicaAutoScalingResponse>(request, options);}"
5109,public CreateRecommenderConfigurationResult createRecommenderConfiguration(CreateRecommenderConfigurationRequest request) {request = beforeClientExecution(request);return executeCreateRecommenderConfiguration(request);},"public virtual CreateRecommenderConfigurationResponse CreateRecommenderConfiguration(CreateRecommenderConfigurationRequest request){var options = new InvokeOptions();options.RequestMarshaller = CreateRecommenderConfigurationRequestMarshaller.Instance;options.ResponseUnmarshaller = CreateRecommenderConfigurationResponseUnmarshaller.Instance;return Invoke<CreateRecommenderConfigurationResponse>(request, options);}"
5138,public GetRelationalDatabaseSnapshotsResult getRelationalDatabaseSnapshots(GetRelationalDatabaseSnapshotsRequest request) {request = beforeClientExecution(request);return executeGetRelationalDatabaseSnapshots(request);},"public virtual GetRelationalDatabaseSnapshotsResponse GetRelationalDatabaseSnapshots(GetRelationalDatabaseSnapshotsRequest request){var options = new InvokeOptions();options.RequestMarshaller = GetRelationalDatabaseSnapshotsRequestMarshaller.Instance;options.ResponseUnmarshaller = GetRelationalDatabaseSnapshotsResponseUnmarshaller.Instance;return Invoke<GetRelationalDatabaseSnapshotsResponse>(request, options);}"
5153,public EnableEbsEncryptionByDefaultResult enableEbsEncryptionByDefault(EnableEbsEncryptionByDefaultRequest request) {request = beforeClientExecution(request);return executeEnableEbsEncryptionByDefault(request);},"public virtual EnableEbsEncryptionByDefaultResponse EnableEbsEncryptionByDefault(EnableEbsEncryptionByDefaultRequest request){var options = new InvokeOptions();options.RequestMarshaller = EnableEbsEncryptionByDefaultRequestMarshaller.Instance;options.ResponseUnmarshaller = EnableEbsEncryptionByDefaultResponseUnmarshaller.Instance;return Invoke<EnableEbsEncryptionByDefaultResponse>(request, options);}"
5160,public CreateTransitGatewayMulticastDomainResult createTransitGatewayMulticastDomain(CreateTransitGatewayMulticastDomainRequest request) {request = beforeClientExecution(request);return executeCreateTransitGatewayMulticastDomain(request);},"public virtual CreateTransitGatewayMulticastDomainResponse CreateTransitGatewayMulticastDomain(CreateTransitGatewayMulticastDomainRequest request){var options = new InvokeOptions();options.RequestMarshaller = CreateTransitGatewayMulticastDomainRequestMarshaller.Instance;options.ResponseUnmarshaller = CreateTransitGatewayMulticastDomainResponseUnmarshaller.Instance;return Invoke<CreateTransitGatewayMulticastDomainResponse>(request, options);}"
5213,public ListResolverEndpointIpAddressesResult listResolverEndpointIpAddresses(ListResolverEndpointIpAddressesRequest request) {request = beforeClientExecution(request);return executeListResolverEndpointIpAddresses(request);},"public virtual ListResolverEndpointIpAddressesResponse ListResolverEndpointIpAddresses(ListResolverEndpointIpAddressesRequest request){var options = new InvokeOptions();options.RequestMarshaller = ListResolverEndpointIpAddressesRequestMarshaller.Instance;options.ResponseUnmarshaller = ListResolverEndpointIpAddressesResponseUnmarshaller.Instance;return Invoke<ListResolverEndpointIpAddressesResponse>(request, options);}"
5220,public UpdateEndpointWeightsAndCapacitiesResult updateEndpointWeightsAndCapacities(UpdateEndpointWeightsAndCapacitiesRequest request) {request = beforeClientExecution(request);return executeUpdateEndpointWeightsAndCapacities(request);},"public virtual UpdateEndpointWeightsAndCapacitiesResponse UpdateEndpointWeightsAndCapacities(UpdateEndpointWeightsAndCapacitiesRequest request){var options = new InvokeOptions();options.RequestMarshaller = UpdateEndpointWeightsAndCapacitiesRequestMarshaller.Instance;options.ResponseUnmarshaller = UpdateEndpointWeightsAndCapacitiesResponseUnmarshaller.Instance;return Invoke<UpdateEndpointWeightsAndCapacitiesResponse>(request, options);}"
5221,public UpdateCloudFrontOriginAccessIdentityResult updateCloudFrontOriginAccessIdentity(UpdateCloudFrontOriginAccessIdentityRequest request) {request = beforeClientExecution(request);return executeUpdateCloudFrontOriginAccessIdentity(request);},"public virtual UpdateCloudFrontOriginAccessIdentityResponse UpdateCloudFrontOriginAccessIdentity(UpdateCloudFrontOriginAccessIdentityRequest request){var options = new InvokeOptions();options.RequestMarshaller = UpdateCloudFrontOriginAccessIdentityRequestMarshaller.Instance;options.ResponseUnmarshaller = UpdateCloudFrontOriginAccessIdentityResponseUnmarshaller.Instance;return Invoke<UpdateCloudFrontOriginAccessIdentityResponse>(request, options);}"
5232,public DeleteTrafficMirrorFilterRuleResult deleteTrafficMirrorFilterRule(DeleteTrafficMirrorFilterRuleRequest request) {request = beforeClientExecution(request);return executeDeleteTrafficMirrorFilterRule(request);},"public virtual DeleteTrafficMirrorFilterRuleResponse DeleteTrafficMirrorFilterRule(DeleteTrafficMirrorFilterRuleRequest request){var options = new InvokeOptions();options.RequestMarshaller = DeleteTrafficMirrorFilterRuleRequestMarshaller.Instance;options.ResponseUnmarshaller = DeleteTrafficMirrorFilterRuleResponseUnmarshaller.Instance;return Invoke<DeleteTrafficMirrorFilterRuleResponse>(request, options);}"
5246,public ListOrganizationAdminAccountsResult listOrganizationAdminAccounts(ListOrganizationAdminAccountsRequest request) {request = beforeClientExecution(request);return executeListOrganizationAdminAccounts(request);},"public virtual ListOrganizationAdminAccountsResponse ListOrganizationAdminAccounts(ListOrganizationAdminAccountsRequest request){var options = new InvokeOptions();options.RequestMarshaller = ListOrganizationAdminAccountsRequestMarshaller.Instance;options.ResponseUnmarshaller = ListOrganizationAdminAccountsResponseUnmarshaller.Instance;return Invoke<ListOrganizationAdminAccountsResponse>(request, options);}"
5250,"public RowRecordsAggregate(RecordStream rs, SharedValueManager svm) {this(svm);while(rs.hasNext()) {Record rec = rs.getNext();switch (rec.getSid()) {case RowRecord.sid:insertRow((RowRecord) rec);continue;case DConRefRecord.sid:addUnknownRecord(rec);continue;case DBCellRecord.sid:continue;}if (rec instanceof UnknownRecord) {addUnknownRecord(rec);while (rs.peekNextSid() == ContinueRecord.sid) {addUnknownRecord(rs.getNext());}continue;}if (rec instanceof MulBlankRecord) {_valuesAgg.addMultipleBlanks((MulBlankRecord) rec);continue;}if (!(rec instanceof CellValueRecordInterface)) {throw new RuntimeException(""Unexpected record type ("" + rec.getClass().getName() + "")"");}_valuesAgg.construct((CellValueRecordInterface)rec, rs, svm);}}","public RowRecordsAggregate(RecordStream rs, SharedValueManager svm): this(svm){while (rs.HasNext()){Record rec = rs.GetNext();switch (rec.Sid){case RowRecord.sid:InsertRow((RowRecord)rec);continue;case DConRefRecord.sid:AddUnknownRecord(rec);continue;case DBCellRecord.sid:continue;}if (rec is UnknownRecord){AddUnknownRecord((UnknownRecord)rec);while (rs.PeekNextSid() == ContinueRecord.sid){AddUnknownRecord(rs.GetNext());}continue;}if (rec is MulBlankRecord) {_valuesAgg.AddMultipleBlanks((MulBlankRecord) rec);continue;}if (!(rec is CellValueRecordInterface)){if (rec.Sid == SeriesIndexRecord.sid){AddUnknownRecord(rec);continue;}throw new InvalidOperationException(""Unexpected record type ("" + rec.GetType().Name + "")"");}_valuesAgg.Construct((CellValueRecordInterface)rec, rs, svm);}}"
5275,public DescribeReservedDBInstancesOfferingsResult describeReservedDBInstancesOfferings(DescribeReservedDBInstancesOfferingsRequest request) {request = beforeClientExecution(request);return executeDescribeReservedDBInstancesOfferings(request);},"public virtual DescribeReservedDBInstancesOfferingsResponse DescribeReservedDBInstancesOfferings(DescribeReservedDBInstancesOfferingsRequest request){var options = new InvokeOptions();options.RequestMarshaller = DescribeReservedDBInstancesOfferingsRequestMarshaller.Instance;options.ResponseUnmarshaller = DescribeReservedDBInstancesOfferingsResponseUnmarshaller.Instance;return Invoke<DescribeReservedDBInstancesOfferingsResponse>(request, options);}"
5320,public AssociateResolverEndpointIpAddressResult associateResolverEndpointIpAddress(AssociateResolverEndpointIpAddressRequest request) {request = beforeClientExecution(request);return executeAssociateResolverEndpointIpAddress(request);},"public virtual AssociateResolverEndpointIpAddressResponse AssociateResolverEndpointIpAddress(AssociateResolverEndpointIpAddressRequest request){var options = new InvokeOptions();options.RequestMarshaller = AssociateResolverEndpointIpAddressRequestMarshaller.Instance;options.ResponseUnmarshaller = AssociateResolverEndpointIpAddressResponseUnmarshaller.Instance;return Invoke<AssociateResolverEndpointIpAddressResponse>(request, options);}"
5333,public AttachInstancesToLoadBalancerResult attachInstancesToLoadBalancer(AttachInstancesToLoadBalancerRequest request) {request = beforeClientExecution(request);return executeAttachInstancesToLoadBalancer(request);},"public virtual AttachInstancesToLoadBalancerResponse AttachInstancesToLoadBalancer(AttachInstancesToLoadBalancerRequest request){var options = new InvokeOptions();options.RequestMarshaller = AttachInstancesToLoadBalancerRequestMarshaller.Instance;options.ResponseUnmarshaller = AttachInstancesToLoadBalancerResponseUnmarshaller.Instance;return Invoke<AttachInstancesToLoadBalancerResponse>(request, options);}"
5337,public ListDocumentClassificationJobsResult listDocumentClassificationJobs(ListDocumentClassificationJobsRequest request) {request = beforeClientExecution(request);return executeListDocumentClassificationJobs(request);},"public virtual ListDocumentClassificationJobsResponse ListDocumentClassificationJobs(ListDocumentClassificationJobsRequest request){var options = new InvokeOptions();options.RequestMarshaller = ListDocumentClassificationJobsRequestMarshaller.Instance;options.ResponseUnmarshaller = ListDocumentClassificationJobsResponseUnmarshaller.Instance;return Invoke<ListDocumentClassificationJobsResponse>(request, options);}"
5355,public UpdateDashboardPublishedVersionResult updateDashboardPublishedVersion(UpdateDashboardPublishedVersionRequest request) {request = beforeClientExecution(request);return executeUpdateDashboardPublishedVersion(request);},"public virtual UpdateDashboardPublishedVersionResponse UpdateDashboardPublishedVersion(UpdateDashboardPublishedVersionRequest request){var options = new InvokeOptions();options.RequestMarshaller = UpdateDashboardPublishedVersionRequestMarshaller.Instance;options.ResponseUnmarshaller = UpdateDashboardPublishedVersionResponseUnmarshaller.Instance;return Invoke<UpdateDashboardPublishedVersionResponse>(request, options);}"
5388,public DescribeWebsiteCertificateAuthorityResult describeWebsiteCertificateAuthority(DescribeWebsiteCertificateAuthorityRequest request) {request = beforeClientExecution(request);return executeDescribeWebsiteCertificateAuthority(request);},"public virtual DescribeWebsiteCertificateAuthorityResponse DescribeWebsiteCertificateAuthority(DescribeWebsiteCertificateAuthorityRequest request){var options = new InvokeOptions();options.RequestMarshaller = DescribeWebsiteCertificateAuthorityRequestMarshaller.Instance;options.ResponseUnmarshaller = DescribeWebsiteCertificateAuthorityResponseUnmarshaller.Instance;return Invoke<DescribeWebsiteCertificateAuthorityResponse>(request, options);}"
5392,"public LinkTable(int numberOfSheets, WorkbookRecordList workbookRecordList) {_workbookRecordList = workbookRecordList;_definedNames = new ArrayList<>();_externalBookBlocks = new ExternalBookBlock[]{new ExternalBookBlock(numberOfSheets),};_externSheetRecord = new ExternSheetRecord();_recordCount = 2;SupBookRecord supbook = _externalBookBlocks[0].getExternalBookRecord();int idx = findFirstRecordLocBySid(CountryRecord.sid);if (idx < 0) {throw new RuntimeException(""CountryRecord not found"");}_workbookRecordList.add(idx + 1, _externSheetRecord);_workbookRecordList.add(idx + 1, supbook);}","public LinkTable(int numberOfSheets, WorkbookRecordList workbookRecordList){_workbookRecordList = workbookRecordList;_definedNames = new List<NameRecord>();_externalBookBlocks = new ExternalBookBlock[] {new ExternalBookBlock(numberOfSheets),};_externSheetRecord = new ExternSheetRecord();_recordCount = 2;SupBookRecord supbook = _externalBookBlocks[0].GetExternalBookRecord();int idx = FindFirstRecordLocBySid(CountryRecord.sid);if (idx < 0){throw new Exception(""CountryRecord not found"");}_workbookRecordList.Add(idx + 1, _externSheetRecord);_workbookRecordList.Add(idx + 1, supbook);}"
5416,"public void updateFormulasAfterRowShift(FormulaShifter shifter, int currentExternSheetIndex) {for (int i = 0; i < records.length; i++) {CellValueRecordInterface[] rowCells = records[i];if (rowCells == null) {continue;}for (int j = 0; j < rowCells.length; j++) {CellValueRecordInterface cell = rowCells[j];if (cell instanceof FormulaRecordAggregate) {FormulaRecordAggregate fra = (FormulaRecordAggregate)cell;Ptg[] ptgs = fra.getFormulaTokens(); Ptg[] ptgs2 = ((FormulaRecordAggregate)cell).getFormulaRecord().getParsedExpression(); if (shifter.adjustFormula(ptgs, currentExternSheetIndex)) {fra.setParsedExpression(ptgs);}}}}}","public void UpdateFormulasAfterRowShift(FormulaShifter shifter, int currentExternSheetIndex){for (int i = 0; i < records.Length; i++){CellValueRecordInterface[] rowCells = records[i];if (rowCells == null){continue;}for (int j = 0; j < rowCells.Length; j++){CellValueRecordInterface cell = rowCells[j];if (cell is FormulaRecordAggregate){FormulaRecordAggregate fra = (FormulaRecordAggregate)cell;Ptg[] ptgs = fra.FormulaTokens; Ptg[] ptgs2 = ((FormulaRecordAggregate)cell).FormulaRecord.ParsedExpression; if (shifter.AdjustFormula(ptgs, currentExternSheetIndex)){fra.SetParsedExpression(ptgs);}}}}}"
5428,public UpdateConfigurationSetReputationMetricsEnabledResult updateConfigurationSetReputationMetricsEnabled(UpdateConfigurationSetReputationMetricsEnabledRequest request) {request = beforeClientExecution(request);return executeUpdateConfigurationSetReputationMetricsEnabled(request);},"public virtual UpdateConfigurationSetReputationMetricsEnabledResponse UpdateConfigurationSetReputationMetricsEnabled(UpdateConfigurationSetReputationMetricsEnabledRequest request){var options = new InvokeOptions();options.RequestMarshaller = UpdateConfigurationSetReputationMetricsEnabledRequestMarshaller.Instance;options.ResponseUnmarshaller = UpdateConfigurationSetReputationMetricsEnabledResponseUnmarshaller.Instance;return Invoke<UpdateConfigurationSetReputationMetricsEnabledResponse>(request, options);}"
5430,public AssociateQualificationWithWorkerResult associateQualificationWithWorker(AssociateQualificationWithWorkerRequest request) {request = beforeClientExecution(request);return executeAssociateQualificationWithWorker(request);},"public virtual AssociateQualificationWithWorkerResponse AssociateQualificationWithWorker(AssociateQualificationWithWorkerRequest request){var options = new InvokeOptions();options.RequestMarshaller = AssociateQualificationWithWorkerRequestMarshaller.Instance;options.ResponseUnmarshaller = AssociateQualificationWithWorkerResponseUnmarshaller.Instance;return Invoke<AssociateQualificationWithWorkerResponse>(request, options);}"
5436,"public boolean updateFormulasAfterCellShift(FormulaShifter shifter, int currentExternSheetIx) {CellRangeAddress[] cellRanges = header.getCellRanges();boolean changed = false;List<CellRangeAddress> temp = new ArrayList<>();for (CellRangeAddress craOld : cellRanges) {CellRangeAddress craNew = BaseRowColShifter.shiftRange(shifter, craOld, currentExternSheetIx);if (craNew == null) {changed = true;continue;}temp.add(craNew);if (craNew != craOld) {changed = true;}}if (changed) {int nRanges = temp.size();if (nRanges == 0) {return false;}CellRangeAddress[] newRanges = new CellRangeAddress[nRanges];temp.toArray(newRanges);header.setCellRanges(newRanges);}for (CFRuleBase rule : rules) {Ptg[] ptgs;ptgs = rule.getParsedExpression1();if (ptgs != null && shifter.adjustFormula(ptgs, currentExternSheetIx)) {rule.setParsedExpression1(ptgs);}ptgs = rule.getParsedExpression2();if (ptgs != null && shifter.adjustFormula(ptgs, currentExternSheetIx)) {rule.setParsedExpression2(ptgs);}if (rule instanceof CFRule12Record) {CFRule12Record rule12 = (CFRule12Record)rule;ptgs = rule12.getParsedExpressionScale();if (ptgs != null && shifter.adjustFormula(ptgs, currentExternSheetIx)) {rule12.setParsedExpressionScale(ptgs);}}}return true;}","public bool UpdateFormulasAfterCellShift(FormulaShifter shifter, int currentExternSheetIx){CellRangeAddress[] cellRanges = header.CellRanges;bool changed = false;List<CellRangeAddress> temp = new List<CellRangeAddress>();for (int i = 0; i < cellRanges.Length; i++){CellRangeAddress craOld = cellRanges[i];CellRangeAddress craNew = ShiftRange(shifter, craOld, currentExternSheetIx);if (craNew == null){changed = true;continue;}temp.Add(craNew);if (craNew != craOld){changed = true;}}if (changed){int nRanges = temp.Count;if (nRanges == 0){return false;}CellRangeAddress[] newRanges = new CellRangeAddress[nRanges];newRanges = temp.ToArray();header.CellRanges = (newRanges);}for (int i = 0; i < rules.Count; i++){CFRuleRecord rule = rules[i];Ptg[] ptgs;ptgs = rule.ParsedExpression1;if (ptgs != null && shifter.AdjustFormula(ptgs, currentExternSheetIx)){rule.ParsedExpression1 = (ptgs);}ptgs = rule.ParsedExpression2;if (ptgs != null && shifter.AdjustFormula(ptgs, currentExternSheetIx)){rule.ParsedExpression2 = (ptgs);}}return true;}"
5438,"public JapaneseKatakanaStemFilterFactory(Map<String,String> args) {super(args);minimumLength = getInt(args, MINIMUM_LENGTH_PARAM, JapaneseKatakanaStemFilter.DEFAULT_MINIMUM_LENGTH);if (minimumLength < 2) {throw new IllegalArgumentException(""Illegal "" + MINIMUM_LENGTH_PARAM + "" "" + minimumLength + "" (must be 2 or greater)"");}if (!args.isEmpty()) {throw new IllegalArgumentException(""Unknown parameters: "" + args);}}","public JapaneseKatakanaStemFilterFactory(IDictionary<string, string> args): base(args){minimumLength = GetInt32(args, MINIMUM_LENGTH_PARAM, JapaneseKatakanaStemFilter.DEFAULT_MINIMUM_LENGTH);if (minimumLength < 2){throw new ArgumentException(""Illegal "" + MINIMUM_LENGTH_PARAM + "" "" + minimumLength + "" (must be 2 or greater)"");}if (args.Count > 0){throw new ArgumentException(""Unknown parameters: "" + args);}}"
5487,public AttachLoadBalancerTlsCertificateResult attachLoadBalancerTlsCertificate(AttachLoadBalancerTlsCertificateRequest request) {request = beforeClientExecution(request);return executeAttachLoadBalancerTlsCertificate(request);},"public virtual AttachLoadBalancerTlsCertificateResponse AttachLoadBalancerTlsCertificate(AttachLoadBalancerTlsCertificateRequest request){var options = new InvokeOptions();options.RequestMarshaller = AttachLoadBalancerTlsCertificateRequestMarshaller.Instance;options.ResponseUnmarshaller = AttachLoadBalancerTlsCertificateResponseUnmarshaller.Instance;return Invoke<AttachLoadBalancerTlsCertificateResponse>(request, options);}"
5495,public AssociateClientVpnTargetNetworkResult associateClientVpnTargetNetwork(AssociateClientVpnTargetNetworkRequest request) {request = beforeClientExecution(request);return executeAssociateClientVpnTargetNetwork(request);},"public virtual AssociateClientVpnTargetNetworkResponse AssociateClientVpnTargetNetwork(AssociateClientVpnTargetNetworkRequest request){var options = new InvokeOptions();options.RequestMarshaller = AssociateClientVpnTargetNetworkRequestMarshaller.Instance;options.ResponseUnmarshaller = AssociateClientVpnTargetNetworkResponseUnmarshaller.Instance;return Invoke<AssociateClientVpnTargetNetworkResponse>(request, options);}"
5514,public ModifyTransitGatewayVpcAttachmentResult modifyTransitGatewayVpcAttachment(ModifyTransitGatewayVpcAttachmentRequest request) {request = beforeClientExecution(request);return executeModifyTransitGatewayVpcAttachment(request);},"public virtual ModifyTransitGatewayVpcAttachmentResponse ModifyTransitGatewayVpcAttachment(ModifyTransitGatewayVpcAttachmentRequest request){var options = new InvokeOptions();options.RequestMarshaller = ModifyTransitGatewayVpcAttachmentRequestMarshaller.Instance;options.ResponseUnmarshaller = ModifyTransitGatewayVpcAttachmentResponseUnmarshaller.Instance;return Invoke<ModifyTransitGatewayVpcAttachmentResponse>(request, options);}"
5544,public DescribeConnectionsOnInterconnectResult describeConnectionsOnInterconnect(DescribeConnectionsOnInterconnectRequest request) {request = beforeClientExecution(request);return executeDescribeConnectionsOnInterconnect(request);},"public virtual DescribeConnectionsOnInterconnectResponse DescribeConnectionsOnInterconnect(DescribeConnectionsOnInterconnectRequest request){var options = new InvokeOptions();options.RequestMarshaller = DescribeConnectionsOnInterconnectRequestMarshaller.Instance;options.ResponseUnmarshaller = DescribeConnectionsOnInterconnectResponseUnmarshaller.Instance;return Invoke<DescribeConnectionsOnInterconnectResponse>(request, options);}"
5578,public DeleteFieldLevelEncryptionProfileResult deleteFieldLevelEncryptionProfile(DeleteFieldLevelEncryptionProfileRequest request) {request = beforeClientExecution(request);return executeDeleteFieldLevelEncryptionProfile(request);},"public virtual DeleteFieldLevelEncryptionProfileResponse DeleteFieldLevelEncryptionProfile(DeleteFieldLevelEncryptionProfileRequest request){var options = new InvokeOptions();options.RequestMarshaller = DeleteFieldLevelEncryptionProfileRequestMarshaller.Instance;options.ResponseUnmarshaller = DeleteFieldLevelEncryptionProfileResponseUnmarshaller.Instance;return Invoke<DeleteFieldLevelEncryptionProfileResponse>(request, options);}"
5593,public CreateVpcEndpointServiceConfigurationResult createVpcEndpointServiceConfiguration(CreateVpcEndpointServiceConfigurationRequest request) {request = beforeClientExecution(request);return executeCreateVpcEndpointServiceConfiguration(request);},"public virtual CreateVpcEndpointServiceConfigurationResponse CreateVpcEndpointServiceConfiguration(CreateVpcEndpointServiceConfigurationRequest request){var options = new InvokeOptions();options.RequestMarshaller = CreateVpcEndpointServiceConfigurationRequestMarshaller.Instance;options.ResponseUnmarshaller = CreateVpcEndpointServiceConfigurationResponseUnmarshaller.Instance;return Invoke<CreateVpcEndpointServiceConfigurationResponse>(request, options);}"
5610,public DescribeComponentConfigurationResult describeComponentConfiguration(DescribeComponentConfigurationRequest request) {request = beforeClientExecution(request);return executeDescribeComponentConfiguration(request);},"public virtual DescribeComponentConfigurationResponse DescribeComponentConfiguration(DescribeComponentConfigurationRequest request){var options = new InvokeOptions();options.RequestMarshaller = DescribeComponentConfigurationRequestMarshaller.Instance;options.ResponseUnmarshaller = DescribeComponentConfigurationResponseUnmarshaller.Instance;return Invoke<DescribeComponentConfigurationResponse>(request, options);}"
5612,public DescribeClientVpnAuthorizationRulesResult describeClientVpnAuthorizationRules(DescribeClientVpnAuthorizationRulesRequest request) {request = beforeClientExecution(request);return executeDescribeClientVpnAuthorizationRules(request);},"public virtual DescribeClientVpnAuthorizationRulesResponse DescribeClientVpnAuthorizationRules(DescribeClientVpnAuthorizationRulesRequest request){var options = new InvokeOptions();options.RequestMarshaller = DescribeClientVpnAuthorizationRulesRequestMarshaller.Instance;options.ResponseUnmarshaller = DescribeClientVpnAuthorizationRulesResponseUnmarshaller.Instance;return Invoke<DescribeClientVpnAuthorizationRulesResponse>(request, options);}"
5616,public DeleteCustomVerificationEmailTemplateResult deleteCustomVerificationEmailTemplate(DeleteCustomVerificationEmailTemplateRequest request) {request = beforeClientExecution(request);return executeDeleteCustomVerificationEmailTemplate(request);},"public virtual DeleteCustomVerificationEmailTemplateResponse DeleteCustomVerificationEmailTemplate(DeleteCustomVerificationEmailTemplateRequest request){var options = new InvokeOptions();options.RequestMarshaller = DeleteCustomVerificationEmailTemplateRequestMarshaller.Instance;options.ResponseUnmarshaller = DeleteCustomVerificationEmailTemplateResponseUnmarshaller.Instance;return Invoke<DeleteCustomVerificationEmailTemplateResponse>(request, options);}"
5618,public CreateVpcEndpointConnectionNotificationResult createVpcEndpointConnectionNotification(CreateVpcEndpointConnectionNotificationRequest request) {request = beforeClientExecution(request);return executeCreateVpcEndpointConnectionNotification(request);},"public virtual CreateVpcEndpointConnectionNotificationResponse CreateVpcEndpointConnectionNotification(CreateVpcEndpointConnectionNotificationRequest request){var options = new InvokeOptions();options.RequestMarshaller = CreateVpcEndpointConnectionNotificationRequestMarshaller.Instance;options.ResponseUnmarshaller = CreateVpcEndpointConnectionNotificationResponseUnmarshaller.Instance;return Invoke<CreateVpcEndpointConnectionNotificationResponse>(request, options);}"
5627,public DeleteSpotDatafeedSubscriptionResult deleteSpotDatafeedSubscription(DeleteSpotDatafeedSubscriptionRequest request) {request = beforeClientExecution(request);return executeDeleteSpotDatafeedSubscription(request);},"public virtual DeleteSpotDatafeedSubscriptionResponse DeleteSpotDatafeedSubscription(DeleteSpotDatafeedSubscriptionRequest request){var options = new InvokeOptions();options.RequestMarshaller = DeleteSpotDatafeedSubscriptionRequestMarshaller.Instance;options.ResponseUnmarshaller = DeleteSpotDatafeedSubscriptionResponseUnmarshaller.Instance;return Invoke<DeleteSpotDatafeedSubscriptionResponse>(request, options);}"
5642,public DescribeLifecycleConfigurationResult describeLifecycleConfiguration(DescribeLifecycleConfigurationRequest request) {request = beforeClientExecution(request);return executeDescribeLifecycleConfiguration(request);},"public virtual DescribeLifecycleConfigurationResponse DescribeLifecycleConfiguration(DescribeLifecycleConfigurationRequest request){var options = new InvokeOptions();options.RequestMarshaller = DescribeLifecycleConfigurationRequestMarshaller.Instance;options.ResponseUnmarshaller = DescribeLifecycleConfigurationResponseUnmarshaller.Instance;return Invoke<DescribeLifecycleConfigurationResponse>(request, options);}"
5665,public PutImageScanningConfigurationResult putImageScanningConfiguration(PutImageScanningConfigurationRequest request) {request = beforeClientExecution(request);return executePutImageScanningConfiguration(request);},"public virtual PutImageScanningConfigurationResponse PutImageScanningConfiguration(PutImageScanningConfigurationRequest request){var options = new InvokeOptions();options.RequestMarshaller = PutImageScanningConfigurationRequestMarshaller.Instance;options.ResponseUnmarshaller = PutImageScanningConfigurationResponseUnmarshaller.Instance;return Invoke<PutImageScanningConfigurationResponse>(request, options);}"
5696,"public ParseException generateParseException() {jj_expentries.clear();boolean[] la1tokens = new boolean[33];if (jj_kind >= 0) {la1tokens[jj_kind] = true;jj_kind = -1;}for (int i = 0; i < 25; i++) {if (jj_la1[i] == jj_gen) {for (int j = 0; j < 32; j++) {if ((jj_la1_0[i] & (1<<j)) != 0) {la1tokens[j] = true;}if ((jj_la1_1[i] & (1<<j)) != 0) {la1tokens[32+j] = true;}}}}for (int i = 0; i < 33; i++) {if (la1tokens[i]) {jj_expentry = new int[1];jj_expentry[0] = i;jj_expentries.add(jj_expentry);}}jj_endpos = 0;jj_rescan_token();jj_add_error_token(0, 0);int[][] exptokseq = new int[jj_expentries.size()][];for (int i = 0; i < jj_expentries.size(); i++) {exptokseq[i] = jj_expentries.get(i);}return new ParseException(token, exptokseq, tokenImage);}","public virtual ParseException GenerateParseException(){jj_expentries.Clear();bool[] la1tokens = new bool[34];if (jj_kind >= 0){la1tokens[jj_kind] = true;jj_kind = -1;}for (int i = 0; i < 28; i++){if (jj_la1[i] == jj_gen){for (int j = 0; j < 32; j++){if ((jj_la1_0[i] & (1 << j)) != 0){la1tokens[j] = true;}if ((jj_la1_1[i] & (1 << j)) != 0){la1tokens[32 + j] = true;}}}}for (int i = 0; i < 34; i++){if (la1tokens[i]){jj_expentry = new int[1];jj_expentry[0] = i;jj_expentries.Add(jj_expentry);}}jj_endpos = 0;Jj_rescan_token();Jj_add_error_token(0, 0);int[][] exptokseq = new int[jj_expentries.Count][];for (int i = 0; i < jj_expentries.Count; i++){exptokseq[i] = jj_expentries[i];}return new ParseException(Token, exptokseq, StandardSyntaxParserConstants.TokenImage);}"
5722,public RegisterTransitGatewayMulticastGroupSourcesResult registerTransitGatewayMulticastGroupSources(RegisterTransitGatewayMulticastGroupSourcesRequest request) {request = beforeClientExecution(request);return executeRegisterTransitGatewayMulticastGroupSources(request);},"public virtual RegisterTransitGatewayMulticastGroupSourcesResponse RegisterTransitGatewayMulticastGroupSources(RegisterTransitGatewayMulticastGroupSourcesRequest request){var options = new InvokeOptions();options.RequestMarshaller = RegisterTransitGatewayMulticastGroupSourcesRequestMarshaller.Instance;options.ResponseUnmarshaller = RegisterTransitGatewayMulticastGroupSourcesResponseUnmarshaller.Instance;return Invoke<RegisterTransitGatewayMulticastGroupSourcesResponse>(request, options);}"
5774,public DeleteNotificationSubscriptionResult deleteNotificationSubscription(DeleteNotificationSubscriptionRequest request) {request = beforeClientExecution(request);return executeDeleteNotificationSubscription(request);},"public virtual DeleteNotificationSubscriptionResponse DeleteNotificationSubscription(DeleteNotificationSubscriptionRequest request){var options = new InvokeOptions();options.RequestMarshaller = DeleteNotificationSubscriptionRequestMarshaller.Instance;options.ResponseUnmarshaller = DeleteNotificationSubscriptionResponseUnmarshaller.Instance;return Invoke<DeleteNotificationSubscriptionResponse>(request, options);}"
5799,public CreateDeliverabilityTestReportResult createDeliverabilityTestReport(CreateDeliverabilityTestReportRequest request) {request = beforeClientExecution(request);return executeCreateDeliverabilityTestReport(request);},"public virtual CreateDeliverabilityTestReportResponse CreateDeliverabilityTestReport(CreateDeliverabilityTestReportRequest request){var options = new InvokeOptions();options.RequestMarshaller = CreateDeliverabilityTestReportRequestMarshaller.Instance;options.ResponseUnmarshaller = CreateDeliverabilityTestReportResponseUnmarshaller.Instance;return Invoke<CreateDeliverabilityTestReportResponse>(request, options);}"
5820,public DeleteEgressOnlyInternetGatewayResult deleteEgressOnlyInternetGateway(DeleteEgressOnlyInternetGatewayRequest request) {request = beforeClientExecution(request);return executeDeleteEgressOnlyInternetGateway(request);},"public virtual DeleteEgressOnlyInternetGatewayResponse DeleteEgressOnlyInternetGateway(DeleteEgressOnlyInternetGatewayRequest request){var options = new InvokeOptions();options.RequestMarshaller = DeleteEgressOnlyInternetGatewayRequestMarshaller.Instance;options.ResponseUnmarshaller = DeleteEgressOnlyInternetGatewayResponseUnmarshaller.Instance;return Invoke<DeleteEgressOnlyInternetGatewayResponse>(request, options);}"
5822,public DescribeLoadBalancerPoliciesResult describeLoadBalancerPolicies(DescribeLoadBalancerPoliciesRequest request) {request = beforeClientExecution(request);return executeDescribeLoadBalancerPolicies(request);},"public virtual DescribeLoadBalancerPoliciesResponse DescribeLoadBalancerPolicies(DescribeLoadBalancerPoliciesRequest request){var options = new InvokeOptions();options.RequestMarshaller = DescribeLoadBalancerPoliciesRequestMarshaller.Instance;options.ResponseUnmarshaller = DescribeLoadBalancerPoliciesResponseUnmarshaller.Instance;return Invoke<DescribeLoadBalancerPoliciesResponse>(request, options);}"
5824,public UpdateVirtualInterfaceAttributesResult updateVirtualInterfaceAttributes(UpdateVirtualInterfaceAttributesRequest request) {request = beforeClientExecution(request);return executeUpdateVirtualInterfaceAttributes(request);},"public virtual UpdateVirtualInterfaceAttributesResponse UpdateVirtualInterfaceAttributes(UpdateVirtualInterfaceAttributesRequest request){var options = new InvokeOptions();options.RequestMarshaller = UpdateVirtualInterfaceAttributesRequestMarshaller.Instance;options.ResponseUnmarshaller = UpdateVirtualInterfaceAttributesResponseUnmarshaller.Instance;return Invoke<UpdateVirtualInterfaceAttributesResponse>(request, options);}"
5843,"public void setBackgroundImage(int pictureIndex){setPropertyValue(new EscherSimpleProperty( EscherPropertyTypes.FILL__PATTERNTEXTURE, false, true, pictureIndex));setPropertyValue(new EscherSimpleProperty( EscherPropertyTypes.FILL__FILLTYPE, false, false, FILL_TYPE_PICTURE));EscherBSERecord bse = getPatriarch().getSheet().getWorkbook().getWorkbook().getBSERecord(pictureIndex);bse.setRef(bse.getRef() + 1);}","public void SetBackgroundImage(int pictureIndex){SetPropertyValue(new EscherSimpleProperty(EscherProperties.FILL__PATTERNTEXTURE, false, true, pictureIndex));SetPropertyValue(new EscherSimpleProperty(EscherProperties.FILL__FILLTYPE, false, false, FILL_TYPE_PICTURE));EscherBSERecord bse = ((HSSFWorkbook)((HSSFPatriarch)Patriarch).Sheet.Workbook).Workbook.GetBSERecord(pictureIndex);bse.Ref = (bse.Ref + 1);}"
5856,"public ParseException generateParseException() {jj_expentries.clear();boolean[] la1tokens = new boolean[34];if (jj_kind >= 0) {la1tokens[jj_kind] = true;jj_kind = -1;}for (int i = 0; i < 25; i++) {if (jj_la1[i] == jj_gen) {for (int j = 0; j < 32; j++) {if ((jj_la1_0[i] & (1<<j)) != 0) {la1tokens[j] = true;}if ((jj_la1_1[i] & (1<<j)) != 0) {la1tokens[32+j] = true;}}}}for (int i = 0; i < 34; i++) {if (la1tokens[i]) {jj_expentry = new int[1];jj_expentry[0] = i;jj_expentries.add(jj_expentry);}}jj_endpos = 0;jj_rescan_token();jj_add_error_token(0, 0);int[][] exptokseq = new int[jj_expentries.size()][];for (int i = 0; i < jj_expentries.size(); i++) {exptokseq[i] = jj_expentries.get(i);}return new ParseException(token, exptokseq, tokenImage);}","public virtual ParseException GenerateParseException(){jj_expentries.Clear();bool[] la1tokens = new bool[24];if (jj_kind >= 0){la1tokens[jj_kind] = true;jj_kind = -1;}for (int i = 0; i < 10; i++){if (jj_la1[i] == jj_gen){for (int j = 0; j < 32; j++){if ((jj_la1_0[i] & (1 << j)) != 0){la1tokens[j] = true;}}}}for (int i = 0; i < 24; i++){if (la1tokens[i]){jj_expentry = new int[1];jj_expentry[0] = i;jj_expentries.Add(jj_expentry);}}jj_endpos = 0;Jj_rescan_token();Jj_add_error_token(0, 0);int[][] exptokseq = new int[jj_expentries.Count][];for (int i = 0; i < jj_expentries.Count; i++){exptokseq[i] = jj_expentries[i];}return new ParseException(Token, exptokseq, QueryParserConstants.TokenImage);}"
5864,"public DirCacheEntry(byte[] path, int stage) {checkPath(path);if (stage < 0 || 3 < stage)throw new IllegalArgumentException(MessageFormat.format(JGitText.get().invalidStageForPath,stage, toString(path)));info = new byte[INFO_LEN];infoOffset = 0;this.path = path;int flags = ((stage & 0x3) << 12);if (path.length < NAME_MASK)flags |= path.length;elseflags |= NAME_MASK;NB.encodeInt16(info, infoOffset + P_FLAGS, flags);}","public DirCacheEntry(byte[] newPath, int stage){if (!IsValidPath(newPath)){throw new InvalidPathException(ToString(newPath));}if (stage < 0 || 3 < stage){throw new ArgumentException(MessageFormat.Format(JGitText.Get().invalidStageForPath, stage, ToString(newPath)));}info = new byte[INFO_LEN];infoOffset = 0;path = newPath;int flags = ((stage & unchecked((int)(0x3))) << 12);if (path.Length < NAME_MASK){flags |= path.Length;}else{flags |= NAME_MASK;}NB.EncodeInt16(info, infoOffset + P_FLAGS, flags);}"
5897,public GetDefaultCreditSpecificationResult getDefaultCreditSpecification(GetDefaultCreditSpecificationRequest request) {request = beforeClientExecution(request);return executeGetDefaultCreditSpecification(request);},"public virtual GetDefaultCreditSpecificationResponse GetDefaultCreditSpecification(GetDefaultCreditSpecificationRequest request){var options = new InvokeOptions();options.RequestMarshaller = GetDefaultCreditSpecificationRequestMarshaller.Instance;options.ResponseUnmarshaller = GetDefaultCreditSpecificationResponseUnmarshaller.Instance;return Invoke<GetDefaultCreditSpecificationResponse>(request, options);}"
5902,public CreateMatchmakingConfigurationResult createMatchmakingConfiguration(CreateMatchmakingConfigurationRequest request) {request = beforeClientExecution(request);return executeCreateMatchmakingConfiguration(request);},"public virtual CreateMatchmakingConfigurationResponse CreateMatchmakingConfiguration(CreateMatchmakingConfigurationRequest request){var options = new InvokeOptions();options.RequestMarshaller = CreateMatchmakingConfigurationRequestMarshaller.Instance;options.ResponseUnmarshaller = CreateMatchmakingConfigurationResponseUnmarshaller.Instance;return Invoke<CreateMatchmakingConfigurationResponse>(request, options);}"
5926,public DeleteVpcPeeringAuthorizationResult deleteVpcPeeringAuthorization(DeleteVpcPeeringAuthorizationRequest request) {request = beforeClientExecution(request);return executeDeleteVpcPeeringAuthorization(request);},"public virtual DeleteVpcPeeringAuthorizationResponse DeleteVpcPeeringAuthorization(DeleteVpcPeeringAuthorizationRequest request){var options = new InvokeOptions();options.RequestMarshaller = DeleteVpcPeeringAuthorizationRequestMarshaller.Instance;options.ResponseUnmarshaller = DeleteVpcPeeringAuthorizationResponseUnmarshaller.Instance;return Invoke<DeleteVpcPeeringAuthorizationResponse>(request, options);}"
5937,public CreateNotebookInstanceLifecycleConfigResult createNotebookInstanceLifecycleConfig(CreateNotebookInstanceLifecycleConfigRequest request) {request = beforeClientExecution(request);return executeCreateNotebookInstanceLifecycleConfig(request);},"public virtual CreateNotebookInstanceLifecycleConfigResponse CreateNotebookInstanceLifecycleConfig(CreateNotebookInstanceLifecycleConfigRequest request){var options = new InvokeOptions();options.RequestMarshaller = CreateNotebookInstanceLifecycleConfigRequestMarshaller.Instance;options.ResponseUnmarshaller = CreateNotebookInstanceLifecycleConfigResponseUnmarshaller.Instance;return Invoke<CreateNotebookInstanceLifecycleConfigResponse>(request, options);}"
5943,public DeleteUsageReportSubscriptionResult deleteUsageReportSubscription(DeleteUsageReportSubscriptionRequest request) {request = beforeClientExecution(request);return executeDeleteUsageReportSubscription(request);},"public virtual DeleteUsageReportSubscriptionResponse DeleteUsageReportSubscription(DeleteUsageReportSubscriptionRequest request){var options = new InvokeOptions();options.RequestMarshaller = DeleteUsageReportSubscriptionRequestMarshaller.Instance;options.ResponseUnmarshaller = DeleteUsageReportSubscriptionResponseUnmarshaller.Instance;return Invoke<DeleteUsageReportSubscriptionResponse>(request, options);}"
5952,public GlobalReplicationGroup createGlobalReplicationGroup(CreateGlobalReplicationGroupRequest request) {request = beforeClientExecution(request);return executeCreateGlobalReplicationGroup(request);},"public virtual CreateGlobalReplicationGroupResponse CreateGlobalReplicationGroup(CreateGlobalReplicationGroupRequest request){var options = new InvokeOptions();options.RequestMarshaller = CreateGlobalReplicationGroupRequestMarshaller.Instance;options.ResponseUnmarshaller = CreateGlobalReplicationGroupResponseUnmarshaller.Instance;return Invoke<CreateGlobalReplicationGroupResponse>(request, options);}"
5976,public GlobalReplicationGroup deleteGlobalReplicationGroup(DeleteGlobalReplicationGroupRequest request) {request = beforeClientExecution(request);return executeDeleteGlobalReplicationGroup(request);},"public virtual DeleteGlobalReplicationGroupResponse DeleteGlobalReplicationGroup(DeleteGlobalReplicationGroupRequest request){var options = new InvokeOptions();options.RequestMarshaller = DeleteGlobalReplicationGroupRequestMarshaller.Instance;options.ResponseUnmarshaller = DeleteGlobalReplicationGroupResponseUnmarshaller.Instance;return Invoke<DeleteGlobalReplicationGroupResponse>(request, options);}"
5986,public ListFieldLevelEncryptionProfilesResult listFieldLevelEncryptionProfiles(ListFieldLevelEncryptionProfilesRequest request) {request = beforeClientExecution(request);return executeListFieldLevelEncryptionProfiles(request);},"public virtual ListFieldLevelEncryptionProfilesResponse ListFieldLevelEncryptionProfiles(ListFieldLevelEncryptionProfilesRequest request){var options = new InvokeOptions();options.RequestMarshaller = ListFieldLevelEncryptionProfilesRequestMarshaller.Instance;options.ResponseUnmarshaller = ListFieldLevelEncryptionProfilesResponseUnmarshaller.Instance;return Invoke<ListFieldLevelEncryptionProfilesResponse>(request, options);}"
6004,public AllocateConnectionOnInterconnectResult allocateConnectionOnInterconnect(AllocateConnectionOnInterconnectRequest request) {request = beforeClientExecution(request);return executeAllocateConnectionOnInterconnect(request);},"public virtual AllocateConnectionOnInterconnectResponse AllocateConnectionOnInterconnect(AllocateConnectionOnInterconnectRequest request){var options = new InvokeOptions();options.RequestMarshaller = AllocateConnectionOnInterconnectRequestMarshaller.Instance;options.ResponseUnmarshaller = AllocateConnectionOnInterconnectResponseUnmarshaller.Instance;return Invoke<AllocateConnectionOnInterconnectResponse>(request, options);}"
6013,public GetIdentityPoolConfigurationResult getIdentityPoolConfiguration(GetIdentityPoolConfigurationRequest request) {request = beforeClientExecution(request);return executeGetIdentityPoolConfiguration(request);},"public virtual GetIdentityPoolConfigurationResponse GetIdentityPoolConfiguration(GetIdentityPoolConfigurationRequest request){var options = new InvokeOptions();options.RequestMarshaller = GetIdentityPoolConfigurationRequestMarshaller.Instance;options.ResponseUnmarshaller = GetIdentityPoolConfigurationResponseUnmarshaller.Instance;return Invoke<GetIdentityPoolConfigurationResponse>(request, options);}"
6028,"public interface Experiments extends SupportsCreating<Experiment.DefinitionStages.Blank>, HasInner<ExperimentsInner> {Observable<Experiment> getAsync(String resourceGroupName, String workspaceName, String experimentName);Observable<Experiment> listByWorkspaceAsync(final String resourceGroupName, final String workspaceName);Completable deleteAsync(String resourceGroupName, String workspaceName, String experimentName);}","public async Task<AzureOperationResponse> DeleteWithHttpMessagesAsync(string resourceGroupName, string workspaceName, string experimentName, Dictionary<string, List<string>> customHeaders = null, CancellationToken cancellationToken = default(CancellationToken)){AzureOperationResponse _response = await BeginDeleteWithHttpMessagesAsync(resourceGroupName, workspaceName, experimentName, customHeaders, cancellationToken).ConfigureAwait(false);return await Client.GetPostOrDeleteOperationResultAsync(_response, customHeaders, cancellationToken).ConfigureAwait(false);}"
6033,public ListResolverRuleAssociationsResult listResolverRuleAssociations(ListResolverRuleAssociationsRequest request) {request = beforeClientExecution(request);return executeListResolverRuleAssociations(request);},"public virtual ListResolverRuleAssociationsResponse ListResolverRuleAssociations(ListResolverRuleAssociationsRequest request){var options = new InvokeOptions();options.RequestMarshaller = ListResolverRuleAssociationsRequestMarshaller.Instance;options.ResponseUnmarshaller = ListResolverRuleAssociationsResponseUnmarshaller.Instance;return Invoke<ListResolverRuleAssociationsResponse>(request, options);}"
6083,public DescribeSpotInstanceRequestsResult describeSpotInstanceRequests(DescribeSpotInstanceRequestsRequest request) {request = beforeClientExecution(request);return executeDescribeSpotInstanceRequests(request);},"public virtual DescribeSpotInstanceRequestsResponse DescribeSpotInstanceRequests(DescribeSpotInstanceRequestsRequest request){var options = new InvokeOptions();options.RequestMarshaller = DescribeSpotInstanceRequestsRequestMarshaller.Instance;options.ResponseUnmarshaller = DescribeSpotInstanceRequestsResponseUnmarshaller.Instance;return Invoke<DescribeSpotInstanceRequestsResponse>(request, options);}"
6084,public UpdateFieldLevelEncryptionConfigResult updateFieldLevelEncryptionConfig(UpdateFieldLevelEncryptionConfigRequest request) {request = beforeClientExecution(request);return executeUpdateFieldLevelEncryptionConfig(request);},"public virtual UpdateFieldLevelEncryptionConfigResponse UpdateFieldLevelEncryptionConfig(UpdateFieldLevelEncryptionConfigRequest request){var options = new InvokeOptions();options.RequestMarshaller = UpdateFieldLevelEncryptionConfigRequestMarshaller.Instance;options.ResponseUnmarshaller = UpdateFieldLevelEncryptionConfigResponseUnmarshaller.Instance;return Invoke<UpdateFieldLevelEncryptionConfigResponse>(request, options);}"
6120,public UpdateDevicePolicyConfigurationResult updateDevicePolicyConfiguration(UpdateDevicePolicyConfigurationRequest request) {request = beforeClientExecution(request);return executeUpdateDevicePolicyConfiguration(request);},"public virtual UpdateDevicePolicyConfigurationResponse UpdateDevicePolicyConfiguration(UpdateDevicePolicyConfigurationRequest request){var options = new InvokeOptions();options.RequestMarshaller = UpdateDevicePolicyConfigurationRequestMarshaller.Instance;options.ResponseUnmarshaller = UpdateDevicePolicyConfigurationResponseUnmarshaller.Instance;return Invoke<UpdateDevicePolicyConfigurationResponse>(request, options);}"
6168,"public List<Token> getHiddenTokensToRight(int tokenIndex, int channel) {lazyInit();if ( tokenIndex<0 || tokenIndex>=tokens.size() ) {throw new IndexOutOfBoundsException(tokenIndex+"" not in 0..""+(tokens.size()-1));}int nextOnChannel =nextTokenOnChannel(tokenIndex + 1, Lexer.DEFAULT_TOKEN_CHANNEL);int to;int from = tokenIndex+1;if ( nextOnChannel == -1 ) to = size()-1;else to = nextOnChannel;return filterForChannel(from, to, channel);}","public virtual IList<IToken> GetHiddenTokensToRight(int tokenIndex, int channel){LazyInit();if (tokenIndex < 0 || tokenIndex >= tokens.Count){throw new ArgumentOutOfRangeException(tokenIndex + "" not in 0.."" + (tokens.Count - 1));}int nextOnChannel = NextTokenOnChannel(tokenIndex + 1, Lexer.DefaultTokenChannel);int to;int from = tokenIndex + 1;if (nextOnChannel == -1){to = Size - 1;}else{to = nextOnChannel;}return FilterForChannel(from, to, channel);}"
6170,public CustomAvailabilityZone deleteCustomAvailabilityZone(DeleteCustomAvailabilityZoneRequest request) {request = beforeClientExecution(request);return executeDeleteCustomAvailabilityZone(request);},"public virtual DeleteCustomAvailabilityZoneResponse DeleteCustomAvailabilityZone(DeleteCustomAvailabilityZoneRequest request){var options = new InvokeOptions();options.RequestMarshaller = DeleteCustomAvailabilityZoneRequestMarshaller.Instance;options.ResponseUnmarshaller = DeleteCustomAvailabilityZoneResponseUnmarshaller.Instance;return Invoke<DeleteCustomAvailabilityZoneResponse>(request, options);}"
6181,public DescribeVpcPeeringAuthorizationsResult describeVpcPeeringAuthorizations(DescribeVpcPeeringAuthorizationsRequest request) {request = beforeClientExecution(request);return executeDescribeVpcPeeringAuthorizations(request);},"public virtual DescribeVpcPeeringAuthorizationsResponse DescribeVpcPeeringAuthorizations(DescribeVpcPeeringAuthorizationsRequest request){var options = new InvokeOptions();options.RequestMarshaller = DescribeVpcPeeringAuthorizationsRequestMarshaller.Instance;options.ResponseUnmarshaller = DescribeVpcPeeringAuthorizationsResponseUnmarshaller.Instance;return Invoke<DescribeVpcPeeringAuthorizationsResponse>(request, options);}"
6235,public DescribeBrokerInstanceOptionsResult describeBrokerInstanceOptions(DescribeBrokerInstanceOptionsRequest request) {request = beforeClientExecution(request);return executeDescribeBrokerInstanceOptions(request);},"public virtual DescribeBrokerInstanceOptionsResponse DescribeBrokerInstanceOptions(DescribeBrokerInstanceOptionsRequest request){var options = new InvokeOptions();options.RequestMarshaller = DescribeBrokerInstanceOptionsRequestMarshaller.Instance;options.ResponseUnmarshaller = DescribeBrokerInstanceOptionsResponseUnmarshaller.Instance;return Invoke<DescribeBrokerInstanceOptionsResponse>(request, options);}"
6251,public DescribeEgressOnlyInternetGatewaysResult describeEgressOnlyInternetGateways(DescribeEgressOnlyInternetGatewaysRequest request) {request = beforeClientExecution(request);return executeDescribeEgressOnlyInternetGateways(request);},"public virtual DescribeEgressOnlyInternetGatewaysResponse DescribeEgressOnlyInternetGateways(DescribeEgressOnlyInternetGatewaysRequest request){var options = new InvokeOptions();options.RequestMarshaller = DescribeEgressOnlyInternetGatewaysRequestMarshaller.Instance;options.ResponseUnmarshaller = DescribeEgressOnlyInternetGatewaysResponseUnmarshaller.Instance;return Invoke<DescribeEgressOnlyInternetGatewaysResponse>(request, options);}"
6276,public CreateTransitGatewayPeeringAttachmentResult createTransitGatewayPeeringAttachment(CreateTransitGatewayPeeringAttachmentRequest request) {request = beforeClientExecution(request);return executeCreateTransitGatewayPeeringAttachment(request);},"public virtual CreateTransitGatewayPeeringAttachmentResponse CreateTransitGatewayPeeringAttachment(CreateTransitGatewayPeeringAttachmentRequest request){var options = new InvokeOptions();options.RequestMarshaller = CreateTransitGatewayPeeringAttachmentRequestMarshaller.Instance;options.ResponseUnmarshaller = CreateTransitGatewayPeeringAttachmentResponseUnmarshaller.Instance;return Invoke<CreateTransitGatewayPeeringAttachmentResponse>(request, options);}"
6291,"public void visitContainedRecords(RecordVisitor rv) {int nRegions = _mergedRegions.size();if (nRegions < 1) {return;}int nFullMergedCellsRecords = nRegions / MAX_MERGED_REGIONS;int nLeftoverMergedRegions = nRegions % MAX_MERGED_REGIONS;CellRangeAddress[] cras = new CellRangeAddress[nRegions];_mergedRegions.toArray(cras);for (int i = 0; i < nFullMergedCellsRecords; i++) {int startIx = i * MAX_MERGED_REGIONS;rv.visitRecord(new MergeCellsRecord(cras, startIx, MAX_MERGED_REGIONS));}if (nLeftoverMergedRegions > 0) {int startIx = nFullMergedCellsRecords * MAX_MERGED_REGIONS;rv.visitRecord(new MergeCellsRecord(cras, startIx, nLeftoverMergedRegions));}}","public override void VisitContainedRecords(RecordVisitor rv){int nRegions = _mergedRegions.Count;if (nRegions < 1){return;}int nFullMergedCellsRecords = nRegions / MAX_MERGED_REGIONS;int nLeftoverMergedRegions = nRegions % MAX_MERGED_REGIONS;CellRangeAddress[] cras = (CellRangeAddress[])_mergedRegions.ToArray();for (int i = 0; i < nFullMergedCellsRecords; i++){int startIx = i * MAX_MERGED_REGIONS;rv.VisitRecord(new MergeCellsRecord(cras, startIx, MAX_MERGED_REGIONS));}if (nLeftoverMergedRegions > 0){int startIx = nFullMergedCellsRecords * MAX_MERGED_REGIONS;rv.VisitRecord(new MergeCellsRecord(cras, startIx, nLeftoverMergedRegions));}}"
6321,public DisassociateWebsiteCertificateAuthorityResult disassociateWebsiteCertificateAuthority(DisassociateWebsiteCertificateAuthorityRequest request) {request = beforeClientExecution(request);return executeDisassociateWebsiteCertificateAuthority(request);},"public virtual DisassociateWebsiteCertificateAuthorityResponse DisassociateWebsiteCertificateAuthority(DisassociateWebsiteCertificateAuthorityRequest request){var options = new InvokeOptions();options.RequestMarshaller = DisassociateWebsiteCertificateAuthorityRequestMarshaller.Instance;options.ResponseUnmarshaller = DisassociateWebsiteCertificateAuthorityResponseUnmarshaller.Instance;return Invoke<DisassociateWebsiteCertificateAuthorityResponse>(request, options);}"
6322,public DeleteTransitGatewayVpcAttachmentResult deleteTransitGatewayVpcAttachment(DeleteTransitGatewayVpcAttachmentRequest request) {request = beforeClientExecution(request);return executeDeleteTransitGatewayVpcAttachment(request);},"public virtual DeleteTransitGatewayVpcAttachmentResponse DeleteTransitGatewayVpcAttachment(DeleteTransitGatewayVpcAttachmentRequest request){var options = new InvokeOptions();options.RequestMarshaller = DeleteTransitGatewayVpcAttachmentRequestMarshaller.Instance;options.ResponseUnmarshaller = DeleteTransitGatewayVpcAttachmentResponseUnmarshaller.Instance;return Invoke<DeleteTransitGatewayVpcAttachmentResponse>(request, options);}"
6332,public DescribeLaunchTemplateVersionsResult describeLaunchTemplateVersions(DescribeLaunchTemplateVersionsRequest request) {request = beforeClientExecution(request);return executeDescribeLaunchTemplateVersions(request);},"public virtual DescribeLaunchTemplateVersionsResponse DescribeLaunchTemplateVersions(DescribeLaunchTemplateVersionsRequest request){var options = new InvokeOptions();options.RequestMarshaller = DescribeLaunchTemplateVersionsRequestMarshaller.Instance;options.ResponseUnmarshaller = DescribeLaunchTemplateVersionsResponseUnmarshaller.Instance;return Invoke<DescribeLaunchTemplateVersionsResponse>(request, options);}"
6370,public GetVoiceConnectorLoggingConfigurationResult getVoiceConnectorLoggingConfiguration(GetVoiceConnectorLoggingConfigurationRequest request) {request = beforeClientExecution(request);return executeGetVoiceConnectorLoggingConfiguration(request);},"public virtual GetVoiceConnectorLoggingConfigurationResponse GetVoiceConnectorLoggingConfiguration(GetVoiceConnectorLoggingConfigurationRequest request){var options = new InvokeOptions();options.RequestMarshaller = GetVoiceConnectorLoggingConfigurationRequestMarshaller.Instance;options.ResponseUnmarshaller = GetVoiceConnectorLoggingConfigurationResponseUnmarshaller.Instance;return Invoke<GetVoiceConnectorLoggingConfigurationResponse>(request, options);}"
6384,public StartDeliveryStreamEncryptionResult startDeliveryStreamEncryption(StartDeliveryStreamEncryptionRequest request) {request = beforeClientExecution(request);return executeStartDeliveryStreamEncryption(request);},"public virtual StartDeliveryStreamEncryptionResponse StartDeliveryStreamEncryption(StartDeliveryStreamEncryptionRequest request){var options = new InvokeOptions();options.RequestMarshaller = StartDeliveryStreamEncryptionRequestMarshaller.Instance;options.ResponseUnmarshaller = StartDeliveryStreamEncryptionResponseUnmarshaller.Instance;return Invoke<StartDeliveryStreamEncryptionResponse>(request, options);}"
6408,public DisassociateTransitGatewayRouteTableResult disassociateTransitGatewayRouteTable(DisassociateTransitGatewayRouteTableRequest request) {request = beforeClientExecution(request);return executeDisassociateTransitGatewayRouteTable(request);},"public virtual DisassociateTransitGatewayRouteTableResponse DisassociateTransitGatewayRouteTable(DisassociateTransitGatewayRouteTableRequest request){var options = new InvokeOptions();options.RequestMarshaller = DisassociateTransitGatewayRouteTableRequestMarshaller.Instance;options.ResponseUnmarshaller = DisassociateTransitGatewayRouteTableResponseUnmarshaller.Instance;return Invoke<DisassociateTransitGatewayRouteTableResponse>(request, options);}"
6490,"public void buildFieldConfig(FieldConfig fieldConfig) {DateTools.Resolution dateRes = null;Map<CharSequence, DateTools.Resolution> dateResMap = this.config.get(ConfigurationKeys.FIELD_DATE_RESOLUTION_MAP);if (dateResMap != null) {dateRes = dateResMap.get(fieldConfig.getField());}if (dateRes == null) {dateRes = this.config.get(ConfigurationKeys.DATE_RESOLUTION);}if (dateRes != null) {fieldConfig.set(ConfigurationKeys.DATE_RESOLUTION, dateRes);}}","public virtual void BuildFieldConfig(FieldConfig fieldConfig){DateTools.Resolution? dateRes = null;IDictionary<string, DateTools.Resolution?> dateResMap = this.config.Get(ConfigurationKeys.FIELD_DATE_RESOLUTION_MAP);if (dateResMap != null){dateResMap.TryGetValue(fieldConfig.Field, out dateRes);}if (dateRes == null){dateRes = this.config.Get(ConfigurationKeys.DATE_RESOLUTION);}if (dateRes != null){fieldConfig.Set(ConfigurationKeys.DATE_RESOLUTION, dateRes.Value);}}"
6509,public ResourcePendingMaintenanceActions applyPendingMaintenanceAction(ApplyPendingMaintenanceActionRequest request) {request = beforeClientExecution(request);return executeApplyPendingMaintenanceAction(request);},"public virtual ApplyPendingMaintenanceActionResponse ApplyPendingMaintenanceAction(ApplyPendingMaintenanceActionRequest request){var options = new InvokeOptions();options.RequestMarshaller = ApplyPendingMaintenanceActionRequestMarshaller.Instance;options.ResponseUnmarshaller = ApplyPendingMaintenanceActionResponseUnmarshaller.Instance;return Invoke<ApplyPendingMaintenanceActionResponse>(request, options);}"
6520,public AuthorizeSecurityGroupEgressResult authorizeSecurityGroupEgress(AuthorizeSecurityGroupEgressRequest request) {request = beforeClientExecution(request);return executeAuthorizeSecurityGroupEgress(request);},"public virtual AuthorizeSecurityGroupEgressResponse AuthorizeSecurityGroupEgress(AuthorizeSecurityGroupEgressRequest request){var options = new InvokeOptions();options.RequestMarshaller = AuthorizeSecurityGroupEgressRequestMarshaller.Instance;options.ResponseUnmarshaller = AuthorizeSecurityGroupEgressResponseUnmarshaller.Instance;return Invoke<AuthorizeSecurityGroupEgressResponse>(request, options);}"
6547,"public void dumpDeadEndConfigs(NoViableAltException nvae) {System.err.println(""dead end configs: "");for (ATNConfig c : nvae.getDeadEndConfigs()) {String trans = ""no edges"";if ( c.state.getNumberOfTransitions()>0 ) {Transition t = c.state.transition(0);if ( t instanceof AtomTransition) {AtomTransition at = (AtomTransition)t;trans = ""Atom ""+getTokenName(at.label);}else if ( t instanceof SetTransition ) {SetTransition st = (SetTransition)t;boolean not = st instanceof NotSetTransition;trans = (not?""~"":"""")+""Set ""+st.set.toString();}}System.err.println(c.toString(parser, true)+"":""+trans);}}","public void DumpDeadEndConfigs(NoViableAltException nvae){System.Console.Error.WriteLine(""dead end configs: "");foreach (ATNConfig c in nvae.DeadEndConfigs.configs){String trans = ""no edges"";if (c.state.NumberOfTransitions > 0){Transition t = c.state.Transition(0);if (t is AtomTransition){AtomTransition at = (AtomTransition)t;trans = ""Atom "" + GetTokenName(at.token);}else if (t is SetTransition){SetTransition st = (SetTransition)t;bool not = st is NotSetTransition;trans = (not ? ""~"" : """") + ""Set "" + st.set.ToString();}}System.Console.Error.WriteLine(c.ToString(parser, true) + "":"" + trans);}}"
6555,"public HSSFName getNameAt(int nameIndex) {int nNames = names.size();if (nNames < 1) {throw new IllegalStateException(""There are no defined names in this workbook"");}if (nameIndex < 0 || nameIndex > nNames) {throw new IllegalArgumentException(""Specified name index "" + nameIndex+ "" is outside the allowable range (0.."" + (nNames-1) + "")."");}return names.get(nameIndex);}","public NPOI.SS.UserModel.IName GetNameAt(int nameIndex){int nNames = names.Count;if (nNames < 1){throw new InvalidOperationException(""There are no defined names in this workbook"");}if (nameIndex < 0 || nameIndex > nNames){throw new ArgumentOutOfRangeException(""Specified name index "" + nameIndex+ "" is outside the allowable range (0.."" + (nNames - 1) + "")."");}HSSFName result = names[nameIndex];return result;}"
6570,"public OpenNLPLemmatizerFilterFactory(Map<String,String> args) {super(args);dictionaryFile = get(args, DICTIONARY);lemmatizerModelFile = get(args, LEMMATIZER_MODEL);if (dictionaryFile == null && lemmatizerModelFile == null) {throw new IllegalArgumentException(""Configuration Error: missing parameter: at least one of '""+ DICTIONARY + ""' and '"" + LEMMATIZER_MODEL + ""' must be provided."");}if (!args.isEmpty()) {throw new IllegalArgumentException(""Unknown parameters: "" + args);}}","public OpenNLPLemmatizerFilterFactory(IDictionary<string, string> args): base(args){dictionaryFile = Get(args, DICTIONARY);lemmatizerModelFile = Get(args, LEMMATIZER_MODEL);if (dictionaryFile == null && lemmatizerModelFile == null){throw new ArgumentException(""Configuration Error: missing parameter: at least one of '""+ DICTIONARY + ""' and '"" + LEMMATIZER_MODEL + ""' must be provided."");}if (args.Any()){throw new ArgumentException(""Unknown parameters: "" + args);}}"
6575,public WorkflowExecutionInfos listClosedWorkflowExecutions(ListClosedWorkflowExecutionsRequest request) {request = beforeClientExecution(request);return executeListClosedWorkflowExecutions(request);},"public virtual ListClosedWorkflowExecutionsResponse ListClosedWorkflowExecutions(ListClosedWorkflowExecutionsRequest request){var options = new InvokeOptions();options.RequestMarshaller = ListClosedWorkflowExecutionsRequestMarshaller.Instance;options.ResponseUnmarshaller = ListClosedWorkflowExecutionsResponseUnmarshaller.Instance;return Invoke<ListClosedWorkflowExecutionsResponse>(request, options);}"
6599,public CreateStreamingDistributionWithTagsResult createStreamingDistributionWithTags(CreateStreamingDistributionWithTagsRequest request) {request = beforeClientExecution(request);return executeCreateStreamingDistributionWithTags(request);},"public virtual CreateStreamingDistributionWithTagsResponse CreateStreamingDistributionWithTags(CreateStreamingDistributionWithTagsRequest request){var options = new InvokeOptions();options.RequestMarshaller = CreateStreamingDistributionWithTagsRequestMarshaller.Instance;options.ResponseUnmarshaller = CreateStreamingDistributionWithTagsResponseUnmarshaller.Instance;return Invoke<CreateStreamingDistributionWithTagsResponse>(request, options);}"
6600,public DescribeNotificationSubscriptionsResult describeNotificationSubscriptions(DescribeNotificationSubscriptionsRequest request) {request = beforeClientExecution(request);return executeDescribeNotificationSubscriptions(request);},"public virtual DescribeNotificationSubscriptionsResponse DescribeNotificationSubscriptions(DescribeNotificationSubscriptionsRequest request){var options = new InvokeOptions();options.RequestMarshaller = DescribeNotificationSubscriptionsRequestMarshaller.Instance;options.ResponseUnmarshaller = DescribeNotificationSubscriptionsResponseUnmarshaller.Instance;return Invoke<DescribeNotificationSubscriptionsResponse>(request, options);}"
6618,"public static void registerFunction(String name, Function func){FunctionMetadata metaData = FunctionMetadataRegistry.getFunctionByName(name);if(metaData == null) {if(AnalysisToolPak.isATPFunction(name)) {throw new IllegalArgumentException(name + "" is a function from the Excel Analysis Toolpack. "" +""Use AnalysisToolpack.registerFunction(String name, FreeRefFunction func) instead."");}throw new IllegalArgumentException(""Unknown function: "" + name);}int idx = metaData.getIndex();if(functions[idx] instanceof NotImplementedFunction) {functions[idx] = func;} else {throw new IllegalArgumentException(""POI already implememts "" + name +"". You cannot override POI's implementations of Excel functions"");}}","public static void RegisterFunction(String name, Function func){FunctionMetadata metaData = FunctionMetadataRegistry.GetFunctionByName(name);if (metaData == null){if (AnalysisToolPak.IsATPFunction(name)){throw new ArgumentException(name + "" is a function from the Excel Analysis Toolpack. "" +""Use AnalysisToolpack.RegisterFunction(String name, FreeRefFunction func) instead."");}else{throw new ArgumentException(""Unknown function: "" + name);}}int idx = metaData.Index;if (functions[idx] is NotImplementedFunction){functions[idx] = func;}else{throw new ArgumentException(""POI already implememts "" + name +"". You cannot override POI's implementations of Excel functions"");}}"
6630,public DescribeNetworkInterfaceAttributeResult describeNetworkInterfaceAttribute(DescribeNetworkInterfaceAttributeRequest request) {request = beforeClientExecution(request);return executeDescribeNetworkInterfaceAttribute(request);},"public virtual DescribeNetworkInterfaceAttributeResponse DescribeNetworkInterfaceAttribute(DescribeNetworkInterfaceAttributeRequest request){var options = new InvokeOptions();options.RequestMarshaller = DescribeNetworkInterfaceAttributeRequestMarshaller.Instance;options.ResponseUnmarshaller = DescribeNetworkInterfaceAttributeResponseUnmarshaller.Instance;return Invoke<DescribeNetworkInterfaceAttributeResponse>(request, options);}"
6650,public RemoveTagsFromOnPremisesInstancesResult removeTagsFromOnPremisesInstances(RemoveTagsFromOnPremisesInstancesRequest request) {request = beforeClientExecution(request);return executeRemoveTagsFromOnPremisesInstances(request);},"public virtual RemoveTagsFromOnPremisesInstancesResponse RemoveTagsFromOnPremisesInstances(RemoveTagsFromOnPremisesInstancesRequest request){var options = new InvokeOptions();options.RequestMarshaller = RemoveTagsFromOnPremisesInstancesRequestMarshaller.Instance;options.ResponseUnmarshaller = RemoveTagsFromOnPremisesInstancesResponseUnmarshaller.Instance;return Invoke<RemoveTagsFromOnPremisesInstancesResponse>(request, options);}"
6692,public PutConfigurationSetTrackingOptionsResult putConfigurationSetTrackingOptions(PutConfigurationSetTrackingOptionsRequest request) {request = beforeClientExecution(request);return executePutConfigurationSetTrackingOptions(request);},"public virtual PutConfigurationSetTrackingOptionsResponse PutConfigurationSetTrackingOptions(PutConfigurationSetTrackingOptionsRequest request){var options = new InvokeOptions();options.RequestMarshaller = PutConfigurationSetTrackingOptionsRequestMarshaller.Instance;options.ResponseUnmarshaller = PutConfigurationSetTrackingOptionsResponseUnmarshaller.Instance;return Invoke<PutConfigurationSetTrackingOptionsResponse>(request, options);}"
6706,public RegisterInstanceEventNotificationAttributesResult registerInstanceEventNotificationAttributes(RegisterInstanceEventNotificationAttributesRequest request) {request = beforeClientExecution(request);return executeRegisterInstanceEventNotificationAttributes(request);},"public virtual RegisterInstanceEventNotificationAttributesResponse RegisterInstanceEventNotificationAttributes(RegisterInstanceEventNotificationAttributesRequest request){var options = new InvokeOptions();options.RequestMarshaller = RegisterInstanceEventNotificationAttributesRequestMarshaller.Instance;options.ResponseUnmarshaller = RegisterInstanceEventNotificationAttributesResponseUnmarshaller.Instance;return Invoke<RegisterInstanceEventNotificationAttributesResponse>(request, options);}"
6721,public GetRelationalDatabaseBundlesResult getRelationalDatabaseBundles(GetRelationalDatabaseBundlesRequest request) {request = beforeClientExecution(request);return executeGetRelationalDatabaseBundles(request);},"public virtual GetRelationalDatabaseBundlesResponse GetRelationalDatabaseBundles(GetRelationalDatabaseBundlesRequest request){var options = new InvokeOptions();options.RequestMarshaller = GetRelationalDatabaseBundlesRequestMarshaller.Instance;options.ResponseUnmarshaller = GetRelationalDatabaseBundlesResponseUnmarshaller.Instance;return Invoke<GetRelationalDatabaseBundlesResponse>(request, options);}"
6752,public ListTypedLinkFacetAttributesResult listTypedLinkFacetAttributes(ListTypedLinkFacetAttributesRequest request) {request = beforeClientExecution(request);return executeListTypedLinkFacetAttributes(request);},"public virtual ListTypedLinkFacetAttributesResponse ListTypedLinkFacetAttributes(ListTypedLinkFacetAttributesRequest request){var options = new InvokeOptions();options.RequestMarshaller = ListTypedLinkFacetAttributesRequestMarshaller.Instance;options.ResponseUnmarshaller = ListTypedLinkFacetAttributesResponseUnmarshaller.Instance;return Invoke<ListTypedLinkFacetAttributesResponse>(request, options);}"
6780,"public static IndexWriterConfig createWriterConfig(Config config, PerfRunData runData, OpenMode mode, IndexCommit commit) {IndexWriterConfig iwConf = new IndexWriterConfig(runData.getAnalyzer());iwConf.setOpenMode(mode);IndexDeletionPolicy indexDeletionPolicy = getIndexDeletionPolicy(config);iwConf.setIndexDeletionPolicy(indexDeletionPolicy);if (commit != null) {iwConf.setIndexCommit(commit);}final String mergeScheduler = config.get(""merge.scheduler"",""org.apache.lucene.index.ConcurrentMergeScheduler"");if (mergeScheduler.equals(NoMergeScheduler.class.getName())) {iwConf.setMergeScheduler(NoMergeScheduler.INSTANCE);} else {try {iwConf.setMergeScheduler(Class.forName(mergeScheduler).asSubclass(MergeScheduler.class).getConstructor().newInstance());} catch (Exception e) {}}}","public static IndexWriterConfig CreateWriterConfig(Config config, PerfRunData runData, OpenMode mode, IndexCommit commit){LuceneVersion version = (LuceneVersion)Enum.Parse(typeof(LuceneVersion), config.Get(""writer.version"", LuceneVersion.LUCENE_48.ToString()));IndexWriterConfig iwConf = new IndexWriterConfig(version, runData.Analyzer);iwConf.OpenMode = mode;IndexDeletionPolicy indexDeletionPolicy = GetIndexDeletionPolicy(config);iwConf.IndexDeletionPolicy = indexDeletionPolicy;if (commit != null)iwConf.IndexCommit = commit;string mergeScheduler = config.Get(""merge.scheduler"",""Lucene.Net.Index.ConcurrentMergeScheduler, Lucene.Net"");if (mergeScheduler.Contains("".ConcurrentMergeScheduler,"")){mergeScheduler = ""Lucene.Net.Index.TaskMergeScheduler, Lucene.Net"";}Type mergeSchedulerType = Type.GetType(mergeScheduler);if (mergeSchedulerType == null){throw new Exception(""Unrecognized merge scheduler type '"" + mergeScheduler + ""'"");}else if (mergeSchedulerType.Equals(typeof(NoMergeScheduler))){iwConf.MergeScheduler = NoMergeScheduler.INSTANCE;}else{try{iwConf.MergeScheduler = (IMergeScheduler)Activator.CreateInstance(mergeSchedulerType);}catch (Exception e){}}}"
6818,public DescribeLocalGatewayRouteTableVpcAssociationsResult describeLocalGatewayRouteTableVpcAssociations(DescribeLocalGatewayRouteTableVpcAssociationsRequest request) {request = beforeClientExecution(request);return executeDescribeLocalGatewayRouteTableVpcAssociations(request);},"public virtual DescribeLocalGatewayRouteTableVpcAssociationsResponse DescribeLocalGatewayRouteTableVpcAssociations(DescribeLocalGatewayRouteTableVpcAssociationsRequest request){var options = new InvokeOptions();options.RequestMarshaller = DescribeLocalGatewayRouteTableVpcAssociationsRequestMarshaller.Instance;options.ResponseUnmarshaller = DescribeLocalGatewayRouteTableVpcAssociationsResponseUnmarshaller.Instance;return Invoke<DescribeLocalGatewayRouteTableVpcAssociationsResponse>(request, options);}"
6835,public GetRelationalDatabaseMasterUserPasswordResult getRelationalDatabaseMasterUserPassword(GetRelationalDatabaseMasterUserPasswordRequest request) {request = beforeClientExecution(request);return executeGetRelationalDatabaseMasterUserPassword(request);},"public virtual GetRelationalDatabaseMasterUserPasswordResponse GetRelationalDatabaseMasterUserPassword(GetRelationalDatabaseMasterUserPasswordRequest request){var options = new InvokeOptions();options.RequestMarshaller = GetRelationalDatabaseMasterUserPasswordRequestMarshaller.Instance;options.ResponseUnmarshaller = GetRelationalDatabaseMasterUserPasswordResponseUnmarshaller.Instance;return Invoke<GetRelationalDatabaseMasterUserPasswordResponse>(request, options);}"
6840,public DescribeVpcClassicLinkDnsSupportResult describeVpcClassicLinkDnsSupport(DescribeVpcClassicLinkDnsSupportRequest request) {request = beforeClientExecution(request);return executeDescribeVpcClassicLinkDnsSupport(request);},"public virtual DescribeVpcClassicLinkDnsSupportResponse DescribeVpcClassicLinkDnsSupport(DescribeVpcClassicLinkDnsSupportRequest request){var options = new InvokeOptions();options.RequestMarshaller = DescribeVpcClassicLinkDnsSupportRequestMarshaller.Instance;options.ResponseUnmarshaller = DescribeVpcClassicLinkDnsSupportResponseUnmarshaller.Instance;return Invoke<DescribeVpcClassicLinkDnsSupportResponse>(request, options);}"
6864,public CreateHyperParameterTuningJobResult createHyperParameterTuningJob(CreateHyperParameterTuningJobRequest request) {request = beforeClientExecution(request);return executeCreateHyperParameterTuningJob(request);},"public virtual CreateHyperParameterTuningJobResponse CreateHyperParameterTuningJob(CreateHyperParameterTuningJobRequest request){var options = new InvokeOptions();options.RequestMarshaller = CreateHyperParameterTuningJobRequestMarshaller.Instance;options.ResponseUnmarshaller = CreateHyperParameterTuningJobResponseUnmarshaller.Instance;return Invoke<CreateHyperParameterTuningJobResponse>(request, options);}"
6868,public CreateBusinessReportScheduleResult createBusinessReportSchedule(CreateBusinessReportScheduleRequest request) {request = beforeClientExecution(request);return executeCreateBusinessReportSchedule(request);},"public virtual CreateBusinessReportScheduleResponse CreateBusinessReportSchedule(CreateBusinessReportScheduleRequest request){var options = new InvokeOptions();options.RequestMarshaller = CreateBusinessReportScheduleRequestMarshaller.Instance;options.ResponseUnmarshaller = CreateBusinessReportScheduleResponseUnmarshaller.Instance;return Invoke<CreateBusinessReportScheduleResponse>(request, options);}"
6877,public SetLoadBalancerPoliciesForBackendServerResult setLoadBalancerPoliciesForBackendServer(SetLoadBalancerPoliciesForBackendServerRequest request) {request = beforeClientExecution(request);return executeSetLoadBalancerPoliciesForBackendServer(request);},"public virtual SetLoadBalancerPoliciesForBackendServerResponse SetLoadBalancerPoliciesForBackendServer(SetLoadBalancerPoliciesForBackendServerRequest request){var options = new InvokeOptions();options.RequestMarshaller = SetLoadBalancerPoliciesForBackendServerRequestMarshaller.Instance;options.ResponseUnmarshaller = SetLoadBalancerPoliciesForBackendServerResponseUnmarshaller.Instance;return Invoke<SetLoadBalancerPoliciesForBackendServerResponse>(request, options);}"
6883,public StartVpcEndpointServicePrivateDnsVerificationResult startVpcEndpointServicePrivateDnsVerification(StartVpcEndpointServicePrivateDnsVerificationRequest request) {request = beforeClientExecution(request);return executeStartVpcEndpointServicePrivateDnsVerification(request);},"public virtual StartVpcEndpointServicePrivateDnsVerificationResponse StartVpcEndpointServicePrivateDnsVerification(StartVpcEndpointServicePrivateDnsVerificationRequest request){var options = new InvokeOptions();options.RequestMarshaller = StartVpcEndpointServicePrivateDnsVerificationRequestMarshaller.Instance;options.ResponseUnmarshaller = StartVpcEndpointServicePrivateDnsVerificationResponseUnmarshaller.Instance;return Invoke<StartVpcEndpointServicePrivateDnsVerificationResponse>(request, options);}"
6886,"public void visitContainedRecords(RecordVisitor rv) {PositionTrackingVisitor stv = new PositionTrackingVisitor(rv, 0);final int blockCount = getRowBlockCount();for (int blockIndex = 0; blockIndex < blockCount; blockIndex++) {int pos=0;final int rowBlockSize = visitRowRecordsForBlock(blockIndex, rv);pos += rowBlockSize;final int startRowNumber = getStartRowNumberForBlock(blockIndex);final int endRowNumber = getEndRowNumberForBlock(blockIndex);final List<Short> cellOffsets = new ArrayList<>();int cellRefOffset = (rowBlockSize - RowRecord.ENCODED_SIZE);for (int row = startRowNumber; row <= endRowNumber; row++) {if (_valuesAgg.rowHasCells(row)) {stv.setPosition(0);_valuesAgg.visitCellsForRow(row, stv);int rowCellSize = stv.getPosition();pos += rowCellSize;cellOffsets.add((short)cellRefOffset);cellRefOffset = rowCellSize;}}rv.visitRecord(new DBCellRecord(pos, shortListToArray(cellOffsets)));}_unknownRecords.forEach(rv::visitRecord);}","public override void VisitContainedRecords(RecordVisitor rv){PositionTrackingVisitor stv = new PositionTrackingVisitor(rv, 0);int blockCount = this.RowBlockCount;for (int blockIndex = 0; blockIndex < blockCount; blockIndex++){int pos = 0;int rowBlockSize = VisitRowRecordsForBlock(blockIndex, rv);pos += rowBlockSize;int startRowNumber = GetStartRowNumberForBlock(blockIndex);int endRowNumber = GetEndRowNumberForBlock(blockIndex);DBCellRecord cellRecord = new DBCellRecord();int cellRefOffset = (rowBlockSize - RowRecord.ENCODED_SIZE);for (int row = startRowNumber; row <= endRowNumber; row++){if (_valuesAgg.RowHasCells(row)){stv.Position = 0;_valuesAgg.VisitCellsForRow(row, stv);int rowCellSize = stv.Position;pos += rowCellSize;cellRecord.AddCellOffset((short)cellRefOffset);cellRefOffset = rowCellSize;}}cellRecord.RowOffset = (pos);rv.VisitRecord(cellRecord);}for (int i = 0; i < _unknownRecords.Count; i++){rv.VisitRecord((Record)_unknownRecords[i]);}}"
6916,public GlobalReplicationGroup disassociateGlobalReplicationGroup(DisassociateGlobalReplicationGroupRequest request) {request = beforeClientExecution(request);return executeDisassociateGlobalReplicationGroup(request);},"public virtual DisassociateGlobalReplicationGroupResponse DisassociateGlobalReplicationGroup(DisassociateGlobalReplicationGroupRequest request){var options = new InvokeOptions();options.RequestMarshaller = DisassociateGlobalReplicationGroupRequestMarshaller.Instance;options.ResponseUnmarshaller = DisassociateGlobalReplicationGroupResponseUnmarshaller.Instance;return Invoke<DisassociateGlobalReplicationGroupResponse>(request, options);}"
6918,public PagedList<DedicatedCapacityInner> listByResourceGroup(String resourceGroupName) {PageImpl<DedicatedCapacityInner> page = new PageImpl<>();page.setItems(listByResourceGroupWithServiceResponseAsync(resourceGroupName).toBlocking().single().body());page.setNextPageLink(null);return new PagedList<DedicatedCapacityInner>(page) {@Overridepublic Page<DedicatedCapacityInner> nextPage(String nextPageLink) {return null;}};},"public async Task<AzureOperationResponse<IEnumerable<DedicatedCapacity>>> ListByResourceGroupWithHttpMessagesAsync(string resourceGroupName, Dictionary<string, List<string>> customHeaders = null, CancellationToken cancellationToken = default(CancellationToken)){return await innerCapacityOperations.ListByResourceGroupWithHttpMessagesAsync(resourceGroupName, customHeaders, cancellationToken).ConfigureAwait(false);}"
6927,public DeleteNotificationConfigurationResult deleteNotificationConfiguration(DeleteNotificationConfigurationRequest request) {request = beforeClientExecution(request);return executeDeleteNotificationConfiguration(request);},"public virtual DeleteNotificationConfigurationResponse DeleteNotificationConfiguration(DeleteNotificationConfigurationRequest request){var options = new InvokeOptions();options.RequestMarshaller = DeleteNotificationConfigurationRequestMarshaller.Instance;options.ResponseUnmarshaller = DeleteNotificationConfigurationResponseUnmarshaller.Instance;return Invoke<DeleteNotificationConfigurationResponse>(request, options);}"
6941,public DeleteFieldLevelEncryptionConfigResult deleteFieldLevelEncryptionConfig(DeleteFieldLevelEncryptionConfigRequest request) {request = beforeClientExecution(request);return executeDeleteFieldLevelEncryptionConfig(request);},"public virtual DeleteFieldLevelEncryptionConfigResponse DeleteFieldLevelEncryptionConfig(DeleteFieldLevelEncryptionConfigRequest request){var options = new InvokeOptions();options.RequestMarshaller = DeleteFieldLevelEncryptionConfigRequestMarshaller.Instance;options.ResponseUnmarshaller = DeleteFieldLevelEncryptionConfigResponseUnmarshaller.Instance;return Invoke<DeleteFieldLevelEncryptionConfigResponse>(request, options);}"
6981,public RemoveAllResourcePermissionsResult removeAllResourcePermissions(RemoveAllResourcePermissionsRequest request) {request = beforeClientExecution(request);return executeRemoveAllResourcePermissions(request);},"public virtual RemoveAllResourcePermissionsResponse RemoveAllResourcePermissions(RemoveAllResourcePermissionsRequest request){var options = new InvokeOptions();options.RequestMarshaller = RemoveAllResourcePermissionsRequestMarshaller.Instance;options.ResponseUnmarshaller = RemoveAllResourcePermissionsResponseUnmarshaller.Instance;return Invoke<RemoveAllResourcePermissionsResponse>(request, options);}"
6993,public AddApplicationReferenceDataSourceResult addApplicationReferenceDataSource(AddApplicationReferenceDataSourceRequest request) {request = beforeClientExecution(request);return executeAddApplicationReferenceDataSource(request);},"public virtual AddApplicationReferenceDataSourceResponse AddApplicationReferenceDataSource(AddApplicationReferenceDataSourceRequest request){var options = new InvokeOptions();options.RequestMarshaller = AddApplicationReferenceDataSourceRequestMarshaller.Instance;options.ResponseUnmarshaller = AddApplicationReferenceDataSourceResponseUnmarshaller.Instance;return Invoke<AddApplicationReferenceDataSourceResponse>(request, options);}"
7016,"public static Boolean coerceValueToBoolean(ValueEval ve, boolean stringsAreBlanks) throws EvaluationException {if (ve == null || ve == BlankEval.instance) {return null;}if (ve instanceof BoolEval) {return Boolean.valueOf(((BoolEval) ve).getBooleanValue());}if (ve instanceof StringEval) {if (stringsAreBlanks) {return null;}String str = ((StringEval) ve).getStringValue();if (str.equalsIgnoreCase(""true"")) {return Boolean.TRUE;}if (str.equalsIgnoreCase(""false"")) {return Boolean.FALSE;}throw new EvaluationException(ErrorEval.VALUE_INVALID);}if (ve instanceof NumericValueEval) {NumericValueEval ne = (NumericValueEval) ve;double d = ne.getNumberValue();if (Double.isNaN(d)) {throw new EvaluationException(ErrorEval.VALUE_INVALID);}return Boolean.valueOf(d != 0);}if (ve instanceof ErrorEval) {throw new EvaluationException((ErrorEval) ve);}throw new RuntimeException(""Unexpected eval ("" + ve.getClass().getName() + "")"");}","public static Boolean? CoerceValueToBoolean(ValueEval ve, bool stringsAreBlanks){if (ve == null || ve == BlankEval.instance){return null;}if (ve is BoolEval){return ((BoolEval)ve).BooleanValue;}if (ve is StringEval){if (stringsAreBlanks){return null;}String str = ((StringEval)ve).StringValue;if (str.Equals(""true"", StringComparison.OrdinalIgnoreCase)){return true;}if (str.Equals(""false"", StringComparison.OrdinalIgnoreCase)){return false;}throw new EvaluationException(ErrorEval.VALUE_INVALID);}if (ve is NumericValueEval){NumericValueEval ne = (NumericValueEval)ve;double d = ne.NumberValue;if (Double.IsNaN(d)){throw new EvaluationException(ErrorEval.VALUE_INVALID);}return d != 0;}if (ve is ErrorEval){throw new EvaluationException((ErrorEval)ve);}throw new InvalidOperationException(""Unexpected eval ("" + ve.GetType().Name + "")"");}"
7032,public DisassociateWebsiteAuthorizationProviderResult disassociateWebsiteAuthorizationProvider(DisassociateWebsiteAuthorizationProviderRequest request) {request = beforeClientExecution(request);return executeDisassociateWebsiteAuthorizationProvider(request);},"public virtual DisassociateWebsiteAuthorizationProviderResponse DisassociateWebsiteAuthorizationProvider(DisassociateWebsiteAuthorizationProviderRequest request){var options = new InvokeOptions();options.RequestMarshaller = DisassociateWebsiteAuthorizationProviderRequestMarshaller.Instance;options.ResponseUnmarshaller = DisassociateWebsiteAuthorizationProviderResponseUnmarshaller.Instance;return Invoke<DisassociateWebsiteAuthorizationProviderResponse>(request, options);}"
7048,public void requestCancelWorkflowExecution(RequestCancelWorkflowExecutionRequest request) {request = beforeClientExecution(request);executeRequestCancelWorkflowExecution(request);},"public virtual RequestCancelWorkflowExecutionResponse RequestCancelWorkflowExecution(RequestCancelWorkflowExecutionRequest request){var options = new InvokeOptions();options.RequestMarshaller = RequestCancelWorkflowExecutionRequestMarshaller.Instance;options.ResponseUnmarshaller = RequestCancelWorkflowExecutionResponseUnmarshaller.Instance;return Invoke<RequestCancelWorkflowExecutionResponse>(request, options);}"
7051,public DeleteCloudFrontOriginAccessIdentityResult deleteCloudFrontOriginAccessIdentity(DeleteCloudFrontOriginAccessIdentityRequest request) {request = beforeClientExecution(request);return executeDeleteCloudFrontOriginAccessIdentity(request);},"public virtual DeleteCloudFrontOriginAccessIdentityResponse DeleteCloudFrontOriginAccessIdentity(DeleteCloudFrontOriginAccessIdentityRequest request){var options = new InvokeOptions();options.RequestMarshaller = DeleteCloudFrontOriginAccessIdentityRequestMarshaller.Instance;options.ResponseUnmarshaller = DeleteCloudFrontOriginAccessIdentityResponseUnmarshaller.Instance;return Invoke<DeleteCloudFrontOriginAccessIdentityResponse>(request, options);}"
7057,public DBClusterSnapshotAttributesResult describeDBClusterSnapshotAttributes(DescribeDBClusterSnapshotAttributesRequest request) {request = beforeClientExecution(request);return executeDescribeDBClusterSnapshotAttributes(request);},"public virtual DescribeDBClusterSnapshotAttributesResponse DescribeDBClusterSnapshotAttributes(DescribeDBClusterSnapshotAttributesRequest request){var options = new InvokeOptions();options.RequestMarshaller = DescribeDBClusterSnapshotAttributesRequestMarshaller.Instance;options.ResponseUnmarshaller = DescribeDBClusterSnapshotAttributesResponseUnmarshaller.Instance;return Invoke<DescribeDBClusterSnapshotAttributesResponse>(request, options);}"
7068,"public ParseException generateParseException() {jj_expentries.clear();boolean[] la1tokens = new boolean[34];if (jj_kind >= 0) {la1tokens[jj_kind] = true;jj_kind = -1;}for (int i = 0; i < 25; i++) {if (jj_la1[i] == jj_gen) {for (int j = 0; j < 32; j++) {if ((jj_la1_0[i] & (1<<j)) != 0) {la1tokens[j] = true;}if ((jj_la1_1[i] & (1<<j)) != 0) {la1tokens[32+j] = true;}}}}for (int i = 0; i < 34; i++) {if (la1tokens[i]) {jj_expentry = new int[1];jj_expentry[0] = i;jj_expentries.add(jj_expentry);}}jj_endpos = 0;jj_rescan_token();jj_add_error_token(0, 0);int[][] exptokseq = new int[jj_expentries.size()][];for (int i = 0; i < jj_expentries.size(); i++) {exptokseq[i] = jj_expentries.get(i);}return new ParseException(token, exptokseq, tokenImage);}","public virtual ParseException GenerateParseException(){jj_expentries.Clear();bool[] la1tokens = new bool[33];if (jj_kind >= 0){la1tokens[jj_kind] = true;jj_kind = -1;}for (int i = 0; i < 21; i++){if (jj_la1[i] == jj_gen){for (int j = 0; j < 32; j++){if ((jj_la1_0[i] & (1 << j)) != 0){la1tokens[j] = true;}if ((jj_la1_1[i] & (1 << j)) != 0){la1tokens[32 + j] = true;}}}}for (int i = 0; i < 33; i++){if (la1tokens[i]){jj_expentry = new int[1];jj_expentry[0] = i;jj_expentries.Add(jj_expentry);}}jj_endpos = 0;Jj_rescan_token();Jj_add_error_token(0, 0);int[][] exptokseq = new int[jj_expentries.Count][];for (int i = 0; i < jj_expentries.Count; i++){exptokseq[i] = jj_expentries[i];}return new ParseException(Token, exptokseq, QueryParserConstants.TokenImage);}"
7070,public DescribeSecurityGroupReferencesResult describeSecurityGroupReferences(DescribeSecurityGroupReferencesRequest request) {request = beforeClientExecution(request);return executeDescribeSecurityGroupReferences(request);},"public virtual DescribeSecurityGroupReferencesResponse DescribeSecurityGroupReferences(DescribeSecurityGroupReferencesRequest request){var options = new InvokeOptions();options.RequestMarshaller = DescribeSecurityGroupReferencesRequestMarshaller.Instance;options.ResponseUnmarshaller = DescribeSecurityGroupReferencesResponseUnmarshaller.Instance;return Invoke<DescribeSecurityGroupReferencesResponse>(request, options);}"
7082,"public WeightedPhraseInfo( Collection< WeightedPhraseInfo > toMerge ) {Iterator< WeightedPhraseInfo > toMergeItr = toMerge.iterator();if ( !toMergeItr.hasNext() ) {throw new IllegalArgumentException( ""toMerge must contain at least one WeightedPhraseInfo."" );}WeightedPhraseInfo first = toMergeItr.next();@SuppressWarnings( { ""rawtypes"", ""unchecked"" } )Iterator< Toffs >[] allToffs = new Iterator[ toMerge.size() ];termsInfos = new ArrayList<>();seqnum = first.seqnum;boost = first.boost;allToffs[ 0 ] = first.termsOffsets.iterator();int index = 1;while ( toMergeItr.hasNext() ) {WeightedPhraseInfo info = toMergeItr.next();boost += info.boost;termsInfos.addAll( info.termsInfos );allToffs[ index++ ] = info.termsOffsets.iterator();}MergedIterator< Toffs > itr = new MergedIterator<>( false, allToffs );termsOffsets = new ArrayList<>();if ( !itr.hasNext() ) {return;}Toffs work = itr.next();while ( itr.hasNext() ) {Toffs current = itr.next();if ( current.startOffset <= work.endOffset ) {work.endOffset = Math.max( work.endOffset, current.endOffset );} else {termsOffsets.add( work );work = current;}}termsOffsets.add( work );}","public WeightedPhraseInfo(ICollection<WeightedPhraseInfo> toMerge){IEnumerator<Toffs>[] allToffs = new IEnumerator<Toffs>[toMerge.Count];try{using (IEnumerator<WeightedPhraseInfo> toMergeItr = toMerge.GetEnumerator()){if (!toMergeItr.MoveNext()){throw new ArgumentException(""toMerge must contain at least one WeightedPhraseInfo."");}WeightedPhraseInfo first = toMergeItr.Current;termsInfos = new List<TermInfo>();seqnum = first.seqnum;boost = first.boost;allToffs[0] = first.termsOffsets.GetEnumerator();int index = 1;while (toMergeItr.MoveNext()){WeightedPhraseInfo info = toMergeItr.Current;boost += info.boost;termsInfos.AddRange(info.termsInfos);allToffs[index++] = info.termsOffsets.GetEnumerator();}using (MergedIterator<Toffs> itr = new MergedIterator<Toffs>(false, allToffs)){termsOffsets = new List<Toffs>();if (!itr.MoveNext()){return;}Toffs work = itr.Current;while (itr.MoveNext()){Toffs current = itr.Current;if (current.StartOffset <= work.EndOffset){work.EndOffset = Math.Max(work.EndOffset, current.EndOffset);}else{termsOffsets.Add(work);work = current;}}termsOffsets.Add(work);}}}finally{foreach (var allToff in allToffs){allToff.Dispose();}}}"
7083,public DescribeLoadBalancerPolicyTypesResult describeLoadBalancerPolicyTypes(DescribeLoadBalancerPolicyTypesRequest request) {request = beforeClientExecution(request);return executeDescribeLoadBalancerPolicyTypes(request);},"public virtual DescribeLoadBalancerPolicyTypesResponse DescribeLoadBalancerPolicyTypes(DescribeLoadBalancerPolicyTypesRequest request){var options = new InvokeOptions();options.RequestMarshaller = DescribeLoadBalancerPolicyTypesRequestMarshaller.Instance;options.ResponseUnmarshaller = DescribeLoadBalancerPolicyTypesResponseUnmarshaller.Instance;return Invoke<DescribeLoadBalancerPolicyTypesResponse>(request, options);}"
7135,public BatchGetApplicationRevisionsResult batchGetApplicationRevisions(BatchGetApplicationRevisionsRequest request) {request = beforeClientExecution(request);return executeBatchGetApplicationRevisions(request);},"public virtual BatchGetApplicationRevisionsResponse BatchGetApplicationRevisions(BatchGetApplicationRevisionsRequest request){var options = new InvokeOptions();options.RequestMarshaller = BatchGetApplicationRevisionsRequestMarshaller.Instance;options.ResponseUnmarshaller = BatchGetApplicationRevisionsResponseUnmarshaller.Instance;return Invoke<BatchGetApplicationRevisionsResponse>(request, options);}"
7169,public DescribeAuditStreamConfigurationResult describeAuditStreamConfiguration(DescribeAuditStreamConfigurationRequest request) {request = beforeClientExecution(request);return executeDescribeAuditStreamConfiguration(request);},"public virtual DescribeAuditStreamConfigurationResponse DescribeAuditStreamConfiguration(DescribeAuditStreamConfigurationRequest request){var options = new InvokeOptions();options.RequestMarshaller = DescribeAuditStreamConfigurationRequestMarshaller.Instance;options.ResponseUnmarshaller = DescribeAuditStreamConfigurationResponseUnmarshaller.Instance;return Invoke<DescribeAuditStreamConfigurationResponse>(request, options);}"
7171,public AssociateSkillWithSkillGroupResult associateSkillWithSkillGroup(AssociateSkillWithSkillGroupRequest request) {request = beforeClientExecution(request);return executeAssociateSkillWithSkillGroup(request);},"public virtual AssociateSkillWithSkillGroupResponse AssociateSkillWithSkillGroup(AssociateSkillWithSkillGroupRequest request){var options = new InvokeOptions();options.RequestMarshaller = AssociateSkillWithSkillGroupRequestMarshaller.Instance;options.ResponseUnmarshaller = AssociateSkillWithSkillGroupResponseUnmarshaller.Instance;return Invoke<AssociateSkillWithSkillGroupResponse>(request, options);}"
7186,public DescribeReservedNodeOfferingsResult describeReservedNodeOfferings(DescribeReservedNodeOfferingsRequest request) {request = beforeClientExecution(request);return executeDescribeReservedNodeOfferings(request);},"public virtual DescribeReservedNodeOfferingsResponse DescribeReservedNodeOfferings(DescribeReservedNodeOfferingsRequest request){var options = new InvokeOptions();options.RequestMarshaller = DescribeReservedNodeOfferingsRequestMarshaller.Instance;options.ResponseUnmarshaller = DescribeReservedNodeOfferingsResponseUnmarshaller.Instance;return Invoke<DescribeReservedNodeOfferingsResponse>(request, options);}"
7197,public DescribeUserHierarchyStructureResult describeUserHierarchyStructure(DescribeUserHierarchyStructureRequest request) {request = beforeClientExecution(request);return executeDescribeUserHierarchyStructure(request);},"public virtual DescribeUserHierarchyStructureResponse DescribeUserHierarchyStructure(DescribeUserHierarchyStructureRequest request){var options = new InvokeOptions();options.RequestMarshaller = DescribeUserHierarchyStructureRequestMarshaller.Instance;options.ResponseUnmarshaller = DescribeUserHierarchyStructureResponseUnmarshaller.Instance;return Invoke<DescribeUserHierarchyStructureResponse>(request, options);}"
7201,public GetIdentityVerificationAttributesResult getIdentityVerificationAttributes(GetIdentityVerificationAttributesRequest request) {request = beforeClientExecution(request);return executeGetIdentityVerificationAttributes(request);},"public virtual GetIdentityVerificationAttributesResponse GetIdentityVerificationAttributes(GetIdentityVerificationAttributesRequest request){var options = new InvokeOptions();options.RequestMarshaller = GetIdentityVerificationAttributesRequestMarshaller.Instance;options.ResponseUnmarshaller = GetIdentityVerificationAttributesResponseUnmarshaller.Instance;return Invoke<GetIdentityVerificationAttributesResponse>(request, options);}"
7206,public DescribeOrganizationConfigurationResult describeOrganizationConfiguration(DescribeOrganizationConfigurationRequest request) {request = beforeClientExecution(request);return executeDescribeOrganizationConfiguration(request);},"public virtual DescribeOrganizationConfigurationResponse DescribeOrganizationConfiguration(DescribeOrganizationConfigurationRequest request){var options = new InvokeOptions();options.RequestMarshaller = DescribeOrganizationConfigurationRequestMarshaller.Instance;options.ResponseUnmarshaller = DescribeOrganizationConfigurationResponseUnmarshaller.Instance;return Invoke<DescribeOrganizationConfigurationResponse>(request, options);}"
7216,public DeleteApnsVoipSandboxChannelResult deleteApnsVoipSandboxChannel(DeleteApnsVoipSandboxChannelRequest request) {request = beforeClientExecution(request);return executeDeleteApnsVoipSandboxChannel(request);},"public virtual DeleteApnsVoipSandboxChannelResponse DeleteApnsVoipSandboxChannel(DeleteApnsVoipSandboxChannelRequest request){var options = new InvokeOptions();options.RequestMarshaller = DeleteApnsVoipSandboxChannelRequestMarshaller.Instance;options.ResponseUnmarshaller = DeleteApnsVoipSandboxChannelResponseUnmarshaller.Instance;return Invoke<DeleteApnsVoipSandboxChannelResponse>(request, options);}"
7255,public GlobalReplicationGroup increaseNodeGroupsInGlobalReplicationGroup(IncreaseNodeGroupsInGlobalReplicationGroupRequest request) {request = beforeClientExecution(request);return executeIncreaseNodeGroupsInGlobalReplicationGroup(request);},"public virtual IncreaseNodeGroupsInGlobalReplicationGroupResponse IncreaseNodeGroupsInGlobalReplicationGroup(IncreaseNodeGroupsInGlobalReplicationGroupRequest request){var options = new InvokeOptions();options.RequestMarshaller = IncreaseNodeGroupsInGlobalReplicationGroupRequestMarshaller.Instance;options.ResponseUnmarshaller = IncreaseNodeGroupsInGlobalReplicationGroupResponseUnmarshaller.Instance;return Invoke<IncreaseNodeGroupsInGlobalReplicationGroupResponse>(request, options);}"
7257,public DescribeTerminationPolicyTypesResult describeTerminationPolicyTypes(DescribeTerminationPolicyTypesRequest request) {request = beforeClientExecution(request);return executeDescribeTerminationPolicyTypes(request);},"public virtual DescribeTerminationPolicyTypesResponse DescribeTerminationPolicyTypes(DescribeTerminationPolicyTypesRequest request){var options = new InvokeOptions();options.RequestMarshaller = DescribeTerminationPolicyTypesRequestMarshaller.Instance;options.ResponseUnmarshaller = DescribeTerminationPolicyTypesResponseUnmarshaller.Instance;return Invoke<DescribeTerminationPolicyTypesResponse>(request, options);}"
7362,public DescribeLoadBalancerAttributesResult describeLoadBalancerAttributes(DescribeLoadBalancerAttributesRequest request) {request = beforeClientExecution(request);return executeDescribeLoadBalancerAttributes(request);},"public virtual DescribeLoadBalancerAttributesResponse DescribeLoadBalancerAttributes(DescribeLoadBalancerAttributesRequest request){var options = new InvokeOptions();options.RequestMarshaller = DescribeLoadBalancerAttributesRequestMarshaller.Instance;options.ResponseUnmarshaller = DescribeLoadBalancerAttributesResponseUnmarshaller.Instance;return Invoke<DescribeLoadBalancerAttributesResponse>(request, options);}"
7372,public TerminateInstanceInAutoScalingGroupResult terminateInstanceInAutoScalingGroup(TerminateInstanceInAutoScalingGroupRequest request) {request = beforeClientExecution(request);return executeTerminateInstanceInAutoScalingGroup(request);},"public virtual TerminateInstanceInAutoScalingGroupResponse TerminateInstanceInAutoScalingGroup(TerminateInstanceInAutoScalingGroupRequest request){var options = new InvokeOptions();options.RequestMarshaller = TerminateInstanceInAutoScalingGroupRequestMarshaller.Instance;options.ResponseUnmarshaller = TerminateInstanceInAutoScalingGroupResponseUnmarshaller.Instance;return Invoke<TerminateInstanceInAutoScalingGroupResponse>(request, options);}"
7377,public GlobalReplicationGroup failoverGlobalReplicationGroup(FailoverGlobalReplicationGroupRequest request) {request = beforeClientExecution(request);return executeFailoverGlobalReplicationGroup(request);},"public virtual FailoverGlobalReplicationGroupResponse FailoverGlobalReplicationGroup(FailoverGlobalReplicationGroupRequest request){var options = new InvokeOptions();options.RequestMarshaller = FailoverGlobalReplicationGroupRequestMarshaller.Instance;options.ResponseUnmarshaller = FailoverGlobalReplicationGroupResponseUnmarshaller.Instance;return Invoke<FailoverGlobalReplicationGroupResponse>(request, options);}"
7382,"public synchronized void setMaxMergesAndThreads(int maxMergeCount, int maxThreadCount) {if (maxMergeCount == AUTO_DETECT_MERGES_AND_THREADS && maxThreadCount == AUTO_DETECT_MERGES_AND_THREADS) {this.maxMergeCount = AUTO_DETECT_MERGES_AND_THREADS;this.maxThreadCount = AUTO_DETECT_MERGES_AND_THREADS;} else if (maxMergeCount == AUTO_DETECT_MERGES_AND_THREADS) {throw new IllegalArgumentException(""both maxMergeCount and maxThreadCount must be AUTO_DETECT_MERGES_AND_THREADS"");} else if (maxThreadCount == AUTO_DETECT_MERGES_AND_THREADS) {throw new IllegalArgumentException(""both maxMergeCount and maxThreadCount must be AUTO_DETECT_MERGES_AND_THREADS"");} else {if (maxThreadCount < 1) {throw new IllegalArgumentException(""maxThreadCount should be at least 1"");}if (maxMergeCount < 1) {throw new IllegalArgumentException(""maxMergeCount should be at least 1"");}if (maxThreadCount > maxMergeCount) {throw new IllegalArgumentException(""maxThreadCount should be <= maxMergeCount (= "" + maxMergeCount + "")"");}this.maxThreadCount = maxThreadCount;this.maxMergeCount = maxMergeCount;}}","public virtual void SetMaxMergesAndThreads(int maxMergeCount, int maxThreadCount){if (maxThreadCount < 1){throw new System.ArgumentException(""maxThreadCount should be at least 1"");}if (maxMergeCount < 1){throw new System.ArgumentException(""maxMergeCount should be at least 1"");}if (maxThreadCount > maxMergeCount){throw new System.ArgumentException(""maxThreadCount should be <= maxMergeCount (= "" + maxMergeCount + "")"");}this.maxThreadCount = maxThreadCount;this.maxMergeCount = maxMergeCount;}"
7398,"public ExternalSheet getExternalSheet(int externSheetIndex) {ExternalSheet sheet = _iBook.getExternalSheet(externSheetIndex);if (sheet == null) {int localSheetIndex = convertFromExternSheetIndex(externSheetIndex);if (localSheetIndex == -1) {return null;}if (localSheetIndex == -2) {return null;}String sheetName = getSheetName(localSheetIndex);int lastLocalSheetIndex = _iBook.getLastSheetIndexFromExternSheetIndex(externSheetIndex);if (lastLocalSheetIndex == localSheetIndex) {sheet = new ExternalSheet(null, sheetName);} else {String lastSheetName = getSheetName(lastLocalSheetIndex);sheet = new ExternalSheetRange(null, sheetName, lastSheetName);}}return sheet;}","public ExternalSheet GetExternalSheet(int externSheetIndex){ExternalSheet sheet = _iBook.GetExternalSheet(externSheetIndex);if (sheet == null){int localSheetIndex = ConvertFromExternSheetIndex(externSheetIndex);if (localSheetIndex == -1){return null;}if (localSheetIndex == -2){return null;}String sheetName = GetSheetName(localSheetIndex);int lastLocalSheetIndex = _iBook.GetLastSheetIndexFromExternSheetIndex(externSheetIndex);if (lastLocalSheetIndex == localSheetIndex){sheet = new ExternalSheet(null, sheetName);}else{String lastSheetName = GetSheetName(lastLocalSheetIndex);sheet = new ExternalSheetRange(null, sheetName, lastSheetName);}}return sheet;}"
7414,public AcceptDomainTransferFromAnotherAwsAccountResult acceptDomainTransferFromAnotherAwsAccount(AcceptDomainTransferFromAnotherAwsAccountRequest request) {request = beforeClientExecution(request);return executeAcceptDomainTransferFromAnotherAwsAccount(request);},"public virtual AcceptDomainTransferFromAnotherAwsAccountResponse AcceptDomainTransferFromAnotherAwsAccount(AcceptDomainTransferFromAnotherAwsAccountRequest request){var options = new InvokeOptions();options.RequestMarshaller = AcceptDomainTransferFromAnotherAwsAccountRequestMarshaller.Instance;options.ResponseUnmarshaller = AcceptDomainTransferFromAnotherAwsAccountResponseUnmarshaller.Instance;return Invoke<AcceptDomainTransferFromAnotherAwsAccountResponse>(request, options);}"
7465,"public WriteAccessRecord(RecordInputStream in) {if (in.remaining() > DATA_SIZE) {throw new RecordFormatException(""Expected data size ("" + DATA_SIZE + "") but got (""+ in.remaining() + "")"");}int nChars = in.readUShort();int is16BitFlag = in.readUByte();if (nChars > DATA_SIZE || (is16BitFlag & 0xFE) != 0) {byte[] data = new byte[3 + in.remaining()];LittleEndian.putUShort(data, 0, nChars);LittleEndian.putByte(data, 2, is16BitFlag);in.readFully(data, 3, data.length-3);String rawValue = new String(data, StringUtil.UTF8);setUsername(rawValue.trim());return;}String rawText;if ((is16BitFlag & 0x01) == 0x00) {rawText = StringUtil.readCompressedUnicode(in, nChars);} else {rawText = StringUtil.readUnicodeLE(in, nChars);}field_1_username = rawText.trim();int padSize = in.remaining();while (padSize > 0) {in.readUByte();padSize--;}}","public WriteAccessRecord(RecordInputStream in1){if (in1.Remaining > DATA_SIZE){throw new RecordFormatException(""Expected data size ("" + DATA_SIZE + "") but got (""+ in1.Remaining + "")"");}int nChars = in1.ReadUShort();int is16BitFlag = in1.ReadUByte();if (nChars > DATA_SIZE || (is16BitFlag & 0xFE) != 0){byte[] data = new byte[3 + in1.Remaining];LittleEndian.PutUShort(data, 0, nChars);LittleEndian.PutByte(data, 2, is16BitFlag);in1.ReadFully(data, 3, data.Length - 3);char[] data1=new char[data.Length];for (int i = 0; i < data.Length; i++){data1[i] = (char)data[i];}String rawValue = new String(data1);Username = rawValue.Trim();return;}String rawText;if ((is16BitFlag & 0x01) == 0x00){rawText = StringUtil.ReadCompressedUnicode(in1, nChars);}else{rawText = StringUtil.ReadUnicodeLE(in1, nChars);}field_1_username = rawText.Trim();int padSize = in1.Remaining;while (padSize > 0){in1.ReadUByte();padSize--;}}"
7476,public GlobalReplicationGroup decreaseNodeGroupsInGlobalReplicationGroup(DecreaseNodeGroupsInGlobalReplicationGroupRequest request) {request = beforeClientExecution(request);return executeDecreaseNodeGroupsInGlobalReplicationGroup(request);},"public virtual DecreaseNodeGroupsInGlobalReplicationGroupResponse DecreaseNodeGroupsInGlobalReplicationGroup(DecreaseNodeGroupsInGlobalReplicationGroupRequest request){var options = new InvokeOptions();options.RequestMarshaller = DecreaseNodeGroupsInGlobalReplicationGroupRequestMarshaller.Instance;options.ResponseUnmarshaller = DecreaseNodeGroupsInGlobalReplicationGroupResponseUnmarshaller.Instance;return Invoke<DecreaseNodeGroupsInGlobalReplicationGroupResponse>(request, options);}"
7495,public DescribeAutoScalingNotificationTypesResult describeAutoScalingNotificationTypes(DescribeAutoScalingNotificationTypesRequest request) {request = beforeClientExecution(request);return executeDescribeAutoScalingNotificationTypes(request);},"public virtual DescribeAutoScalingNotificationTypesResponse DescribeAutoScalingNotificationTypes(DescribeAutoScalingNotificationTypesRequest request){var options = new InvokeOptions();options.RequestMarshaller = DescribeAutoScalingNotificationTypesRequestMarshaller.Instance;options.ResponseUnmarshaller = DescribeAutoScalingNotificationTypesResponseUnmarshaller.Instance;return Invoke<DescribeAutoScalingNotificationTypesResponse>(request, options);}"
7522,public GetTrafficPolicyInstanceCountResult getTrafficPolicyInstanceCount(GetTrafficPolicyInstanceCountRequest request) {request = beforeClientExecution(request);return executeGetTrafficPolicyInstanceCount(request);},"public virtual GetTrafficPolicyInstanceCountResponse GetTrafficPolicyInstanceCount(GetTrafficPolicyInstanceCountRequest request){var options = new InvokeOptions();options.RequestMarshaller = GetTrafficPolicyInstanceCountRequestMarshaller.Instance;options.ResponseUnmarshaller = GetTrafficPolicyInstanceCountResponseUnmarshaller.Instance;return Invoke<GetTrafficPolicyInstanceCountResponse>(request, options);}"
7524,public DefaultClusterParameters describeDefaultClusterParameters(DescribeDefaultClusterParametersRequest request) {request = beforeClientExecution(request);return executeDescribeDefaultClusterParameters(request);},"public virtual DescribeDefaultClusterParametersResponse DescribeDefaultClusterParameters(DescribeDefaultClusterParametersRequest request){var options = new InvokeOptions();options.RequestMarshaller = DescribeDefaultClusterParametersRequestMarshaller.Instance;options.ResponseUnmarshaller = DescribeDefaultClusterParametersResponseUnmarshaller.Instance;return Invoke<DescribeDefaultClusterParametersResponse>(request, options);}"
7562,"public ParseException generateParseException() {jj_expentries.clear();boolean[] la1tokens = new boolean[34];if (jj_kind >= 0) {la1tokens[jj_kind] = true;jj_kind = -1;}for (int i = 0; i < 25; i++) {if (jj_la1[i] == jj_gen) {for (int j = 0; j < 32; j++) {if ((jj_la1_0[i] & (1<<j)) != 0) {la1tokens[j] = true;}if ((jj_la1_1[i] & (1<<j)) != 0) {la1tokens[32+j] = true;}}}}for (int i = 0; i < 34; i++) {if (la1tokens[i]) {jj_expentry = new int[1];jj_expentry[0] = i;jj_expentries.add(jj_expentry);}}jj_endpos = 0;jj_rescan_token();jj_add_error_token(0, 0);int[][] exptokseq = new int[jj_expentries.size()][];for (int i = 0; i < jj_expentries.size(); i++) {exptokseq[i] = jj_expentries.get(i);}return new ParseException(token, exptokseq, tokenImage);}","public virtual ParseException GenerateParseException(){jj_expentries.Clear();bool[] la1tokens = new bool[34];if (jj_kind >= 0){la1tokens[jj_kind] = true;jj_kind = -1;}for (int i = 0; i < 28; i++){if (jj_la1[i] == jj_gen){for (int j = 0; j < 32; j++){if ((jj_la1_0[i] & (1 << j)) != 0){la1tokens[j] = true;}if ((jj_la1_1[i] & (1 << j)) != 0){la1tokens[32 + j] = true;}}}}for (int i = 0; i < 34; i++){if (la1tokens[i]){jj_expentry = new int[1];jj_expentry[0] = i;jj_expentries.Add(jj_expentry);}}jj_endpos = 0;Jj_rescan_token();Jj_add_error_token(0, 0);int[][] exptokseq = new int[jj_expentries.Count][];for (int i = 0; i < jj_expentries.Count; i++){exptokseq[i] = jj_expentries[i];}return new ParseException(Token, exptokseq, StandardSyntaxParserConstants.TokenImage);}"
7567,public DescribeDominantLanguageDetectionJobResult describeDominantLanguageDetectionJob(DescribeDominantLanguageDetectionJobRequest request) {request = beforeClientExecution(request);return executeDescribeDominantLanguageDetectionJob(request);},"public virtual DescribeDominantLanguageDetectionJobResponse DescribeDominantLanguageDetectionJob(DescribeDominantLanguageDetectionJobRequest request){var options = new InvokeOptions();options.RequestMarshaller = DescribeDominantLanguageDetectionJobRequestMarshaller.Instance;options.ResponseUnmarshaller = DescribeDominantLanguageDetectionJobResponseUnmarshaller.Instance;return Invoke<DescribeDominantLanguageDetectionJobResponse>(request, options);}"
7588,public ListSkillsStoreSkillsByCategoryResult listSkillsStoreSkillsByCategory(ListSkillsStoreSkillsByCategoryRequest request) {request = beforeClientExecution(request);return executeListSkillsStoreSkillsByCategory(request);},"public virtual ListSkillsStoreSkillsByCategoryResponse ListSkillsStoreSkillsByCategory(ListSkillsStoreSkillsByCategoryRequest request){var options = new InvokeOptions();options.RequestMarshaller = ListSkillsStoreSkillsByCategoryRequestMarshaller.Instance;options.ResponseUnmarshaller = ListSkillsStoreSkillsByCategoryResponseUnmarshaller.Instance;return Invoke<ListSkillsStoreSkillsByCategoryResponse>(request, options);}"
7592,public DescribeDBInstanceAutomatedBackupsResult describeDBInstanceAutomatedBackups(DescribeDBInstanceAutomatedBackupsRequest request) {request = beforeClientExecution(request);return executeDescribeDBInstanceAutomatedBackups(request);},"public virtual DescribeDBInstanceAutomatedBackupsResponse DescribeDBInstanceAutomatedBackups(DescribeDBInstanceAutomatedBackupsRequest request){var options = new InvokeOptions();options.RequestMarshaller = DescribeDBInstanceAutomatedBackupsRequestMarshaller.Instance;options.ResponseUnmarshaller = DescribeDBInstanceAutomatedBackupsResponseUnmarshaller.Instance;return Invoke<DescribeDBInstanceAutomatedBackupsResponse>(request, options);}"
7644,public DescribeDataSourcePermissionsResult describeDataSourcePermissions(DescribeDataSourcePermissionsRequest request) {request = beforeClientExecution(request);return executeDescribeDataSourcePermissions(request);},"public virtual DescribeDataSourcePermissionsResponse DescribeDataSourcePermissions(DescribeDataSourcePermissionsRequest request){var options = new InvokeOptions();options.RequestMarshaller = DescribeDataSourcePermissionsRequestMarshaller.Instance;options.ResponseUnmarshaller = DescribeDataSourcePermissionsResponseUnmarshaller.Instance;return Invoke<DescribeDataSourcePermissionsResponse>(request, options);}"
7686,public ModifyInstanceCreditSpecificationResult modifyInstanceCreditSpecification(ModifyInstanceCreditSpecificationRequest request) {request = beforeClientExecution(request);return executeModifyInstanceCreditSpecification(request);},"public virtual ModifyInstanceCreditSpecificationResponse ModifyInstanceCreditSpecification(ModifyInstanceCreditSpecificationRequest request){var options = new InvokeOptions();options.RequestMarshaller = ModifyInstanceCreditSpecificationRequestMarshaller.Instance;options.ResponseUnmarshaller = ModifyInstanceCreditSpecificationResponseUnmarshaller.Instance;return Invoke<ModifyInstanceCreditSpecificationResponse>(request, options);}"
7691,"public ATNConfig precedenceTransition(ATNConfig config,PrecedencePredicateTransition pt,boolean collectPredicates,boolean inContext,boolean fullCtx){if ( debug ) {System.out.println(""PRED (collectPredicates=""+collectPredicates+"") ""+pt.precedence+"">=_p""+"", ctx dependent=true"");if ( parser != null ) {System.out.println(""context surrounding pred is ""+parser.getRuleInvocationStack());}}ATNConfig c = null;if (collectPredicates && inContext) {if ( fullCtx ) {int currentPosition = _input.index();_input.seek(_startIndex);boolean predSucceeds = evalSemanticContext(pt.getPredicate(), _outerContext, config.alt, fullCtx);_input.seek(currentPosition);if ( predSucceeds ) {c = new ATNConfig(config, pt.target); }}else {SemanticContext newSemCtx =SemanticContext.and(config.semanticContext, pt.getPredicate());c = new ATNConfig(config, pt.target, newSemCtx);}}else {c = new ATNConfig(config, pt.target);}if ( debug ) System.out.println(""config from pred transition=""+c);return c;}","public ATNConfig PrecedenceTransition(ATNConfig config,PrecedencePredicateTransition pt,bool collectPredicates,bool inContext,bool fullCtx){if (debug){ConsoleWriteLine(""PRED (collectPredicates="" + collectPredicates + "") "" +pt.precedence + "">=_p"" +"", ctx dependent=true"");if (parser != null){ConsoleWriteLine(""context surrounding pred is "" +parser.GetRuleInvocationStack());}}ATNConfig c = null;if (collectPredicates && inContext){if (fullCtx){int currentPosition = input.Index;input.Seek(startIndex);bool predSucceeds = EvalSemanticContext(pt.Predicate, context, config.alt, fullCtx);input.Seek(currentPosition);if (predSucceeds){c = new ATNConfig(config, pt.target); }}else {SemanticContext newSemCtx = SemanticContext.AndOp(config.semanticContext, pt.Predicate);c = new ATNConfig(config, pt.target, newSemCtx);}}else {c = new ATNConfig(config, pt.target);}if (debug) ConsoleWriteLine(""config from pred transition="" + c);return c;}"
7694,public DescribeTransitGatewayRouteTablesResult describeTransitGatewayRouteTables(DescribeTransitGatewayRouteTablesRequest request) {request = beforeClientExecution(request);return executeDescribeTransitGatewayRouteTables(request);},"public virtual DescribeTransitGatewayRouteTablesResponse DescribeTransitGatewayRouteTables(DescribeTransitGatewayRouteTablesRequest request){var options = new InvokeOptions();options.RequestMarshaller = DescribeTransitGatewayRouteTablesRequestMarshaller.Instance;options.ResponseUnmarshaller = DescribeTransitGatewayRouteTablesResponseUnmarshaller.Instance;return Invoke<DescribeTransitGatewayRouteTablesResponse>(request, options);}"
7696,"public boolean isLegalReplacement(byte[] replacement) {if (decoder == null) {decoder = cs.newDecoder();decoder.onMalformedInput(CodingErrorAction.REPORT);decoder.onUnmappableCharacter(CodingErrorAction.REPORT);}ByteBuffer in = ByteBuffer.wrap(replacement);CharBuffer out = CharBuffer.allocate((int) (replacement.length * decoder.maxCharsPerByte()));CoderResult result = decoder.decode(in, out, true);return !result.isError();}","public virtual bool isLegalReplacement(byte[] replacement_1){if (decoder == null){decoder = cs.newDecoder();decoder.onMalformedInput(java.nio.charset.CodingErrorAction.REPORT);decoder.onUnmappableCharacter(java.nio.charset.CodingErrorAction.REPORT);}java.nio.ByteBuffer @in = java.nio.ByteBuffer.wrap(replacement_1);java.nio.CharBuffer @out = java.nio.CharBuffer.allocate((int)(replacement_1.Length* decoder.maxCharsPerByte()));java.nio.charset.CoderResult result = decoder.decode(@in, @out, true);return !result.isError();}"
7699,public AssociateContactWithAddressBookResult associateContactWithAddressBook(AssociateContactWithAddressBookRequest request) {request = beforeClientExecution(request);return executeAssociateContactWithAddressBook(request);},"public virtual AssociateContactWithAddressBookResponse AssociateContactWithAddressBook(AssociateContactWithAddressBookRequest request){var options = new InvokeOptions();options.RequestMarshaller = AssociateContactWithAddressBookRequestMarshaller.Instance;options.ResponseUnmarshaller = AssociateContactWithAddressBookResponseUnmarshaller.Instance;return Invoke<AssociateContactWithAddressBookResponse>(request, options);}"
7704,public DescribePublishingDestinationResult describePublishingDestination(DescribePublishingDestinationRequest request) {request = beforeClientExecution(request);return executeDescribePublishingDestination(request);},"public virtual DescribePublishingDestinationResponse DescribePublishingDestination(DescribePublishingDestinationRequest request){var options = new InvokeOptions();options.RequestMarshaller = DescribePublishingDestinationRequestMarshaller.Instance;options.ResponseUnmarshaller = DescribePublishingDestinationResponseUnmarshaller.Instance;return Invoke<DescribePublishingDestinationResponse>(request, options);}"
7738,public ListTrafficPolicyInstancesByHostedZoneResult listTrafficPolicyInstancesByHostedZone(ListTrafficPolicyInstancesByHostedZoneRequest request) {request = beforeClientExecution(request);return executeListTrafficPolicyInstancesByHostedZone(request);},"public virtual ListTrafficPolicyInstancesByHostedZoneResponse ListTrafficPolicyInstancesByHostedZone(ListTrafficPolicyInstancesByHostedZoneRequest request){var options = new InvokeOptions();options.RequestMarshaller = ListTrafficPolicyInstancesByHostedZoneRequestMarshaller.Instance;options.ResponseUnmarshaller = ListTrafficPolicyInstancesByHostedZoneResponseUnmarshaller.Instance;return Invoke<ListTrafficPolicyInstancesByHostedZoneResponse>(request, options);}"
7746,public PutDedicatedIpWarmupAttributesResult putDedicatedIpWarmupAttributes(PutDedicatedIpWarmupAttributesRequest request) {request = beforeClientExecution(request);return executePutDedicatedIpWarmupAttributes(request);},"public virtual PutDedicatedIpWarmupAttributesResponse PutDedicatedIpWarmupAttributes(PutDedicatedIpWarmupAttributesRequest request){var options = new InvokeOptions();options.RequestMarshaller = PutDedicatedIpWarmupAttributesRequestMarshaller.Instance;options.ResponseUnmarshaller = PutDedicatedIpWarmupAttributesResponseUnmarshaller.Instance;return Invoke<PutDedicatedIpWarmupAttributesResponse>(request, options);}"
7756,public StopTrainingDocumentClassifierResult stopTrainingDocumentClassifier(StopTrainingDocumentClassifierRequest request) {request = beforeClientExecution(request);return executeStopTrainingDocumentClassifier(request);},"public virtual StopTrainingDocumentClassifierResponse StopTrainingDocumentClassifier(StopTrainingDocumentClassifierRequest request){var options = new InvokeOptions();options.RequestMarshaller = StopTrainingDocumentClassifierRequestMarshaller.Instance;options.ResponseUnmarshaller = StopTrainingDocumentClassifierResponseUnmarshaller.Instance;return Invoke<StopTrainingDocumentClassifierResponse>(request, options);}"
7763,public PutConfigurationSetReputationOptionsResult putConfigurationSetReputationOptions(PutConfigurationSetReputationOptionsRequest request) {request = beforeClientExecution(request);return executePutConfigurationSetReputationOptions(request);},"public virtual PutConfigurationSetReputationOptionsResponse PutConfigurationSetReputationOptions(PutConfigurationSetReputationOptionsRequest request){var options = new InvokeOptions();options.RequestMarshaller = PutConfigurationSetReputationOptionsRequestMarshaller.Instance;options.ResponseUnmarshaller = PutConfigurationSetReputationOptionsResponseUnmarshaller.Instance;return Invoke<PutConfigurationSetReputationOptionsResponse>(request, options);}"
7765,"public static void validateSheetName(String sheetName) {if (sheetName == null) {throw new IllegalArgumentException(""sheetName must not be null"");}int len = sheetName.length();if (len < 1 || len > 31) {throw new IllegalArgumentException(""sheetName '"" + sheetName+ ""' is invalid - character count MUST be greater than or equal to 1 and less than or equal to 31"");}for (int i=0; i<len; i++) {char ch = sheetName.charAt(i);switch (ch) {case '/':case '\\':case '?':case '*':case ']':case '[':case ':':break;default:continue;}throw new IllegalArgumentException(""Invalid char ("" + ch+ "") found at index ("" + i + "") in sheet name '"" + sheetName + ""'"");}if (sheetName.charAt(0) == '\'' || sheetName.charAt(len-1) == '\'') {throw new IllegalArgumentException(""Invalid sheet name '"" + sheetName+ ""'. Sheet names must not begin or end with (')."");}}","public static void ValidateSheetName(String sheetName) {if (sheetName == null) {throw new ArgumentException(""sheetName must not be null"");}int len = sheetName.Length;if (len < 1 || len > 31) {throw new ArgumentException(""sheetName '"" + sheetName+ ""' is invalid - character count MUST be greater than or equal to 1 and less than or equal to 31"");}for (int i=0; i<len; i++) {char ch = sheetName[i];switch (ch) {case '/':case '\\':case '?':case '*':case ']':case '[':case ':':break;default:continue;}throw new ArgumentException(""Invalid char ("" + ch+ "") found at index ("" + i + "") in sheet name '"" + sheetName + ""'"");}if (sheetName[0] == '\'' || sheetName[len-1] == '\'') {throw new ArgumentException(""Invalid sheet name '"" + sheetName+ ""'. Sheet names must not begin or end with (')."");}}"
7785,public DisassociateClientVpnTargetNetworkResult disassociateClientVpnTargetNetwork(DisassociateClientVpnTargetNetworkRequest request) {request = beforeClientExecution(request);return executeDisassociateClientVpnTargetNetwork(request);},"public virtual DisassociateClientVpnTargetNetworkResponse DisassociateClientVpnTargetNetwork(DisassociateClientVpnTargetNetworkRequest request){var options = new InvokeOptions();options.RequestMarshaller = DisassociateClientVpnTargetNetworkRequestMarshaller.Instance;options.ResponseUnmarshaller = DisassociateClientVpnTargetNetworkResponseUnmarshaller.Instance;return Invoke<DisassociateClientVpnTargetNetworkResponse>(request, options);}"
7792,public GetHealthCheckLastFailureReasonResult getHealthCheckLastFailureReason(GetHealthCheckLastFailureReasonRequest request) {request = beforeClientExecution(request);return executeGetHealthCheckLastFailureReason(request);},"public virtual GetHealthCheckLastFailureReasonResponse GetHealthCheckLastFailureReason(GetHealthCheckLastFailureReasonRequest request){var options = new InvokeOptions();options.RequestMarshaller = GetHealthCheckLastFailureReasonRequestMarshaller.Instance;options.ResponseUnmarshaller = GetHealthCheckLastFailureReasonResponseUnmarshaller.Instance;return Invoke<GetHealthCheckLastFailureReasonResponse>(request, options);}"
7815,"public DedicatedCapacityInner create(String resourceGroupName, String dedicatedCapacityName, DedicatedCapacityInner capacityParameters) {return createWithServiceResponseAsync(resourceGroupName, dedicatedCapacityName, capacityParameters).toBlocking().last().body();}","public async Task<AzureOperationResponse<DedicatedCapacity>> CreateWithHttpMessagesAsync(string resourceGroupName, string dedicatedCapacityName, DedicatedCapacity capacityParameters, Dictionary<string, List<string>> customHeaders = null, CancellationToken cancellationToken = default(CancellationToken)){return await innerCapacityOperations.CreateWithHttpMessagesAsync(resourceGroupName, dedicatedCapacityName, capacityParameters, customHeaders, cancellationToken).ConfigureAwait(false);}"
7819,"public String resolveNameXText(int refIndex, int definedNameIndex, InternalWorkbook workbook) {int extBookIndex = _externSheetRecord.getExtbookIndexFromRefIndex(refIndex);int firstTabIndex = _externSheetRecord.getFirstSheetIndexFromRefIndex(refIndex);if (firstTabIndex == -1) {throw new RuntimeException(""Referenced sheet could not be found"");}ExternalBookBlock externalBook = _externalBookBlocks[extBookIndex];if (externalBook._externalNameRecords.length > definedNameIndex) {return _externalBookBlocks[extBookIndex].getNameText(definedNameIndex);} else if (firstTabIndex == -2) {NameRecord nr = getNameRecord(definedNameIndex);int sheetNumber = nr.getSheetNumber();StringBuilder text = new StringBuilder(64);if (sheetNumber > 0) {String sheetName = workbook.getSheetName(sheetNumber - 1);SheetNameFormatter.appendFormat(text, sheetName);text.append(""!"");}text.append(nr.getNameText());return text.toString();} else {throw new ArrayIndexOutOfBoundsException(""Ext Book Index relative but beyond the supported length, was "" +extBookIndex + "" but maximum is "" + _externalBookBlocks.length);}}","public String ResolveNameXText(int refIndex, int definedNameIndex, InternalWorkbook workbook){int extBookIndex = _externSheetRecord.GetExtbookIndexFromRefIndex(refIndex);int firstTabIndex = _externSheetRecord.GetFirstSheetIndexFromRefIndex(refIndex);if (firstTabIndex == -1){throw new RuntimeException(""Referenced sheet could not be found"");}ExternalBookBlock externalBook = _externalBookBlocks[extBookIndex];if (externalBook._externalNameRecords.Length > definedNameIndex){return _externalBookBlocks[extBookIndex].GetNameText(definedNameIndex);}else if (firstTabIndex == -2){NameRecord nr = GetNameRecord(definedNameIndex);int sheetNumber = nr.SheetNumber;StringBuilder text = new StringBuilder();if (sheetNumber > 0){String sheetName = workbook.GetSheetName(sheetNumber - 1);SheetNameFormatter.AppendFormat(text, sheetName);text.Append(""!"");}text.Append(nr.NameText);return text.ToString();}else{throw new IndexOutOfRangeException(""Ext Book Index relative but beyond the supported length, was "" +extBookIndex + "" but maximum is "" + _externalBookBlocks.Length);}}"
7831,public ImportClientVpnClientCertificateRevocationListResult importClientVpnClientCertificateRevocationList(ImportClientVpnClientCertificateRevocationListRequest request) {request = beforeClientExecution(request);return executeImportClientVpnClientCertificateRevocationList(request);},"public virtual ImportClientVpnClientCertificateRevocationListResponse ImportClientVpnClientCertificateRevocationList(ImportClientVpnClientCertificateRevocationListRequest request){var options = new InvokeOptions();options.RequestMarshaller = ImportClientVpnClientCertificateRevocationListRequestMarshaller.Instance;options.ResponseUnmarshaller = ImportClientVpnClientCertificateRevocationListResponseUnmarshaller.Instance;return Invoke<ImportClientVpnClientCertificateRevocationListResponse>(request, options);}"
7832,public GetVoiceConnectorOriginationResult getVoiceConnectorOrigination(GetVoiceConnectorOriginationRequest request) {request = beforeClientExecution(request);return executeGetVoiceConnectorOrigination(request);},"public virtual GetVoiceConnectorOriginationResponse GetVoiceConnectorOrigination(GetVoiceConnectorOriginationRequest request){var options = new InvokeOptions();options.RequestMarshaller = GetVoiceConnectorOriginationRequestMarshaller.Instance;options.ResponseUnmarshaller = GetVoiceConnectorOriginationResponseUnmarshaller.Instance;return Invoke<GetVoiceConnectorOriginationResponse>(request, options);}"
7833,public GetTypedLinkFacetInformationResult getTypedLinkFacetInformation(GetTypedLinkFacetInformationRequest request) {request = beforeClientExecution(request);return executeGetTypedLinkFacetInformation(request);},"public virtual GetTypedLinkFacetInformationResponse GetTypedLinkFacetInformation(GetTypedLinkFacetInformationRequest request){var options = new InvokeOptions();options.RequestMarshaller = GetTypedLinkFacetInformationRequestMarshaller.Instance;options.ResponseUnmarshaller = GetTypedLinkFacetInformationResponseUnmarshaller.Instance;return Invoke<GetTypedLinkFacetInformationResponse>(request, options);}"
7866,public CreateConfigurationSetTrackingOptionsResult createConfigurationSetTrackingOptions(CreateConfigurationSetTrackingOptionsRequest request) {request = beforeClientExecution(request);return executeCreateConfigurationSetTrackingOptions(request);},"public virtual CreateConfigurationSetTrackingOptionsResponse CreateConfigurationSetTrackingOptions(CreateConfigurationSetTrackingOptionsRequest request){var options = new InvokeOptions();options.RequestMarshaller = CreateConfigurationSetTrackingOptionsRequestMarshaller.Instance;options.ResponseUnmarshaller = CreateConfigurationSetTrackingOptionsResponseUnmarshaller.Instance;return Invoke<CreateConfigurationSetTrackingOptionsResponse>(request, options);}"
7870,public PutEmailIdentityDkimAttributesResult putEmailIdentityDkimAttributes(PutEmailIdentityDkimAttributesRequest request) {request = beforeClientExecution(request);return executePutEmailIdentityDkimAttributes(request);},"public virtual PutEmailIdentityDkimAttributesResponse PutEmailIdentityDkimAttributes(PutEmailIdentityDkimAttributesRequest request){var options = new InvokeOptions();options.RequestMarshaller = PutEmailIdentityDkimAttributesRequestMarshaller.Instance;options.ResponseUnmarshaller = PutEmailIdentityDkimAttributesResponseUnmarshaller.Instance;return Invoke<PutEmailIdentityDkimAttributesResponse>(request, options);}"
7900,public ListWebsiteCertificateAuthoritiesResult listWebsiteCertificateAuthorities(ListWebsiteCertificateAuthoritiesRequest request) {request = beforeClientExecution(request);return executeListWebsiteCertificateAuthorities(request);},"public virtual ListWebsiteCertificateAuthoritiesResponse ListWebsiteCertificateAuthorities(ListWebsiteCertificateAuthoritiesRequest request){var options = new InvokeOptions();options.RequestMarshaller = ListWebsiteCertificateAuthoritiesRequestMarshaller.Instance;options.ResponseUnmarshaller = ListWebsiteCertificateAuthoritiesResponseUnmarshaller.Instance;return Invoke<ListWebsiteCertificateAuthoritiesResponse>(request, options);}"
7914,public CreatePrivateVirtualInterfaceResult createPrivateVirtualInterface(CreatePrivateVirtualInterfaceRequest request) {request = beforeClientExecution(request);return executeCreatePrivateVirtualInterface(request);},"public virtual CreatePrivateVirtualInterfaceResponse CreatePrivateVirtualInterface(CreatePrivateVirtualInterfaceRequest request){var options = new InvokeOptions();options.RequestMarshaller = CreatePrivateVirtualInterfaceRequestMarshaller.Instance;options.ResponseUnmarshaller = CreatePrivateVirtualInterfaceResponseUnmarshaller.Instance;return Invoke<CreatePrivateVirtualInterfaceResponse>(request, options);}"
7921,public GetRelationalDatabaseParametersResult getRelationalDatabaseParameters(GetRelationalDatabaseParametersRequest request) {request = beforeClientExecution(request);return executeGetRelationalDatabaseParameters(request);},"public virtual GetRelationalDatabaseParametersResponse GetRelationalDatabaseParameters(GetRelationalDatabaseParametersRequest request){var options = new InvokeOptions();options.RequestMarshaller = GetRelationalDatabaseParametersRequestMarshaller.Instance;options.ResponseUnmarshaller = GetRelationalDatabaseParametersResponseUnmarshaller.Instance;return Invoke<GetRelationalDatabaseParametersResponse>(request, options);}"
7924,"public DConRefRecord(RecordInputStream inStream) {if (inStream.getSid() != sid) {throw new RecordFormatException(""Wrong sid: "" + inStream.getSid());}firstRow = inStream.readUShort();lastRow = inStream.readUShort();firstCol = inStream.readUByte();lastCol = inStream.readUByte();charCount = inStream.readUShort();charType = inStream.readUByte() & 0x01;final int byteLength = charCount * (charType + 1);path = IOUtils.safelyAllocate(byteLength, MAX_RECORD_LENGTH);inStream.readFully(path);if (path[0] == 0x02) {_unused = inStream.readRemainder();}}","public DConRefRecord(RecordInputStream inStream){if (inStream.Sid != sid)throw new RecordFormatException(""Wrong sid: "" + inStream.Sid);firstRow = inStream.ReadUShort();lastRow = inStream.ReadUShort();firstCol = inStream.ReadUByte();lastCol = inStream.ReadUByte();charCount = inStream.ReadUShort();charType = inStream.ReadUByte() & 0x01; int byteLength = charCount * (charType + 1);path = new byte[byteLength];inStream.ReadFully(path);if (path[0] == 0x02)_unused = inStream.ReadRemainder();}"
7937,public DescribeClientVpnTargetNetworksResult describeClientVpnTargetNetworks(DescribeClientVpnTargetNetworksRequest request) {request = beforeClientExecution(request);return executeDescribeClientVpnTargetNetworks(request);},"public virtual DescribeClientVpnTargetNetworksResponse DescribeClientVpnTargetNetworks(DescribeClientVpnTargetNetworksRequest request){var options = new InvokeOptions();options.RequestMarshaller = DescribeClientVpnTargetNetworksRequestMarshaller.Instance;options.ResponseUnmarshaller = DescribeClientVpnTargetNetworksResponseUnmarshaller.Instance;return Invoke<DescribeClientVpnTargetNetworksResponse>(request, options);}"
7943,public ListNotebookInstanceLifecycleConfigsResult listNotebookInstanceLifecycleConfigs(ListNotebookInstanceLifecycleConfigsRequest request) {request = beforeClientExecution(request);return executeListNotebookInstanceLifecycleConfigs(request);},"public virtual ListNotebookInstanceLifecycleConfigsResponse ListNotebookInstanceLifecycleConfigs(ListNotebookInstanceLifecycleConfigsRequest request){var options = new InvokeOptions();options.RequestMarshaller = ListNotebookInstanceLifecycleConfigsRequestMarshaller.Instance;options.ResponseUnmarshaller = ListNotebookInstanceLifecycleConfigsResponseUnmarshaller.Instance;return Invoke<ListNotebookInstanceLifecycleConfigsResponse>(request, options);}"
7965,public DeleteApplicationCloudWatchLoggingOptionResult deleteApplicationCloudWatchLoggingOption(DeleteApplicationCloudWatchLoggingOptionRequest request) {request = beforeClientExecution(request);return executeDeleteApplicationCloudWatchLoggingOption(request);},"public virtual DeleteApplicationCloudWatchLoggingOptionResponse DeleteApplicationCloudWatchLoggingOption(DeleteApplicationCloudWatchLoggingOptionRequest request){var options = new InvokeOptions();options.RequestMarshaller = DeleteApplicationCloudWatchLoggingOptionRequestMarshaller.Instance;options.ResponseUnmarshaller = DeleteApplicationCloudWatchLoggingOptionResponseUnmarshaller.Instance;return Invoke<DeleteApplicationCloudWatchLoggingOptionResponse>(request, options);}"
7973,public DescribeLaunchConfigurationsResult describeLaunchConfigurations(DescribeLaunchConfigurationsRequest request) {request = beforeClientExecution(request);return executeDescribeLaunchConfigurations(request);},"public virtual DescribeLaunchConfigurationsResponse DescribeLaunchConfigurations(DescribeLaunchConfigurationsRequest request){var options = new InvokeOptions();options.RequestMarshaller = DescribeLaunchConfigurationsRequestMarshaller.Instance;options.ResponseUnmarshaller = DescribeLaunchConfigurationsResponseUnmarshaller.Instance;return Invoke<DescribeLaunchConfigurationsResponse>(request, options);}"
7981,public DescribeCacheParameterGroupsResult describeCacheParameterGroups(DescribeCacheParameterGroupsRequest request) {request = beforeClientExecution(request);return executeDescribeCacheParameterGroups(request);},"public virtual DescribeCacheParameterGroupsResponse DescribeCacheParameterGroups(DescribeCacheParameterGroupsRequest request){var options = new InvokeOptions();options.RequestMarshaller = DescribeCacheParameterGroupsRequestMarshaller.Instance;options.ResponseUnmarshaller = DescribeCacheParameterGroupsResponseUnmarshaller.Instance;return Invoke<DescribeCacheParameterGroupsResponse>(request, options);}"
7999,public UpdateApnsVoipSandboxChannelResult updateApnsVoipSandboxChannel(UpdateApnsVoipSandboxChannelRequest request) {request = beforeClientExecution(request);return executeUpdateApnsVoipSandboxChannel(request);},"public virtual UpdateApnsVoipSandboxChannelResponse UpdateApnsVoipSandboxChannel(UpdateApnsVoipSandboxChannelRequest request){var options = new InvokeOptions();options.RequestMarshaller = UpdateApnsVoipSandboxChannelRequestMarshaller.Instance;options.ResponseUnmarshaller = UpdateApnsVoipSandboxChannelResponseUnmarshaller.Instance;return Invoke<UpdateApnsVoipSandboxChannelResponse>(request, options);}"
8006,public UpdateCompanyNetworkConfigurationResult updateCompanyNetworkConfiguration(UpdateCompanyNetworkConfigurationRequest request) {request = beforeClientExecution(request);return executeUpdateCompanyNetworkConfiguration(request);},"public virtual UpdateCompanyNetworkConfigurationResponse UpdateCompanyNetworkConfiguration(UpdateCompanyNetworkConfigurationRequest request){var options = new InvokeOptions();options.RequestMarshaller = UpdateCompanyNetworkConfigurationRequestMarshaller.Instance;options.ResponseUnmarshaller = UpdateCompanyNetworkConfigurationResponseUnmarshaller.Instance;return Invoke<UpdateCompanyNetworkConfigurationResponse>(request, options);}"
8028,public DescribeInstanceEventNotificationAttributesResult describeInstanceEventNotificationAttributes(DescribeInstanceEventNotificationAttributesRequest request) {request = beforeClientExecution(request);return executeDescribeInstanceEventNotificationAttributes(request);},"public virtual DescribeInstanceEventNotificationAttributesResponse DescribeInstanceEventNotificationAttributes(DescribeInstanceEventNotificationAttributesRequest request){var options = new InvokeOptions();options.RequestMarshaller = DescribeInstanceEventNotificationAttributesRequestMarshaller.Instance;options.ResponseUnmarshaller = DescribeInstanceEventNotificationAttributesResponseUnmarshaller.Instance;return Invoke<DescribeInstanceEventNotificationAttributesResponse>(request, options);}"
8047,public DeleteVpcEndpointServiceConfigurationsResult deleteVpcEndpointServiceConfigurations(DeleteVpcEndpointServiceConfigurationsRequest request) {request = beforeClientExecution(request);return executeDeleteVpcEndpointServiceConfigurations(request);},"public virtual DeleteVpcEndpointServiceConfigurationsResponse DeleteVpcEndpointServiceConfigurations(DeleteVpcEndpointServiceConfigurationsRequest request){var options = new InvokeOptions();options.RequestMarshaller = DeleteVpcEndpointServiceConfigurationsRequestMarshaller.Instance;options.ResponseUnmarshaller = DeleteVpcEndpointServiceConfigurationsResponseUnmarshaller.Instance;return Invoke<DeleteVpcEndpointServiceConfigurationsResponse>(request, options);}"
8069,public DBInstance restoreDBInstanceToPointInTime(RestoreDBInstanceToPointInTimeRequest request) {request = beforeClientExecution(request);return executeRestoreDBInstanceToPointInTime(request);},"public virtual RestoreDBInstanceToPointInTimeResponse RestoreDBInstanceToPointInTime(RestoreDBInstanceToPointInTimeRequest request){var options = new InvokeOptions();options.RequestMarshaller = RestoreDBInstanceToPointInTimeRequestMarshaller.Instance;options.ResponseUnmarshaller = RestoreDBInstanceToPointInTimeResponseUnmarshaller.Instance;return Invoke<RestoreDBInstanceToPointInTimeResponse>(request, options);}"
8089,public ReservedDBInstance purchaseReservedDBInstancesOffering(PurchaseReservedDBInstancesOfferingRequest request) {request = beforeClientExecution(request);return executePurchaseReservedDBInstancesOffering(request);},"public virtual PurchaseReservedDBInstancesOfferingResponse PurchaseReservedDBInstancesOffering(PurchaseReservedDBInstancesOfferingRequest request){var options = new InvokeOptions();options.RequestMarshaller = PurchaseReservedDBInstancesOfferingRequestMarshaller.Instance;options.ResponseUnmarshaller = PurchaseReservedDBInstancesOfferingResponseUnmarshaller.Instance;return Invoke<PurchaseReservedDBInstancesOfferingResponse>(request, options);}"
8091,"public ParseException generateParseException() {jj_expentries.clear();boolean[] la1tokens = new boolean[24];if (jj_kind >= 0) {la1tokens[jj_kind] = true;jj_kind = -1;}for (int i = 0; i < 10; i++) {if (jj_la1[i] == jj_gen) {for (int j = 0; j < 32; j++) {if ((jj_la1_0[i] & (1<<j)) != 0) {la1tokens[j] = true;}}}}for (int i = 0; i < 24; i++) {if (la1tokens[i]) {jj_expentry = new int[1];jj_expentry[0] = i;jj_expentries.add(jj_expentry);}}jj_endpos = 0;jj_rescan_token();jj_add_error_token(0, 0);int[][] exptokseq = new int[jj_expentries.size()][];for (int i = 0; i < jj_expentries.size(); i++) {exptokseq[i] = jj_expentries.get(i);}return new ParseException(token, exptokseq, tokenImage);}","public virtual ParseException GenerateParseException(){jj_expentries.Clear();bool[] la1tokens = new bool[34];if (jj_kind >= 0){la1tokens[jj_kind] = true;jj_kind = -1;}for (int i = 0; i < 28; i++){if (jj_la1[i] == jj_gen){for (int j = 0; j < 32; j++){if ((jj_la1_0[i] & (1 << j)) != 0){la1tokens[j] = true;}if ((jj_la1_1[i] & (1 << j)) != 0){la1tokens[32 + j] = true;}}}}for (int i = 0; i < 34; i++){if (la1tokens[i]){jj_expentry = new int[1];jj_expentry[0] = i;jj_expentries.Add(jj_expentry);}}jj_endpos = 0;Jj_rescan_token();Jj_add_error_token(0, 0);int[][] exptokseq = new int[jj_expentries.Count][];for (int i = 0; i < jj_expentries.Count; i++){exptokseq[i] = jj_expentries[i];}return new ParseException(Token, exptokseq, StandardSyntaxParserConstants.TokenImage);}"
8119,"public static boolean hasSLLConflictTerminatingPrediction(PredictionMode mode, ATNConfigSet configs) {if (allConfigsInRuleStopStates(configs)) {return true;}if ( mode == PredictionMode.SLL ) {if ( configs.hasSemanticContext ) {ATNConfigSet dup = new ATNConfigSet();for (ATNConfig c : configs) {c = new ATNConfig(c,SemanticContext.NONE);dup.add(c);}configs = dup;}}Collection<BitSet> altsets = getConflictingAltSubsets(configs);boolean heuristic =hasConflictingAltSet(altsets) && !hasStateAssociatedWithOneAlt(configs);return heuristic;}","public static bool HasSLLConflictTerminatingPrediction(PredictionMode mode, ATNConfigSet configSet){if (AllConfigsInRuleStopStates(configSet.configs)){return true;}if (mode == PredictionMode.SLL){if (configSet.hasSemanticContext){ATNConfigSet dup = new ATNConfigSet();foreach (ATNConfig c in configSet.configs){dup.Add(new ATNConfig(c, SemanticContext.NONE));}configSet = dup;}}ICollection<BitSet> altsets = GetConflictingAltSubsets(configSet.configs);bool heuristic = HasConflictingAltSet(altsets) && !HasStateAssociatedWithOneAlt(configSet.configs);return heuristic;}"
8128,public ResendContactReachabilityEmailResult resendContactReachabilityEmail(ResendContactReachabilityEmailRequest request) {request = beforeClientExecution(request);return executeResendContactReachabilityEmail(request);},"public virtual ResendContactReachabilityEmailResponse ResendContactReachabilityEmail(ResendContactReachabilityEmailRequest request){var options = new InvokeOptions();options.RequestMarshaller = ResendContactReachabilityEmailRequestMarshaller.Instance;options.ResponseUnmarshaller = ResendContactReachabilityEmailResponseUnmarshaller.Instance;return Invoke<ResendContactReachabilityEmailResponse>(request, options);}"
8138,public DescribeFastSnapshotRestoresResult describeFastSnapshotRestores(DescribeFastSnapshotRestoresRequest request) {request = beforeClientExecution(request);return executeDescribeFastSnapshotRestores(request);},"public virtual DescribeFastSnapshotRestoresResponse DescribeFastSnapshotRestores(DescribeFastSnapshotRestoresRequest request){var options = new InvokeOptions();options.RequestMarshaller = DescribeFastSnapshotRestoresRequestMarshaller.Instance;options.ResponseUnmarshaller = DescribeFastSnapshotRestoresResponseUnmarshaller.Instance;return Invoke<DescribeFastSnapshotRestoresResponse>(request, options);}"
8139,public DescribeScheduledInstanceAvailabilityResult describeScheduledInstanceAvailability(DescribeScheduledInstanceAvailabilityRequest request) {request = beforeClientExecution(request);return executeDescribeScheduledInstanceAvailability(request);},"public virtual DescribeScheduledInstanceAvailabilityResponse DescribeScheduledInstanceAvailability(DescribeScheduledInstanceAvailabilityRequest request){var options = new InvokeOptions();options.RequestMarshaller = DescribeScheduledInstanceAvailabilityRequestMarshaller.Instance;options.ResponseUnmarshaller = DescribeScheduledInstanceAvailabilityResponseUnmarshaller.Instance;return Invoke<DescribeScheduledInstanceAvailabilityResponse>(request, options);}"
8144,public DescribeVpcEndpointServiceConfigurationsResult describeVpcEndpointServiceConfigurations(DescribeVpcEndpointServiceConfigurationsRequest request) {request = beforeClientExecution(request);return executeDescribeVpcEndpointServiceConfigurations(request);},"public virtual DescribeVpcEndpointServiceConfigurationsResponse DescribeVpcEndpointServiceConfigurations(DescribeVpcEndpointServiceConfigurationsRequest request){var options = new InvokeOptions();options.RequestMarshaller = DescribeVpcEndpointServiceConfigurationsRequestMarshaller.Instance;options.ResponseUnmarshaller = DescribeVpcEndpointServiceConfigurationsResponseUnmarshaller.Instance;return Invoke<DescribeVpcEndpointServiceConfigurationsResponse>(request, options);}"
8149,public DescribeHsmClientCertificatesResult describeHsmClientCertificates(DescribeHsmClientCertificatesRequest request) {request = beforeClientExecution(request);return executeDescribeHsmClientCertificates(request);},"public virtual DescribeHsmClientCertificatesResponse DescribeHsmClientCertificates(DescribeHsmClientCertificatesRequest request){var options = new InvokeOptions();options.RequestMarshaller = DescribeHsmClientCertificatesRequestMarshaller.Instance;options.ResponseUnmarshaller = DescribeHsmClientCertificatesResponseUnmarshaller.Instance;return Invoke<DescribeHsmClientCertificatesResponse>(request, options);}"
8150,"public ICUTokenizerFactory(Map<String,String> args) {super(args);tailored = new HashMap<>();String rulefilesArg = get(args, RULEFILES);if (rulefilesArg != null) {List<String> scriptAndResourcePaths = splitFileNames(rulefilesArg);for (String scriptAndResourcePath : scriptAndResourcePaths) {int colonPos = scriptAndResourcePath.indexOf("":"");String scriptCode = scriptAndResourcePath.substring(0, colonPos).trim();String resourcePath = scriptAndResourcePath.substring(colonPos+1).trim();tailored.put(UCharacter.getPropertyValueEnum(UProperty.SCRIPT, scriptCode), resourcePath);}}cjkAsWords = getBoolean(args, ""cjkAsWords"", true);myanmarAsWords = getBoolean(args, ""myanmarAsWords"", true);if (!args.isEmpty()) {throw new IllegalArgumentException(""Unknown parameters: "" + args);}}","public ICUTokenizerFactory(IDictionary<string, string> args): base(args){tailored = new Dictionary<int, string>();string rulefilesArg = Get(args, RULEFILES);if (rulefilesArg != null){IList<string> scriptAndResourcePaths = SplitFileNames(rulefilesArg);foreach (string scriptAndResourcePath in scriptAndResourcePaths){int colonPos = scriptAndResourcePath.IndexOf(':');string scriptCode = scriptAndResourcePath.Substring(0, colonPos - 0).Trim();string resourcePath = scriptAndResourcePath.Substring(colonPos + 1).Trim();tailored[UChar.GetPropertyValueEnum(UProperty.Script, scriptCode)] = resourcePath;}}cjkAsWords = GetBoolean(args, ""cjkAsWords"", true);myanmarAsWords = GetBoolean(args, ""myanmarAsWords"", true);if (args.Count != 0){throw new ArgumentException(""Unknown parameters: "" + args);}}"
8152,public DescribeConfigurationRevisionResult describeConfigurationRevision(DescribeConfigurationRevisionRequest request) {request = beforeClientExecution(request);return executeDescribeConfigurationRevision(request);},"public virtual DescribeConfigurationRevisionResponse DescribeConfigurationRevision(DescribeConfigurationRevisionRequest request){var options = new InvokeOptions();options.RequestMarshaller = DescribeConfigurationRevisionRequestMarshaller.Instance;options.ResponseUnmarshaller = DescribeConfigurationRevisionResponseUnmarshaller.Instance;return Invoke<DescribeConfigurationRevisionResponse>(request, options);}"
8162,"final public SrndQuery PrefixOperatorQuery() throws ParseException {Token oprt;List<SrndQuery> queries;switch ((jj_ntk==-1)?jj_ntk():jj_ntk) {case OR:oprt = jj_consume_token(OR);queries = FieldsQueryList();{if (true) return getOrQuery(queries, false , oprt);}break;case AND:oprt = jj_consume_token(AND);queries = FieldsQueryList();{if (true) return getAndQuery(queries, false , oprt);}break;case N:oprt = jj_consume_token(N);queries = FieldsQueryList();{if (true) return getDistanceQuery(queries, false , oprt, false );}break;case W:oprt = jj_consume_token(W);queries = FieldsQueryList();{if (true) return getDistanceQuery(queries, false  , oprt, true );}break;default:jj_la1[6] = jj_gen;jj_consume_token(-1);throw new ParseException();}throw new Error(""Missing return statement in function"");}","public SrndQuery PrefixOperatorQuery(){Token oprt;IList<SrndQuery> queries;switch ((jj_ntk == -1) ? Jj_ntk() : jj_ntk){case RegexpToken.OR:oprt = Jj_consume_token(RegexpToken.OR);queries = FieldsQueryList();{ if (true) return GetOrQuery(queries, false , oprt); }case RegexpToken.AND:oprt = Jj_consume_token(RegexpToken.AND);queries = FieldsQueryList();{ if (true) return GetAndQuery(queries, false , oprt); }case RegexpToken.N:oprt = Jj_consume_token(RegexpToken.N);queries = FieldsQueryList();{ if (true) return GetDistanceQuery(queries, false , oprt, false ); }case RegexpToken.W:oprt = Jj_consume_token(RegexpToken.W);queries = FieldsQueryList();{ if (true) return GetDistanceQuery(queries, false  , oprt, true ); }default:jj_la1[6] = jj_gen;Jj_consume_token(-1);throw new ParseException();}throw new Exception(""Missing return statement in function"");}"
8165,public DeregisterTransitGatewayMulticastGroupSourcesResult deregisterTransitGatewayMulticastGroupSources(DeregisterTransitGatewayMulticastGroupSourcesRequest request) {request = beforeClientExecution(request);return executeDeregisterTransitGatewayMulticastGroupSources(request);},"public virtual DeregisterTransitGatewayMulticastGroupSourcesResponse DeregisterTransitGatewayMulticastGroupSources(DeregisterTransitGatewayMulticastGroupSourcesRequest request){var options = new InvokeOptions();options.RequestMarshaller = DeregisterTransitGatewayMulticastGroupSourcesRequestMarshaller.Instance;options.ResponseUnmarshaller = DeregisterTransitGatewayMulticastGroupSourcesResponseUnmarshaller.Instance;return Invoke<DeregisterTransitGatewayMulticastGroupSourcesResponse>(request, options);}"
8215,public DeleteVPCAssociationAuthorizationResult deleteVPCAssociationAuthorization(DeleteVPCAssociationAuthorizationRequest request) {request = beforeClientExecution(request);return executeDeleteVPCAssociationAuthorization(request);},"public virtual DeleteVPCAssociationAuthorizationResponse DeleteVPCAssociationAuthorization(DeleteVPCAssociationAuthorizationRequest request){var options = new InvokeOptions();options.RequestMarshaller = DeleteVPCAssociationAuthorizationRequestMarshaller.Instance;options.ResponseUnmarshaller = DeleteVPCAssociationAuthorizationResponseUnmarshaller.Instance;return Invoke<DeleteVPCAssociationAuthorizationResponse>(request, options);}"
8218,public TableRestoreStatus restoreTableFromClusterSnapshot(RestoreTableFromClusterSnapshotRequest request) {request = beforeClientExecution(request);return executeRestoreTableFromClusterSnapshot(request);},"public virtual RestoreTableFromClusterSnapshotResponse RestoreTableFromClusterSnapshot(RestoreTableFromClusterSnapshotRequest request){var options = new InvokeOptions();options.RequestMarshaller = RestoreTableFromClusterSnapshotRequestMarshaller.Instance;options.ResponseUnmarshaller = RestoreTableFromClusterSnapshotResponseUnmarshaller.Instance;return Invoke<RestoreTableFromClusterSnapshotResponse>(request, options);}"
8237,public AssociatePhoneNumberWithUserResult associatePhoneNumberWithUser(AssociatePhoneNumberWithUserRequest request) {request = beforeClientExecution(request);return executeAssociatePhoneNumberWithUser(request);},"public virtual AssociatePhoneNumberWithUserResponse AssociatePhoneNumberWithUser(AssociatePhoneNumberWithUserRequest request){var options = new InvokeOptions();options.RequestMarshaller = AssociatePhoneNumberWithUserRequestMarshaller.Instance;options.ResponseUnmarshaller = AssociatePhoneNumberWithUserResponseUnmarshaller.Instance;return Invoke<AssociatePhoneNumberWithUserResponse>(request, options);}"
8240,"public static CellRangeAddress createEnclosingCellRange(CellRangeAddress crA, CellRangeAddress crB) {if( crB == null) {return crA.copy();}int minRow = lt(crB.getFirstRow(),   crA.getFirstRow())   ?crB.getFirstRow()   :crA.getFirstRow();int maxRow = gt(crB.getLastRow(),    crA.getLastRow())    ?crB.getLastRow()    :crA.getLastRow();int minCol = lt(crB.getFirstColumn(),crA.getFirstColumn())?crB.getFirstColumn():crA.getFirstColumn();int maxCol = gt(crB.getLastColumn(), crA.getLastColumn()) ?crB.getLastColumn() :crA.getLastColumn();return new CellRangeAddress(minRow, maxRow, minCol, maxCol);}","public static CellRangeAddress CreateEnclosingCellRange(CellRangeAddress crA, CellRangeAddress crB){if (crB == null){return crA.Copy();}return new CellRangeAddress(lt(crB.FirstRow, crA.FirstRow) ? crB.FirstRow : crA.FirstRow,gt(crB.LastRow, crA.LastRow) ? crB.LastRow : crA.LastRow,lt(crB.FirstColumn, crA.FirstColumn) ? crB.FirstColumn : crA.FirstColumn,gt(crB.LastColumn, crA.LastColumn) ? crB.LastColumn : crA.LastColumn);}"
8260,public ModifyVpcEndpointServicePermissionsResult modifyVpcEndpointServicePermissions(ModifyVpcEndpointServicePermissionsRequest request) {request = beforeClientExecution(request);return executeModifyVpcEndpointServicePermissions(request);},"public virtual ModifyVpcEndpointServicePermissionsResponse ModifyVpcEndpointServicePermissions(ModifyVpcEndpointServicePermissionsRequest request){var options = new InvokeOptions();options.RequestMarshaller = ModifyVpcEndpointServicePermissionsRequestMarshaller.Instance;options.ResponseUnmarshaller = ModifyVpcEndpointServicePermissionsResponseUnmarshaller.Instance;return Invoke<ModifyVpcEndpointServicePermissionsResponse>(request, options);}"
8292,public PutVoiceConnectorLoggingConfigurationResult putVoiceConnectorLoggingConfiguration(PutVoiceConnectorLoggingConfigurationRequest request) {request = beforeClientExecution(request);return executePutVoiceConnectorLoggingConfiguration(request);},"public virtual PutVoiceConnectorLoggingConfigurationResponse PutVoiceConnectorLoggingConfiguration(PutVoiceConnectorLoggingConfigurationRequest request){var options = new InvokeOptions();options.RequestMarshaller = PutVoiceConnectorLoggingConfigurationRequestMarshaller.Instance;options.ResponseUnmarshaller = PutVoiceConnectorLoggingConfigurationResponseUnmarshaller.Instance;return Invoke<PutVoiceConnectorLoggingConfigurationResponse>(request, options);}"
8307,public DescribeClusterParameterGroupsResult describeClusterParameterGroups(DescribeClusterParameterGroupsRequest request) {request = beforeClientExecution(request);return executeDescribeClusterParameterGroups(request);},"public virtual DescribeClusterParameterGroupsResponse DescribeClusterParameterGroups(DescribeClusterParameterGroupsRequest request){var options = new InvokeOptions();options.RequestMarshaller = DescribeClusterParameterGroupsRequestMarshaller.Instance;options.ResponseUnmarshaller = DescribeClusterParameterGroupsResponseUnmarshaller.Instance;return Invoke<DescribeClusterParameterGroupsResponse>(request, options);}"
8326,public DescribeDirectConnectGatewayAttachmentsResult describeDirectConnectGatewayAttachments(DescribeDirectConnectGatewayAttachmentsRequest request) {request = beforeClientExecution(request);return executeDescribeDirectConnectGatewayAttachments(request);},"public virtual DescribeDirectConnectGatewayAttachmentsResponse DescribeDirectConnectGatewayAttachments(DescribeDirectConnectGatewayAttachmentsRequest request){var options = new InvokeOptions();options.RequestMarshaller = DescribeDirectConnectGatewayAttachmentsRequestMarshaller.Instance;options.ResponseUnmarshaller = DescribeDirectConnectGatewayAttachmentsResponseUnmarshaller.Instance;return Invoke<DescribeDirectConnectGatewayAttachmentsResponse>(request, options);}"
8381,public DeregisterOnPremisesInstanceResult deregisterOnPremisesInstance(DeregisterOnPremisesInstanceRequest request) {request = beforeClientExecution(request);return executeDeregisterOnPremisesInstance(request);},"public virtual DeregisterOnPremisesInstanceResponse DeregisterOnPremisesInstance(DeregisterOnPremisesInstanceRequest request){var options = new InvokeOptions();options.RequestMarshaller = DeregisterOnPremisesInstanceRequestMarshaller.Instance;options.ResponseUnmarshaller = DeregisterOnPremisesInstanceResponseUnmarshaller.Instance;return Invoke<DeregisterOnPremisesInstanceResponse>(request, options);}"
8382,public ListDeliverabilityTestReportsResult listDeliverabilityTestReports(ListDeliverabilityTestReportsRequest request) {request = beforeClientExecution(request);return executeListDeliverabilityTestReports(request);},"public virtual ListDeliverabilityTestReportsResponse ListDeliverabilityTestReports(ListDeliverabilityTestReportsRequest request){var options = new InvokeOptions();options.RequestMarshaller = ListDeliverabilityTestReportsRequestMarshaller.Instance;options.ResponseUnmarshaller = ListDeliverabilityTestReportsResponseUnmarshaller.Instance;return Invoke<ListDeliverabilityTestReportsResponse>(request, options);}"
8416,"public final ValueEval getAbsoluteValue(int row, int col) {int rowOffsetIx = row - _firstRow;int colOffsetIx = col - _firstColumn;if(rowOffsetIx < 0 || rowOffsetIx >= _nRows) {throw new IllegalArgumentException(""Specified row index ("" + row+ "") is outside the allowed range ("" + _firstRow + "".."" + _lastRow + "")"");}if(colOffsetIx < 0 || colOffsetIx >= _nColumns) {throw new IllegalArgumentException(""Specified column index ("" + col+ "") is outside the allowed range ("" + _firstColumn + "".."" + col + "")"");}return getRelativeValue(rowOffsetIx, colOffsetIx);}","public ValueEval GetAbsoluteValue(int row, int col){int rowOffsetIx = row - _firstRow;int colOffsetIx = col - _firstColumn;if (rowOffsetIx < 0 || rowOffsetIx >= _nRows){throw new ArgumentException(""Specified row index ("" + row+ "") is outside the allowed range ("" + _firstRow + "".."" + _lastRow + "")"");}if (colOffsetIx < 0 || colOffsetIx >= _nColumns){throw new ArgumentException(""Specified column index ("" + col+ "") is outside the allowed range ("" + _firstColumn + "".."" + col + "")"");}return GetRelativeValue(rowOffsetIx, colOffsetIx);}"
8453,public CacheSecurityGroup revokeCacheSecurityGroupIngress(RevokeCacheSecurityGroupIngressRequest request) {request = beforeClientExecution(request);return executeRevokeCacheSecurityGroupIngress(request);},"public virtual RevokeCacheSecurityGroupIngressResponse RevokeCacheSecurityGroupIngress(RevokeCacheSecurityGroupIngressRequest request){var options = new InvokeOptions();options.RequestMarshaller = RevokeCacheSecurityGroupIngressRequestMarshaller.Instance;options.ResponseUnmarshaller = RevokeCacheSecurityGroupIngressResponseUnmarshaller.Instance;return Invoke<RevokeCacheSecurityGroupIngressResponse>(request, options);}"
8455,public DeleteVoiceConnectorTerminationResult deleteVoiceConnectorTermination(DeleteVoiceConnectorTerminationRequest request) {request = beforeClientExecution(request);return executeDeleteVoiceConnectorTermination(request);},"public virtual DeleteVoiceConnectorTerminationResponse DeleteVoiceConnectorTermination(DeleteVoiceConnectorTerminationRequest request){var options = new InvokeOptions();options.RequestMarshaller = DeleteVoiceConnectorTerminationRequestMarshaller.Instance;options.ResponseUnmarshaller = DeleteVoiceConnectorTerminationResponseUnmarshaller.Instance;return Invoke<DeleteVoiceConnectorTerminationResponse>(request, options);}"
8462,public void respondDecisionTaskCompleted(RespondDecisionTaskCompletedRequest request) {request = beforeClientExecution(request);executeRespondDecisionTaskCompleted(request);},"public virtual RespondDecisionTaskCompletedResponse RespondDecisionTaskCompleted(RespondDecisionTaskCompletedRequest request){var options = new InvokeOptions();options.RequestMarshaller = RespondDecisionTaskCompletedRequestMarshaller.Instance;options.ResponseUnmarshaller = RespondDecisionTaskCompletedResponseUnmarshaller.Instance;return Invoke<RespondDecisionTaskCompletedResponse>(request, options);}"
8489,public SetIdentityFeedbackForwardingEnabledResult setIdentityFeedbackForwardingEnabled(SetIdentityFeedbackForwardingEnabledRequest request) {request = beforeClientExecution(request);return executeSetIdentityFeedbackForwardingEnabled(request);},"public virtual SetIdentityFeedbackForwardingEnabledResponse SetIdentityFeedbackForwardingEnabled(SetIdentityFeedbackForwardingEnabledRequest request){var options = new InvokeOptions();options.RequestMarshaller = SetIdentityFeedbackForwardingEnabledRequestMarshaller.Instance;options.ResponseUnmarshaller = SetIdentityFeedbackForwardingEnabledResponseUnmarshaller.Instance;return Invoke<SetIdentityFeedbackForwardingEnabledResponse>(request, options);}"
8497,"public static String createSafeSheetName(final String nameProposal, char replaceChar) {if (nameProposal == null) {return ""null"";}if (nameProposal.length() < 1) {return ""empty"";}final int length = Math.min(31, nameProposal.length());final String shortenname = nameProposal.substring(0, length);final StringBuilder result = new StringBuilder(shortenname);for (int i=0; i<length; i++) {char ch = result.charAt(i);switch (ch) {case '\u0000':case '\u0003':case ':':case '/':case '\\':case '?':case '*':case ']':case '[':result.setCharAt(i, replaceChar);break;case '\'':if (i==0 || i==length-1) {result.setCharAt(i, replaceChar);}break;default:}}return result.toString();}","public static String CreateSafeSheetName(String nameProposal, char replaceChar) {if (nameProposal == null) {return ""null"";}if (nameProposal.Length < 1) {return ""empty"";}int length = Math.Min(31, nameProposal.Length);String shortenname = nameProposal.Substring(0, length);StringBuilder result = new StringBuilder(shortenname);for (int i=0; i<length; i++) {char ch = result[(i)];switch (ch) {case '\u0000':case '\u0003':case ':':case '/':case '\\':case '?':case '*':case ']':case '[':result[i] = replaceChar;break;case '\'':if (i==0 || i==length-1) {result[i] = replaceChar;}break;default:break;}}return result.ToString();}"
8545,public CreateVpcPeeringAuthorizationResult createVpcPeeringAuthorization(CreateVpcPeeringAuthorizationRequest request) {request = beforeClientExecution(request);return executeCreateVpcPeeringAuthorization(request);},"public virtual CreateVpcPeeringAuthorizationResponse CreateVpcPeeringAuthorization(CreateVpcPeeringAuthorizationRequest request){var options = new InvokeOptions();options.RequestMarshaller = CreateVpcPeeringAuthorizationRequestMarshaller.Instance;options.ResponseUnmarshaller = CreateVpcPeeringAuthorizationResponseUnmarshaller.Instance;return Invoke<CreateVpcPeeringAuthorizationResponse>(request, options);}"
8564,public CreateTrafficMirrorFilterRuleResult createTrafficMirrorFilterRule(CreateTrafficMirrorFilterRuleRequest request) {request = beforeClientExecution(request);return executeCreateTrafficMirrorFilterRule(request);},"public virtual CreateTrafficMirrorFilterRuleResponse CreateTrafficMirrorFilterRule(CreateTrafficMirrorFilterRuleRequest request){var options = new InvokeOptions();options.RequestMarshaller = CreateTrafficMirrorFilterRuleRequestMarshaller.Instance;options.ResponseUnmarshaller = CreateTrafficMirrorFilterRuleResponseUnmarshaller.Instance;return Invoke<CreateTrafficMirrorFilterRuleResponse>(request, options);}"
8573,public ReplaceNetworkAclAssociationResult replaceNetworkAclAssociation(ReplaceNetworkAclAssociationRequest request) {request = beforeClientExecution(request);return executeReplaceNetworkAclAssociation(request);},"public virtual ReplaceNetworkAclAssociationResponse ReplaceNetworkAclAssociation(ReplaceNetworkAclAssociationRequest request){var options = new InvokeOptions();options.RequestMarshaller = ReplaceNetworkAclAssociationRequestMarshaller.Instance;options.ResponseUnmarshaller = ReplaceNetworkAclAssociationResponseUnmarshaller.Instance;return Invoke<ReplaceNetworkAclAssociationResponse>(request, options);}"
8579,public AcceptTransitGatewayVpcAttachmentResult acceptTransitGatewayVpcAttachment(AcceptTransitGatewayVpcAttachmentRequest request) {request = beforeClientExecution(request);return executeAcceptTransitGatewayVpcAttachment(request);},"public virtual AcceptTransitGatewayVpcAttachmentResponse AcceptTransitGatewayVpcAttachment(AcceptTransitGatewayVpcAttachmentRequest request){var options = new InvokeOptions();options.RequestMarshaller = AcceptTransitGatewayVpcAttachmentRequestMarshaller.Instance;options.ResponseUnmarshaller = AcceptTransitGatewayVpcAttachmentResponseUnmarshaller.Instance;return Invoke<AcceptTransitGatewayVpcAttachmentResponse>(request, options);}"
8642,"public DedicatedCapacityInner getByResourceGroup(String resourceGroupName, String dedicatedCapacityName) {return getByResourceGroupWithServiceResponseAsync(resourceGroupName, dedicatedCapacityName).toBlocking().single().body();}","public async Task<AzureOperationResponse<DedicatedCapacity>> GetDetailsWithHttpMessagesAsync(string resourceGroupName, string dedicatedCapacityName, Dictionary<string, List<string>> customHeaders = null, CancellationToken cancellationToken = default(CancellationToken)){return await innerCapacityOperations.GetDetailsWithHttpMessagesAsync(resourceGroupName, dedicatedCapacityName, customHeaders, cancellationToken).ConfigureAwait(false);}"
8658,"public LexerActionExecutor fixOffsetBeforeMatch(int offset) {LexerAction[] updatedLexerActions = null;for (int i = 0; i < lexerActions.length; i++) {if (lexerActions[i].isPositionDependent() && !(lexerActions[i] instanceof LexerIndexedCustomAction)) {if (updatedLexerActions == null) {updatedLexerActions = lexerActions.clone();}updatedLexerActions[i] = new LexerIndexedCustomAction(offset, lexerActions[i]);}}if (updatedLexerActions == null) {return this;}return new LexerActionExecutor(updatedLexerActions);}","public virtual Antlr4.Runtime.Atn.LexerActionExecutor FixOffsetBeforeMatch(int offset){ILexerAction[] updatedLexerActions = null;for (int i = 0; i < lexerActions.Length; i++){if (lexerActions[i].IsPositionDependent && !(lexerActions[i] is LexerIndexedCustomAction)){if (updatedLexerActions == null){updatedLexerActions = (ILexerAction[])lexerActions.Clone();}updatedLexerActions[i] = new LexerIndexedCustomAction(offset, lexerActions[i]);}}if (updatedLexerActions == null){return this;}return new Antlr4.Runtime.Atn.LexerActionExecutor(updatedLexerActions);}"
8709,public DisableVpcClassicLinkDnsSupportResult disableVpcClassicLinkDnsSupport(DisableVpcClassicLinkDnsSupportRequest request) {request = beforeClientExecution(request);return executeDisableVpcClassicLinkDnsSupport(request);},"public virtual DisableVpcClassicLinkDnsSupportResponse DisableVpcClassicLinkDnsSupport(DisableVpcClassicLinkDnsSupportRequest request){var options = new InvokeOptions();options.RequestMarshaller = DisableVpcClassicLinkDnsSupportRequestMarshaller.Instance;options.ResponseUnmarshaller = DisableVpcClassicLinkDnsSupportResponseUnmarshaller.Instance;return Invoke<DisableVpcClassicLinkDnsSupportResponse>(request, options);}"
8712,"public String formatNumberDateCell(CellValueRecordInterface cell) {double value;if (cell instanceof NumberRecord) {value = ((NumberRecord) cell).getValue();} else if (cell instanceof FormulaRecord) {value = ((FormulaRecord) cell).getValue();} else {throw new IllegalArgumentException(""Unsupported CellValue Record passed in "" + cell);}int formatIndex = getFormatIndex(cell);String formatString = getFormatString(cell);if (formatString == null) {return _defaultFormat.format(value);}return _formatter.formatRawCellContents(value, formatIndex, formatString);}","public String FormatNumberDateCell(CellValueRecordInterface cell){double value;if (cell is NumberRecord){value = ((NumberRecord)cell).Value;}else if (cell is FormulaRecord){value = ((FormulaRecord)cell).Value;}else{throw new ArgumentException(""Unsupported CellValue Record passed in "" + cell);}int formatIndex = GetFormatIndex(cell);String formatString = GetFormatString(cell);if (formatString == null){return value.ToString(CultureInfo.InvariantCulture);}else{return formatter.FormatRawCellContents(value, formatIndex, formatString);}}"
8733,public ModifyVpcEndpointConnectionNotificationResult modifyVpcEndpointConnectionNotification(ModifyVpcEndpointConnectionNotificationRequest request) {request = beforeClientExecution(request);return executeModifyVpcEndpointConnectionNotification(request);},"public virtual ModifyVpcEndpointConnectionNotificationResponse ModifyVpcEndpointConnectionNotification(ModifyVpcEndpointConnectionNotificationRequest request){var options = new InvokeOptions();options.RequestMarshaller = ModifyVpcEndpointConnectionNotificationRequestMarshaller.Instance;options.ResponseUnmarshaller = ModifyVpcEndpointConnectionNotificationResponseUnmarshaller.Instance;return Invoke<ModifyVpcEndpointConnectionNotificationResponse>(request, options);}"
8761,public ConfirmPrivateVirtualInterfaceResult confirmPrivateVirtualInterface(ConfirmPrivateVirtualInterfaceRequest request) {request = beforeClientExecution(request);return executeConfirmPrivateVirtualInterface(request);},"public virtual ConfirmPrivateVirtualInterfaceResponse ConfirmPrivateVirtualInterface(ConfirmPrivateVirtualInterfaceRequest request){var options = new InvokeOptions();options.RequestMarshaller = ConfirmPrivateVirtualInterfaceRequestMarshaller.Instance;options.ResponseUnmarshaller = ConfirmPrivateVirtualInterfaceResponseUnmarshaller.Instance;return Invoke<ConfirmPrivateVirtualInterfaceResponse>(request, options);}"
8779,public ApplySecurityGroupsToClientVpnTargetNetworkResult applySecurityGroupsToClientVpnTargetNetwork(ApplySecurityGroupsToClientVpnTargetNetworkRequest request) {request = beforeClientExecution(request);return executeApplySecurityGroupsToClientVpnTargetNetwork(request);},"public virtual ApplySecurityGroupsToClientVpnTargetNetworkResponse ApplySecurityGroupsToClientVpnTargetNetwork(ApplySecurityGroupsToClientVpnTargetNetworkRequest request){var options = new InvokeOptions();options.RequestMarshaller = ApplySecurityGroupsToClientVpnTargetNetworkRequestMarshaller.Instance;options.ResponseUnmarshaller = ApplySecurityGroupsToClientVpnTargetNetworkResponseUnmarshaller.Instance;return Invoke<ApplySecurityGroupsToClientVpnTargetNetworkResponse>(request, options);}"
8801,public DeleteApplicationVpcConfigurationResult deleteApplicationVpcConfiguration(DeleteApplicationVpcConfigurationRequest request) {request = beforeClientExecution(request);return executeDeleteApplicationVpcConfiguration(request);},"public virtual DeleteApplicationVpcConfigurationResponse DeleteApplicationVpcConfiguration(DeleteApplicationVpcConfigurationRequest request){var options = new InvokeOptions();options.RequestMarshaller = DeleteApplicationVpcConfigurationRequestMarshaller.Instance;options.ResponseUnmarshaller = DeleteApplicationVpcConfigurationResponseUnmarshaller.Instance;return Invoke<DeleteApplicationVpcConfigurationResponse>(request, options);}"
8821,"public MultiTerms(Terms[] subs, ReaderSlice[] subSlices) throws IOException { this.subs = subs;this.subSlices = subSlices;assert subs.length > 0 : ""inefficient: don't use MultiTerms over one sub"";boolean _hasFreqs = true;boolean _hasOffsets = true;boolean _hasPositions = true;boolean _hasPayloads = false;for(int i=0;i<subs.length;i++) {_hasFreqs &= subs[i].hasFreqs();_hasOffsets &= subs[i].hasOffsets();_hasPositions &= subs[i].hasPositions();_hasPayloads |= subs[i].hasPayloads();}hasFreqs = _hasFreqs;hasOffsets = _hasOffsets;hasPositions = _hasPositions;hasPayloads = hasPositions && _hasPayloads; }","public MultiTerms(Terms[] subs, ReaderSlice[] subSlices){this.subs = subs;this.subSlices = subSlices;IComparer<BytesRef> _termComp = null;Debug.Assert(subs.Length > 0, ""inefficient: don't use MultiTerms over one sub"");bool _hasFreqs = true;bool _hasOffsets = true;bool _hasPositions = true;bool _hasPayloads = false;for (int i = 0; i < subs.Length; i++){if (_termComp == null){_termComp = subs[i].Comparer;}else{IComparer<BytesRef> subTermComp = subs[i].Comparer;if (subTermComp != null && !subTermComp.Equals(_termComp)){throw new InvalidOperationException(""sub-readers have different BytesRef.Comparers; cannot merge"");}}_hasFreqs &= subs[i].HasFreqs;_hasOffsets &= subs[i].HasOffsets;_hasPositions &= subs[i].HasPositions;_hasPayloads |= subs[i].HasPayloads;}termComp = _termComp;hasFreqs = _hasFreqs;hasOffsets = _hasOffsets;hasPositions = _hasPositions;hasPayloads = hasPositions && _hasPayloads; }"
8822,public DescribeGameSessionPlacementResult describeGameSessionPlacement(DescribeGameSessionPlacementRequest request) {request = beforeClientExecution(request);return executeDescribeGameSessionPlacement(request);},"public virtual DescribeGameSessionPlacementResponse DescribeGameSessionPlacement(DescribeGameSessionPlacementRequest request){var options = new InvokeOptions();options.RequestMarshaller = DescribeGameSessionPlacementRequestMarshaller.Instance;options.ResponseUnmarshaller = DescribeGameSessionPlacementResponseUnmarshaller.Instance;return Invoke<DescribeGameSessionPlacementResponse>(request, options);}"
8828,public PutScheduledUpdateGroupActionResult putScheduledUpdateGroupAction(PutScheduledUpdateGroupActionRequest request) {request = beforeClientExecution(request);return executePutScheduledUpdateGroupAction(request);},"public virtual PutScheduledUpdateGroupActionResponse PutScheduledUpdateGroupAction(PutScheduledUpdateGroupActionRequest request){var options = new InvokeOptions();options.RequestMarshaller = PutScheduledUpdateGroupActionRequestMarshaller.Instance;options.ResponseUnmarshaller = PutScheduledUpdateGroupActionResponseUnmarshaller.Instance;return Invoke<PutScheduledUpdateGroupActionResponse>(request, options);}"
8846,public ClusterSecurityGroup authorizeClusterSecurityGroupIngress(AuthorizeClusterSecurityGroupIngressRequest request) {request = beforeClientExecution(request);return executeAuthorizeClusterSecurityGroupIngress(request);},"public virtual AuthorizeClusterSecurityGroupIngressResponse AuthorizeClusterSecurityGroupIngress(AuthorizeClusterSecurityGroupIngressRequest request){var options = new InvokeOptions();options.RequestMarshaller = AuthorizeClusterSecurityGroupIngressRequestMarshaller.Instance;options.ResponseUnmarshaller = AuthorizeClusterSecurityGroupIngressResponseUnmarshaller.Instance;return Invoke<AuthorizeClusterSecurityGroupIngressResponse>(request, options);}"
8977,public CreateAppCookieStickinessPolicyResult createAppCookieStickinessPolicy(CreateAppCookieStickinessPolicyRequest request) {request = beforeClientExecution(request);return executeCreateAppCookieStickinessPolicy(request);},"public virtual CreateAppCookieStickinessPolicyResponse CreateAppCookieStickinessPolicy(CreateAppCookieStickinessPolicyRequest request){var options = new InvokeOptions();options.RequestMarshaller = CreateAppCookieStickinessPolicyRequestMarshaller.Instance;options.ResponseUnmarshaller = CreateAppCookieStickinessPolicyResponseUnmarshaller.Instance;return Invoke<CreateAppCookieStickinessPolicyResponse>(request, options);}"
8991,public DescribeVolumesModificationsResult describeVolumesModifications(DescribeVolumesModificationsRequest request) {request = beforeClientExecution(request);return executeDescribeVolumesModifications(request);},"public virtual DescribeVolumesModificationsResponse DescribeVolumesModifications(DescribeVolumesModificationsRequest request){var options = new InvokeOptions();options.RequestMarshaller = DescribeVolumesModificationsRequestMarshaller.Instance;options.ResponseUnmarshaller = DescribeVolumesModificationsResponseUnmarshaller.Instance;return Invoke<DescribeVolumesModificationsResponse>(request, options);}"
9010,"public SharedFormulaGroup(SharedFormulaRecord sfr, CellReference firstCell) {if (!sfr.isInRange(firstCell.getRow(), firstCell.getCol())) {throw new IllegalArgumentException(""First formula cell "" + firstCell.formatAsString()+ "" is not shared formula range "" + sfr.getRange() + ""."");}_sfr = sfr;_firstCell = firstCell;int width = sfr.getLastColumn() - sfr.getFirstColumn() + 1;int height = sfr.getLastRow() - sfr.getFirstRow() + 1;_frAggs = new FormulaRecordAggregate[width * height];_numberOfFormulas = 0;}","public SharedFormulaGroup(SharedFormulaRecord sfr, CellReference firstCell){if (!sfr.IsInRange(firstCell.Row, firstCell.Col)){throw new ArgumentException(""First formula cell "" + firstCell.FormatAsString()+ "" is not shared formula range "" + sfr.Range.ToString() + ""."");}_sfr = sfr;_firstCell = firstCell;int width = sfr.LastColumn - sfr.FirstColumn + 1;int height = sfr.LastRow - sfr.FirstRow + 1;_frAggs = new FormulaRecordAggregate[width * height];_numberOfFormulas = 0;}"
9020,public ListFieldLevelEncryptionConfigsResult listFieldLevelEncryptionConfigs(ListFieldLevelEncryptionConfigsRequest request) {request = beforeClientExecution(request);return executeListFieldLevelEncryptionConfigs(request);},"public virtual ListFieldLevelEncryptionConfigsResponse ListFieldLevelEncryptionConfigs(ListFieldLevelEncryptionConfigsRequest request){var options = new InvokeOptions();options.RequestMarshaller = ListFieldLevelEncryptionConfigsRequestMarshaller.Instance;options.ResponseUnmarshaller = ListFieldLevelEncryptionConfigsResponseUnmarshaller.Instance;return Invoke<ListFieldLevelEncryptionConfigsResponse>(request, options);}"
9022,public DeleteTransitGatewayRouteTableResult deleteTransitGatewayRouteTable(DeleteTransitGatewayRouteTableRequest request) {request = beforeClientExecution(request);return executeDeleteTransitGatewayRouteTable(request);},"public virtual DeleteTransitGatewayRouteTableResponse DeleteTransitGatewayRouteTable(DeleteTransitGatewayRouteTableRequest request){var options = new InvokeOptions();options.RequestMarshaller = DeleteTransitGatewayRouteTableRequestMarshaller.Instance;options.ResponseUnmarshaller = DeleteTransitGatewayRouteTableResponseUnmarshaller.Instance;return Invoke<DeleteTransitGatewayRouteTableResponse>(request, options);}"
9031,public ReservedCacheNode purchaseReservedCacheNodesOffering(PurchaseReservedCacheNodesOfferingRequest request) {request = beforeClientExecution(request);return executePurchaseReservedCacheNodesOffering(request);},"public virtual PurchaseReservedCacheNodesOfferingResponse PurchaseReservedCacheNodesOffering(PurchaseReservedCacheNodesOfferingRequest request){var options = new InvokeOptions();options.RequestMarshaller = PurchaseReservedCacheNodesOfferingRequestMarshaller.Instance;options.ResponseUnmarshaller = PurchaseReservedCacheNodesOfferingResponseUnmarshaller.Instance;return Invoke<PurchaseReservedCacheNodesOfferingResponse>(request, options);}"
9033,public DescribeNotificationConfigurationsResult describeNotificationConfigurations(DescribeNotificationConfigurationsRequest request) {request = beforeClientExecution(request);return executeDescribeNotificationConfigurations(request);},"public virtual DescribeNotificationConfigurationsResponse DescribeNotificationConfigurations(DescribeNotificationConfigurationsRequest request){var options = new InvokeOptions();options.RequestMarshaller = DescribeNotificationConfigurationsRequestMarshaller.Instance;options.ResponseUnmarshaller = DescribeNotificationConfigurationsResponseUnmarshaller.Instance;return Invoke<DescribeNotificationConfigurationsResponse>(request, options);}"
9036,"public IndexAndTaxonomyRevision(IndexWriter indexWriter, SnapshotDirectoryTaxonomyWriter taxoWriter)throws IOException {IndexDeletionPolicy delPolicy = indexWriter.getConfig().getIndexDeletionPolicy();if (!(delPolicy instanceof SnapshotDeletionPolicy)) {throw new IllegalArgumentException(""IndexWriter must be created with SnapshotDeletionPolicy"");}this.indexWriter = indexWriter;this.taxoWriter = taxoWriter;this.indexSDP = (SnapshotDeletionPolicy) delPolicy;this.taxoSDP = taxoWriter.getDeletionPolicy();this.indexCommit = indexSDP.snapshot();this.taxoCommit = taxoSDP.snapshot();this.version = revisionVersion(indexCommit, taxoCommit);this.sourceFiles = revisionFiles(indexCommit, taxoCommit);}","public IndexAndTaxonomyRevision(IndexWriter indexWriter, SnapshotDirectoryTaxonomyWriter taxonomyWriter){this.indexSdp = indexWriter.Config.IndexDeletionPolicy as SnapshotDeletionPolicy;if (indexSdp == null)throw new ArgumentException(""IndexWriter must be created with SnapshotDeletionPolicy"", ""indexWriter"");this.indexWriter = indexWriter;this.taxonomyWriter = taxonomyWriter;this.taxonomySdp = taxonomyWriter.DeletionPolicy;this.indexCommit = indexSdp.Snapshot();this.taxonomyCommit = taxonomySdp.Snapshot();this.version = RevisionVersion(indexCommit, taxonomyCommit);this.sourceFiles = RevisionFiles(indexCommit, taxonomyCommit);}"
